date,k18,k21,k22,traditional,Log_Returns
2007-03-07,1326.0,1547.0,1620.0,1372.0,
2007-03-08,1324.8951522332075,1546.4364200296732,1619.3646395443157,1372.0147199226103,1.0728749014150312e-05
2007-03-09,1323.9640409458582,1546.0349870739317,1618.9018314393456,1372.1566198599041,0.00010341915270610764
2007-03-10,1323.2036375675798,1545.7926880207535,1618.6083754360745,1372.423230278624,0.00019428140853320478
2007-03-11,1322.6109135280008,1545.7065097581194,1618.4810712854876,1372.8120816455125,0.0002832918313413623
2007-03-12,1322.182840256748,1545.773439174009,1618.5167187385682,1373.3207044273117,0.0003704284003998284
2007-03-13,1321.9163891834494,1545.9904631564007,1618.7121175463017,1373.9466290907646,0.0004556707435398045
2007-03-14,1321.8085317377327,1546.3545685932743,1619.0640674596718,1374.6873861026133,0.0005390001183771528
2007-03-15,1321.8562393492248,1546.8627423726093,1619.5693682296635,1375.5405059296004,0.0006203993907720992
2007-03-16,1322.0564834475545,1547.5119713823856,1620.2248196072617,1376.5035190384679,0.0006998530106618399
2007-03-17,1322.4062354623484,1548.2992425105813,1621.0272213434494,1377.5739558959588,0.000777346985432227
2007-03-18,1322.9024668232348,1549.2215426451774,1621.973373189212,1378.749346968815,0.0008528688509664094
2007-03-19,1323.5421489598407,1550.275858674152,1623.0600748955335,1380.0272227237797,0.0009264076405432433
2007-03-20,1324.3222533017943,1551.459177485485,1624.2841262133988,1381.4051136275943,0.00099795385172469
2007-03-21,1325.2397512787231,1552.7684859671558,1625.6423268937922,1382.8805501470022,0.001067499411406609
2007-03-22,1326.2916143202547,1554.2007710071446,1627.1314766876988,1384.4510627487455,0.0011350376391711214
2007-03-23,1327.4748138560162,1555.7530194934288,1628.7483753461013,1386.1141818995661,0.001200563209110386
2007-03-24,1328.7863213156359,1557.4222183139898,1630.4898226199853,1387.8674380662071,0.0012640721102687563
2007-03-25,1330.2231081287412,1559.2053543568063,1632.3526182603355,1389.708361715411,0.0013255616058491437
2007-03-26,1331.7821457249597,1561.0994145098573,1634.3335620181358,1391.63448331392,0.0013850301913402988
2007-03-27,1333.4604055339191,1563.1013856611228,1636.4294536443713,1393.6433333284765,0.0014424775517028758
2007-03-28,1335.254858985247,1565.2082546985814,1638.6370928900258,1395.7324422258228,0.001497904517755737
2007-03-29,1337.1624775085709,1567.4170085102137,1640.9532795060836,1397.8993404727016,0.00155131302189869
2007-03-30,1339.1802325335186,1569.7246339839985,1643.37481324353,1400.1415585358552,0.0016027060533012692
2007-03-31,1341.3050954897176,1572.128118007915,1645.8984938533486,1402.456626882026,0.001652087612685494
2007-04-01,1343.5340378067958,1574.6244474699429,1648.5211210865243,1404.8420759779567,0.0016994626668213344
2007-04-02,1345.8640309143805,1577.2106092580611,1651.2394946940412,1407.2954362903895,0.001744837102850637
2007-04-03,1348.292046242099,1579.8835902602498,1654.0504144268846,1409.8142382860667,0.001788217682549648
2007-04-04,1350.81505521958,1582.6403773644881,1656.9506800360377,1412.3960124317316,0.0018296119966337706
2007-04-05,1353.4300292764503,1585.4779574587553,1659.9370912724858,1415.0382891941254,0.0018690284191968545
2007-04-06,1356.1339398423374,1588.3933174310303,1663.0064478872127,1417.738599039991,0.00190647606239057
2007-04-07,1358.9237583468696,1591.3834441692936,1666.1555496312037,1420.4944724360712,0.0019419647314110572
2007-04-08,1361.7964562196742,1594.445324561524,1669.381196255443,1423.3034398491081,0.0019755048798859734
2007-04-09,1364.7490048903787,1597.575945495701,1672.680187510915,1426.1630317458446,0.0020071075657331094
2007-04-10,1367.778375788611,1600.772293859804,1676.0493231486034,1429.0707785930222,0.0020367844075526846
2007-04-11,1370.881540343998,1604.0313565418123,1679.4854029194933,1432.024210857384,0.0020645475416232097
2007-04-12,1374.055469986168,1607.3501204297052,1682.9852265745694,1435.0208590056725,0.0020904095795493387
2007-04-13,1377.2971361447487,1610.725572411462,1686.5455938648158,1438.05825350463,0.002114383566618591
2007-04-14,1380.6035102493674,1614.1546993750633,1690.1633045412173,1441.1339248209993,0.002136482940907043
2007-04-15,1383.9715637296517,1617.6344882084868,1693.8351583547571,1444.2454034215216,0.0021567214931776713
2007-04-16,1387.3982680152299,1621.1619257997131,1697.5579550564212,1447.3902197729408,0.002175113327605126
2007-04-17,1390.880594535729,1624.7339990367213,1701.328494397194,1450.565904341999,0.002191672823348589
2007-04-18,1394.4155147207762,1628.3476948074904,1705.143576128058,1453.7699875954377,0.0022064145970126007
2007-04-19,1398.0,1632.0,1709.0,1457.0,0.002219353466004354
2007-04-20,1401.6310218030271,1635.68790150223,1712.8945657640033,1460.2534720224287,0.0022305044128024423
2007-04-21,1405.3055515594867,1639.4083862021598,1716.8240731710525,1463.527934129466,0.0022398825501563397
2007-04-22,1409.0205606990048,1643.158440987768,1720.7853219721321,1466.820916787854,0.0022475030872193403
2007-04-23,1412.77302065121,1646.9350527470347,1724.7751119182267,1470.1299504643355,0.00225338129661998
2007-04-24,1416.559902845729,1650.7352083679384,1728.79024276032,1473.4525656256526,0.0022575324824661777
2007-04-25,1420.3781787121907,1654.5558947384602,1732.8275142493974,1476.786292738548,0.0022599719492908134
2007-04-26,1424.2248196802218,1658.3940987465776,1736.8837261364429,1480.128662269764,0.0022607149719196112
2007-04-27,1428.0967971794498,1662.2468072802715,1740.955678172441,1483.477204686043,0.0022597767662595495
2007-04-28,1431.991082639503,1666.11100722752,1745.040170108376,1486.8294504541277,0.0022571724609934665
2007-04-29,1435.9046474900088,1669.9836854763041,1749.1340016952327,1490.1829300407608,0.0022529170701637157
2007-04-30,1439.8344631605944,1673.8618289146018,1753.2339726839953,1493.5351739126836,0.0022470254666297753
2007-05-01,1443.777501080888,1677.7424244303932,1757.3368828256482,1496.8837125366397,0.002239512356382802
2007-05-02,1447.7307326805171,1681.6224589116575,1761.439531871176,1500.226076379371,0.002230392253685762
2007-05-03,1451.6911293891087,1685.4989192463743,1765.5387195715632,1503.5597959076201,0.0022196794570273418
2007-05-04,1455.6556626362915,1689.3687923225225,1769.6312456777941,1506.8824015881296,0.0022073880258566096
2007-05-05,1459.6213038516921,1693.2290650280822,1773.7139099408532,1510.1914238876416,0.0021935317580718933
2007-05-06,1463.585024464939,1697.0767242510321,1777.7835121117246,1513.4843932728982,0.0021781241682391414
2007-05-07,1467.5437959056592,1700.9087568793523,1781.8368519413932,1516.7588402106428,0.0021611784665053497
2007-05-08,1471.4945896034803,1704.7221498010215,1785.8707291808432,1520.0122951676171,0.00214270753817576
2007-05-09,1475.4343769880306,1708.5138899040198,1789.8819435810594,1523.2422886105637,0.002122723923929797
2007-05-10,1479.3601294889372,1712.2809640763262,1793.8672948930262,1526.4463510062255,0.0021012398006296762
2007-05-11,1483.2688185358274,1716.0203592059202,1797.8235828677275,1529.622012821344,0.0020782669626969387
2007-05-12,1487.15741555833,1719.7290621807813,1801.7476072561483,1532.7668045226628,0.002053816804022424
2007-05-13,1491.022891986071,1723.4040598888885,1805.6361678092726,1535.878256576923,0.0020279003003588363
2007-05-14,1494.8622192486798,1727.0423392182222,1809.4860642780857,1538.9538994508684,0.0020005279921842954
2007-05-15,1498.6723687757828,1730.640887056761,1813.294096413571,1541.9912636112408,0.0019717099679687675
2007-05-16,1502.4503119970075,1734.1966902924837,1817.0570639667133,1544.9878795247823,0.0019414558478337998
2007-05-17,1506.1930203419822,1737.7067358133706,1820.771766688497,1547.9412776582355,0.0019097747675467843
2007-05-18,1509.8974652403344,1741.1680105074015,1824.435004329907,1550.8489884783435,0.0018766753628180245
2007-05-19,1513.5606181216917,1744.5775012625552,1828.0435766419275,1553.7085424518482,0.0018421657538578034
2007-05-20,1517.1794504156812,1747.9321949668106,1831.5942833755425,1556.5174700454918,0.001806253530159068
2007-05-21,1520.7509335519314,1751.2290785081484,1835.0839242817372,1559.273301726017,0.0017689457354547224
2007-05-22,1524.2720389600695,1754.465138774547,1838.5092991114955,1561.9735679601665,0.001730248852814028
2007-05-23,1527.7397380697228,1757.6373626539857,1841.867207615802,1564.6157992146823,0.001690168789835063
2007-05-24,1531.1510023105197,1760.7427370344446,1845.1544495456412,1567.1975259563073,0.0016487108638879656
2007-05-25,1534.5028031120871,1763.7782488039031,1848.3678246519976,1569.7162786517838,0.00160587978736743
2007-05-26,1537.792111904053,1766.74088485034,1851.5041326858554,1572.1695877678535,0.0015616796529075929
2007-05-27,1541.0159001160448,1769.627632061735,1854.5601733981994,1574.5549837712601,0.0015161139185199497
2007-05-28,1544.1711391776905,1772.4354773260677,1857.5327465400135,1576.869997128745,0.001469185392595193
2007-05-29,1547.2548005186175,1775.1614075313173,1860.4186518622828,1579.1121583070512,0.0014208962187433013
2007-05-30,1550.263855568453,1777.8024095654632,1863.2146891159916,1581.2789977729212,0.0013712478603991748
2007-05-31,1553.1952757568254,1780.3554703164848,1865.9176580521241,1583.368045993097,0.001320241085167187
2007-06-01,1556.0460325133615,1782.8175766723616,1868.5243584216644,1585.3768334343208,0.0012678759488407377
2007-06-02,1558.81309726769,1785.1857155210732,1871.031589975598,1587.3028905633362,0.0012141517790512353
2007-06-03,1561.4934414494376,1787.4568737505983,1873.436152464908,1589.1437478468845,0.0011590671584895895
2007-06-04,1564.0840364882322,1789.6280382489172,1875.7348456405805,1590.8969357517087,0.0011026199076567547
2007-06-05,1566.5818538137016,1791.6961959040088,1877.9244692535983,1592.559984744551,0.0010448070670723132
2007-06-06,1568.9838648554733,1793.6583336038525,1880.001823054947,1594.130425292154,0.0009856248788972922
2007-06-07,1571.2870410431747,1795.511438236428,1881.9637067956105,1595.60578786126,0.0009250687679025003
2007-06-08,1573.4883538064337,1797.2524966897142,1883.806920226573,1596.9836029186117,0.0008631333217293391
2007-06-09,1575.584774574878,1798.878495851691,1885.52826309882,1598.2614009309514,0.0007998122703688879
2007-06-10,1577.5732747781349,1800.3864226103376,1887.1245351633347,1599.436712365021,0.0007350984648038242
2007-06-11,1579.4508258458322,1801.7732638536334,1888.592536171102,1600.5070676875641,0.0006689838547376836
2007-06-12,1581.2143992075978,1803.0360064695578,1889.929065873107,1601.469997365322,0.0006014594653385118
2007-06-13,1582.8609662930587,1804.1716373460904,1891.130924020333,1602.3230318650376,0.0005325153729289609
2007-06-14,1584.3874985318432,1805.1771433712106,1892.1949103637655,1603.0637016534533,0.00046214067953367265
2007-06-15,1585.7909673535787,1806.0495114328976,1893.1178246543886,1603.689537197312,0.0003903234862115289
2007-06-16,1587.0683441878925,1806.7857284191305,1893.8964666431862,1604.1980689633556,0.0003170508650782372
2007-06-17,1588.2166004644127,1807.3827812178893,1894.5276360811436,1604.5868274183263,0.0002423088299318874
2007-06-18,1589.2327076127665,1807.837656717153,1895.0081327192445,1604.8533430289672,0.00016608230538618535
2007-06-19,1590.1136370625816,1808.1473418049013,1895.3347563084735,1604.9951462620202,8.83550944030146e-05
2007-06-20,1590.856360243486,1808.3088233691142,1895.504306599816,1605.0097675842285,9.109844128437011e-06
2007-06-21,1591.4578485851073,1808.3190882977697,1895.5135833442553,1604.8947374623338,-7.167199009382275e-05
2007-06-22,1591.9150735170724,1808.175123478848,1895.359386292776,1604.6475863630783,-0.00015401018264149584
2007-06-23,1592.2250064690097,1807.8739158003282,1895.038515196363,1604.2658447532053,-0.0002379257775994674
2007-06-24,1592.3846188705463,1807.4124521501903,1894.5477698060004,1603.7470430994567,-0.0003234411309479639
2007-06-25,1592.3908821513105,1806.787719416413,1893.8839498726725,1603.088711868575,-0.00041057995509131284
2007-06-26,1592.2407677409294,1805.9967044869768,1893.0438551473646,1602.2883815273028,-0.0004993673658881017
2007-06-27,1591.9312470690306,1805.0363942498598,1892.02428538106,1601.3435825423824,-0.0005898299323443489
2007-06-28,1591.459291565242,1803.9037755930422,1890.8220403247442,1600.2518453805565,-0.0006819957291416624
2007-06-29,1590.8218726591908,1802.5958354045028,1889.4339197294007,1599.010700508567,-0.0007758943921934254
2007-06-30,1590.0159617805048,1801.1095605722217,1887.8567233460146,1597.6176783931567,-0.0008715571774211527
2007-07-01,1589.038530358812,1799.441937984178,1886.08725092557,1596.070309501068,-0.0009690170229745238
2007-07-02,1587.8865498237396,1797.5899545283507,1884.122302219052,1594.3661242990433,-0.0010683086151161215
2007-07-03,1586.5569916049158,1795.5505970927202,1881.9586769774442,1592.5026532538254,-0.0011694684580211396
2007-07-04,1585.0468271319673,1793.3208525652649,1879.5931749517313,1590.477426832156,-0.0012725349477586182
2007-07-05,1583.3530278345227,1790.8977078339644,1877.0225958928982,1588.287975500778,-0.001377548450731006
2007-07-06,1581.4725651422086,1788.2781497867986,1874.2437395519282,1585.9318297264338,-0.0014845513868879338
2007-07-07,1579.4024104846535,1785.4591653117468,1871.2534056798072,1583.406519975866,-0.0015935883180339166
2007-07-08,1577.1395352914851,1782.4377412967883,1868.048394027519,1580.7095767158169,-0.001704706041591838
2007-07-09,1574.68091099233,1779.2108646299018,1864.6255043460474,1577.8385304130284,-0.0018179536901982857
2007-07-10,1572.0235090168167,1775.7755221990678,1860.9815363863777,1574.7909115342438,-0.0019333828375512694
2007-07-11,1569.1643007945727,1772.1287008922654,1857.1132898994945,1571.5642505462051,-0.002051047610953062
2007-07-12,1566.1002577552254,1768.2673875974738,1853.0175646363814,1568.1560779156548,-0.0021710048110265847
2007-07-13,1562.8283513284027,1764.1885692026722,1848.691160348024,1564.5639241093354,-0.002293314039138724
2007-07-14,1559.345552943732,1759.8892325958407,1844.1308767854055,1560.7853195939895,-0.0024180378330864805
2007-07-15,1555.648834030841,1755.3663646649584,1839.333513699511,1556.8177948363593,-0.002545241811667601
2007-07-16,1551.735166019357,1750.6169522980038,1834.2958708413244,1552.6588803031868,-0.002674994828797254
2007-07-17,1547.6015203389084,1745.637982382958,1829.0147479618315,1548.3061064612154,-0.0028073691378976916
2007-07-18,1543.2448684191222,1740.426441807799,1823.4869448120153,1543.7570037771866,-0.0029424405673522556
2007-07-19,1538.662181689626,1734.9793174605068,1817.7092611428607,1539.0091027178437,-0.003080288707869739
2007-07-20,1533.8504315800478,1729.2935962290608,1811.6784967053522,1534.0599337499284,-0.003220997112709858
2007-07-21,1528.806589520015,1723.3662650014403,1805.3914512504743,1528.9070273401835,-0.0033646535117714364
2007-07-22,1523.5276269391552,1717.1943106656245,1798.8449245292118,1523.5479139553513,-0.0035113500406708828
2007-07-23,1518.0105152670965,1710.7747201095935,1792.0357162925484,1517.9801240621748,-0.003661183486014044
2007-07-24,1512.252225933466,1704.1044802213264,1784.9606262914695,1512.2011881273957,-0.0038142555482007837
2007-07-25,1506.2497303678915,1697.180577888802,1777.6164542769586,1506.2086366177568,-0.003970673123209178
2007-07-26,1500.0,1690.0,1770.0,1500.0,-0.0041305486049645025
2007-07-27,1493.5231114691906,1682.5851097175564,1762.1349084133412,1493.5923955634491,-0.00428088622319926
2007-07-28,1486.9315622539452,1675.0597753027325,1754.1522052767798,1487.081287887751,-0.004368890206542024
2007-07-29,1480.3609550425151,1667.5732412914444,1746.2097615518742,1480.5817283751321,-0.004380261417205283
2007-07-30,1473.9468925231533,1660.27475221961,1738.4654482001838,1474.2087684278201,-0.004313652583036112
2007-07-31,1467.8249773841123,1653.3135526231465,1731.0771361832685,1468.0774594480426,-0.0041677235863147675
2007-08-01,1462.1308123136437,1646.8388870379708,1724.2026964626875,1462.302852838027,-0.003941204532800476
2007-08-02,1457.0,1641.0,1718.0,1457.0,-0.0036329623459987895
2007-08-03,1452.5407776911238,1635.91583434866,1712.5949080525622,1452.2605190387126,-0.0032582060788951
2007-08-04,1448.751920873719,1631.5841261374094,1707.9852430609171,1448.082294869007,-0.002881195312537534
2007-08-05,1445.6048395941789,1627.972309723216,1704.1368177614042,1444.4397791082508,-0.0025185755496678263
2007-08-06,1443.0709438988986,1625.0478194630468,1701.0154448903634,1441.307423373809,-0.0021709157073410723
2007-08-07,1441.1216438342715,1622.7780897138698,1698.5869371841347,1438.6596792830483,-0.0018387326954576756
2007-08-08,1439.728349446692,1621.130554832652,1696.817107379057,1436.4709984533342,-0.001522491669292719
2007-08-09,1438.8624707825534,1620.0726491763612,1695.6717682114706,1434.7158325020346,-0.0012226067290409958
2007-08-10,1438.4954178882501,1619.5718071019646,1695.1167324177152,1433.368633046514,-0.0009394420358145978
2007-08-11,1438.5986008101765,1619.5954629664295,1695.1178127341304,1432.4038517041392,-0.0006733133100812531
2007-08-12,1439.143429594726,1620.1110511267234,1695.6408218970553,1431.7959400922769,-0.00042448967612658176
2007-08-13,1440.101314288293,1621.086005939814,1696.6515726428302,1431.5193498282922,-0.00019319581452909517
2007-08-14,1441.4436649372715,1622.4877617626685,1698.1158777077947,1431.5485325295522,2.038561603160833e-05
2007-08-15,1443.1418915880552,1624.283752952254,1699.9995498282888,1431.8579398134225,0.00021611132618647315
2007-08-16,1445.1674042870382,1626.4414138655382,1702.2684017406514,1432.4220232972693,0.0003938745502563877
2007-08-17,1447.4916130806146,1628.9281788594885,1704.8882461812223,1433.2152345984593,0.0005536020438473919
2007-08-18,1450.0859280151785,1631.7114822910726,1707.824895886342,1434.2120253343585,0.0006952509589202516
2007-08-19,1452.9217591371234,1634.7587585172575,1711.0441635923492,1435.386847122333,0.0008188056281233772
2007-08-20,1455.9705164928446,1638.037441895011,1714.5118620355843,1436.7141515797491,0.0009242742873645672
2007-08-21,1459.2036101287345,1641.5149667813002,1718.1938039523864,1438.1683903239727,0.001011685762504938
2007-08-22,1462.5924500911885,1645.158767533093,1722.055802079096,1439.7240149723705,0.0010810861427938167
2007-08-23,1466.1084464265994,1648.9362785073563,1726.0636691520524,1441.3554771423082,0.0011325354602564164
2007-08-24,1469.7230091813617,1652.8149340610573,1730.1832179075948,1443.037228451152,0.0011661043908152752
2007-08-25,1473.4075484018697,1656.7621685511645,1734.380261082063,1444.7437205162682,0.0011818709894633257
2007-08-26,1477.1334741345177,1660.7454163346442,1738.6206114117977,1446.4494049550237,0.0011799174684092042
2007-08-27,1480.8721964256986,1664.7321117684648,1742.8700816331375,1448.1287333847838,0.0011603270237770908
2007-08-28,1484.5951253218072,1668.6896892095929,1747.0944844824223,1449.756157422915,0.0011231807132030547
2007-08-29,1488.273670869237,1672.5855830149958,1751.2596326959915,1451.3061286867833,0.0010685543835237676
2007-08-30,1491.8792431143827,1676.3872275416418,1755.3313390101857,1452.753098793755,0.0009965156447370443
2007-08-31,1495.383252103638,1680.0620571464976,1759.275416161344,1454.0715193611964,0.000907120883464557
2007-09-01,1498.7571078833967,1683.5775061865315,1763.0576768858061,1455.2358420064738,0.000800412306310051
2007-09-02,1501.9722205000526,1686.9010090187098,1766.6439339199117,1456.220518346953,0.0006764150007067597
2007-09-03,1505.0,1690.0,1770.0,1457.0,0.000535133998088803
2007-09-04,1507.8192976265655,1692.8507856259414,1773.1009036165926,1457.5566434326204,0.00038197469288701565
2007-09-05,1510.4387294108033,1695.4651609463533,1775.9585362769346,1457.9044245103735,0.00023857706983407251
2007-09-06,1512.8743525807,1697.863793149627,1778.5940052424526,1458.0652239484564,0.00011028882850737952
2007-09-07,1515.1422243642417,1700.0673494241537,1781.0284177745723,1458.0609224620675,-2.950137389733144e-06
2007-09-08,1517.2584019894155,1702.096496958324,1783.28288113472,1457.9134007664045,-0.00010118175226287111
2007-09-09,1519.238942684208,1703.9719029405296,1785.3785025843229,1457.644539576666,-0.00018443206823667778
2007-09-10,1521.0999036766061,1705.7142345591617,1787.3363893848075,1457.2762196080491,-0.0002527135390671925
2007-09-11,1522.8573421945955,1707.3441590026098,1789.1776487975983,1456.8303215757524,-0.0003060272707775916
2007-09-12,1524.5273154661634,1708.8823434592664,1790.9233880841234,1456.3287261949727,-0.00034436525950782366
2007-09-13,1526.1258807192971,1710.3494551175224,1792.5947145058092,1455.7933141809092,-0.0003677126251393629
2007-09-14,1527.669095181982,1711.7661611657686,1794.2127353240815,1455.2459662487593,-0.0003760498474066435
2007-09-15,1529.173016082205,1713.1531287923963,1795.7985578003663,1454.7085631137209,-0.00036935500931391637
2007-09-16,1530.6537006479532,1714.5310251857957,1797.373289196091,1454.2029854909918,-0.0003476060508353578
2007-09-17,1532.127206107213,1715.9205175343584,1798.9580367726808,1453.7511140957704,-0.00031078303397062646
2007-09-18,1533.609589687971,1717.3422730264758,1800.5739077915634,1453.3748296432539,-0.0002588704183444663
2007-09-19,1535.1169086182138,1718.8169588505386,1802.2420095141645,1453.0960128486408,-0.00019185934459901312
2007-09-20,1536.6652201259276,1720.3652421949375,1803.9834492019095,1452.9365444271284,-0.00010974992091765276
2007-09-21,1538.2705814390995,1722.007790248064,1805.8193341162264,1452.9183050939153,-1.2553506047520221e-05
2007-09-22,1539.9490497857162,1723.7652701983093,1807.7707715185409,1453.0631755641994,9.970501971073694e-05
2007-09-23,1541.7166823937641,1725.6583492340642,1809.8588686702797,1453.3930365531783,0.00022698500601523748
2007-09-24,1543.5895364912299,1727.7076945437195,1812.104732832868,1453.9297687760493,0.00036922781879254073
2007-09-25,1545.5836693061,1729.9339733156667,1814.5294712677332,1454.6952529480118,0.0005263546754347529
2007-09-26,1547.7151380663613,1732.3578527382963,1817.1541912363023,1455.7113697842626,0.000698264544617498
2007-09-27,1550.0,1735.0,1820.0,1457.0,0.0008848321280170325
2007-09-28,1552.4501466048575,1737.8753194588633,1823.0820764229506,1458.5762113648218,0.0010812349972099166
2007-09-29,1555.0608064581916,1740.975664151751,1826.3918857800652,1460.4278198659244,0.0012686578912793189
2007-09-30,1557.8230424071146,1744.287124285224,1829.9149649489516,1462.5358285449056,0.0014423778726055218
2007-10-01,1560.7279172987387,1747.795790065841,1833.636850807217,1464.8812404433604,0.0016023766651790119
2007-10-02,1563.7664939801764,1751.4877517001632,1837.5430802324702,1467.445058602887,0.0017486586084675523
2007-10-03,1566.9298352985393,1755.3490993947496,1841.6191901023185,1470.2082860650812,0.001881248706321141
2007-10-04,1570.2090041009405,1759.3659233561614,1845.8507172943705,1473.15192587154,0.002000190650074965
2007-10-05,1573.5950632344918,1763.524313790957,1850.2231986862332,1476.2569810638602,0.002105544831142451
2007-10-06,1577.0790755463058,1767.8103609056975,1854.7221711555146,1479.5044546836375,0.0021973863568323505
2007-10-07,1580.6521038834946,1772.2101549069428,1859.3331715798236,1482.8753497724704,0.0022758030814704557
2007-10-08,1584.3052110931708,1776.7097860012523,1864.0417368367673,1486.350669371954,0.0023408936632480777
2007-10-09,1588.0294600224463,1781.2953443951865,1868.8334038039538,1489.9114165236856,0.002392765655602721
2007-10-10,1591.8159135184335,1785.9529202953047,1873.6937093589906,1493.5385942692617,0.0024315336402831217
2007-10-11,1595.6556344282449,1790.668603908168,1878.6081903794866,1497.2132056502796,0.0024573174077393177
2007-10-12,1599.539685598992,1795.4284854403352,1883.5623837430483,1500.9162537083348,0.002470240188943498
2007-10-13,1603.459129877788,1800.218655098367,1888.541826327285,1504.6287414850249,0.002470426941362908
2007-10-14,1607.405030111745,1805.025203088823,1893.5320550098036,1508.3316720219464,0.0024580026904289813
2007-10-15,1611.368449147975,1809.8342196182637,1898.5186066682131,1512.0060483606962,0.0024330909266367887
2007-10-16,1615.3404498335904,1814.6317948932485,1903.4870181801198,1515.6328735428704,0.0023958120572049406
2007-10-17,1619.3120950157038,1819.4040191203376,1908.422826423133,1519.193150610066,0.0023462819101649876
2007-10-18,1623.274447541427,1824.136982506091,1913.31156827486,1522.6678826038794,0.002284610287728635
2007-10-19,1627.218570257872,1828.8167752570685,1918.1387806129082,1526.0380725659077,0.002210899564863225
2007-10-20,1631.135526012152,1833.4294875798296,1922.8900003148865,1529.2847235377471,0.0021252433281229496
2007-10-21,1635.016377651379,1837.9612096809356,1927.5507642584025,1532.388838560995,0.002027725048983508
2007-10-22,1638.8521880226644,1842.3980317669455,1932.1066093210636,1535.3314206772475,0.0019184167851432601
2007-10-23,1642.6340199731217,1846.7260440444193,1936.5430723804784,1538.0934729281007,0.0017973779025366667
2007-10-24,1646.3529363498633,1850.9313367199184,1940.8456903142555,1540.6559983551538,0.0016646538100614642
2007-10-25,1650.0,1855.0,1945.0,1543.0,0.0015202746983178585
2007-10-26,1653.5668169378498,1858.9203741950614,1948.9939112668465,1545.1122269941836,0.0013679731617996665
2007-10-27,1657.0471658465456,1862.6898000308383,1952.8248257500236,1547.0024128290258,0.0012225847295176144
2007-10-28,1660.4353685764268,1866.3078683369026,1956.4925180362836,1548.6860370857958,0.0010877221335454342
2007-10-29,1663.7257469778299,1869.774169942825,1959.9967627123801,1550.17857934576,0.0009632833699560392
2007-10-30,1666.9126229010938,1873.0882956781777,1963.3373343650653,1551.495519190186,0.0008491800761308129
2007-10-31,1669.9903181965567,1876.2498363725317,1966.5140075810925,1552.6523362003427,0.0007453363161818055
2007-11-01,1672.953154714557,1879.258382855459,1969.526556947216,1553.664509957497,0.0006516874118805397
2007-11-02,1675.7954543054323,1882.1135259565306,1972.374757050187,1554.5475200429164,0.000568178811903147
2007-11-03,1678.5115388195209,1884.8148565053177,1975.058382476759,1555.3168460378688,0.0004947649929927684
2007-11-04,1681.0957301071617,1887.3619653313938,1977.5772078136872,1555.9879675236232,0.00043140838739919913
2007-11-05,1683.5423500186914,1889.754443264328,1979.9310076477216,1556.5763640814453,0.00037807833165488916
2007-11-06,1685.845720404449,1891.9918811336925,1982.1195565656162,1557.0975152926032,0.0003347500324145552
2007-11-07,1688.0001631147725,1894.0738697690597,1984.142629154125,1557.5669007383658,0.0003014035456918529
2007-11-08,1690.0,1896.0,1986.0,1558.0,0.0002780227664642067
2007-11-09,1691.8415832767407,1897.7710410933357,1987.6926904628926,1558.409770370421,0.0002629759261303267
2007-11-10,1693.5293866266852,1899.3924760648918,1989.226708994046,1558.7990799891359,0.00024978090299860814
2007-11-11,1695.0699140977963,1900.8709663677428,1990.609310817602,1559.1682747072975,0.0002368175659895376
2007-11-12,1696.469669738036,1902.213173454963,1991.8477511577014,1559.5177003760602,0.00022408519037613397
2007-11-13,1697.7351575953653,1903.4257587796278,1992.9492852384851,1559.8477028465777,0.00021158308123022702
2007-11-14,1698.8728817177482,1904.515383794812,1993.9211682840958,1560.1586279700043,0.00019931057279260175
2007-11-15,1699.8893461531457,1905.4887099535904,1994.7706555186737,1560.4508215974934,0.00018726702784520912
2007-11-16,1700.7910549495193,1906.3523987090377,1995.50500216636,1560.7246295801983,0.0001754518370981015
2007-11-17,1701.5845121548318,1907.1131115142289,1996.131463451297,1560.980397769274,0.00016386441858354966
2007-11-18,1702.2762218170456,1907.777509822239,1996.657294597625,1561.218472015874,0.00015250421705379296
2007-11-19,1702.872687984122,1908.3522550861428,1997.0897508294863,1561.4391981711524,0.0001413707033935274
2007-11-20,1703.3804147040235,1908.844008759015,1997.4360873710214,1561.6429220862622,0.00013046337403514708
2007-11-21,1703.805906024712,1909.2594322939306,1997.7035594463716,1561.829989612358,0.0001197817503836249
2007-11-22,1704.1556659941498,1909.605187143964,1997.899422279679,1562.0007466005934,0.0001093253782452646
2007-11-23,1704.4361986602985,1909.887934762191,1998.0309310950845,1562.1555389021225,9.909382726720948e-05
2007-11-24,1704.6540080711204,1910.1143366016854,1998.1053411167288,1562.2947123680985,8.908669037794296e-05
2007-11-25,1704.8155982745782,1910.2910541155227,1998.1299075687546,1562.4186128496765,7.930358323944145e-05
2007-11-26,1704.927473318633,1910.424748756778,1998.111885675302,1562.5275861980092,6.974414369766125e-05
2007-11-27,1704.9961372512473,1910.5220819785247,1998.0585306605126,1562.6219782642509,6.0408031246682625e-05
2007-11-28,1705.0280941203835,1910.5897152338396,1997.977097748528,1562.7021348995552,5.1294926490528334e-05
2007-11-29,1705.029847974003,1910.6343099757967,1997.8748421634893,1562.7684019550766,4.240453061376097e-05
2007-11-30,1705.0079028600685,1910.6625276574703,1997.7590191295378,1562.821125281968,3.3736564854201366e-05
2007-12-01,1704.9687628265415,1910.6810297319362,1997.6368838708152,1562.8606507313848,2.529076998309981e-05
2007-12-02,1704.918931921385,1910.6964776522689,1997.5156916114622,1562.8873241544793,1.706690578343736e-05
2007-12-03,1704.8649141925598,1910.7155328715428,1997.4026975756206,1562.9014914024058,9.064750539904515e-06
2007-12-04,1704.8132136880295,1910.7448568428335,1997.3051569874322,1562.9034983263189,1.2841005243510883e-06
2007-12-05,1704.7703344557542,1910.7911110192151,1997.2303250710365,1562.8936907773716,-6.275230511743937e-06
2007-12-06,1704.7427805436976,1910.860956853763,1997.1854570505766,1562.8724146067177,-1.3613411840111242e-05
2007-12-07,1704.737055999822,1910.961055799553,1997.1778081501939,1562.8400156655123,-2.0730596258832066e-05
2007-12-08,1704.7596648720876,1911.0980693096576,1997.2146335940283,1562.796839804908,-2.7626920594779505e-05
2007-12-09,1704.817111208458,1911.2786588371534,1997.303188606222,1562.7432328760585,-3.4302506196142604e-05
2007-12-10,1704.915899056895,1911.5094858351147,1997.4507284109163,1562.6795407301188,-4.0757459430130024e-05
2007-12-11,1705.06253246536,1911.797211756616,1997.6645082322523,1562.606109218242,-4.699187217752408e-05
2007-12-12,1705.2635154818163,1912.1484980547334,1997.9517832943716,1562.5232841915824,-5.3005822321195985e-05
2007-12-13,1705.525352154225,1912.5700061825403,1998.3198088214149,1562.4314115012935,-5.879937423868317e-05
2007-12-14,1705.8545465305485,1913.0683975931129,1998.7758400375246,1562.330836998529,-6.437257928816798e-05
2007-12-15,1706.257602658749,1913.6503337395247,1999.3271321668415,1562.2219065344436,-6.97254762974035e-05
2007-12-16,1706.7410245867877,1914.3224760748512,1999.980940433506,1562.10496596019,-7.485809205036605e-05
2007-12-17,1707.3113163626285,1915.091486052168,2000.744520061661,1561.980361126923,-7.977044176907829e-05
2007-12-18,1707.9749820342315,1915.9640251245485,2001.6251262754465,1561.848437885796,-8.446252960281383e-05
2007-12-19,1708.73852564956,1916.9467547450688,2002.6300142990046,1561.7095420879634,-8.893434910747164e-05
2007-12-20,1709.6084512565753,1918.0463363668027,2003.7664393564762,1561.5640195845783,-9.318588373188331e-05
2007-12-21,1710.5912629032405,1919.2694314428265,2005.0416566720037,1561.4122162267954,-9.721710729761636e-05
2007-12-22,1711.6934646375164,1920.622701426213,2006.462921469726,1561.2544778657675,-0.00010102798448548407
2007-12-23,1712.921560507366,1922.112807770039,2008.037488973787,1561.091150352649,-0.00010461847131299303
2007-12-24,1714.2820545607512,1923.7464119273782,2009.7726144083267,1560.9225795385942,-0.00010798851562038037
2007-12-25,1715.7814508456345,1925.5301753513063,2011.675552997487,1560.7491112747568,-0.00011113805755191443
2007-12-26,1717.4262534099767,1927.4707594948973,2013.7535599654088,1560.5710914122903,-0.00011406703003834156
2007-12-27,1719.222966301741,1929.5748258112267,2016.0138905362337,1560.3888658023486,-0.00011677535927847812
2007-12-28,1721.1780935688885,1931.8490357533683,2018.4637999341023,1560.2027802960854,-0.00011926296522416483
2007-12-29,1723.2981392593829,1934.300050774399,2021.1105433831576,1560.0131807446555,-0.00012152976206169692
2007-12-30,1725.5896074211846,1936.934532327392,2023.9613761075389,1559.8204129992118,-0.00012357565869894414
2007-12-31,1728.059002102256,1939.7591418654217,2027.023553331388,1559.6248229109083,-0.00012540055924583317
2008-01-01,1730.71282735056,1942.7805408415647,2030.3043302788474,1559.4267563308995,-0.00012700436350151454
2008-01-02,1733.557587214058,1946.005390708895,2033.8109621740577,1559.2265591103387,-0.0001283869674416609
2008-01-03,1736.5997857407124,1949.440352920487,2037.5507042411598,1559.0245771003795,-0.00012954826370222995
2008-01-04,1739.8459269784848,1953.0920889294161,2041.5308117042955,1558.8211561521762,-0.0001304881420671294
2008-01-05,1743.302514975338,1956.9672601887573,2045.7585397876064,1558.6166421168832,-0.00013120648995778306
2008-01-06,1746.9760537792336,1961.0725281515847,2050.241143715233,1558.4113808456534,-0.00013170319292248595
2008-01-07,1750.8730474381334,1965.4145542709743,2054.985878711317,1558.2057181896412,-0.00013197813512243753
2008-01-08,1755.0,1970.0,2060.0,1558.0,-0.0001320311998268862
2008-01-09,1759.3573870853731,1974.8291184407801,2065.2836647186386,1557.7948968906026,-0.00013165379396334084
2008-01-10,1763.9215706050982,1979.8765292916005,2070.808637657442,1557.5923785261912,-0.0001300116786729229
2008-01-11,1768.6628840426024,1985.1104438997932,2076.539585519841,1557.3947393342285,-0.00012689567227720198
2008-01-12,1773.5516608813082,1990.4990736126865,2082.44117500926,1557.2042737421755,-0.00012230504889445358
2008-01-13,1778.5582346046422,1996.0106297776124,2088.478072829127,1557.0232761774946,-0.00011623913923014876
2008-01-14,1783.6529386960271,2001.6133237418994,2094.614945682868,1556.8540410676462,-0.00010869735238305601
2008-01-15,1788.8061066388896,2007.275366852879,2100.8164602739125,1556.6988628400932,-9.967919766950496e-05
2008-01-16,1793.9880719166529,2012.96497045788,2107.047283305684,1556.5600359222963,-8.918430647967803e-05
2008-01-17,1799.1691680127415,2018.6503459042328,2113.272081481611,1556.439854741717,-7.721245413427152e-05
2008-01-18,1804.3197284105809,2024.2997045392685,2119.4555215051214,1556.340613725818,-6.376358174817447e-05
2008-01-19,1809.4100865935957,2029.8812577103163,2125.5622700796403,1556.2646073020603,-4.8837818081943876e-05
2008-01-20,1814.4105760452103,2035.3632167647063,2131.5569939085963,1556.214129897905,-3.2435501361968404e-05
2008-01-21,1819.2915302488486,2040.7137930497684,2137.4043596954143,1556.1914759408137,-1.4557201059654607e-05
2008-01-22,1824.0232826879364,2045.9011979128336,2143.0690341435234,1556.1989398582487,4.796260390240319e-06
2008-01-23,1828.5761668458981,2050.8936427012313,2148.515683956349,1556.2388160776718,2.562378595310793e-05
2008-01-24,1832.9205162061583,2055.6593387622916,2153.7089758373195,1556.3133990265437,4.792398246323197e-05
2008-01-25,1837.0266642521406,2060.166497443345,2158.61357648986,1556.4249831323266,7.16951392189562e-05
2008-01-26,1840.864944467271,2064.3833300917213,2163.1941526173982,1556.5758628224817,9.693520672777499e-05
2008-01-27,1844.4056903349742,2068.278048054751,2167.4153709233624,1556.7683325244711,0.00012364177563304465
2008-01-28,1847.6192353386737,2071.8188626797632,2171.241898111177,1557.004686665756,0.00015181205584500245
2008-01-29,1850.4759129617946,2074.973985314088,2174.6384008842697,1557.2872196737976,0.00018144285591307983
2008-01-30,1852.9460566877624,2077.7116273050583,2177.5695459460694,1557.6182259760592,0.00021253056266581528
2008-01-31,1855.0,2080.0,2180.0,1558.0,0.00024507112114620046
2008-02-01,1856.6220614827075,2081.8225153492026,2181.911081012368,1558.435045392441,0.0002791942645556934
2008-02-02,1857.852500123176,2083.223387714777,2183.3507120009795,1558.9267026776304,0.0003154316559959014
2008-02-03,1858.7455600094715,2084.2620320617916,2184.3834672465205,1559.478521599175,0.00035391098181120496
2008-02-04,1859.355485229661,2084.997863355315,2185.0739210296774,1560.094051900682,0.000394624773101067
2008-02-05,1859.736519871809,2085.4902965604156,2185.486647631134,1560.776843325757,0.00043756467914998884
2008-02-06,1859.942908023982,2085.7987466421614,2185.6862213315767,1561.5304456180072,0.00048272142178465606
2008-02-07,1860.0288937742448,2085.982628565621,2185.737216411689,1562.3584085210389,0.0005300847508207841
2008-02-08,1860.048721210665,2086.101357295863,2185.7042071521582,1563.2642817784592,0.0005796434007182943
2008-02-09,1860.0566344213075,2086.2143477979553,2185.6517678336672,1564.251615133874,0.000631385048555285
2008-02-10,1860.1068774942382,2086.3810150369663,2185.6444727369035,1565.3239583308905,0.0006852962734472853
2008-02-11,1860.2536945175232,2086.6607739779647,2185.7468961425507,1566.4848611131151,0.0007413625175254198
2008-02-12,1860.551329579228,2087.113039586019,2186.0236123312948,1567.7378732241543,0.0007995680486053266
2008-02-13,1861.0540267674191,2087.797226826197,2186.539195583821,1569.0865444076153,0.0008598959246702217
2008-02-14,1861.8160301701619,2088.7727506635674,2187.3582201808135,1570.5344244071034,0.0009223279602925994
2008-02-15,1862.891583875522,2090.0990260631984,2188.545260402959,1572.0850629662264,0.0009868446951312206
2008-02-16,1864.3349319715658,2091.835467990159,2190.1648905309416,1573.7420098285907,0.0010534253646173701
2008-02-17,1866.200318546359,2094.0414914095168,2192.281684845447,1575.5088147378026,0.0011220478729707026
2008-02-18,1868.5419876879675,2096.7765112863403,2194.960217627161,1577.3890274374687,0.00119268876866208
2008-02-19,1871.4141834844575,2100.099942585699,2198.2650631567676,1579.386197671196,0.0012653232224484922
2008-02-20,1874.871150023894,2104.071200272659,2202.2607957149526,1581.5038751825905,0.0013399250080988554
2008-02-21,1878.9671313943436,2108.749699312291,2207.011989582402,1583.7456097152597,0.0014164664859302853
2008-02-22,1883.7563716838722,2114.194854669662,2212.583219039799,1586.1149510128093,0.0014949185892594796
2008-02-23,1889.293114980545,2120.466081309841,2219.03905836783,1588.6154488188463,0.0015752508138857353
2008-02-24,1895.631605372428,2127.622794197895,2226.4440818471808,1591.2506528769773,0.0016574312106945265
2008-02-25,1902.8260869475878,2135.7244082988946,2234.8628637585357,1594.0241129308088,0.0017414263814820074
2008-02-26,1910.93080379409,2144.8303385779063,2244.3599783825803,1596.9393787239476,0.001827201478082986
2008-02-27,1920.0,2155.0,2255.0,1600.0,0.0019147202048810528
2008-02-28,1930.0317006745677,2166.230734467087,2266.7810698087,1603.1994801415844,0.001997678399636755
2008-02-29,1940.7990550117786,2178.271591628455,2279.435596675469,1606.491137087365,0.002051075005227338
2008-03-01,1952.0189932268008,2190.809548070238,2292.629556384314,1609.818242415017,0.002068897062960579
2008-03-02,1963.408445534804,2203.5315803785684,2306.0289247192463,1613.124067702217,0.002051433831856015
2008-03-03,1974.6843421509564,2216.124665139577,2319.2996774642716,1616.3518845266387,0.001998973175216486
2008-03-04,1985.5636132904274,2228.275778939397,2332.1077904034,1619.4449644659596,0.0019117892907081736
2008-03-05,1995.7631891683855,2239.6718983641604,2344.11923932064,1622.3465790978548,0.0017901307766223108
2008-03-06,2005.0,2250.0,2355.0,1625.0,0.0016342089937378208
2008-03-07,2013.0461466506013,2259.0079634462177,2364.4810892373976,1627.359320247552,0.001450836410794745
2008-03-08,2019.8944125861653,2266.6872803547867,2372.553687876387,1629.4219189055932,0.001266648744480461
2008-03-09,2025.5927519228323,2273.0903453908554,2379.274017772434,1631.1959965366884,0.001088185032509997
2008-03-10,2030.1891187767403,2278.269553219569,2384.698300781003,1632.6897537034017,0.000915324484562557
2008-03-11,2033.7314672640277,2282.2772985060724,2388.8827587575574,1633.9113909682972,0.0007479562197795048
2008-03-12,2036.267751500833,2285.165975915509,2391.8836135575616,1634.8691088939383,0.000585978748396278
2008-03-13,2037.8459256032952,2286.987980113026,2393.757087036481,1635.5711080428905,0.00042929949069117385
2008-03-14,2038.5139436875531,2287.795705763768,2394.559401049779,1636.0255889777168,0.0002778343297411038
2008-03-15,2038.3197598697443,2287.64154753288,2394.34677745292,1636.2407522609817,0.00013150719479237572
2008-03-16,2037.3113282660086,2286.577900085508,2393.1754381013684,1636.22479845525,-9.750327686888888e-06
2008-03-17,2035.536602992484,2284.6571580867967,2391.1016048505885,1635.985928123085,-0.00014599935795652028
2008-03-18,2033.043538165309,2281.9317162018906,2388.1814995560444,1635.532341827051,-0.0002772940644144964
2008-03-19,2029.8800879006224,2278.4539690959373,2384.4713440732016,1634.8722401297123,-0.00040368198475786496
2008-03-20,2026.0942063145628,2274.2763114340787,2380.0273602575235,1634.0138235936333,-0.0005252043289836815
2008-03-21,2021.7338475232689,2269.4511378814627,2374.9057699644745,1632.9652927813775,-0.0006418962661883423
2008-03-22,2016.84696564288,2264.030843103235,2369.16279504952,1631.73484825551,-0.0007537871969690687
2008-03-23,2011.4815147895333,2258.0678217645377,2362.8546573681215,1630.330690578594,-0.0008609010131306658
2008-03-24,2005.6854490793678,2251.6144685305185,2356.037578775746,1628.761020313194,-0.0009632563462538307
2008-03-25,1999.5067226285232,2244.7231780663224,2348.767781127858,1627.0340380218747,-0.0010608668066288106
2008-03-26,1992.9932895531367,2237.4463450370936,2341.10148627992,1625.1579442671991,-0.0011537412139265317
2008-03-27,1986.193103969348,2229.836364107978,2333.0949160873984,1623.1409396117324,-0.0012418838209183622
2008-03-28,1979.154119993295,2221.9456299441213,2324.804292405755,1620.9912246180386,-0.001325294531489485
2008-03-29,1971.9242917411168,2213.826537210668,2316.2858370904564,1618.716999848681,-0.0014039691140999271
2008-03-30,1964.5515733289512,2205.5314805727635,2307.595771996965,1616.326465866225,-0.0014778994118041927
2008-03-31,1957.0839188729383,2197.1128546955542,2298.7903189807485,1613.8278232332339,-0.001547073549882689
2008-04-01,1949.5692824892153,2188.6230542441835,2289.9256998972674,1611.229272512272,-0.0016114761420677867
2008-04-02,1942.0556182939213,2180.1144738837975,2281.0581366019874,1608.5390142659035,-0.0016710884963179672
2008-04-03,1934.5908804031947,2171.639508279541,2272.2438509503736,1605.7652490566925,-0.0017258888210289131
2008-04-04,1927.223022933175,2163.2505520965597,2263.5390647978893,1602.9161774472032,-0.0017758524325314283
2008-04-05,1920.0,2155.0,2255.0,1600.0,-0.001820951964676074
2008-04-06,1912.9634026612673,2146.933743126929,2246.675519369957,1597.0258888370784,-0.0018605492256092105
2008-04-07,1906.1293697404099,2139.0716585021155,2238.5850495521613,1594.0069023181588,-0.001892169474427558
2008-04-08,1899.5076770023195,2131.427119622249,2230.7406581487994,1590.957070362394,-0.0019151443558549305
2008-04-09,1893.1081002118883,2124.0134999840207,2223.1544127620627,1587.890422888936,-0.0019294089642856067
2008-04-10,1886.940415134007,2116.8441730841228,2215.8383809941365,1584.8209898169366,-0.0019348964531253627
2008-04-11,1881.0143975335693,2109.932512419244,2208.804630447212,1581.7628010655494,-0.0019315387838427709
2008-04-12,1875.3398231754654,2103.291891486078,2202.065228723475,1578.7298865539253,-0.00191926749554294
2008-04-13,1869.926467824588,2096.935683781313,2195.6322434251156,1575.7362762012178,-0.0018980144956060412
2008-04-14,1864.7841072458284,2090.8772628016422,2189.5177421543203,1572.7959999265781,-0.0018677128715873512
2008-04-15,1859.922517204079,2085.130002043756,2183.7337925132806,1569.9230876491595,-0.0018282977241226052
2008-04-16,1855.3514734642306,2079.707275004345,2178.292462104181,1567.1315692881133,-0.001779707020204001
2008-04-17,1851.0807517911762,2074.6224551800997,2173.2058185292126,1564.4354747625925,-0.001721882465697488
2008-04-18,1847.1201279498066,2069.8889160677113,2168.4859293905624,1561.8488339917485,-0.0016547703955415132
2008-04-19,1843.4793777050145,2065.520031163872,2164.144862290419,1559.3856768947348,-0.0015783226795384252
2008-04-20,1840.1682768216906,2061.5291739652707,2160.1946848309703,1557.0600333907028,-0.0014924976411837508
2008-04-21,1837.196601064728,2057.9297179686,2156.6474646144056,1554.8859333988053,-0.0013972609864144336
2008-04-22,1834.5741261990177,2054.7350366705505,2153.5152692429124,1552.877406838194,-0.0012925867386726815
2008-04-23,1832.3106279894514,2051.958503567813,2150.8101663186794,1551.048483628022,-0.0011784581761126868
2008-04-24,1830.4158822009217,2049.613492157078,2148.5442234438947,1549.4131936874403,-0.0010548687662777182
2008-04-25,1828.89966459832,2047.7133759350372,2146.729508220747,1547.9855669356027,-0.0009218230930299913
2008-04-26,1827.7717509465378,2046.2715283983814,2145.3780882514243,1546.7796332916605,-0.0007793377700451679
2008-04-27,1827.0419170104667,2045.3013230438007,2144.502031138114,1545.8094226747658,-0.0006274423346695105
2008-04-28,1826.7199385549993,2044.816133367987,2144.113404483006,1545.0889650040715,-0.0004661801155378567
2008-04-29,1826.8155913450278,2044.8293328676318,2144.2242758882885,1544.6322901987303,-0.00029560906693301887
2008-04-30,1827.3386511454423,2045.3542950394249,2144.8467129561486,1544.4534281778936,-0.00011580256253333369
2008-05-01,1828.298893721136,2046.4043933800576,2145.992783288775,1544.5664088607132,7.314985906877426e-05
2008-05-02,1829.7060948370004,2047.9930013862208,2147.6745544883574,1544.9852621663429,0.0002711418048926061
2008-05-03,1831.570030257927,2050.1334925546057,2149.9040941570825,1545.7240180139343,0.00047804940205659963
2008-05-04,1833.900475748808,2052.8392403819034,2152.693469897139,1546.7967063226392,0.0006937307441684865
2008-05-05,1836.707207074535,2056.1236183648043,2156.0547493107156,1548.2173570116101,0.0009180254174445156
2008-05-06,1840.0,2060.0,2160.0,1550.0,0.0011507541141846747
2008-05-07,1843.778447532768,2064.468935038832,2164.5287084463184,1552.1498595578403,0.0013860451618060098
2008-05-08,1848.0014116510984,2069.479678251245,2169.590036647543,1554.6369373586842,0.0016010614790773643
2008-05-09,1852.6175715759239,2074.968660661837,2175.120565480687,1557.422429426965,0.001790128325870647
2008-05-10,1857.5756065281778,2080.872313295204,2181.0568758227605,1560.4675317871158,0.0019533103260390454
2008-05-11,1862.8241957287926,2087.127067175943,2187.335548550773,1563.7334404635687,0.0020907168873541414
2008-05-12,1868.3120183987005,2093.66935332865,2193.8931645417374,1567.1813514807575,0.0022024952067516046
2008-05-13,1873.987753758836,2100.435602777922,2200.6663046726635,1570.7724608631152,0.002288823331919918
2008-05-14,1879.8000810301296,2107.3622465483545,2207.5915498205613,1574.467964635074,0.0023499033285730377
2008-05-15,1885.6976794335153,2114.385715664544,2214.605480862443,1578.2290588210672,0.002385954592063155
2008-05-16,1891.6292281899264,2121.4424411510886,2221.6446786753195,1582.0169394455281,0.002397207331639458
2008-05-17,1897.5434065202946,2128.468854032583,2228.645724136202,1585.7928025328895,0.002383896245723784
2008-05-18,1903.3888936455533,2135.401385333625,2235.5451981220995,1589.5178441075846,0.002346254397169457
2008-05-19,1909.1143687866352,2142.1764660788112,2242.279681510025,1593.1532601940457,0.0022845072886371813
2008-05-20,1914.6685111644736,2148.7305272927374,2248.785755176988,1596.660246816707,0.0021988671299945977
2008-05-21,1920.0,2155.0,2255.0,1600.0,0.0020895272819604046
2008-05-22,1925.0673390497127,2160.9336124936117,2260.8713796775905,1603.1409885331468,0.0019611934355378115
2008-05-23,1929.8683302123638,2166.5292821402463,2266.3983891943626,1606.0807722645213,0.0018320856411835765
2008-05-24,1934.4105999222734,2171.797223574996,2271.5919063564406,1608.824183807288,0.0017066832433071978
2008-05-25,1938.7017746137565,2176.747651432948,2276.4628089699436,1611.3760557746073,0.001584915416212438
2008-05-26,1942.7494807211333,2181.390780349195,2281.021974840998,1613.741220779643,0.0014667159214557298
2008-05-27,1946.5613446787208,2185.736824958827,2285.2802817757242,1615.924511435559,0.001352022883804885
2008-05-28,1950.1449929208359,2189.795999896933,2289.2486075802444,1617.9307603555162,0.001240778580815313
2008-05-29,1953.5080518817979,2193.5785197986047,2292.937830060682,1619.764800152679,0.0011329292449258107
2008-05-30,1956.6581479959234,2197.094599298931,2296.358827023158,1621.431463440209,0.0010284248770416051
2008-05-31,1959.6029076975312,2200.3544530330037,2299.522476273797,1622.9355828312696,0.0009272190706975453
2008-06-01,1962.3499574209384,2203.3682956359107,2302.4396556187194,1624.281990939023,0.0008292688459116625
2008-06-02,1964.9069236004625,2206.146341742745,2305.1212428640492,1625.475520376633,0.0007345344919536433
2008-06-03,1967.281432670422,2208.698805988594,2307.5781158159075,1626.5210037572613,0.0006429794182670914
2008-06-04,1969.4811110651347,2211.0359030085506,2309.821152280418,1627.4232736940717,0.0005545700128837702
2008-06-05,1971.513585218918,2213.1678474377036,2311.8612300637024,1628.187162800226,0.0004692755076650455
2008-06-06,1973.3864815660907,2215.1048539111434,2313.7092269718833,1628.8175036888883,0.0003870678498054801
2008-06-07,1975.1074265409684,2216.8571370639597,2315.376020811083,1629.3191289732194,0.0003079215790191542
2008-06-08,1976.6840465778712,2218.434911531245,2316.872489387424,1629.6968712663838,0.00023181370992247864
2008-06-09,1978.1239681111158,2219.848391948087,2318.2095105070293,1629.955563181544,0.00015872361910097268
2008-06-10,1979.4348175750204,2221.1077929495773,2319.3979619760207,1630.100037331862,8.86329364382795e-05
2008-06-11,1980.6242214039023,2222.2233291708044,2320.448721600521,1630.135126330501,2.152544026962688e-05
2008-06-12,1981.6998060320793,2223.205215246861,2321.372667186652,1630.065662790624,-4.261304403043136e-05
2008-06-13,1982.6691978938702,2224.063665812836,2322.180676540537,1629.8964793253938,-0.00010379474239673316
2008-06-14,1983.5400234235922,2224.80889550382,2322.8836274682985,1629.6324085479732,-0.00016203002770169916
2008-06-15,1984.319909055563,2225.451118954903,2323.4923977760586,1629.2782830715248,-0.00021732751299563657
2008-06-16,1985.0164812240998,2226.0005508011755,2324.01786526994,1628.838935509211,-0.0002696941426608094
2008-06-17,1985.637366363521,2226.4674056777267,2324.4709077560638,1628.319198474195,-0.00031913528176885896
2008-06-18,1986.190190908145,2226.8618982196485,2324.8624030405535,1627.72390457964,-0.000365654803911813
2008-06-19,1986.6825812922882,2227.19424306203,2325.203228929532,1627.0578864387078,-0.00040925517776095957
2008-06-20,1987.1221639502705,2227.474654839963,2325.5042632291215,1626.3259766645622,-0.0004499375525856277
2008-06-21,1987.5165653164079,2227.7133481885357,2325.7763837454454,1625.5330078703657,-0.0004877018429674024
2008-06-22,1987.8734118250188,2227.920537742839,2326.0304682846236,1624.6838126692805,-0.0005225468129029818
2008-06-23,1988.200329910421,2228.1064381379642,2326.2773946527805,1623.7832236744703,-0.0005544701594982802
2008-06-24,1988.5049460069317,2228.2812640089996,2326.528040656037,1622.8360734990968,-0.0005834685964371946
2008-06-25,1988.79488654887,2228.4552299910374,2326.7932841005177,1621.847194756324,-0.0006095379373787897
2008-06-26,1989.0777779705525,2228.6385507191667,2327.0840027923437,1620.8214200593134,-0.0006326731794546082
2008-06-27,1989.3612467062972,2228.841440828478,2327.4110745376374,1619.7635820212288,-0.0006528685869863198
2008-06-28,1989.6529191904228,2229.0741149540613,2327.7853771425216,1618.6785132552327,-0.000670117775570925
2008-06-29,1989.9604218572458,2229.3467877310068,2328.217788413119,1617.5710463744874,-0.0006844137966308462
2008-06-30,1990.2913811410856,2229.669673794406,2328.719186155552,1616.4460139921568,-0.0006957492225385354
2008-07-01,1990.6534234762587,2230.0529877793483,2329.3004481759426,1615.3082487214028,-0.0007041162324052925
2008-07-02,1991.054175297083,2230.506944320923,2329.972452280413,1614.1625831753881,-0.0007095066985958091
2008-07-03,1991.5012630378765,2231.0417580542207,2330.746076275086,1613.0138499672757,-0.0007119122740434273
2008-07-04,1992.0023131329574,2231.6676436143334,2331.6321979660847,1611.8668817102287,-0.0007113244804018968
2008-07-05,1992.5649520166435,2232.3948156363504,2332.641695159531,1610.7265110174098,-0.0007077347970687536
2008-07-06,1993.1968061232515,2233.2334887553607,2333.785445661547,1609.5975705019814,-0.0007011347510985564
2008-07-07,1993.9055018871006,2234.1938776064553,2335.0743272782556,1608.4848927771068,-0.0006915160080022118
2008-07-08,1994.6986657425077,2235.2861968247253,2336.5192178157795,1607.3933104559483,-0.0006788704634297277
2008-07-09,1995.583924123791,2236.520661045259,2338.13099508024,1606.3276561516686,-0.0006631903356952821
2008-07-10,1996.5689034652682,2237.907484903149,2339.9205368777607,1605.2927624774306,-0.0006444682591096178
2008-07-11,1997.6612302012572,2239.4568830334842,2341.898721014464,1604.2934620463977,-0.0006226973780529951
2008-07-12,1998.8685307660753,2241.1790700713545,2344.076425296472,1603.3345874717322,-0.0005978714417166355
2008-07-13,2000.198431594041,2243.0842606518518,2346.4645275299067,1602.4209713665969,-0.0005699848994109542
2008-07-14,2001.6585591194716,2245.182669410064,2349.0739055208915,1601.5574463441542,-0.0005390329963384967
2008-07-15,2003.2565397766857,2247.484510981084,2351.9154370755487,1600.748845017568,-0.0005050118696969075
2008-07-16,2005.0,2250.0,2355.0,1600.0,-0.0004679186449739195
2008-07-17,2006.8898861102969,2252.730398709033,2358.3284176602083,1599.3146185781554,-0.0004284551624584831
2008-07-18,2008.9004239747119,2255.641159778925,2361.8612956614957,1598.6919067329052,-0.00038943751252024924
2008-07-19,2010.999159346945,2258.6887834875474,2365.5491851690235,1598.1299451186633,-0.0003515751869031421
2008-07-20,2013.153637980695,2261.8297701127717,2369.3426373479538,1597.6268143898417,-0.00031487423533191566
2008-07-21,2015.3314056296633,2265.02061993247,2373.1922033634496,1597.1805952008554,-0.0002793402760669161
2008-07-22,2017.500008047549,2268.217833224515,2377.048434380672,1596.7893682061165,-0.000244978507110395
2008-07-23,2019.6269909880511,2271.3779102667772,2380.861881564783,1596.451214060039,-0.00021179371777955386
2008-07-24,2021.6799002048704,2274.457351337129,2384.583096080944,1596.164213417036,-0.00017979030064565788
2008-07-25,2023.6262814517056,2277.4126567134413,2388.1626290943177,1595.9264469315203,-0.00014897226379493905
2008-07-26,2025.433680482257,2280.200326673587,2391.551031770065,1595.7359952579054,-0.00011934324339779821
2008-07-27,2027.0696430502248,2282.7768614954384,2394.6988552733496,1595.5909390506054,-9.090651655929013e-05
2008-07-28,2028.5017149093078,2285.0987614568658,2397.5566507693316,1595.4893589640328,-6.366501442789767e-05
2008-07-29,2029.6974418132063,2287.1225268357416,2400.074969423174,1595.429335652601,-3.7621335535958364e-05
2008-07-30,2030.62436951562,2288.8046579099378,2402.204362400039,1595.4089497707232,-1.2777759356229172e-05
2008-07-31,2031.2500437702486,2290.1016549573255,2403.8953808650867,1595.4262819728126,1.0863739949344818e-05
2008-08-01,2031.542010330791,2290.9700182557776,2405.0985759834803,1595.4794129132824,3.330147961435193e-05
2008-08-02,2031.4678149509489,2291.366248083166,2405.7644989203827,1595.5664232465472,5.453405419659416e-05
2008-08-03,2030.9950033844202,2291.246844717361,2405.8437008409546,1595.6853936270188,7.456032137472691e-05
2008-08-04,2030.0911213849051,2290.568308436235,2405.286732910357,1595.8344047091105,9.337938763684565e-05
2008-08-05,2028.7237147061044,2289.2871395176603,2404.0441462937547,1596.0115371472368,0.00011099059386634627
2008-08-06,2026.8603291017166,2287.359838239509,2402.0664921563066,1596.2148715958099,0.0001273935008438101
2008-08-07,2024.468510325441,2284.742904879651,2399.304321663176,1596.442488709243,0.00014258787469564478
2008-08-08,2021.515804130979,2281.3928397159602,2395.7081859795253,1596.6924691419504,0.00015657367228002044
2008-08-09,2017.9697562720294,2277.2661430263074,2391.2286362705154,1596.9628935483443,0.00016935102653815615
2008-08-10,2013.7979125022916,2272.3193150885654,2385.8162237013084,1597.2518425828391,0.00018092023182701797
2008-08-11,2008.9678185754665,2266.5088561806047,2379.421499437067,1597.557396899847,0.00019128172922706378
2008-08-12,2003.4470202452521,2259.791266580297,2371.9950146429524,1597.877637153782,0.00020043609185885097
2008-08-13,1997.2030632653505,2252.123046565516,2363.4873204841274,1598.2106439990575,0.00020838401019414613
2008-08-14,1990.2034933894593,2243.4606964141312,2353.8489681257524,1598.554498090086,0.00021512627739046585
2008-08-15,1982.4158563712786,2233.7607164040155,2343.03050873299,1598.907280081281,0.00022066377464445493
2008-08-16,1973.8076979645089,2222.9796068130404,2330.982493471003,1599.2670706270565,0.00022499745657305148
2008-08-17,1964.3465639228493,2211.073867919078,2317.655473504952,1599.631950381825,0.0002281283366273925
2008-08-18,1954.0,2198.0,2303.0,1600.0,0.00023005747255040967
2008-08-19,1942.834693191094,2183.850257968094,2287.1307585693326,1600.3284121886213,0.00020523655542561988
2008-08-20,1931.3138954569947,2169.259915273306,2270.8189726182304,1600.4108278652313,5.149790123297719e-05
2008-08-21,1920.0,2155.0,2255.0,1600.0,-0.0002567344566584775
2008-08-22,1909.3613119575302,2141.7096730743615,2240.4453774269327,1598.903045895921,-0.0006858314436780138
2008-08-23,1899.4897842074972,2129.500626789872,2227.27135704727,1597.1445401872886,-0.0011004253464452242
2008-08-24,1890.3832815629366,2118.352686281837,2215.430369868238,1594.8034218412215,-0.0014668903088097128
2008-08-25,1882.0396688368844,2108.245676685562,2204.874846897066,1591.9586298248403,-0.0017853813531903142
2008-08-26,1874.4568108423766,2099.159423136353,2195.5572191409815,1588.6891031052642,-0.0020558880741983372
2008-08-27,1867.6325723924474,2091.073750769514,2187.4299176072113,1585.0737806496118,-0.0022782571678065587
2008-08-28,1861.5648183001326,2083.9684847203503,2180.445373302984,1581.1916014250025,-0.002452214645050362
2008-08-29,1856.2514133784682,2077.823450124168,2174.5560172355263,1577.1215043985558,-0.0025773880822997646
2008-08-30,1851.690222440489,2072.6184721162713,2169.714280412065,1572.9424285373902,-0.002653329203416499
2008-08-31,1847.8791102992316,2068.333375831967,2165.8725938398306,1568.7333128086268,-0.002679537032924676
2008-09-01,1844.81594176773,2064.947986406559,2162.983388526048,1564.5730961793834,-0.0026554818015790964
2008-09-02,1842.4985816590206,2062.4421289753527,2160.999095477946,1560.5407176167796,-0.0025806297246868917
2008-09-03,1840.924894786139,2060.795628673654,2159.8721457027523,1556.715116087935,-0.0024544687080640705
2008-09-04,1840.0927459621205,2059.9883106367683,2159.554970207695,1553.1752305599691,-0.00227653496567956
2008-09-05,1840.0,2060.0,2160.0,1550.0,-0.002046440456751083
2008-09-06,1840.6351302760847,2060.8035023924476,2161.158327654731,1547.251533507468,-0.0017747781762205376
2008-09-07,1841.9490444197659,2062.343545418379,2162.9756920182886,1544.9246207110893,-0.00150503277921787
2008-09-08,1843.8832586237054,2064.5578371758547,2165.3964935049075,1542.9972213719,-0.001248347392231596
2008-09-09,1846.379289080566,2067.3840857629357,2168.365132528824,1541.447295250937,-0.0010049953844617392
2008-09-10,1849.3786519830094,2070.7599992776823,2171.826009504273,1540.2528021092364,-0.000775217032016968
2008-09-11,1852.8228635236985,2074.6232858181556,2175.7235248454904,1539.3917017078356,-0.0005592206650958077
2008-09-12,1856.653439895295,2078.911653482415,2180.0020789667105,1538.8419538077694,-0.0003571840005880497
2008-09-13,1860.8118972904622,2083.562810368523,2184.60607228217,1538.5815181700752,-0.0001692556391328143
2008-09-14,1865.2397519018614,2088.514464574539,2189.4799052061035,1538.5883545557895,4.443294323576302e-06
2008-09-15,1869.8785199221547,2093.704324198524,2194.567978152747,1538.8404227259482,0.00016381738715326707
2008-09-16,1874.6697175440054,2099.070097338538,2199.814691536335,1539.3156824415876,0.00030879507288026904
2008-09-17,1879.5548609600753,2104.549492092642,2205.1644457711036,1539.9920934637448,0.0004393266813594911
2008-09-18,1884.4754663630263,2110.0802165588975,2210.561641271288,1540.8476155534559,0.0005553824233032429
2008-09-19,1889.3730499455214,2115.5999788353643,2215.950678451124,1541.860208471757,0.0006569503258322304
2008-09-20,1894.1891279002225,2121.046487020103,2221.2759577248466,1543.007831979685,0.0007440341342460881
2008-09-21,1898.8652164197922,2126.3574492111743,2226.481879506692,1544.2684458382762,0.000816651193616333
2008-09-22,1903.3428316968927,2131.470573506639,2231.512844210894,1545.6200098085671,0.0008748303221237895
2008-09-23,1907.5634899241857,2136.323568004558,2236.3132522516894,1547.0404836515936,0.0009186096863320343
2008-09-24,1911.4687072943339,2140.8541408029914,2240.8275040433127,1548.5078271283924,0.0009480346868366048
2008-09-25,1915.0,2145.0,2245.0,1550.0,0.0009631558609577545
2008-09-26,1918.108810747631,2148.7091679115097,2248.7834559259836,1551.4950734619163,0.0009640986313427008
2008-09-27,1920.7862882988177,2151.9709237249103,2252.1638491854887,1552.9715644474982,0.0009512043575397206
2008-09-28,1923.0335079289353,2154.784860845455,2255.1354725327355,1554.4081013245645,0.0009245970135085698
2008-09-29,1924.8515449133592,2157.1505726783994,2257.692618721945,1555.7833124609353,0.000884325781298735
2008-09-30,1926.2414745274646,2159.067652628995,2259.8295805073394,1557.0758262244296,0.000830435159567797
2008-10-01,1927.2043720466272,2160.5356941024993,2261.540650643141,1558.2642709828683,0.0007629631301921936
2008-10-02,1927.7413127462225,2161.5542905041652,2262.8201218835698,1559.3272751040708,0.0006819393411121408
2008-10-03,1927.8533719016266,2162.1230352392467,2263.662286982848,1560.2434669558572,0.0005873832997443269
2008-10-04,1927.5416247882147,2162.2415217129987,2264.061438695197,1560.9914749060467,0.0004793025699393674
2008-10-05,1926.8071466813612,2161.9093433306753,2264.0118697748376,1561.549927322459,0.0003576909641409811
2008-10-06,1925.6510128564425,2161.1260934975307,2263.5078729759916,1561.8974525729145,0.0002225267210368694
2008-10-07,1924.0742985888344,2159.8913656188192,2262.5437410528807,1562.0126790252323,7.377065761560992e-05
2008-10-08,1922.0780791539128,2158.2047530997957,2261.113766759727,1561.874235047233,-8.863571691162134e-05
2008-10-09,1919.6634298270515,2156.065849345714,2259.2122428507505,1561.4607490067356,-0.0002647721394112872
2008-10-10,1916.8314258836267,2153.4742477618283,2256.833462080173,1560.7508492715594,-0.00045474159906450627
2008-10-11,1913.5831425990148,2150.429541753393,2253.9717172022165,1559.7231642095262,-0.0006586724290915324
2008-10-12,1909.91965524859,2146.9313247256623,2250.621300971102,1558.3563221884535,-0.0008767205034931872
2008-10-13,1905.8420391077286,2142.97919008389,2246.77650614105,1556.6289515761619,-0.0011090715605633244
2008-10-14,1901.351369451806,2138.572731233332,2242.4316254662854,1554.519680740472,-0.0013559436774910319
2008-10-15,1896.4487215561974,2133.7115415792414,2237.5809517010252,1552.0071380492025,-0.0016175899232106607
2008-10-16,1891.1351706962785,2128.3952145268727,2232.2187775994935,1549.0699518701736,-0.0018943012199778436
2008-10-17,1885.411792147425,2122.6233434814803,2226.339395915911,1545.686750571205,-0.0021864094479868133
2008-10-18,1879.2796611850122,2116.395521848318,2219.9370994045,1541.8361625201164,-0.0024942908317388355
2008-10-19,1872.7398530844152,2109.711343032641,2213.0061808194805,1537.496816084728,-0.002818369652063364
2008-10-20,1865.79344312101,2102.570400439703,2205.5409329150743,1532.647339632859,-0.0031591223337228093
2008-10-21,1858.441506570172,2094.972287474758,2197.5356484455037,1527.2663615323293,-0.0035170819656194
2008-10-22,1850.6851187072762,2086.916597543061,2188.9846201649893,1521.332510150959,-0.0038928433189838506
2008-10-23,1842.5253548076987,2078.4029240498667,2179.882140827753,1514.8244138565676,-0.004287068438785357
2008-10-24,1833.963290146815,2069.430860400428,2170.222503188016,1507.7207010169748,-0.004700492895292654
2008-10-25,1825.0,2060.0,2160.0,1500.0,-0.005133932796621925
2008-10-26,1815.663023385241,2050.1395681299896,2149.2433622490325,1491.671782292469,-0.005567615585524381
2008-10-27,1806.0857542909735,2039.997317576415,2138.1190738448695,1482.8688918572288,-0.005918840653814928
2008-10-28,1796.4280504482422,2029.7506330014473,2126.8280569283743,1473.7550157761307,-0.006165075594736677
2008-10-29,1786.849769588093,2019.5768990672568,2115.5712336404076,1464.4938411310272,-0.006303894438709281
2008-10-30,1777.5107694415717,2009.6535004360135,2104.549526121831,1455.2490550037694,-0.006332624036252035
2008-10-31,1768.570907739725,2000.15782176989,2093.9638565135087,1446.1843444762105,-0.006248456381671186
2008-11-01,1760.1900422135989,1991.2672477310566,2084.015146956303,1437.4633966302022,-0.006048571266053184
2008-11-02,1752.5280305942385,1983.1591629816826,2074.9043195910735,1429.2498985475963,-0.0057302699724275236
2008-11-03,1745.7447306126903,1976.0109521839402,2066.832296558686,1421.707537310245,-0.0052911199155598
2008-11-04,1740.0,1970.0,2060.0,1415.0,-0.004729109168214608
2008-11-05,1735.4174644119892,1965.2634452122222,2054.563284170658,1409.2562299720616,-0.004067462354049153
2008-11-06,1731.975821203578,1961.7774430837248,2050.497731785415,1404.4661956750188,-0.0034047700517558146
2008-11-07,1729.6175356544659,1959.4779029978165,2047.733857673806,1400.5851218308092,-0.0027672052176543806
2008-11-08,1728.285073044349,1958.3007343378063,2046.2021766653672,1397.568233161371,-0.0021563434563399314
2008-11-09,1727.920898652924,1958.1818464870016,2045.8332035896321,1395.3707543886405,-0.0015735962983628705
2008-11-10,1728.4674777598882,1959.057148828711,2046.557453276136,1393.9479102345558,-0.001020209196992611
2008-11-11,1729.8672756449384,1960.8625507462418,2048.305440554413,1393.2549254210535,-0.0004972618561640216
2008-11-12,1732.0627575877725,1963.5339616229037,2051.007680254,1393.2470246700718,-5.670730631603578e-06
2008-11-13,1734.9963888680868,1967.0072908420034,2054.5946872044296,1393.8794327035478,0.0004538064949698373
2008-11-14,1738.6106347655784,1971.21844778685,2058.9969762352375,1395.1073742434185,0.0008805646668224089
2008-11-15,1742.8479605599448,1976.1033418407524,2064.145062175959,1396.8860740116222,0.0012741433973994824
2008-11-16,1747.6508315308824,1981.5978823870175,2069.969459856128,1399.170756730095,0.0016342180186202126
2008-11-17,1752.961712958089,1987.6379788089537,2076.4006841052797,1401.9166471207748,0.0019605894956969227
2008-11-18,1758.7230701212613,1994.1595404898699,2083.369249752949,1405.0789699055997,0.002253173537937936
2008-11-19,1764.877368300096,2001.0984768130743,2090.8056716286715,1408.612949806506,0.0025119891303369436
2008-11-20,1771.3670727742908,2008.3906971618742,2098.6404645619805,1412.4738115454315,0.002737146692738099
2008-11-21,1778.1346488235429,2015.9721109195784,2106.8041433824123,1416.6167798443141,0.002928836052865034
2008-11-22,1785.1225617275484,2023.7786274694956,2115.2272229195014,1420.9970794250905,0.003087314396711403
2008-11-23,1792.2732767660048,2031.7461561949333,2123.8402180027815,1425.5699350096984,0.0032128943355975432
2008-11-24,1799.52925921861,2039.8106064792,2132.5736434617893,1430.2905713200748,0.003305932204535964
2008-11-25,1806.83297436506,2047.907887705604,2141.3580141260577,1435.1142130781575,0.003366816682138873
2008-11-26,1814.1268874850523,2055.973909257453,2150.123844825123,1439.9960850058837,0.003395957798678382
2008-11-27,1821.353463858284,2063.9445805180562,2158.801650388519,1444.8914118251907,0.0033937763765597095
2008-11-28,1828.4551687644519,2071.7558108707212,2167.3219456457823,1449.7554182580159,0.0033606939266108706
2008-11-29,1835.3744674832533,2079.343509698756,2175.615245426445,1454.5433290262965,0.0032971230044518914
2008-11-30,1842.0538252943852,2086.643586385469,2183.6120645600445,1459.2103688519708,0.003203458013781146
2008-12-01,1848.4357074775446,2093.591950314169,2191.242917876115,1463.711762456975,0.0030800664276630614
2008-12-02,1854.4625793124285,2100.1245108681637,2198.43832020419,1468.002734563247,0.002927280384726375
2008-12-03,1860.076906078735,2106.1771774307617,2205.128786373806,1472.0385098927243,0.002745388604288392
2008-12-04,1865.2211530561597,2111.6858593852703,2211.244831214497,1475.7743131673444,0.00253462855266941
2008-12-05,1869.8377855243998,2116.5864661149985,2216.7169695557973,1479.1653691090437,0.0022951787819349622
2008-12-06,1873.869268763153,2120.814907003254,2221.4757162272435,1482.1669024397609,0.0020271513517177023
2008-12-07,1877.2580680521162,2124.307091433346,2225.4515860583683,1484.7341378814322,0.001730584234191944
2008-12-08,1879.9466486709862,2126.9989287885815,2228.5750938787082,1486.8223001559957,0.0014054335913347787
2008-12-09,1881.8774758994607,2128.8263284522704,2230.7767545177976,1488.3866139853887,0.0010515658017210589
2008-12-10,1882.993015017236,2129.725199807718,2231.9870828051708,1489.3823040915483,0.0006687491008609572
2008-12-11,1883.2357313040093,2129.631452238236,2232.136593570364,1489.764595196412,0.00025664468378739963
2008-12-12,1882.548090039478,2128.48099512713,2231.1558016429094,1489.488712021917,-0.00018520289940776572
2008-12-13,1880.8725565033399,2126.20973785771,2228.9752218523454,1488.509879290002,-0.0006573762459260712
2008-12-14,1878.1515959752903,2122.7535898132833,2225.5253690282034,1486.783321722602,-0.0011605967174032118
2008-12-15,1874.3276737350272,2118.048460377158,2220.7367580000205,1484.2642640416564,-0.0016957374204641985
2008-12-16,1869.3432550622476,2112.0302589326425,2214.539903597331,1480.9079309691012,-0.002263837838237935
2008-12-17,1863.140805236649,2104.6348948630443,2206.8653206496692,1476.6695472268748,-0.0028661204481535687
2008-12-18,1855.6627895379274,2095.7982775516734,2197.6435239865705,1471.504337536914,-0.0035040097204308666
2008-12-19,1846.851673245781,2085.4563163818366,2186.8050284375695,1465.3675266211565,-0.004179153964756744
2008-12-20,1836.6499216399066,2073.5449207368433,2174.2803488322015,1458.2143392015396,-0.004893450583570033
2008-12-21,1825.0,2060.0,2160.0,1450.0,-0.00564907540376514
2008-12-22,1811.873628452103,2044.790498923239,2143.9299527936446,1440.7014253832688,-0.006433460479133083
2008-12-23,1797.3595465076255,2028.0175037329823,2126.178002158383,1430.3822982972479,-0.007188345944289209
2008-12-24,1781.5757485243214,2009.8151360242737,2106.8873990626075,1419.1279933326307,-0.007899156228266075
2008-12-25,1764.6402288599438,1990.3175173921586,2086.2013944747096,1407.0238850801127,-0.008565839900582684
2008-12-26,1746.6709818722468,1969.6587694316806,2064.2632393630815,1394.155348130388,-0.009188007198271416
2008-12-27,1727.7860019189845,1947.973013737886,2041.2161846961155,1380.6077570741509,-0.009764940785142168
2008-12-28,1708.10328335791,1925.3943719058186,2017.2034814422025,1366.4664865020964,-0.010295604874055161
2008-12-29,1687.740820546777,1902.0569655305233,1992.368380569734,1351.816911004919,-0.010778653426552648
2008-12-30,1666.8166078433392,1878.094916207044,1966.854133047103,1336.7444051733125,-0.011212438153186595
2008-12-31,1645.448639605351,1853.6423455304266,1940.803989842701,1321.334343597972,-0.011595017063968196
2009-01-01,1623.7549101905652,1828.833375095715,1914.3612019249194,1305.6721008695924,-0.01192416435812793
2009-01-02,1601.8534139567353,1803.8021264979536,1887.66902026215,1289.843051578867,-0.012197382491906227
2009-01-03,1579.862145261616,1778.6827213321883,1860.870695822786,1273.9325703164918,-0.012411917317817172
2009-01-04,1557.8990984629602,1753.609281193463,1834.1094795752176,1258.0260316731603,-0.012564777243087872
2009-01-05,1536.0822679185217,1728.715927676822,1807.5286224878378,1242.2088102395671,-0.012652757401649787
2009-01-06,1514.5296479860551,1704.1367823773107,1781.2713755290379,1226.5662806064076,-0.01267246986467061
2009-01-07,1493.359233023312,1680.0059668899735,1755.480989667209,1211.183817364375,-0.012620380918605997
2009-01-08,1472.6890173880481,1656.4576028098547,1730.3007158707442,1196.1467951041645,-0.012492856405060626
2009-01-09,1452.6369954380161,1633.6258117319996,1705.8738051080345,1181.540588416471,-0.012286216029674996
2009-01-10,1433.32116153097,1611.6447152514527,1682.3435083474722,1167.4505718919884,-0.011996797392960761
2009-01-11,1414.8595100246632,1590.6484349632583,1659.8530765574487,1153.9621201214115,-0.011621030259776403
2009-01-12,1397.3700352768499,1570.7710924624619,1638.5457607063565,1141.1606076954345,-0.01115552125231649
2009-01-13,1380.9707316452827,1552.146809344107,1618.564811762587,1129.1314092047521,-0.010597148713675378
2009-01-14,1365.7795934877167,1534.9097072032393,1600.0534806945323,1117.9598992400593,-0.009943166940564794
2009-01-15,1351.9146151619045,1519.193907634903,1583.1550184705839,1107.73145239205,-0.009191318328084052
2009-01-16,1339.4937910256008,1505.133532234143,1568.012676059134,1098.531443251419,-0.00833995122170165
2009-01-17,1328.6351154365577,1492.8627025960036,1554.7697044285737,1090.4452464088604,-0.007388140460839348
2009-01-18,1319.4565827525307,1482.5155403155304,1543.5693545472961,1083.5582364550692,-0.006335806769873358
2009-01-19,1312.0761873312717,1474.2261669877666,1534.5548773836915,1077.9557879807396,-0.005183830367773157
2009-01-20,1306.611923530536,1468.1287042077583,1527.8695239061535,1073.7232755765667,-0.003934153503595202
2009-01-21,1303.1817857080764,1464.3572735705498,1523.6565450830726,1070.9460738332446,-0.0025898661687917186
2009-01-22,1301.9037682216465,1463.0459966711849,1522.0591918828402,1069.7095573414672,-0.0011552690785904991
2009-01-23,1302.8958654290004,1464.3289951047095,1523.2207152738501,1070.0991006919303,0.0003640917642837065
2009-01-24,1306.2760716878915,1468.3403904661675,1527.2843662244925,1072.2000784753275,0.0019614239480636726
2009-01-25,1312.1623813560736,1475.214304350604,1534.39339570316,1076.0978652823535,0.003628724866033315
2009-01-26,1320.6727887913,1485.0848583530633,1544.6910546782437,1081.8778357037027,0.005356857577683076
2009-01-27,1331.9252883513252,1498.0861740685903,1558.3205941181366,1089.6253643300702,0.007135666666395538
2009-01-28,1346.0378743939023,1514.3523730922293,1575.4252649912291,1099.4258257521496,0.008954132225814928
2009-01-29,1363.128541276785,1534.017577019026,1596.148318265915,1111.3645945606365,0.010800557805377567
2009-01-30,1383.315283357727,1557.2159074440242,1620.6330049105836,1125.5270453462247,0.01266278596032037
2009-01-31,1406.7160949944823,1584.0814859622687,1649.022575893629,1141.9985526996088,0.014528433190805776
2009-02-01,1433.4489705448036,1614.748434168804,1681.4602821834414,1160.864491211483,0.016385134706319887
2009-02-02,1463.6319043664462,1649.350873658676,1718.0893747484142,1182.210235472543,0.018220788756926412
2009-02-03,1497.3828908171622,1688.0229260269273,1759.0531045569378,1206.1211600734819,0.02002379030673992
2009-02-04,1534.8199242547062,1730.8987128686044,1804.494722577405,1232.682639604995,0.021783244583633975
2009-02-05,1576.0609990368316,1778.112355778751,1854.5574797782074,1261.980048657777,0.023489152441307993
2009-02-06,1621.2241095212923,1829.7979763524127,1909.3846271277364,1294.0987618225217,0.025132561368879345
2009-02-07,1670.4272500658412,1886.0896961846329,1969.119415594384,1329.124153689924,0.026705678188159148
2009-02-08,1723.7884150282332,1947.1216368704572,2033.9050961465423,1367.1415988506783,0.028201941781586234
2009-02-09,1781.425598766221,2013.02792000493,2103.8849197526038,1408.2364718954798,0.029616056395212937
2009-02-10,1843.4567956375588,2083.942667183096,2179.2021373809584,1452.4941474150219,0.030943987993975172
2009-02-11,1910.0,2160.0,2260.0,1500.0,0.032182927690754246
2009-02-12,1980.0,2240.0,2345.0,1550.0,0.03278982282299097
2009-02-13,2048.8669822011593,2318.7235249658315,2428.6400886909673,1599.2109390895373,0.03125541360063924
2009-02-14,2115.4708200051195,2394.885138394008,2509.550431733633,1646.8239578594548,0.029338214405370135
2009-02-15,2179.8396100758614,2468.5163402221647,2587.764688020942,1692.8586351899573,0.027570041135083906
2009-02-16,2242.0014490773647,2539.648630387934,2663.316516445834,1737.3345499612476,0.025933470806673457
2009-02-17,2301.984433673607,2608.31350882895,2736.2395759012556,1780.2712810535286,0.024413686898848385
2009-02-18,2359.816660528569,2674.5424754828473,2806.5675252801498,1821.6884073470053,0.02299800961113461
2009-02-19,2415.526226306228,2738.367030287256,2874.334023475456,1861.6055077218793,0.021675524208429935
2009-02-20,2469.1412276705664,2799.8186731798137,2939.5727293801224,1900.042161058356,0.020436784359578273
2009-02-21,2520.6897612855614,2858.9289040981516,3002.3173018870884,1937.0179462366377,0.01927357338973315
2009-02-22,2570.1999238151925,2915.7292229799027,3062.6013998892995,1972.5524421369284,0.01817871067251869
2009-02-23,2617.699811923439,2970.251129762701,3120.458682279696,2006.6652276394302,0.01714589350999021
2009-02-24,2663.217522274281,3022.5261243841815,3175.9228079512236,2039.375881624349,0.016169567137443063
2009-02-25,2706.7811515316967,3072.585706781975,3229.027435796824,2070.7039829718865,0.01524481718594602
2009-02-26,2748.418796359666,3120.4613768937174,3279.806224709442,2100.6691105622467,0.014367280204221816
2009-02-27,2788.1585534221686,3166.1846346570414,3328.2928335820193,2129.2908432756335,0.01353306879931684
2009-02-28,2826.028519383182,3209.7869800095796,3374.520921307499,2156.5887599922494,0.012738708684943551
2009-03-01,2862.056790906687,3251.2999128889664,3418.5241467788255,2182.5824395922987,0.011981085486282943
2009-03-02,2896.2714646566633,3290.7549332328354,3460.3361688889404,2207.2914609559843,0.01125739958313566
2009-03-03,2928.700637297088,3328.183540978818,3499.9906465307868,2230.7354029635108,0.010565127610743436
2009-03-04,2959.3724054919435,3363.617236064551,3537.52123859731,2252.9338444950804,0.00990198950223853
2009-03-05,2988.3148659052067,3397.087518427666,3572.96160398145,2273.906364430897,0.009265920165623873
2009-03-06,3015.5561152008577,3428.6258880057967,3606.3454015761527,2293.672541651165,0.00865504505410228
2009-03-07,3041.124250042876,3458.2638447365757,3637.70629027436,2312.2519550360857,0.008067659021138386
2009-03-08,3065.0473670952406,3486.032888557638,3667.077928969015,2329.664183465865,0.007502207958115568
2009-03-09,3087.3535630219303,3511.964519406617,3694.493976553061,2345.9288058207057,0.006957272798397917
2009-03-10,3108.0709344869256,3536.090237221146,3719.9880919194425,2361.0654009808104,0.00643155554140429
2009-03-11,3127.227578154204,3558.4415419388556,3743.5939339610977,2375.0935478263823,0.0059238670071631045
2009-03-12,3144.8515906877465,3579.0499334973833,3765.3451615709764,2388.032825237626,0.005433116078412871
2009-03-13,3160.9710687515308,3597.946911834361,3785.2754336420167,2399.902812094746,0.004958300225649038
2009-03-14,3175.6141090095375,3615.1639768874215,3803.4184090671642,2410.7230872779423,0.0044984971421792004
2009-03-15,3188.8088081257465,3630.732628594201,3819.8077467393628,2420.5132296674224,0.004052857342509925
2009-03-16,3200.5832627641353,3644.684366892329,3834.4771055515525,2429.2928181433876,0.0036205975992360173
2009-03-17,3210.9655695886836,3657.050691719441,3847.4601443966785,2437.081431586041,0.003200995111916443
2009-03-18,3219.983825263372,3667.863103013172,3858.7905221676847,2443.8986488755877,0.002793382316687441
2009-03-19,3227.6661264521777,3677.1531007111516,3868.501897757512,2449.7640488922298,0.002397142258296084
2009-03-20,3234.040569819082,3684.952184751017,3876.6279300591054,2454.6972105161713,0.0020117044571076447
2009-03-21,3239.1352520280625,3691.2918550704003,3883.2022779654067,2458.717712627616,0.0016365412128492014
2009-03-22,3242.9782697431006,3696.2036116069344,3888.2586003693605,2461.845134106767,0.0012711642946899874
2009-03-23,3245.5977196281733,3699.7189542982533,3891.8305561639086,2464.099053833828,0.0009151219739247939
2009-03-24,3247.021698347261,3701.8693830819907,3893.951804241995,2465.4990506890013,0.0005679963612156057
2009-03-25,3247.278302564342,3702.686397895779,3894.656003496562,2466.0647035524917,0.0002294010152397564
2009-03-26,3246.3956289433977,3702.2014986772538,3893.9768128205533,2465.8155913045034,-0.00010102120623646121
2009-03-27,3244.4017741484045,3700.4461853640464,3891.947891106911,2464.771292825238,-0.0004236000782146465
2009-03-28,3241.3248348433444,3697.451957893791,3888.6028972485797,2462.9513869948996,-0.0007386397455095027
2009-03-29,3237.1929076921956,3693.250316204122,3883.975490138503,2460.375452693693,-0.0010464202845498222
2009-03-30,3232.0340893589378,3687.872760232671,3878.0993286696225,2457.06306880182,-0.0013471991071680356
2009-03-31,3225.8764765075484,3681.3507899170736,3871.0080717348815,2453.033814199485,-0.0016412122215796222
2009-04-01,3218.7481658020097,3673.7159051949625,3862.735378227224,2448.3072677668906,-0.0019286753640267217
2009-04-02,3210.6772539062986,3664.99960600397,3853.3149070395916,2442.9030083842417,-0.0022097850129853764
2009-04-03,3201.691837484396,3655.2333922817315,3842.78031706493,2436.840614931741,-0.002484719296542138
2009-04-04,3191.8200132002794,3644.448763965879,3831.16526719618,2430.139666289592,-0.0027536388023516063
2009-04-05,3181.089877717928,3632.6772209940455,3818.5034163262844,2422.819741337997,-0.0030166872985902993
2009-04-06,3169.5295277013247,3619.9502633038664,3804.8284233481886,2414.9004189571615,-0.0032739923734254285
2009-04-07,3157.1670598144447,3606.2993908329736,3790.1739471548344,2406.401278027288,-0.0035256659997479093
2009-04-08,3144.030570721269,3591.756103519003,3774.573646639165,2397.34189742858,-0.003771805031241531
2009-04-09,3130.1481570857773,3576.3519012995844,3758.0611806941242,2387.7418560412416,-0.004012491635282427
2009-04-10,3115.547915571947,3560.118284112353,3740.6702082126535,2377.620732745475,-0.004247793667648219
2009-04-11,3100.25794284376,3543.0867518949426,3722.434388087697,2366.998106421485,-0.004477764993583034
2009-04-12,3084.3063355651925,3525.288804584987,3703.3873792121976,2355.893555949474,-0.004702445759399645
2009-04-13,3067.7211904002274,3506.7559421201195,3683.562840479101,2344.326660209647,-0.004921862618463326
2009-04-14,3050.530604012841,3487.5196644379726,3662.994430781346,2332.316998082206,-0.005136028915168003
2009-04-15,3032.7626730670145,3467.6114714761807,3641.715809011879,2319.8841484473546,-0.005344944830269568
2009-04-16,3014.445494226726,3447.062863172377,3619.7606340636416,2307.0476901852976,-0.005548597490801391
2009-04-17,2995.607164155955,3425.9053394641946,3597.1625648295767,2293.827202176237,-0.005746961047646037
2009-04-18,2976.2757795186812,3404.1704002892675,3573.955260202629,2280.242263300377,-0.005939996723758675
2009-04-19,2956.479436978884,3381.889545585229,3550.1723790757396,2266.312452437921,-0.0061276528359980945
2009-04-20,2936.2462332005416,3359.0942752897126,3525.847580341853,2252.057348469072,-0.006309864793484854
2009-04-21,2915.6042648476346,3335.8160893403515,3501.0145228939114,2237.4965302740343,-0.006486555075458297
2009-04-22,2894.581628584141,3312.086487674779,3475.70686562486,2222.6495767330107,-0.006657633191636474
2009-04-23,2873.206421074041,3287.93697023063,3449.9582674276385,2207.536066726205,-0.006822995628192709
2009-04-24,2851.506738981314,3263.3990369455373,3423.8023871951937,2192.175579133821,-0.006982525782579734
2009-04-25,2829.5106789699394,3238.504187757133,3397.2728838204666,2176.587692836062,-0.007136093890596381
2009-04-26,2807.2463377038953,3213.2839226030524,3370.4034161964005,2160.7919867131313,-0.007283556949277994
2009-04-27,2784.741811847161,3187.7697414209274,3343.2276432159388,2144.808039645232,-0.007424758639425379
2009-04-28,2762.0251980637177,3161.993144148393,3315.779223772024,2128.6554305125683,-0.007559529251836632
2009-04-29,2739.1245930175432,3135.9856307230816,3288.091816757601,2112.353738195343,-0.007687685621599713
2009-04-30,2716.068093372617,3109.7787010826273,3260.199081065611,2095.9225415737606,-0.007809031075111052
2009-05-01,2692.883795792918,3083.403855164663,3232.1346755889977,2079.381419528024,-0.007923355394854965
2009-05-02,2669.5997969424275,3056.892592906823,3203.9322592207054,2062.7499509383365,-0.008030434807319528
2009-05-03,2646.2441934851217,3030.276414246739,3175.6254908536753,2046.0477146849012,-0.008130031999857372
2009-05-04,2622.845082084982,3003.586819122047,3147.248029380852,2029.2942896479226,-0.008221896172687806
2009-05-05,2599.4305594059865,2976.8553074703786,3118.8335336951777,2012.5092547076038,-0.008305763132698157
2009-05-06,2576.0287221121157,2950.1133792293685,3090.415662689597,1995.712188744148,-0.008381355436123976
2009-05-07,2552.667666867348,2923.392534336649,3062.028075257051,1978.922670637759,-0.00844838258766313
2009-05-08,2529.3754903356635,2896.724272729854,3033.7044302904837,1962.1602792686404,-0.00850654130401076
2009-05-09,2506.1802891810403,2870.1400943466174,3005.4783866828384,1945.4445935169952,-0.008555515850251199
2009-05-10,2483.1101600674583,2843.671499124572,2977.3836033270586,1928.795192263027,-0.008594978457947771
2009-05-11,2460.193199658897,2817.349987001352,2949.4537391160866,1912.2316543869392,-0.00862458983416665
2009-05-12,2437.457504619336,2791.207057914591,2921.7224529428668,1895.7735587689367,-0.008643999770983306
2009-05-13,2414.931171612753,2765.2742118019214,2894.2234037003404,1879.4404842892209,-0.008652847865308918
2009-05-14,2392.642297303129,2739.582948600977,2866.990250281452,1863.252009827996,-0.00865076435902478
2009-05-15,2370.6189783544423,2714.164768249392,2840.0566515791443,1847.2277142654657,-0.008637371109530568
2009-05-16,2348.889311430673,2689.051170684799,2813.45626648636,1831.387176481834,-0.008612282700721738
2009-05-17,2327.4813931957997,2664.2736558448332,2787.2227538960437,1815.7499753573038,-0.008575107704243471
2009-05-18,2306.4233203138015,2639.863723667125,2761.3897727011367,1800.3356897720782,-0.008525450100468714
2009-05-19,2285.743189448659,2615.852874089311,2735.9909817945836,1785.1638986063613,-0.00846291086808644
2009-05-20,2265.4690972643502,2592.2726070490235,2711.0600400693265,1770.2541807403568,-0.008387089750359929
2009-05-21,2245.629140424854,2569.1544224838945,2686.630606418309,1755.6261150542668,-0.00829758720505117
2009-05-22,2226.251415594151,2546.5298203315597,2662.736339734474,1741.2992804282965,-0.00819400654363955
2009-05-23,2207.36401943622,2524.4303005296515,2639.4108989107644,1727.2932557426489,-0.008075956263815933
2009-05-24,2188.9950486150397,2502.887363015803,2616.6879428401244,1713.6276198775265,-0.007943052577190041
2009-05-25,2171.1725997945905,2481.932507727649,2594.6011304154963,1700.3219517131342,-0.007794922131821001
2009-05-26,2153.924769638851,2461.597234602822,2573.1841205298233,1687.3958301296746,-0.007631204926444158
2009-05-27,2137.2796548118004,2441.9130435789552,2552.4705720760485,1674.868834007351,-0.0074515574101475645
2009-05-28,2121.265351977418,2422.9114345936828,2532.494143947115,1662.7605422263675,-0.007255655757813262
2009-05-29,2105.9099577996835,2404.623907584638,2513.2884950359658,1651.0905336669275,-0.0070431993077800575
2009-05-30,2091.2415689425757,2387.0819624894543,2494.887284235545,1639.8783872092345,-0.0068139141440457145
2009-05-31,2077.2882820700747,2370.3170992457653,2477.3241704387947,1629.1436817334918,-0.006567556800871733
2009-06-01,2064.0781938461587,2354.360817791204,2460.632812538658,1618.9059961199027,-0.006303918062982577
2009-06-02,2051.639400934807,2339.2446180634047,2444.846869428079,1609.184909248671,-0.006022826829710022
2009-06-03,2040.0,2325.0,2430.0,1600.0,-0.005724154006542243
2009-06-04,2029.1839902540653,2311.6552782798285,2416.1220579559144,1591.3703514991391,-0.005408127909703165
2009-06-05,2019.1989811027265,2299.22602654654,2403.227676231515,1583.3130638515192,-0.005075973817523503
2009-06-06,2010.0484845000576,2287.7246331849947,2391.327682571044,1575.8447414076174,-0.0047280552709454225
2009-06-07,2001.736012400131,2277.1634865800465,2380.4329047187452,1568.9819885179108,-0.004364478155987306
2009-06-08,1994.2650767570196,2267.554975116553,2370.5541704188613,1562.7414095328759,-0.003985401296336396
2009-06-09,1987.639189524797,2258.911487179371,2361.7023074156346,1557.1396088029896,-0.0035910387074540627
2009-06-10,1981.861862657536,2251.2454111533557,2353.888143453308,1552.1931906787293,-0.0031816615434590023
2009-06-11,1976.9366081093099,2244.569135423365,2347.1225062761246,1547.9187595105714,-0.002757599690287312
2009-06-12,1972.8669378341915,2238.895048374254,2341.4162236283278,1544.332919648993,-0.0023192429601150287
2009-06-13,1969.6563637862532,2234.23553839088,2336.7801232541588,1541.452275444471,-0.0018670418445796933
2009-06-14,1967.3083979195694,2230.6029938580996,2333.2250328978616,1539.2934312474824,-0.0014015077879815574
2009-06-15,1965.8265521882122,2228.009803160769,2330.761780303679,1537.8729914085038,-0.0009232129464365361
2009-06-16,1965.214338546255,2226.4683546837455,2329.4011932158537,1537.2075602780124,-0.00043278940482591524
2009-06-17,1965.4752689477707,2225.991036811884,2329.1540993786284,1537.3137422064854,6.907216966065473e-05
2009-06-18,1966.6128553468325,2226.5902379300423,2330.031326536245,1538.2081415443986,0.0005816244507004675
2009-06-19,1968.6306096975131,2228.2783464230765,2332.0437024329485,1539.9073626422303,0.0011040659573219476
2009-06-20,1971.532043953886,2231.0677506758434,2335.2020548129804,1542.4280098504562,0.0016355441348892853
2009-06-21,1975.3206700700239,2234.970839073199,2339.517211420583,1545.7866875195537,0.0021751589979834255
2009-06-22,1980.0,2240.0,2345.0,1550.0,0.0027219673104987275
2009-06-23,1985.5491628262625,2246.1360994876495,2351.6287721449303,1555.0583265439677,0.0032581230280866805
2009-06-24,1991.8497561447596,2253.233914153737,2359.2519748468967,1560.8471460104158,0.0037156622224538975
2009-06-25,1998.7589946798157,2261.116698262397,2367.685578946881,1567.225712159999,0.00407827776376664
2009-06-26,2006.134093155754,2269.6077060777666,2376.745555285861,1574.053278753372,0.0043470047483952935
2009-06-27,2013.8322662968972,2278.5301918639807,2386.2478747048167,1581.1890995511892,0.004523159940323019
2009-06-28,2021.7107288275697,2287.707409885175,2396.008508044729,1588.4924283141056,0.004608249518534917
2009-06-29,2029.6266954720957,2296.962614405487,2405.8434261465773,1595.8225188027766,0.004603880933646346
2009-06-30,2037.4373809547976,2306.119059689049,2415.5685998513404,1603.038624777856,0.004511679558225198
2009-07-01,2045.0,2315.0,2425.0,1610.0,0.004333210351784332
2009-07-02,2052.197094817008,2323.4598648400633,2433.9860738154457,1616.5909232717563,0.004085384602860205
2009-07-03,2059.0125175550547,2331.477784661324,2442.5051740482177,1622.7957735632547,0.0038308843374101928
2009-07-04,2065.4554478483547,2339.0640651534563,2450.568129830765,1628.6239548865176,0.0035850108888708897
2009-07-05,2071.535065331123,2346.2290120061352,2458.18577029554,1634.0848712535678,0.0033474770550793154
2009-07-06,2077.2605496375763,2352.9829309090333,2465.36892457499,1639.1879266764297,0.0031180166593053594
2009-07-07,2082.6410804019274,2359.3361275518255,2472.1284218015685,1643.942525167125,0.002896383122333488
2009-07-08,2087.685837258392,2365.2989076241856,2478.475091107724,1648.3580707376775,0.002682348157108628
2009-07-09,2092.403999841185,2370.8815768157874,2484.419761625906,1652.4439674001103,0.002475700573452779
2009-07-10,2096.8047477845216,2376.0944408163064,2489.9732624885673,1656.2096191664461,0.00227624518174793
2009-07-11,2100.897260722616,2380.947805315415,2495.146422828157,1659.6644300487078,0.002083801785662598
2009-07-12,2104.690718289685,2385.4519760027883,2499.950071777125,1662.8178040589194,0.0018982042550521204
2009-07-13,2108.1943001199415,2389.6172585680997,2504.3950384679224,1665.6791452091036,0.0017192996710753488
2009-07-14,2111.417185847601,2393.453958701024,2508.4921520329985,1668.2578575112827,0.0015469475363951522
2009-07-15,2114.36855510688,2396.9723820912354,2512.2522416048064,1670.5633449774814,0.0013810190440276039
2009-07-16,2117.0575875319914,2400.182834428408,2515.686136315793,1672.6050116197214,0.0012213963990332485
2009-07-17,2119.4934627571515,2403.095621402215,2518.8046652984103,1674.3922614500261,0.0010679721878222703
2009-07-18,2121.6853604165744,2405.7210487023317,2521.618657685109,1675.934498480419,0.0009206487903032925
2009-07-19,2123.6424601444755,2408.0694220184314,2524.138942608338,1677.2411267229224,0.0007793378305723452
2009-07-20,2125.3739415750697,2410.1510470401886,2526.37634920055,1678.3215501895604,0.0006439596622098484
2009-07-21,2126.8889843425723,2411.9762294572774,2528.3417065941926,1679.1851728923555,0.0005144428845991988
2009-07-22,2128.1967680811977,2413.5552749593717,2530.045843921719,1679.8413988433313,0.0003907238870010867
2009-07-23,2129.3064724251617,2414.8984892361464,2531.4995903155773,1680.2996320545105,0.0002727464173714722
2009-07-24,2130.227277008678,2416.0161779772734,2532.7137749082185,1680.5692765379154,0.0001604611731769881
2009-07-25,2130.9683614659634,2416.9186468724297,2533.6992268320932,1680.6597363055707,5.3825411676190215e-05
2009-07-26,2131.538905431231,2417.616201611287,2534.466775219652,1680.5804153694978,-4.71974226823184e-05
2009-07-27,2131.9480885386956,2418.119147883521,2535.027249203344,1680.3407177417216,-0.00014263805587173999
2009-07-28,2132.205090422574,2418.4377913788053,2535.3914779156207,1679.9500474342638,-0.00023252172893298344
2009-07-29,2132.31909071708,2418.582437786814,2535.570290488933,1679.417808459148,-0.0003168685314621265
2009-07-30,2132.299269056429,2418.5633927972212,2535.57451605573,1678.7534048283972,-0.0003956937256749268
2009-07-31,2132.154805074836,2418.3909620997015,2535.414983748463,1677.9662405540344,-0.00046900806260355166
2009-08-01,2131.8948784065155,2418.075451383928,2535.1025226995807,1677.0657196480827,-0.0005368180919045542
2009-08-02,2131.5286686856825,2417.627166339575,2534.6479620415353,1676.061246122566,-0.0005991264666187727
2009-08-03,2131.0653555465524,2417.056412656317,2534.062130906776,1674.962223989506,-0.0006559322441437053
2009-08-04,2130.5141186233404,2416.3734960238294,2533.355858427755,1673.7780572609272,-0.0007072311845540969
2009-08-05,2129.8841375502607,2415.5887221317844,2532.53997373692,1672.5181499488513,-0.0007530160473514379
2009-08-06,2129.1845919615284,2414.7123966698564,2531.625305966723,1671.1919060653022,-0.0007932768875774277
2009-08-07,2128.424661491359,2413.75482532772,2530.6226842496135,1669.8087296223032,-0.0008280013521986627
2009-08-08,2127.6135257739675,2412.7263137950486,2529.542937718043,1668.378024631877,-0.0008571749775255881
2009-08-09,2126.7603644435676,2411.637167761517,2528.396895504461,1666.9091951060466,-0.0008807814883796751
2009-08-10,2125.8743571343757,2410.4976929167997,2527.195386741318,1665.4116450568354,-0.0008988030996162339
2009-08-11,2124.964683480606,2409.3181949505706,2525.949240561064,1663.8947784962659,-0.0009112208205263741
2009-08-12,2124.0405231164737,2408.1089795525027,2524.6692860961507,1662.3679994363622,-0.0009180147625480882
2009-08-13,2123.1110556761937,2406.880352412271,2523.366352479027,1660.8407118891464,-0.0009191644506346146
2009-08-14,2122.1854607939813,2405.64261921955,2522.0512688421436,1659.3223198666421,-0.0009146491385131798
2009-08-15,2121.2729181040513,2404.406085664013,2520.7348643179516,1657.8222273808724,-0.0009044481279986158
2009-08-16,2120.382607240618,2403.1810574353344,2519.4279680389,1656.3498384438603,-0.0008885410923993431
2009-08-17,2119.5237078378977,2401.9778402231887,2518.1414091374404,1654.9145570676287,-0.0008669084039711904
2009-08-18,2118.7053995301044,2400.806739717249,2516.886016746022,1653.5257872642012,-0.0008395314652569425
2009-08-19,2117.936861951453,2399.6780616071906,2515.6726199970963,1652.1929330456003,-0.0008063930440532209
2009-08-20,2117.2272747361585,2398.6021115826866,2514.5120480231126,1650.9253984238494,-0.0007674776116205406
2009-08-21,2116.5858175184367,2397.5891953334126,2513.415129956523,1649.732587410972,-0.0007227716836603297
2009-08-22,2116.0216699325015,2396.649618549041,2512.392694929776,1648.6239040189898,-0.0006722641634508245
2009-08-23,2115.544011612569,2395.793686919247,2511.4555720753233,1647.6087522599275,-0.0006159466864229975
2009-08-24,2115.1620221928533,2395.0317061337037,2510.6145905256135,1646.6965361458076,-0.0005538139653576455
2009-08-25,2114.8848813075692,2394.373981882087,2509.880579413099,1645.8966596886528,-0.00048586413523661907
2009-08-26,2114.7217685909322,2393.8308198540685,2509.2643678702284,1645.2185269004863,-0.0004120990966993932
2009-08-27,2114.6818636771577,2393.412525739325,2508.776785029453,1644.671541793332,-0.0003325248569242664
2009-08-28,2114.774346200459,2393.129405227528,2508.4286600232235,1644.265108379212,-0.00024715186664812954
2009-08-29,2115.008395795053,2392.991764008354,2508.2308219839892,1644.0086306701496,-0.0001559953519300129
2009-08-30,2115.3931920951536,2393.009907771476,2508.1941000442016,1643.9115126781683,-5.9075639173300584e-05
2009-08-31,2115.937914734976,2393.1941422065674,2508.32932333631,1643.9831584152912,4.358152818224487e-05
2009-09-01,2116.651743348735,2393.5547730033036,2508.647320992765,1644.2329718935407,0.00015194468297100413
2009-09-02,2117.543857570646,2394.102105851358,2509.1589221460176,1644.6703571249407,0.00026597633935871595
2009-09-03,2118.6234370349234,2394.846446440405,2509.8749559285175,1645.3047181215136,0.00038563271144950154
2009-09-04,2119.8996613757827,2395.7981004601183,2510.8062514727153,1646.145458895283,0.0005108634473187085
2009-09-05,2121.381710227439,2396.967373600173,2511.9636379110616,1647.2019834582718,0.0006416113803519487
2009-09-06,2123.078763224106,2398.364571550242,2513.3579443760063,1648.4836958225028,0.0007778122998244441
2009-09-07,2125.0,2400.0,2515.0,1650.0,0.0009193947426369624
2009-09-08,2127.1508645235963,2401.880067063139,2516.8964863298374,1651.7563154380257,0.001063867491047482
2009-09-09,2129.5218581004106,2403.995590549419,2519.0374945696904,1653.7421233248008,0.0012015181144170398
2009-09-10,2132.0997463702192,2406.3334906926207,2521.408968338076,1655.9429202837875,0.0013299134233998565
2009-09-11,2134.8712949728006,2408.8806877265215,2523.9968512535115,1658.3442029384466,0.0014490495153588305
2009-09-12,2137.82326954793,2411.624101884901,2526.787086934513,1660.9314679122406,0.0015589337881725938
2009-09-13,2140.942435735386,2414.550653401538,2529.7656189995964,1663.6902118286296,0.0016595840461379264
2009-09-14,2144.215559174943,2417.6472625102115,2532.9183910672796,1666.6059313110754,0.0017510275976159173
2009-09-15,2147.6294055063795,2420.9008494447,2536.231346756079,1669.6641229830395,0.001833300349636788
2009-09-16,2151.1707403694713,2424.2983344387817,2539.6904296845105,1672.8502834679832,0.0019064459042044588
2009-09-17,2154.826329403996,2427.826637726237,2543.2815834710914,1676.1499093893676,0.0019705146605281795
2009-09-18,2158.582938249729,2431.4726795408433,2546.990751734338,1679.548497370654,0.002025562926898874
2009-09-19,2162.4273325464487,2435.2233801163807,2550.8038780927677,1683.0315440353043,0.002071652045426808
2009-09-20,2166.346277933932,2439.065659686628,2554.7069061648967,1686.5845460067796,0.0021088475323518064
2009-09-21,2170.326540051954,2442.9864384853627,2558.6857795692417,1690.192999908541,0.0021372182361579744
2009-09-22,2174.354884540292,2446.972636746365,2562.726441924319,1693.8424023640498,0.0021568355152496734
2009-09-23,2178.418077038724,2451.011174703414,2566.814836848646,1697.518249996768,0.0021677724364895594
2009-09-24,2182.5028831870254,2455.088972590286,2570.9369079607386,1701.2060394301564,0.002170102995478223
2009-09-25,2186.596068624973,2459.1929506407632,2575.078598879114,1704.8912672876763,0.0021639013590413142
2009-09-26,2190.6843989923445,2463.3100290886227,2579.225853222289,1708.559430192789,0.0021492411299976364
2009-09-27,2194.7546399289167,2467.4271281676442,2583.36461460878,1712.1960247689567,0.002126194633930986
2009-09-28,2198.7935570744653,2471.531168111606,2587.4808266571035,1715.78654763964,0.0020948322273362475
2009-09-29,2202.787916068768,2475.6090691542863,2591.5604329857756,1719.3164954283002,0.0020552216262078762
2009-09-30,2206.724482551601,2479.6477515294655,2595.589377213315,1722.7713647583992,0.002007427253820238
2009-10-01,2210.590022162741,2483.6341354709216,2599.5536029582363,1726.1366522533979,0.0019515096061863526
2009-10-02,2214.3713005419654,2487.5551412124323,2603.4390538390567,1729.3978545367572,0.001887524633418071
2009-10-03,2218.055083329051,2491.397688987779,2607.2316734742935,1732.5404682319397,0.001815523134954586
2009-10-04,2221.6281361637734,2495.148699030739,2610.917405482463,1735.5499899624058,0.001735550166391377
2009-10-05,2225.077224685911,2498.7950915750916,2614.4821934820816,1738.4119163516175,0.0016476444554311559
2009-10-06,2228.389114535239,2502.323786854615,2617.911981091667,1741.1117440230355,0.0015518378242255664
2009-10-07,2231.550571351536,2505.7217051030884,2621.1927119297343,1743.6349696001212,0.001448154615190226
2009-10-08,2234.5483607745764,2508.975766554291,2624.3103296148006,1745.967089706336,0.0013366111171304225
2009-10-09,2237.369248444139,2512.0728914420024,2627.250777765384,1748.093600965142,0.0012172149883022726
2009-10-10,2240.0,2515.0,2630.0,1750.0,0.001089964672797318
2009-10-11,2242.433311940191,2517.749609498249,2632.5504644940547,1751.6787129514346,0.0009588047434677169
2009-10-12,2244.6856041957685,2520.3366253514614,2634.9207376505196,1753.149884028227,0.0008395110473957733
2009-10-13,2246.779227556042,2522.7815500105344,2637.135910429253,1754.4405869562206,0.0007359485076302959
2009-10-14,2248.736532810323,2525.1048859263656,2639.2210737901146,1755.5778954612595,0.0006480356445626382
2009-10-15,2250.5798707479207,2527.327135549852,2641.201318692964,1756.5888832691871,0.0005757060524422775
2009-10-16,2252.3315921581475,2529.4688013318905,2643.1017360976616,1757.5006241058481,0.000518905881711743
2009-10-17,2254.0140478303138,2531.5503857233793,2644.9474169640666,1758.3401916970865,0.00047759136501470263
2009-10-18,2255.6495885537306,2533.592391175217,2646.7634522520398,1759.1346597687461,0.00045172637685719156
2009-10-19,2257.2605651177073,2535.615320138299,2648.5749329214386,1759.9111020466707,0.00044128001911726284
2009-10-20,2258.869328311556,2537.6396750635236,2650.4069499321254,1760.6965922567042,0.00044622422676518926
2009-10-21,2260.498228924586,2539.685958401788,2652.2845942439576,1761.5182041246908,0.0004665313902677064
2009-10-22,2262.169617746109,2541.77467260399,2654.2329568167966,1762.4030113764745,0.0005021719932249273
2009-10-23,2263.9058455654363,2543.926320121027,2656.2771286105017,1763.3780877378995,0.0005531122658346014
2009-10-24,2265.7292631718765,2546.1614034037952,2658.4422005849306,1764.4705069348088,0.0006193118567929865
2009-10-25,2267.6622213547425,2548.5004249031945,2660.7532636999467,1765.7073426930476,0.000700721528224216
2009-10-26,2269.7270709033437,2550.9638870701206,2663.2354089154064,1767.1156687384594,0.0007972808801662446
2009-10-27,2271.946162606992,2553.5722923554713,2665.9137271911713,1768.7225587968874,0.0009089161130388261
2009-10-28,2274.341847254996,2556.3461432101435,2668.8133094871,1770.5550865941768,0.001035537838312019
2009-10-29,2276.9364756366695,2559.3059420850363,2671.959246763054,1772.6403258561713,0.0011770389493120446
2009-10-30,2279.75239854132,2562.472191431045,2675.3766299788904,1775.005350308714,0.0013332925657061573
2009-10-31,2282.81196675826,2565.865393699068,2679.0905500944705,1777.6772336776494,0.0015041500666189173
2009-11-01,2286.1375310768,2569.506051340003,2683.1260980696543,1780.6830496888217,0.0016894392286005387
2009-11-02,2289.751442286251,2573.414666804748,2687.5083648643013,1784.049872068075,0.0018889624857016795
2009-11-03,2293.676051175922,2577.611742544198,2692.2624414382694,1787.8047745412528,0.002102495329674153
2009-11-04,2297.9337085351262,2582.117781009253,2697.4134187514205,1791.9748308341989,0.0023297848688248386
2009-11-05,2302.546765153173,2586.9532846508105,2702.9863877636144,1796.5871146727584,0.0025705485641997795
2009-11-06,2307.5375718193723,2592.138755919765,2709.006439434708,1801.6686997827737,0.0028244731616126964
2009-11-07,2312.9284793230368,2597.6946972670175,2715.498664724565,1807.24665989009,0.0030912138374740283
2009-11-08,2318.741838453476,2603.641611143463,2722.488154593042,1813.348068720551,0.003370393575408105
2009-11-09,2325.0,2610.0,2730.0,1820.0,0.003661602789322367
2009-11-10,2331.7184183968056,2616.791566866111,2738.052086670359,1827.2170335496398,0.003957561561518331
2009-11-11,2338.8849626576275,2624.0428170856226,2746.633479389279,1834.9637735721062,0.004230676738878943
2009-11-12,2346.480605441088,2631.7814565809467,2755.726037706981,1843.192330365393,0.004474291078595373
2009-11-13,2354.4863194058075,2640.0351912744945,2765.311621173688,1851.8548142274944,0.004688708637687768
2009-11-14,2362.8830772104047,2648.8317270886782,2775.372089339617,1860.9033354564033,0.004874294946899555
2009-11-15,2371.6518515135017,2658.198769945908,2785.8893017549926,1870.2900043501145,0.005031467330325313
2009-11-16,2380.77361497372,2668.1640257685976,2796.845117970034,1879.966931206622,0.005160685520834547
2009-11-17,2390.229340249679,2678.7552004791573,2808.2213975349628,1889.8862263239187,0.005262442643939702
2009-11-18,2400.0,2690.0,2820.0,1900.0,0.005337256625011119
2009-11-19,2410.0793526359034,2701.913470227833,2832.170973076658,1910.253892910672,0.005382275277452857
2009-11-20,2420.512299579004,2714.4600169565488,2844.757117121617,1920.5676672429963,0.005384640913425161
2009-11-21,2431.356528003517,2727.5913859543366,2857.7894206528513,1930.8546155618465,0.005341908534474602
2009-11-22,2442.6697250836582,2741.259322989387,2871.298872188334,1941.028030432098,0.005255034417257151
2009-11-23,2454.509577993643,2755.415573829888,2885.3164602460374,1951.0012044186246,0.005124933659774187
2009-11-24,2466.9337739076846,2770.0118842440293,2899.873173343935,1960.6874300863005,0.004952462412253458
2009-11-25,2480.0,2785.0,2915.0,1970.0,0.004738401362865042
2009-11-26,2493.6685418308134,2800.2568214147714,2930.6292872294766,1978.8416554303606,0.0044781082541884365
2009-11-27,2507.510078504391,2815.359867000448,2946.298816036708,1987.0729324710728,0.004151016708834976
2009-11-28,2520.9978875110073,2829.8118098179166,2961.4477259233067,1994.54381592159,0.003752692782925647
2009-11-29,2533.605246340941,2843.1153229280635,2975.5151563908876,2001.1042905813663,0.0032838129786579165
2009-11-30,2544.8054324844657,2854.773079391775,2987.940246941063,2006.6043412498543,0.0027447375179562193
2009-12-01,2554.0717234318577,2864.2877522699373,2998.1621370754483,2010.893952726508,0.0021354648056540124
2009-12-02,2560.8773966733934,2871.162014623438,3005.619966295657,2013.823109810781,0.0014555843583199206
2009-12-03,2564.6957296993496,2874.898539513163,3009.752874103303,2015.2417973021275,0.0007042267040540215
2009-12-04,2565.0,2875.0,3010.0,2015.0,-0.0001199914618420432
2009-12-05,2561.463248340764,2871.16385404191,3006.015745990149,2013.0155028113672,-0.000985347423718473
2009-12-06,2554.557568587627,2863.86669918516,2998.3155640892987,2009.477291073258,-0.0017592139163073869
2009-12-07,2544.954817881716,2853.779917873094,2987.6301688157855,2004.642150230215,-0.002409067917476406
2009-12-08,2533.3268533641567,2841.5748925490525,2974.6902746879427,1998.7668657267807,-0.0029351428734919016
2009-12-09,2520.3455321760794,2827.92300565638,2960.2265962241077,1992.1082230074992,-0.003336936761976795
2009-12-10,2506.682711458609,2813.495639638418,2944.9698479426147,1984.923007516913,-0.0036133602638944154
2009-12-11,2493.010248352873,2798.964176938511,2929.6507443618007,1977.4680046995659,-0.003762885384523019
2009-12-12,2480.0,2785.0,2915.0,1970.0,-0.0037836981073607477
2009-12-13,2468.1964590909656,2772.1494557479973,2901.6110011513492,1962.7336262594,-0.003695333933071808
2009-12-14,2457.6346605161475,2760.458749034689,2889.5278212131902,1955.7149059055075,-0.003582401454333005
2009-12-15,2448.2222747157753,2749.849049194031,2878.6572053586656,1948.9477087627083,-0.0034662169749779433
2009-12-16,2439.866972130075,2740.2415255599785,2868.9058987609183,1942.4359046553855,-0.0033467839886432505
2009-12-17,2432.476423199274,2731.557347466486,2860.180646593089,1936.183363407922,-0.0032241095253400308
2009-12-18,2425.9582983636024,2723.7176842475114,2852.3881940283227,1930.193954844703,-0.0030982042678067063
2009-12-19,2420.2202680632845,2716.6437052370065,2845.43528623976,1924.471548790111,-0.0029690826625527423
2009-12-20,2415.170002738551,2710.2565797689304,2839.2286684005444,1919.0200150685312,-0.0028367630248762403
2009-12-21,2410.7151728296276,2704.477477177235,2833.675085683817,1913.843223504346,-0.0027012676371760357
2009-12-22,2406.7634487767423,2699.227566795879,2828.681283262723,1908.9450439219397,-0.0025626228398190625
2009-12-23,2403.222501020124,2694.4280179588154,2824.154006310403,1904.3293461456967,-0.0024208591138782628
2009-12-24,2400.0,2690.0,2820.0,1900.0,-0.0022760111550274016
2009-12-25,2397.0182319440432,2685.8768391925846,2816.1406064592384,1895.9592097231937,-0.0021289964300662137
2009-12-26,2394.257946229711,2682.0404895664983,2812.555555634166,1892.202517209458,-0.001983386146657656
2009-12-27,2391.7145080219075,2678.4850620908674,2809.2391744254164,1888.7237987669346,-0.001840141348133198
2009-12-28,2389.383282485535,2675.2046677348176,2806.1857897336176,1885.5169307037636,-0.0016993451476776486
2009-12-29,2387.2596347854974,2672.1934174674743,2803.3897284594027,1882.5757893280868,-0.001561077283119197
2009-12-30,2385.3389300866984,2669.4454222579634,2800.845317503402,1879.8942509480444,-0.0014254140526662612
2009-12-31,2383.616533554042,2666.954793075411,2798.5468837662474,1877.466191871778,-0.0012924282624448458
2010-01-01,2382.087810352429,2664.7156408889423,2796.4887541485678,1875.2854884074272,-0.0011621891857453589
2010-01-02,2380.7481256467654,2662.7220766676814,2794.665255550996,1873.3460168631336,-0.001034762533805431
2010-01-03,2379.592844601954,2660.9682113807576,2793.0707148741626,1871.6416535470385,-0.0009102104379308285
2010-01-04,2378.617332382896,2659.4481559972933,2791.699459018697,1870.1662747672817,-0.0007885914426826366
2010-01-05,2377.816954154498,2658.156021486416,2790.5458148852326,1868.913756832005,-0.0006699605098263255
2010-01-06,2377.18707508166,2657.0859188172503,2789.604109374398,1867.8779760493483,-0.0005543690327021465
2010-01-07,2376.7230603292896,2656.2319589589238,2788.868669386826,1867.0528087274538,-0.0004418648606199894
2010-01-08,2376.4202750622867,2655.58825288056,2788.3338218231465,1866.432131174461,-0.00033249233287510176
2010-01-09,2376.2740844455543,2655.1489115512845,2787.993893583991,1866.009819698511,-0.00022629232192260078
2010-01-10,2376.2798536439977,2654.908045940224,2787.8432115699898,1865.779750607745,-0.00012330228525643769
2010-01-11,2376.43294782252,2654.859767016505,2787.876102681776,1865.735800210304,-2.355632548999619e-05
2010-01-12,2376.7287321460244,2654.9981857492517,2788.0868938199774,1865.8718448143286,7.291474186258346e-05
2010-01-13,2377.162571779413,2655.31741310759,2788.469911885227,1866.1817607279597,0.0001660833134247167
2010-01-14,2377.7298318875905,2655.8115600606457,2789.0194837781546,1866.6594242593378,0.000255924916337986
2010-01-15,2378.4258776354604,2656.4747375775446,2789.729936399392,1867.2987117166042,0.0003424181205210707
2010-01-16,2379.2460741879245,2657.301056627413,2790.59559664957,1868.0934994078996,0.0004255444453314732
2010-01-17,2380.1857867098875,2658.2846281793745,2791.610791429319,1869.0376636413648,0.0005052882611609323
2010-01-18,2381.240380366253,2659.419563202558,2792.7698476392707,1870.1250807251404,0.0005816366864854927
2010-01-19,2382.4052203219226,2660.699972666086,2794.067092180055,1871.3496269673678,0.0006545794808842601
2010-01-20,2383.675671741802,2662.1199675390862,2795.496851952305,1872.7051786761879,0.0007241089345202695
2010-01-21,2385.047099790793,2663.6736587906835,2797.05345385665,1874.185612159741,0.0007902197545823628
2010-01-22,2386.5148696337997,2665.3551573900045,2798.7312247937207,1875.7848037261683,0.0008529089491466031
2010-01-23,2388.074346435724,2667.1585743061733,2800.5244916641486,1877.49662968361,0.0009121757089143226
2010-01-24,2389.720895361471,2669.078020508316,2802.427581368564,1879.3149663402073,0.0009680212872603826
2010-01-25,2391.4498815759425,2671.1076069655587,2804.4348208075994,1881.2336900041018,0.0010204488789991343
2010-01-26,2393.2566702440427,2673.241444647027,2806.540536881884,1883.2466769834332,0.0010694634982544719
2010-01-27,2395.136626530676,2675.4736445218477,2808.7390564920506,1885.3478035863434,0.0011150718558084367
2010-01-28,2397.0851156007448,2677.7983175591453,2811.024706538729,1887.5309461209729,0.001157282236253294
2010-01-29,2399.0975026191513,2680.209574728044,2813.3918139225493,1889.7899808954617,0.0011961043752775449
2010-01-30,2401.1691527508005,2682.7015269976728,2815.834705544145,1892.1187842179522,0.0012315493373700557
2010-01-31,2403.2954311605945,2685.268285337155,2818.347708304144,1894.5112323965834,0.0012636293942004625
2010-02-01,2405.471703013437,2687.903960715616,2820.9251491031796,1896.9612017394975,0.0012923579039366474
2010-02-02,2407.6933334742325,2690.6026641021826,2823.5613548418814,1899.4625685548353,0.0013177491916845036
2010-02-03,2409.955687707883,2693.358506465981,2826.250652420881,1902.0092091507372,0.001339818431269675
2010-02-04,2412.254130879293,2696.1655987761364,2828.9873687408103,1904.5949998353442,0.001358581528507009
2010-02-05,2414.5840281533638,2699.018052001773,2831.7658307022975,1907.2138169167963,0.001374055006104318
2010-02-06,2416.940744695001,2701.909977112018,2834.5803652059762,1909.859536703236,0.001386255890325945
2010-02-07,2419.3196456691057,2704.835485075997,2837.4252991524754,1912.526035502803,0.001395201599495309
2010-02-08,2421.7160962405837,2707.7886868628357,2840.294959442428,1915.2071896236387,0.0014009098344298127
2010-02-09,2424.125461574338,2710.7636934416587,2843.183672976464,1917.8968753738836,0.0014033984708407984
2010-02-10,2426.5431068352696,2713.7546157815923,2846.0857666552133,1920.5889690616782,0.0014026854537417075
2010-02-11,2428.9643971882842,2716.7555648517637,2848.9955673793093,1923.2773469951644,0.0013987886938721873
2010-02-12,2431.384697798285,2719.760651621297,2851.9074020493813,1925.9558854824827,0.0013917259661259944
2010-02-13,2433.7993738301734,2722.7639870593175,2854.8155975660598,1928.6184608317728,0.001381514809963292
2010-02-14,2436.2037904488548,2725.759682134951,2857.7144808299768,1931.2589493511769,0.0013681724317622654
2010-02-15,2438.593312819231,2728.741847817324,2860.5983787417626,1933.871227348835,0.0013517156090390836
2010-02-16,2440.963306106207,2731.704595075562,2863.4616182020486,1936.4491711328885,0.001332160596477243
2010-02-17,2443.3091354746844,2734.6420348787906,2866.2985261114663,1938.9866570114784,0.0013095230336569968
2010-02-18,2445.626166089569,2737.5482781961355,2869.1034293706457,1941.4775612927451,0.0012838178543897708
2010-02-19,2447.9097631157606,2740.4174359967215,2871.870654880217,1943.9157602848293,0.001255059197529609
2010-02-20,2450.1552917181657,2743.243619249676,2874.5945295408137,1946.2951302958722,0.0012232603191281017
2010-02-21,2452.358117061686,2746.0209389241227,2877.269380253064,1948.6095476340142,0.0011884335057843031
2010-02-22,2454.513604311225,2748.7435059891886,2879.889533917601,1950.852888607397,0.0011505899890312846
2010-02-23,2456.617118631687,2751.4054314139994,2882.449317435054,1953.019029524161,0.0011097398605766462
2010-02-24,2458.664025187975,2754.0008261676803,2884.9430577060552,1955.1018466924465,0.0010658919882216775
2010-02-25,2460.6496891449915,2756.523801219357,2887.3650816312347,1957.0952164203952,0.0010190539322512682
2010-02-26,2462.5694756676403,2758.968467538155,2889.709716111224,1958.9930150161476,0.0009692318620839691
2010-02-27,2464.4187499208247,2761.328936093201,2891.9712880466536,1960.789118787844,0.000916430472964669
2010-02-28,2466.1928770694494,2763.5993178536196,2894.144124338156,1962.4774040436268,0.0008606529024580585
2010-03-01,2467.8872222784153,2765.773723788537,2896.2225518863597,1964.0517470916352,0.0008019006464869205
2010-03-02,2469.497150712627,2767.846264867078,2898.200897591897,1965.5060242400104,0.000740173474674168
2010-03-03,2471.018027536988,2769.8110520583696,2900.0734883553987,1966.8341117968937,0.0006754693446827407
2010-03-04,2472.445217916402,2771.6621963315365,2901.834651077496,1968.029886070426,0.0006077843152853164
2010-03-05,2473.7740870157713,2773.393808655705,2903.4787126588194,1969.0872233687478,0.0005371124578468456
2010-03-06,2475.0,2775.0,2905.0,1970.0,0.0004634457658996038
2010-03-07,2476.1201957398775,2776.4771237753353,2906.395082762273,1970.7643702884648,0.0003879299680099832
2010-03-08,2477.1394079297447,2777.8305031597706,2907.6695016492918,1971.3856006229878,0.00031517336694404793
2010-03-09,2478.064243969827,2779.0677037731566,2908.8310401253148,1971.8712354085583,0.00024631151772217636
2010-03-10,2478.9013112603507,2780.1962912353392,2909.8874816545986,1972.2288190501629,0.0001813258475429222
2010-03-11,2479.6572172015417,2781.2238311661677,2910.846609701401,1972.4658959527897,0.00012020038053154129
2010-03-12,2480.338569193628,2782.1578891854906,2911.7162077299804,1972.5900105214266,6.292157658605572e-05
2010-03-13,2480.9519746368337,2783.006030913156,2912.5040592045934,1972.6087071610611,9.478173837378325e-06
2010-03-14,2481.5040409313865,2783.7758219690127,2913.2179475894986,1972.529530276681,-4.0138965798131e-05
2010-03-15,2482.0013754775123,2784.474827972907,2913.8656563489526,1972.3600242732728,-8.593700846054954e-05
2010-03-16,2482.4505856754377,2785.1106145446893,2914.4549689472146,1972.1077335558264,-0.00012792129802037758
2010-03-17,2482.8582789253887,2785.690747304207,2914.993668848541,1971.780202529328,-0.00016609550400981427
2010-03-18,2483.231062627592,2786.222791871309,2915.4895395171893,1971.3849755987655,-0.00020046176816452822
2010-03-19,2483.575544182273,2786.7143138658425,2915.9503644174174,1970.929597169127,-0.00023102084993898458
2010-03-20,2483.8983309896594,2787.172878907657,2916.3839270134836,1970.4216116454002,-0.0002577722712979862
2010-03-21,2484.206030449976,2787.6060526166,2916.798010769645,1969.8685634325723,-0.00028071446106057486
2010-03-22,2484.5052499634517,2788.02140061252,2917.2003991501597,1969.2779969356313,-0.0002998448990486315
2010-03-23,2484.80259693031,2788.4264885152666,2917.598875619285,1968.6574565595652,-0.0003151602602585395
2010-03-24,2485.1046787507776,2788.8288819446852,2918.001223641277,1968.014486709361,-0.0003266565592394632
2010-03-25,2485.4181028250823,2789.2361465206263,2918.4152266803976,1967.3566317900077,-0.0003343292948350433
2010-03-26,2485.7494765534493,2789.6558478629377,2918.8486682009,1966.6914362064913,-0.0003381735954205144
2010-03-27,2486.1054073361056,2790.0955515914675,2919.309331667044,1966.0264443638005,-0.0003381843647184373
2010-03-28,2486.492502573277,2790.5628233260645,2919.8050005430873,1965.3692006669232,-0.00033435642827303906
2010-03-29,2486.9173696651897,2791.0652286865766,2920.343458293286,1964.7272495208465,-0.0003266846806038596
2010-03-30,2487.386616012071,2791.6103332928515,2920.9324883819,1964.1081353305585,-0.000315164233044627
2010-03-31,2487.9068490141462,2792.2057027647393,2921.5798742731854,1963.519402501047,-0.00029979056224151856
2010-04-01,2488.4846760716423,2792.858902722086,2922.2933994314003,1962.968595437299,-0.000280559659242655
2010-04-02,2489.126704584785,2793.5774987847417,2923.080847320802,1962.4632585443035,-0.00025746817908681396
2010-04-03,2489.839541953801,2794.369056572553,2923.950001405649,1962.0109362270468,-0.00023051359076951743
2010-04-04,2490.6297955789164,2795.2411417053695,2924.9086451501985,1961.6191728905178,-0.00019969432741407867
2010-04-05,2491.504072860358,2796.2013198030395,2925.9645620187075,1961.2955129397028,-0.0001650099364731981
2010-04-06,2492.4689811983517,2797.257156485411,2927.125535475435,1961.047500779591,-0.00012646122971645289
2010-04-07,2493.5311279931243,2798.4162173723325,2928.399348984637,1960.8826808151696,-8.405043276490857e-05
2010-04-08,2494.697120644901,2799.6860680836517,2929.7937860105726,1960.808597451426,-3.778133386629392e-05
2010-04-09,2495.9735665539097,2801.0742742392176,2931.316630017499,1960.832795093348,1.2340568400011615e-05
2010-04-10,2497.3670731203747,2802.5884014588773,2932.9756644696727,1960.9628181459232,6.63079188440166e-05
2010-04-11,2498.884247744525,2804.236015362481,2934.7786728313536,1961.20621101414,0.00012411136119824668
2010-04-12,2500.5316978265846,2806.0246815698756,2936.7334385667978,1961.5705181029857,0.0001857393958666144
2010-04-13,2502.3160307667813,2807.9619657009093,2938.847745140263,1962.0632838174477,0.0002511782403401369
2010-04-14,2504.2438539653394,2810.0554333754308,2941.129376016007,1962.6920525625133,0.00032041169273244177
2010-04-15,2506.321774822488,2812.3126502132886,2943.5861146582884,1963.4643687431715,0.0003934209989335704
2010-04-16,2508.556400738451,2814.7411818343307,2946.225744531363,1964.387776764409,0.0004701847238855249
2010-04-17,2510.954339113456,2817.3485938584054,2949.05604909949,1965.469821031214,0.0005506786275185685
2010-04-18,2513.52219734773,2820.1424519053617,2952.084811826927,1966.718045948574,0.0006348755458854437
2010-04-19,2516.266582841498,2823.1303215950475,2955.319816177931,1968.139995921477,0.0007227452780608912
2010-04-20,2519.1941029949867,2826.3197685473096,2958.768845616759,1969.7432153549107,0.0008142544793719983
2010-04-21,2522.311365208422,2829.7183583819983,2962.4396836076703,1971.5352486538623,0.0009093665615404711
2010-04-22,2525.624976882031,2833.3336567189617,2966.340113614922,1973.5236402233197,0.001008041600310969
2010-04-23,2529.1415454160397,2837.1732291780468,2970.47791910277,1975.7159344682707,0.0011102362511454626
2010-04-24,2532.8676782106745,2841.244641379103,2974.8608835354753,1978.119675793703,0.0012159036735562188
2010-04-25,2536.8099826661614,2845.5554589419776,2979.496790377292,1980.7424086046044,0.0013249934646345906
2010-04-26,2540.975066182727,2850.11324748652,2984.3934230924806,1983.5916773059625,0.0014374516023244117
2010-04-27,2545.369536160598,2854.925572632578,2989.558565145297,1986.6750263027652,0.001553220398962174
2010-04-28,2550.0,2860.0,2995.0,1990.0,0.0016722384655859504
2010-04-29,2554.866577253215,2865.337256759957,3000.7179451819875,1993.5674980827123,0.001791107613042859
2010-04-30,2559.9434360807422,2870.910716288914,3006.6823544612234,1997.3518413561771,0.001896477521009543
2010-05-01,2565.198256795138,2876.6869135146567,3012.8556156688114,2001.3207059057268,0.0019850917052822645
2010-05-02,2570.598719708958,2882.632383364974,3019.2001166358564,2005.4417678166947,0.0020570539886876605
2010-05-03,2576.1125051347562,2888.7136607676503,3025.6782451934614,2009.6827031744128,0.002112480928291442
2010-05-04,2581.7072933850905,2894.8972806504758,3032.2523891727333,2014.0111880642148,0.0021514989343106544
2010-05-05,2587.3507647725137,2901.149777941235,3038.884936404774,2018.3948985714323,0.0021742414528545073
2010-05-06,2593.0105996095813,2907.4376875677153,3045.538274720689,2022.8015107813987,0.0021808462198412712
2010-05-07,2598.654478208851,2913.7275444577062,3052.1747919515833,2027.1987007794462,0.0021714525906938627
2010-05-08,2604.2500808828754,2919.985883538992,3058.7568759285587,2031.5541446509076,0.0021461989478819095
2010-05-09,2609.7650879442112,2926.1792397393606,3065.246914482723,2035.8355184811155,0.002105220185935196
2010-05-10,2615.1671797054146,2932.2741479866,3071.607295445178,2040.0104983554031,0.002048645271299556
2010-05-11,2620.4240364790394,2938.2371432084965,3077.8004066470285,2044.0467603591026,0.0019765948722693383
2010-05-12,2625.503338577642,2944.034760332838,3083.78863591938,2047.9119805775465,0.0018891790522497249
2010-05-13,2630.372766313777,2949.6335342874095,3089.5343710933357,2051.5738350960687,0.0017864950177128103
2010-05-14,2635.0,2955.0,3095.0,2055.0,0.0016686249104344852
2010-05-15,2639.3630874129185,2960.110975744344,3100.1599542553627,2058.168381424438,0.0015406041072452306
2010-05-16,2643.481546185346,2964.984413177967,3105.0368406149514,2061.097805703535,0.001422304187134521
2010-05-17,2647.385261414149,2969.648547304344,3109.6653096191812,2063.8173292212073,0.0013185841757929356
2010-05-18,2651.104118196194,2974.131613126947,3114.080011808464,2066.35600836137,0.0012293331307812125
2010-05-19,2654.668001628346,2978.461845649251,3118.315597723213,2068.742899507941,0.0011544543261712123
2010-05-20,2658.106796807472,2982.66747987473,3122.406717903843,2071.0070590448345,0.0010938630522736067
2010-05-21,2661.450388830436,2986.7767508068555,3126.3880228907656,2073.1775433559674,0.0010474844717748902
2010-05-22,2664.7286627941053,2990.8178934491034,3130.294163224395,2075.2834088252557,0.0010152515231286372
2010-05-23,2667.971503795347,2994.8191428049486,3134.1597894451456,2077.3537118366166,0.0009971028639063127
2010-05-24,2671.208796931025,2998.8087338778623,3138.01955209343,2079.417508773965,0.0009929808485453883
2010-05-25,2674.470427298006,3002.814901671319,3141.9081017096605,2081.5038560212165,0.0010028295366267433
2010-05-26,2677.7862799931563,3006.8658811887935,3145.8600888342517,2083.641809962289,0.001026592729419954
2010-05-27,2681.1862401133417,3010.989907433758,3149.910164007617,2085.8604269810967,0.001064212034012591
2010-05-28,2684.7001927554284,3015.215215409688,3154.0929777701695,2088.1887634615578,0.0011156249558741187
2010-05-29,2688.3580230162815,3019.5700401200556,3158.443180662322,2090.655875787587,0.0011807630221494971
2010-05-30,2692.189615992768,3024.0826165683357,3162.995423224489,2093.2908203431,0.001259549939440813
2010-05-31,2696.2248567817524,3028.7811797580016,3167.7843559970834,2096.1226535120145,0.001351899791167931
2010-06-01,2700.4936304801026,3033.6939646925275,3172.8446295205176,2099.1804316782454,0.0014577152809243472
2010-06-02,2705.0258221846825,3038.849206375386,3178.2108943352064,2102.493211225709,0.0015768860294576568
2010-06-03,2709.8513169923604,3044.2751398100527,3183.9178009815632,2106.0900485383218,0.0017092869340277171
2010-06-04,2715.0,3050.0,3190.0,2110.0,0.0018547765999213392
2010-06-05,2720.485139025861,3056.035529605542,3196.4727582670157,2114.2371889495057,0.0020061327908676447
2010-06-06,2726.253532773771,3062.3275019143553,3203.273808003448,2118.756006544994,0.0021350468112517245
2010-06-07,2732.23536266895,3068.805197870954,3210.3214977662165,2123.4959108994613,0.0022346180373571545
2010-06-08,2738.360810136617,3075.397898419853,3217.5341761122413,2128.3963601259093,0.002305068465471252
2010-06-09,2744.5600566019943,3082.034884505569,3224.830191598447,2133.396812337337,0.0023466434450257483
2010-06-10,2750.7632834903006,3088.645437072618,3232.127892781752,2138.4367256467444,0.002359603014957491
2010-06-11,2756.9006722267563,3095.1588370655136,3239.345628219079,2143.455558167131,0.0023442134860356748
2010-06-12,2762.902404236581,3101.5043654287724,3246.4017464673484,2148.3927680114953,0.0023007392838814288
2010-06-13,2768.6986609449955,3107.6113031069094,3253.214596083482,2153.187813292839,0.0022294350538422966
2010-06-14,2774.2196237772196,3113.4089310444406,3259.7025256244,2157.7801521241604,0.002130538016188903
2010-06-15,2779.3954741584744,3118.8265301858814,3265.7838836470246,2162.1092426184587,0.002004260548314856
2010-06-16,2784.156393513979,3123.7933814757475,3271.3770187082782,2166.1145428887357,0.0018507829595137448
2010-06-17,2788.432563268953,3128.2387658585526,3276.400279365079,2169.7355110479884,0.0016702464135061185
2010-06-18,2792.154164848618,3132.0919642788144,3280.7720141743507,2172.911605209218,0.0014627459438940563
2010-06-19,2795.251379678193,3135.282257681047,3284.4105716930135,2175.582283485424,0.0012283234979070048
2010-06-20,2797.6543891828987,3137.7389270097665,3287.2343004779887,2177.687003989605,0.0009669609340417994
2010-06-21,2799.2933747879542,3139.391253209488,3289.161549086196,2179.1652248347614,0.0006785728889765202
2010-06-22,2800.0985179185823,3140.168517224728,3290.1106660745604,2179.9564041338936,0.000362999418305735
2010-06-23,2800.0,3140.0,3290.0,2180.0,1.999830368323416e-05
2010-06-24,2798.952954450938,3138.8406482822434,3288.7770360732616,2179.25629371401,-0.0003412078772600382
2010-06-25,2797.0123226641567,3136.7480720280832,3286.5058061203863,2177.768859228564,-0.0006827752840610644
2010-06-26,2794.2579980259266,3133.8055469965675,3283.279478621241,2175.6020936642326,-0.000995442734698956
2010-06-27,2790.769873922519,3130.0963489467454,3279.1912220556924,2172.820394141587,-0.0012794064559683393
2010-06-28,2786.6278437402034,3125.703753637664,3274.334204903606,2169.4881577811966,-0.0015347767090460624
2010-06-29,2781.911800865251,3120.711036828371,3268.8015956448494,2165.669781703631,-0.0017615861374807187
2010-06-30,2776.70163868393,3115.201474277917,3262.6865627592865,2161.4296630294625,-0.001959797820894898
2010-07-01,2771.077250582513,3109.2583417453466,3256.0822747267866,2156.832198879259,-0.0021293131515820445
2010-07-02,2765.118529947269,3102.96491498971,3249.0819000272136,2151.9417863735925,-0.0022699796379900637
2010-07-03,2758.9053701644702,3096.404469770056,3241.7786071404366,2146.822822633033,-0.0023815987269473794
2010-07-04,2752.5176646203845,3089.660281845431,3234.2655645463187,2141.53970477815,-0.0024639337247805916
2010-07-05,2746.0353067012825,3082.8156269748843,3226.635940724728,2136.1568299295136,-0.002516717885975879
2010-07-06,2739.5381897934353,3075.953780917462,3218.98290415553,2130.738595207695,-0.0025396627262755165
2010-07-07,2733.1062072831137,3069.158019432216,3211.3996233185926,2125.3493977332646,-0.0025324666048350064
2010-07-08,2726.819252556587,3062.511618278191,3203.979266693781,2120.0536346267913,-0.0024948236070433502
2010-07-09,2720.757219000126,3056.0978532144363,3196.8150027609618,2114.915703008847,-0.0024264327456230738
2010-07-10,2715.0,3050.0,3190.0,2110.0,-0.00232700748255972
2010-07-11,2709.612880690917,3044.2861712322124,3183.610482357188,2105.3594659025484,-0.0022017272830989654
2010-07-12,2704.6027132013237,3038.9638268615277,3177.6548956445117,2101.001213745688,-0.0020722206431372705
2010-07-13,2699.9617414081054,3034.0252636766863,3172.124741140382,2096.9208997403443,-0.0019439690303921816
2010-07-14,2695.682209188145,3029.462778466422,3167.011520123208,2093.1141800974397,-0.001817035236093005
2010-07-15,2691.7563604183274,3025.268668019476,3162.3067338714022,2089.576711027898,-0.0016914804392885578
2010-07-16,2688.176438975538,3021.4352291245837,3158.001883663375,2086.3041487426435,-0.0015673641394982727
2010-07-17,2684.9346887366587,3017.954758570482,3154.0884707775363,2083.2921494525986,-0.0014447440944137238
2010-07-18,2682.023353578575,3014.8195531459105,3150.5579964922968,2080.5363693686872,-0.0013236762627595851
2010-07-19,2679.4346773781713,3012.021909639606,3147.4019620860677,2078.0324647018338,-0.001204214752403477
2010-07-20,2677.1609040123317,3009.554124840305,3144.611868837259,2075.7760916629613,-0.0010864117737666452
2010-07-21,2675.1942773579394,3007.4084955367466,3142.179218024283,2073.762906462994,-0.000970317598571897
2010-07-22,2673.5270412918785,3005.5773185176663,3140.095510925547,2071.988565312854,-0.0008559805239452905
2010-07-23,2672.151439691036,3004.052890571804,3138.352248819465,2070.448724423466,-0.0007434468418519928
2010-07-24,2671.059716432292,3002.827508487894,3136.9409329844457,2069.139040005753,-0.0006327608138496999
2010-07-25,2670.244115392534,3001.893469054678,3135.853064698901,2068.0551682706396,-0.0005239646510875842
2010-07-26,2669.696880448644,3001.24306906089,3135.08014524124,2067.1927654290484,-0.00041709849949547593
2010-07-27,2669.4102554775072,3000.8686052952694,3134.6136758898756,2066.547487691903,-0.00031220043005831323
2010-07-28,2669.3764843560075,3000.7623745465526,3134.445157923215,2066.1149912701276,-0.0002093064340753727
2010-07-29,2669.587810961029,3000.916673603478,3134.566092619673,2065.890932374645,-0.00010845042327740645
2010-07-30,2670.036479169457,3001.3237992547834,3134.967981257658,2065.8709672163795,-9.664234653903587e-06
2010-07-31,2670.7147328581736,3001.9760482892043,3135.64232511558,2066.0507520062547,8.70223601537695e-05
2010-08-01,2671.6148159040654,3002.8657174954815,3136.5806254718514,2066.4259429551944,0.00018158164106680475
2010-08-02,2672.728972184014,3003.985103662349,3137.774383604881,2066.9921962741205,0.00027398792156741006
2010-08-03,2674.049445574905,3005.3265035785466,3139.215100793081,2067.7451681739585,0.00036421752667338135
2010-08-04,2675.5684799536234,3006.882214032812,3140.894278314862,2068.6805148656317,0.0004522487670698901
2010-08-05,2677.278319197052,3008.6445318138803,3142.803417448633,2069.7938925600624,0.0005380619096226545
2010-08-06,2679.1712071820757,3010.605753710492,3144.934019472807,2071.080957468176,0.0006216391444683655
2010-08-07,2681.239387785578,3012.7581765113828,3147.2775856657922,2072.537365800895,0.0007029645488893703
2010-08-08,2683.4751048844437,3015.0940970052907,3149.825617306001,2074.1587737691425,0.0007820240482092752
2010-08-09,2685.870602355556,3017.6058119809527,3152.569615671843,2075.940837583843,0.0008588053739023667
2010-08-10,2688.418124075801,3020.2856182271075,3155.5010820417297,2077.87921345592,0.000933298019153652
2010-08-11,2691.1099139220614,3023.125812532492,3158.611517694072,2079.969557596297,0.0010054931920779166
2010-08-12,2693.9382157712216,3026.1186916858433,3161.89242390728,2082.207526215898,0.0010753837668175258
2010-08-13,2696.8952735001662,3029.2565524758993,3165.3353019597635,2084.588775525645,0.00114296423272921
2010-08-14,2699.973330985778,3032.531691691397,3168.9316531299337,2087.1089617364632,0.0012082306418765786
2010-08-15,2703.164632104943,3035.9364061210754,3172.672978696202,2089.7637410592756,0.001271180555023248
2010-08-16,2706.461420734545,3039.4629925536706,3176.5507799369784,2092.548769705006,0.0013318129863413505
2010-08-17,2709.8559407514667,3043.1037477779205,3180.556558130674,2095.459703884578,0.0013901283470175163
2010-08-18,2713.340436032595,3046.850968582563,3184.681814555699,2098.4921998089153,0.0014461283879539284
2010-08-19,2716.907150454811,3050.696951756335,3188.918050490464,2101.641913688941,0.0014998161417416366
2010-08-20,2720.5483278950005,3054.633994087974,3193.25676721338,2104.9045017355784,0.0015511958640846803
2010-08-21,2724.2562122300483,3058.654392366218,3197.689466002857,2108.2756201597517,0.0016002729748349964
2010-08-22,2728.0230473368374,3062.7504433798044,3202.2076481373065,2111.750925172385,0.001647053998806822
2010-08-23,2731.8410770922524,3066.914443917471,3206.802814895139,2115.326072984401,0.001691546506509252
2010-08-24,2735.7025453731767,3071.1386907679534,3211.4664675547638,2118.996719806723,0.0017337590549514857
2010-08-25,2739.599696056496,3075.4154807199925,3216.1901073945937,2122.758521850276,0.0017737011286428702
2010-08-26,2743.524773019094,3079.7371105623233,3220.9652356930383,2126.6071353259827,0.0018113830809157775
2010-08-27,2747.4700201378546,3084.0958770836846,3225.7833537285087,2130.5382164447665,0.0018468160756924712
2010-08-28,2751.4276812896615,3088.4840770728124,3230.6359627794136,2134.547421417551,0.0018800120297953775
2010-08-29,2755.3900003513995,3092.8940073184463,3235.514564124166,2138.6304064552605,0.0019109835558995326
2010-08-30,2759.349221199953,3097.3179646093217,3240.4106590411757,2142.7828277688177,0.00193974390622135
2010-08-31,2763.2975877122044,3101.7482457341775,3245.3157488088527,2147.0003415691467,0.0019663069170228185
2010-09-01,2767.227343765041,3106.1771474817506,3250.2213347056095,2151.278604067171,0.001990686953997894
2010-09-02,2771.1307332353445,3110.5969666407796,3255.1189180098545,2155.613271473814,0.002012898858616104
2010-09-03,2775.0,3115.0,3260.0,2160.0,0.0020329578954696686
2010-09-04,2778.82859553019,3119.379240796485,3264.8563295111817,2164.431899973107,0.002049703464991022
2010-09-05,2782.614801674286,3123.7304680606353,3269.680645605437,2168.8918981863285,0.0020584659701504164
2010-09-06,2786.358107874961,3128.0501572711905,3274.4659349015305,2173.360375549318,0.0020581387992427993
2010-09-07,2790.058003574885,3132.3347839068847,3279.2051840182244,2177.817712971724,0.002048796390719538
2010-09-08,2793.7139782167296,3136.5808234464557,3283.891379574284,2182.2442913631976,0.0020305123679266856
2010-09-09,2797.3255212431654,3140.7847513686393,3288.5175081884704,2186.620491633387,0.002003358744751229
2010-09-10,2800.892122096864,3144.9430431521737,3293.07655647955,2190.926694691945,0.0019674051537380698
2010-09-11,2804.4132702204956,3149.0521742757937,3297.561511066284,2195.143281448521,0.0019227180954790978
2010-09-12,2807.8884550567327,3153.108620218238,3301.9653585674378,2199.2506328127647,0.0018693602077917884
2010-09-13,2811.317166048246,3157.108856458241,3306.2810856017745,2203.2291296943267,0.001807389552804443
2010-09-14,2814.698892637705,3161.04935847454,3310.501678788056,2207.059153002857,0.0017368589198060488
2010-09-15,2818.033124267783,3164.926601745873,3314.620124745049,2210.721083648007,0.0016578151413958497
2010-09-16,2821.319350381149,3168.737061750974,3318.629410091513,2214.195302539425,0.001570298420176908
2010-09-17,2824.557060420476,3172.477213968583,3322.5225214462153,2217.4621905867625,0.001474341662987047
2010-09-18,2827.7457438284337,3176.143533877434,3326.2924454279173,2220.50212869967,0.001369969819336847
2010-09-19,2830.884890047694,3179.7324969562646,3329.932168655383,2223.295497787797,0.0012571992205039457
2010-09-20,2833.9739885209274,3183.2405786838112,3333.434677747376,2225.8226787607937,0.0011360369154100967
2010-09-21,2837.012528690806,3186.6642545388113,3336.7929593226613,2228.064052528312,0.0010064799991351054
2010-09-22,2840.0,3190.0,3340.0,2230.0,0.0008685149296063546
2010-09-23,2842.949387005932,3193.260559383454,3343.069541706421,2231.638525482674,0.0007344949829434126
2010-09-24,2845.9276547250306,3196.5237523546075,3346.0983476020137,2233.098126871811,0.0006538354016314521
2010-09-25,2849.0152632884783,3199.883667416237,3349.2039361551306,2234.5249254600544,0.0006387282991597561
2010-09-26,2852.2926728274556,3203.4343930711148,3352.503825834125,2236.065042540046,0.0006889995065270794
2010-09-27,2855.840343473142,3207.2700178220157,3356.115535107349,2237.8645994044277,0.0008044636842568674
2010-09-28,2859.7387353567183,3211.484630171714,3360.1565824431555,2240.0697173458425,0.0009848818511749245
2010-09-29,2864.0683086093663,3216.172318622983,3364.744486309898,2242.826517656933,0.0012299194601397714
2010-09-30,2868.9095233622656,3221.4271716785984,3369.9967651759293,2246.2811216303407,0.0015391052890449584
2010-10-01,2874.3428397465987,3227.3432778413335,3376.030937509602,2250.579650558709,0.0019117915609902058
2010-10-02,2880.4487178935447,3234.014725613962,3382.9645217792695,2255.86822573468,0.002347115843353007
2010-10-03,2887.3076179342843,3241.5356034992597,3390.915036453285,2262.2929684508963,0.002843965396734855
2010-10-04,2895.0,3250.0,3400.0,2270.0,0.0034009447453276793
2010-10-05,2903.536082259514,3259.4238607442967,3410.2444933100373,2279.032371790783,0.003971123053199698
2010-10-06,2912.645115032228,3269.5105598616287,3421.303846963092,2289.0208556966363,0.004373197652239187
2010-10-07,2921.9861066751846,3279.885328606812,3432.740953961128,2299.493153707097,0.004564578498332421
2010-10-08,2931.218065545427,3290.1733982346627,3444.1187073061087,2309.976967811705,0.004548823142628658
2010-10-09,2940.0,3300.0,3455.0,2320.0,0.00432963183850709
2010-10-10,2948.053651795042,3309.058886933241,3465.027317027079,2329.175071472119,0.003946972631613856
2010-10-11,2955.3516962830813,3317.31789916722,3474.1615113008943,2337.4554802705993,0.003548777815957072
2010-10-12,2961.9295422157425,3324.813398610368,3482.4430277173083,2344.8796436485736,0.0031711397851792314
2010-10-13,2967.822598344648,3331.58174717112,3489.9123111721856,2351.485978859178,0.0028133838372555496
2010-10-14,2973.066273421424,3337.659306757909,3496.6098065613874,2357.312903155545,0.0024749102336350443
2010-10-15,2977.695976197693,3343.082439279169,3502.5759587807784,2362.3988337908104,0.002155187811179653
2010-10-16,2981.74711542508,3347.8875066433343,3507.851212726222,2366.7821880181086,0.0018537482334993892
2010-10-17,2985.255099855209,3352.1108707588373,3512.4760132935803,2370.5013830905746,0.0015701807927555164
2010-10-18,2988.2553382397036,3355.788893534114,3516.490805378718,2373.5948362613417,0.0013041276846708783
2010-10-19,2990.783239330189,3358.9579368775953,3519.936033877497,2376.100964783546,0.0010552796893748722
2010-10-20,2992.8742118782875,3361.6543626977164,3522.8521436857814,2378.05818591032,0.0008233721990824965
2010-10-21,2994.5636646356247,3363.9145329029107,3525.2795796994337,2379.5049168948,0.0006081815407641753
2010-10-22,2995.887006353824,3365.7748094016124,3527.258786814318,2380.479574990119,0.00040952154806490784
2010-10-23,2996.87964578451,3367.271554102255,3528.830209926297,2381.0205774494125,0.00022724034203565127
2010-10-24,2997.576991679306,3368.4411289132704,3530.0342939312336,2381.166341525815,6.12172848013491e-05
2010-10-25,2998.014452789837,3369.319895743096,3530.9114837249913,2380.955284472461,-8.86399256751854e-05
2010-10-26,2998.2274378677257,3369.9442165001606,3531.502224203433,2380.4258235424836,-0.0002223980480236456
2010-10-27,2998.251355664599,3370.350453092904,3531.8469602624245,2379.6163759890205,-0.00034010100219073586
2010-10-28,2998.121614932078,3370.574967429755,3531.986136797825,2378.565359065203,-0.0004417725086739087
2010-10-29,2997.8736244217885,3370.654121419149,3531.9601987055007,2377.311190024167,-0.0005274186817776438
2010-10-30,2997.542792885353,3370.6242769695186,3531.809590881313,2375.8922861190467,-0.000597030593951509
2010-10-31,2997.1645290743973,3370.5217959892993,3531.574758221126,2374.3470646029764,-0.0006505868258357697
2010-11-01,2996.7742417405457,3370.383040386924,3531.2961456208036,2372.713942729092,-0.0006880560143597761
2010-11-02,2996.40733963542,3370.244372070826,3531.014197976208,2371.0313377505263,-0.0007093994089664684
2010-11-03,2996.0992315106464,3370.14215294944,3530.769360183202,2369.337666920415,-0.000714573443759445
2010-11-04,2995.8853261178488,3370.1127449311984,3530.602077137651,2367.6713474918915,-0.0007035323311327005
2010-11-05,2995.8010322086498,3370.1925099245354,3530.552793735416,2366.0707967180906,-0.0006762306800978744
2010-11-06,2995.881758534675,3370.4178098378857,3530.661954872361,2364.5744318521474,-0.0006326261402194703
2010-11-07,2996.162913847548,3370.8250065796815,3530.9700054443497,2363.2206701471964,-0.0005726820696511818
2010-11-08,2996.6799068988935,3371.4504620583575,3531.5173903472446,2362.047928856372,-0.0004963702233351688
2010-11-09,2997.4681464403343,3372.3305381823466,3532.3445544769093,2361.0946252328076,-0.00040367345494754254
2010-11-10,2998.5630412234955,3373.5015968600833,3533.4919427292066,2360.399176529639,-0.0002945884236630036
2010-11-11,3000.0,3375.0,3535.0,2360.0,-0.00016912829430844122
2010-11-12,3001.8036480319283,3376.8513676321822,3536.8973110244797,2359.9257522380676,-3.146141097808964e-05
2010-11-13,3003.9554766231727,3379.0383522733073,3539.165019895133,2360.1660472021795,0.00010181791987516
2010-11-14,3006.4261935880795,3381.532864561703,3541.772410543775,2360.7007381917165,0.00022652238079578748
2010-11-15,3009.186506740999,3384.306815135701,3544.688766902223,2361.5096785060605,0.00034261087536325733
2010-11-16,3012.2071238962776,3387.332114633627,3547.88337290229,2362.572721444591,0.00045005267329147985
2010-11-17,3015.458752868263,3390.580673693811,3551.325512475791,2363.869720306689,0.0005488266960354148
2010-11-18,3018.9121014713037,3394.024402954582,3554.984469554543,2365.380528391735,0.0006389207832074691
2010-11-19,3022.5378775197473,3397.6352130542673,3558.8295280703583,2367.0849989991098,0.0007203309442870944
2010-11-20,3026.306788827941,3401.3850146311975,3562.8299719550546,2368.9629854281934,0.0007930605997608726
2010-11-21,3030.1895432102333,3405.245718323699,3566.9550851404438,2370.994340978367,0.0008571198154965312
2010-11-22,3034.1568484809723,3409.1892347701023,3571.174151558345,2373.1589189490114,0.0009125245337801054
2010-11-23,3038.1794124545045,3413.1874746087356,3575.456455140571,2375.436572639507,0.000959295804074166
2010-11-24,3042.2279429451783,3417.212348477926,3579.771279818935,2377.8071553492337,0.0009974590161718098
2010-11-25,3046.2731477673415,3421.235767016005,3584.087909525256,2380.2505203775727,0.001027043138034825
2010-11-26,3050.2857347353424,3425.229640861299,3588.375628191346,2382.746521023905,0.0010480799602093503
2010-11-27,3054.236411663527,3429.1658806521364,3592.6037197490205,2385.2750105876103,0.0010606033483540923
2010-11-28,3058.0958863662454,3433.0163970268477,3596.7414681300966,2387.81584236807,0.0010646485050182387
2010-11-29,3061.834866657844,3436.7531006237605,3600.7581572663867,2390.3488696646646,0.0010602512414457828
2010-11-30,3065.4240603526714,3440.3479020812038,3604.623071089707,2392.8539457767743,0.0010474472598396504
2010-12-01,3068.834175265075,3443.7727120375052,3608.3054935318733,2395.3109240037797,0.0010262714461482143
2010-12-02,3072.035919209402,3446.999441130994,3611.774708524699,2397.699657645061,0.000996757173121713
2010-12-03,3075.0,3450.0,3615.0,2400.0,0.0009589356130486745
2010-12-04,3077.7030900765067,3452.751943601163,3617.95682060072,2402.1952410004133,0.0009142656819047818
2010-12-05,3080.145720379709,3455.2554041643702,3620.64529781432,2404.2824171078637,0.000868484735436088
2010-12-06,3082.3343864756866,3457.516158237826,3623.0717278393877,2406.2620014163517,0.0008230188718791068
2010-12-07,3084.2755839305146,3459.5399823697294,3625.2424068745104,2408.134467019875,0.000777861030022664
2010-12-08,3085.975808310271,3461.332653108282,3627.163631118279,2409.900287012436,0.0007330042898286475
2010-12-09,3087.4415551810357,3462.899947001685,3628.841696769283,2411.5599344880316,0.0006884418681893479
2010-12-10,3088.679320108882,3464.2476405981415,3630.2829000261086,2413.113882540664,0.0006441671148345586
2010-12-11,3089.695598659889,3465.381510445848,3631.493537087346,2414.5626042643307,0.0006001735083588017
2010-12-12,3090.4968864001344,3466.30733309301,3632.4799041515835,2415.9065727530333,0.0005564546523869726
2010-12-13,3091.0896788956957,3467.030885087827,3633.2482974174104,2417.14626110077,0.0005130042718512
2010-12-14,3091.48047171265,3467.5579429785003,3633.8050130834145,2418.2821424015415,0.0004698162093940964
2010-12-15,3091.6757604170734,3467.8942833132305,3634.1563473481856,2419.3146897493457,0.0004268844218774024
2010-12-16,3091.6820405750436,3468.045682640218,3634.3085964103107,2420.2443762381836,0.0003842029770058647
2010-12-17,3091.505807752639,3468.0179175076673,3634.268056468381,2421.071674962055,0.0003417660500471171
2010-12-18,3091.1535575159382,3467.8167644637765,3634.041023720984,2421.79705901496,0.00029956792065828646
2010-12-19,3090.6317854310155,3467.448000056748,3633.633794366708,2422.4210014908963,0.0002576029698058542
2010-12-20,3089.94698706395,3466.9174008347823,3633.0526646041426,2422.943975483866,0.0002158656767799473
2010-12-21,3089.105657980817,3466.2307433460787,3632.3039306318747,2423.366454087866,0.00017435061629246445
2010-12-22,3088.114293747697,3465.3938041388433,3631.3938886484957,2423.6889103968983,0.00013305245567064126
2010-12-23,3086.9793899306655,3464.4123597612734,3630.3288348525934,2423.9118175049616,9.196595212035781e-05
2010-12-24,3085.7074420957993,3463.2921867615705,3629.1150654427556,2424.0356485060556,5.108595008055471e-05
2010-12-25,3084.304945809177,3462.0390616879367,3627.7588766175727,2424.06087649418,1.0407378646163715e-05
2010-12-26,3082.7783966368756,3460.6587610885726,3626.2665645756315,2423.987974563335,-3.0074750931851047e-05
2010-12-27,3081.134290144972,3459.15706151168,3624.6444255155216,2423.817415807519,-7.0365347678731e-05
2010-12-28,3079.379121899544,3457.539739505459,3622.8987556358315,2423.5496733207324,-0.00011046924325551092
2010-12-29,3077.5193874666684,3455.812571618111,3621.0358511351515,2423.185220196975,-0.0001503911942581269
2010-12-30,3075.561582412424,3453.9813343978394,3619.0620082120695,2422.724529530247,-0.00019013588445056394
2010-12-31,3073.5122023028853,3452.05180439284,3616.983523065172,2422.1680744145456,-0.00022970792693944399
2011-01-01,3071.3777427041323,3450.02975815132,3614.8066918930504,2421.516327943874,-0.0002691118662841315
2011-01-02,3069.164699182241,3447.920972221477,3612.537810894293,2420.769763212229,-0.0003083521805635322
2011-01-03,3066.879567303289,3445.731223151512,3610.183176267488,2419.9288533136114,-0.000347433283371788
2011-01-04,3064.528842633354,3443.4662874896285,3607.7490842112243,2418.994071342021,-0.00038635952577615245
2011-01-05,3062.119020738513,3441.1319417840255,3605.2418309240907,2417.965890391457,-0.00042513519821724756
2011-01-06,3059.656597184844,3438.733962582906,3602.6677126046766,2416.84478355592,-0.0004637645323618905
2011-01-07,3057.1480675384228,3436.278126434469,3600.0330254515693,2415.6312239294084,-0.0005022517029127935
2011-01-08,3054.5999273653274,3433.770209886916,3597.344065663358,2414.325684605921,-0.0005406008293677799
2011-01-09,3052.0186722316357,3431.21598948845,3594.607129438632,2412.928638679461,-0.0005788159777392637
2011-01-10,3049.4107977034255,3428.6212417872703,3591.82851297598,2411.440559244025,-0.0006169011622367473
2011-01-11,3046.7827993467727,3425.991743331579,3589.0145124739906,2409.8619193936133,-0.0006548603468966496
2011-01-12,3044.141172727755,3423.333270669576,3586.1714241312525,2408.193192222225,-0.0006926974471879914
2011-01-13,3041.4924134124503,3420.6516003494644,3583.3055441463544,2406.4348508238622,-0.0007304163315696999
2011-01-14,3038.8430169669364,3417.9525089194444,3580.423168717885,2404.587368292522,-0.0007680208230223972
2011-01-15,3036.199478957288,3415.241772927716,3577.5305940444323,2402.651217722205,-0.000805514700535099
2011-01-16,3033.568294949586,3412.5251689224824,3574.634116324587,2400.6268722069112,-0.0008429017005670268
2011-01-17,3030.9559605099057,3409.8084734519434,3571.7400317569363,2398.5148048406395,-0.0008801855184768484
2011-01-18,3028.3689712043238,3407.0974630643,3568.854636540069,2396.3154887173896,-0.0009173698099155527
2011-01-19,3025.8138225989205,3404.397914307755,3565.9842268725756,2394.0293969311624,-0.0009544581921968311
2011-01-20,3023.297010259769,3401.7156037305067,3563.1350989530415,2391.6570025759556,-0.0009914542456380619
2011-01-21,3020.8250297529507,3399.056307880759,3560.313548980059,2389.19877874577,-0.001028361514867769
2011-01-22,3018.4043766445407,3396.425803306712,3557.525873152215,2386.655198534606,-0.001065183510117103
2011-01-23,3016.041546500616,3393.8298665565653,3554.7783676680965,2384.026735036461,-0.001101923708479878
2011-01-24,3013.7430348872554,3391.274274178523,3552.0773287262964,2381.3138613453375,-0.001138585555147492
2011-01-25,3011.5153373705352,3388.7648027207833,3549.4290525254,2378.5170505552323,-0.001175172464629273
2011-01-26,3009.3649495165337,3386.307228731551,3546.8398352639992,2375.6367757601483,-0.0012116878219377899
2011-01-27,3007.298366891326,3383.907328759023,3544.3159731406786,2372.6735100540814,-0.0012481349837693502
2011-01-28,3005.322085060992,3381.570879351403,3541.86376235403,2369.6277265310337,-0.0012845172796455476
2011-01-29,3003.442599591608,3379.3036570568916,3539.4894991026413,2366.4998982850043,-0.001320838013054313
2011-01-30,3001.666406049252,3377.1114384236907,3537.199479585102,2363.2904984099932,-0.0013571004625583304
2011-01-31,3000.0,3375.0,3535.0,2360.0,-0.0013933078828936012
2011-02-01,2998.4554729817432,3372.982349507281,3532.904845471077,2356.6401341865744,-0.0014246863386397077
2011-02-02,2997.06730041963,3371.100419360038,3530.957756822696,2353.267664251474,-0.00143207496018707
2011-02-03,2995.875553710617,3369.4033731460304,3529.209963804366,2349.950611514004,-0.001410546180491125
2011-02-04,2994.9203042516665,3367.940374453023,3527.7126961656045,2346.7569972934725,-0.0013599376323702398
2011-02-05,2994.2416234397374,3366.760586868778,3526.517183655923,2343.7548429091867,-0.0012800968834617852
2011-02-06,2993.8795826717896,3365.9131739810578,3525.6746560248357,2341.0121696804536,-0.001170890050544332
2011-02-07,2993.8742533447844,3365.447299377625,3525.236343021857,2338.5969989265786,-0.0010322105463489314
2011-02-08,2994.265706855679,3365.4121266462416,3525.2534743964998,2336.5773519668714,-0.0008639879216293994
2011-02-09,2995.0940146014354,3365.85681937467,3525.777279898277,2335.0212501206365,-0.0006661967503336794
2011-02-10,2996.399247979014,3366.830541150675,3526.8589892767045,2333.996714707183,-0.00043886549060877396
2011-02-11,2998.2214783853724,3368.382455562016,3528.5498322812937,2333.5717670458166,-0.00018208523954248894
2011-02-12,3000.6007772174717,3370.561726196457,3530.901038661559,2333.814428455845,0.00010398171485378614
2011-02-13,3003.5772158722725,3373.417516641761,3533.9638381670143,2334.7927202565743,0.00041909365422540334
2011-02-14,3007.190865746733,3376.99899048569,3537.789460547172,2336.5746637673124,0.0007629216247319333
2011-02-15,3011.4817982378154,3381.355311316007,3542.4291355515475,2339.2282803073663,0.0011350421977509417
2011-02-16,3016.4900847424783,3386.5356427204742,3547.9340929296545,2342.8215911960433,0.001534930935288774
2011-02-17,3022.2557966576805,3392.5891482868533,3554.3555624310047,2347.422617752649,0.001961956703112092
2011-02-18,3028.8190053803837,3399.564991602908,3561.7447738051123,2353.0993812964916,0.002415376975095772
2011-02-19,3036.2197823075467,3407.512336256401,3570.1529568014926,2359.919903146878,0.0028943342686028996
2011-02-20,3044.4981988361305,3416.480345835094,3579.631341169658,2367.952204623115,0.0033978538425576497
2011-02-21,3053.6943263630938,3426.51818392675,3590.231156659122,2377.26430704451,0.003924842776903482
2011-02-22,3063.8482362853974,3437.675014119132,3602.003633019398,2387.9242317303692,0.004474090534377096
2011-02-23,3075.0,3450.0,3615.0,2400.0,0.0050442710830386085
2011-02-24,3087.1186444445884,3463.4603430527013,3629.1853450612516,2413.472496761472,0.005597843117012523
2011-02-25,3099.889018719748,3477.6953963429,3644.180186506711,2427.974061277898,0.005990609505310965
2011-02-26,3112.924927466789,3492.262550831842,3659.518900350745,2443.0498964011545,0.006190026323781873
2011-02-27,3125.8401753270236,3506.7191974807765,3674.735862607724,2458.245204983117,0.006200547794757506
2011-02-28,3138.248566941764,3520.6227272509504,3689.365449292014,2473.1051898756623,0.006026758871763788
2011-03-01,3149.763906952318,3533.5305311036086,3702.9420364179828,2487.175053930664,0.005673026965372796
2011-03-02,3160.0,3545.0,3715.0,2500.0,0.005143181942255618
2011-03-03,3168.652829158002,3554.6824908918597,3725.172552261778,2511.2166408261446,0.004476621292592254
2011-03-04,3175.7470912270483,3562.605224692875,3733.488250264411,2520.827228713974,0.0038197598519865393
2011-03-05,3181.3896614397418,3568.889388307224,3740.074487278339,2528.9254258589626,0.0032073666340741843
2011-03-06,3185.687415028688,3573.6561686390824,3745.058656574003,2535.604894456585,0.002637746068433002
2011-03-07,3188.7472272264927,3577.026752592627,3748.5681514218413,2540.959296702315,0.002109459874678947
2011-03-08,3190.6759732657592,3579.1223270720357,3750.7303650922936,2545.0822947916295,0.0016212997547472253
2011-03-09,3191.5805283790933,3580.064078981484,3751.6726908558003,2548.0675509200014,0.0011722633579091062
2011-03-10,3191.5677677991007,3579.9731952251495,3751.5225219828026,2550.008727282908,0.0007615329197873451
2011-03-11,3190.744566758386,3578.9708627072096,3750.4072517437394,2550.9994860758216,0.00038845607140079415
2011-03-12,3189.217800489554,3577.178268331839,3748.4542734090496,2551.133489494218,5.2528391191935435e-05
2011-03-13,3187.0943442252083,3574.7165990032154,3745.790980249174,2550.504399733572,-0.00024662266413025464
2011-03-14,3184.4810731979564,3571.707041625517,3742.5447655345524,2549.2058789893595,-0.0005092527619434765
2011-03-15,3181.4848626404014,3568.2707831029184,3738.8430225356246,2547.331589457054,-0.0007355148974792275
2011-03-16,3178.212587785148,3564.5290103395973,3734.81314452283,2544.9751933321304,-0.0009254730296594048
2011-03-17,3174.7711238648026,3560.6029102397306,3730.58252476661,2542.230352810065,-0.0010791153467381539
2011-03-18,3171.2673461119684,3556.6136697074944,3726.2785565374015,2539.19073008633,-0.001196367329806956
2011-03-19,3167.8081297592526,3552.682475647067,3722.0286331056477,2535.9499873564027,-0.0012771047546560458
2011-03-20,3164.5003500392577,3548.930514962623,3717.960147741786,2532.6017868157574,-0.0013211667461799366
2011-03-21,3161.4508821845907,3545.4789745583416,3714.2004937162583,2529.2397906598685,-0.0013283689735454
2011-03-22,3158.7666014278548,3542.4490413383974,3710.877064299502,2525.95766108421,-0.0012985170483124308
2011-03-23,3156.5543830016554,3539.9619022069674,3708.1172527619588,2522.8490602842585,-0.0012314201609727744
2011-03-24,3154.921102138598,3538.13874406823,3706.048452374068,2520.007650455488,-0.0011269049637736921
2011-03-25,3153.973634071288,3537.1007538263607,3704.79805640627,2517.527093793373,-0.0009848296790155562
2011-03-26,3153.8188540323295,3536.969118385537,3704.4934581290045,2515.5010524933896,-0.0008050983823387433
2011-03-27,3154.563637254327,3537.865024649934,3705.26205081271,2514.0231887510113,-0.0005876753800258958
2011-03-28,3156.314858969886,3539.9096595237306,3707.231227727828,2513.1871647617136,-0.000332599568434766
2011-03-29,3159.1793944116116,3543.2242099111018,3710.5283821447974,2513.0866427209703,-3.9998633025932975e-05
2011-03-30,3163.264118812109,3547.9298627162257,3715.280907334058,2513.8152848242576,0.0002898970852793197
2011-03-31,3168.675907403982,3554.147804843279,3721.6161965660513,2515.46675326705,0.0006567412563632243
2011-04-01,3175.5216354198374,3561.999223196438,3729.661643111216,2518.1347102448226,0.0010600589843872425
2011-04-02,3183.908178092277,3571.605304679878,3739.5446402399903,2521.9128179530494,0.00149923523330372
2011-04-03,3193.94241065391,3583.087236197778,3751.392581222817,2526.894738587206,0.001973504513807496
2011-04-04,3205.731208337337,3596.566204654314,3765.3328593301344,2533.1741343427666,0.002481942098691894
2011-04-05,3219.381446375165,3612.1633969536615,3781.492867832381,2540.8446674152055,0.00302345703291274
2011-04-06,3235.0,3630.0,3800.0,2550.0,0.0035967871946716063
2011-04-07,3252.526934434714,3650.0081557410285,3820.78504533897,2560.6117671249613,0.004152842305175786
2011-04-08,3271.2350748632543,3671.363826298548,3842.9923782974365,2572.1634951472606,0.004501170199631753
2011-04-09,3290.2304364598376,3693.053928837881,3865.5697695590875,2584.016683256406,0.0045976705929489685
2011-04-10,3308.619034398679,3714.0653805243505,3887.464989807607,2595.5328306419046,0.004446782999628358
2011-04-11,3325.506883853995,3733.385098523283,3907.6258097266827,2606.073436493267,0.00405283281274446
2011-04-12,3340.0,3750.0,3925.0,2615.0,0.0034194394364221673
2011-04-13,3351.472853843136,3763.1974962374106,3938.84634448862,2621.8489972238085,0.0026156954811684717
2011-04-14,3360.37373971874,3773.466974988753,3949.6676797630885,2626.856811715177,0.0019082098304707875
2011-04-15,3367.419407794377,3781.5983181248544,3958.2778555713303,2630.434803896788,0.0013611543721143628
2011-04-16,3373.3266082376067,3788.3814075165355,3965.490721661262,2632.99433419132,0.0009725714659154898
2011-04-17,3378.8120912159957,3794.606125034624,3972.120127780809,2634.946763021455,0.0007412493357471505
2011-04-18,3384.592606897104,3801.0623525499423,3978.9799236778917,2636.7034508098736,0.0006664660143168477
2011-04-19,3391.3849054484963,3808.5399719333154,3986.8839591004307,2638.675757979257,0.0007477404687773766
2011-04-20,3399.9057370377345,3817.8288650555664,3996.6460837963477,2641.2750449522855,0.0009845876524331603
2011-04-21,3410.8718518323813,3829.71891378752,4009.0801475135636,2644.912672151639,0.0013762764276280758
2011-04-22,3425.0,3845.0,4025.0,2650.0,0.0019215914326731955
2011-04-23,3442.7416717297756,3864.182670693839,4044.9365243223965,2656.855750809883,0.002583735057332225
2011-04-24,3463.487317297375,3886.660133389894,4068.2887368227657,2665.428094453139,0.0032213054791063026
2011-04-25,3486.362127000086,3911.546260739029,4094.172687161935,2675.572562691453,0.0037987190372985205
2011-04-26,3510.4912911351985,3937.95492539211,4121.704425000737,2687.1446872865117,0.004315775759719513
2011-04-27,3535.0,3965.0,4150.0,2700.0,0.004772597678696047
2011-04-28,3558.915180919603,3991.6562892728593,4178.014515357006,2713.8080817939194,0.005101071750932234
2011-04-29,3580.8707093304015,4016.3423261580133,4204.059288414835,2727.4947104315265,0.0050306546151645615
2011-04-30,3599.4021976966164,4037.337575662087,4226.284690053021,2739.7997128763986,0.004501320861481373
2011-05-01,3613.0452584824648,4052.9215027917007,4242.841091151098,2749.462916092107,0.003520769127223269
2011-05-02,3620.335504152166,4061.3735725534766,4251.878862588599,2755.224147042228,0.0020932100181634303
2011-05-03,3619.808547169938,4060.973249954035,4251.548375245055,2755.823232690334,0.00021741262928315285
2011-05-04,3610.0,4050.0,4240.0,2750.0,-0.002115300334051645
2011-05-05,3590.3624772544913,4027.7911641396004,4216.5118390051475,2737.1833625446475,-0.004671489876120657
2011-05-06,3564.0166021372406,3997.9155895875074,4184.87291950094,2719.5585803370927,-0.006459841305129758
2011-05-07,3535.0,3965.0,4150.0,2700.0,-0.007217807486946009
2011-05-08,3506.6736450295552,3932.895547281377,4115.985650453907,2680.9003971949096,-0.007099065809921159
2011-05-09,3479.6919067528493,3902.351096328021,4083.625686570086,2662.726263738876,-0.006802198089594951
2011-05-10,3454.0325035318597,3873.339940284337,4052.891735494918,2645.462520487827,-0.006504593118843361
2011-05-11,3429.67315372857,3845.8353722947268,4023.7554243747877,2629.0940882976965,-0.006206582258599273
2011-05-12,3406.5915757049556,3819.8106855035953,3996.188380356074,2613.605888024412,-0.005908499590454972
2011-05-13,3384.7654878230014,3795.2391730553477,3970.162230585165,2598.982840523906,-0.005610680843170466
2011-05-14,3364.172608444684,3772.094128094386,3945.6486022084396,2585.209866652108,-0.005313462308971128
2011-05-15,3344.7906559319836,3750.3488437651145,3922.619122372281,2572.2718872649493,-0.005017179757151395
2011-05-16,3326.59734864688,3729.976613211936,3901.045418223073,2560.153823218359,-0.004722167352597327
2011-05-17,3309.570404951354,3710.950729579256,3880.8991169071965,2548.8405953682695,-0.004428756586731783
2011-05-18,3293.6875432073844,3693.2444860114774,3862.151845571035,2538.3171245706094,-0.004137275228288811
2011-05-19,3278.926481776952,3676.8311756530043,3844.7752313609726,2528.5683316813106,-0.0038480463010424114
2011-05-20,3265.264939022036,3661.6840916482383,3828.7409014233895,2519.5791375563026,-0.003561387095353908
2011-05-21,3252.6806333046165,3647.7765271415865,3814.02048290467,2511.334463051516,-0.003277608219961701
2011-05-22,3241.1512829866733,3635.0817752774515,3800.585602951197,2503.8192290228826,-0.0029970127000156456
2011-05-23,3230.6546064301865,3623.5731292002365,3788.407888709351,2497.0183563263317,-0.0027198951268148064
2011-05-24,3221.1683219971346,3613.2238820543444,3777.458967325517,2490.916765817793,-0.0024465408641360523
2011-05-25,3212.670148049499,3604.007326984181,3767.710465946077,2485.4993783531995,-0.002177225315429837
2011-05-26,3205.137802949258,3595.8967571341486,3759.134011717412,2480.751114788479,-0.0019122132555080688
2011-05-27,3198.549005058395,3588.8654656486524,3751.7012317859085,2476.656895979564,-0.0016517582296547162
2011-05-28,3192.881472738885,3582.8867456720945,3745.383753297945,2473.2016427823837,-0.0013961020224486124
2011-05-29,3188.11292435271,3577.9338903488783,3740.153203399905,2470.3702760528686,-0.0011454741978433023
2011-05-30,3184.2210782618504,3573.98019282341,3735.981209238174,2468.1477166469504,-0.0009000917114231118
2011-05-31,3181.183652828287,3570.998946240092,3732.839397959133,2466.518885420559,-0.0006601585950564449
2011-06-01,3178.978366413997,3568.9634437433283,3730.6993967091635,2465.468703229624,-0.0004258657135404407
2011-06-02,3177.5829373809615,3567.8469784775216,3729.5328326346485,2464.9820909300774,-0.00019739059223677314
2011-06-03,3176.97508409116,3567.622843587077,3729.3113328819727,2465.0439693778485,2.5102685875321725e-05
2011-06-04,3177.1325249065735,3568.264332216397,3730.006524597516,2465.639259428868,0.00024146351582039538
2011-06-05,3178.032978189181,3569.7447375098873,3731.590034927663,2466.7528819390664,0.0004515547414734271
2011-06-06,3179.654162300962,3572.03735261195,3734.0334910187953,2468.3697577643748,0.0006552525646077041
2011-06-07,3181.9737956038966,3575.1154706669895,3737.308520017297,2470.4748077607237,0.0008524463954647163
2011-06-08,3184.9695964599655,3578.9523848194094,3741.3867490695493,2473.052952784043,0.0010430386484860802
2011-06-09,3188.6192832311467,3583.521388213613,3746.239805321935,2476.089113690263,0.0012269444870744285
2011-06-10,3192.9005742794216,3588.7957739940052,3751.839315920837,2479.568211335315,0.0014040915214463656
2011-06-11,3197.7911879667704,3594.7488353049885,3758.156908012639,2483.4751665751287,0.0015744194637703729
2011-06-12,3203.2688426551713,3601.353865290968,3765.164208743722,2487.7949002656355,0.0017378797448702268
2011-06-13,3209.311256706605,3608.584157096346,3772.8328452604696,2492.5123332627645,0.0018944350967868564
2011-06-14,3215.8961484830515,3616.4130038655276,3781.134444709264,2497.612386422448,0.0020440591055002175
2011-06-15,3223.0012363464903,3624.8136987429157,3790.040634236488,2503.0799806006144,0.0021867357380243096
2011-06-16,3230.6042386589015,3633.759534872914,3799.5230409885244,2508.900036653196,0.002322458848028517
2011-06-17,3238.6828737822643,3643.2238053999263,3809.553292111756,2515.0574754361223,0.002451231663965652
2011-06-18,3247.2148600785595,3653.179803468357,3820.1030147525653,2521.5372178053244,0.0025730662635675113
2011-06-19,3256.177915909767,3663.6008222226105,3831.1438360573347,2528.3241846167325,0.0026879830383523327
2011-06-20,3265.5497596378655,3674.4601548070887,3842.647383172447,2535.403296726277,0.002796010151602713
2011-06-21,3275.308109624836,3685.7310943661964,3854.585283244286,2542.7594749898885,0.0028971829930409757
2011-06-22,3285.4306842326573,3697.386934044337,3866.9291634192323,2550.377640263497,0.0029915436331964113
2011-06-23,3295.8952018233103,3709.400966985915,3879.6506508436705,2558.242713403034,0.00307914028022172
2011-06-24,3306.6793807587746,3721.7464863353334,3892.721372663982,2566.3396152644295,0.0031600267416586687
2011-06-25,3317.7609394010296,3734.3967852369956,3906.11295602655,2574.6532667036136,0.0032342618934125917
2011-06-26,3329.1175961120543,3747.3251568353057,3919.797028077756,2583.1685885765173,0.0033019091579457632
2011-06-27,3340.7270692538305,3760.504894274669,3933.745215963985,2591.870501739071,0.00336303599344708
2011-06-28,3352.5670771883374,3773.9092906994874,3947.9291468316173,2600.743927047205,0.0034177133955130053
2011-06-29,3364.615338277554,3787.5116392541654,3962.3204478270372,2609.77378535685,0.0034660154126279806
2011-06-30,3376.8495708834607,3801.285233083106,3976.890746096626,2618.9449975239363,0.0035080186765211172
2011-07-01,3389.247493368038,3815.2033653307144,3991.6116687867684,2628.2424844043953,0.0035438019482668787
2011-07-02,3401.7868240932644,3829.239329141393,4006.4548430438454,2637.651166854156,0.0035734456807858432
2011-07-03,3414.4452814211204,3843.366417659546,4021.391896014239,2647.155965729149,0.0035970315982396693
2011-07-04,3427.2005837135853,3857.5579240295774,4036.3944548443333,2656.741801885306,0.003614642292607877
2011-07-05,3440.030449332641,3871.787141395892,4051.4341466805113,2666.3935961785573,0.0036263608376048855
2011-07-06,3452.9125966402653,3886.0273629028907,4066.482598669155,2676.0962694648324,0.0036322704199267582
2011-07-07,3465.824743998438,3900.2518816949796,4081.511437956646,2685.834742600062,0.0036324539876965247
2011-07-08,3478.7446097691395,3914.433990916561,4096.492291689368,2695.5939364401775,0.0036269939158383286
2011-07-09,3491.6499123143503,3928.546983712041,4111.396787013705,2705.358771841109,0.00361597168801835
2011-07-10,3504.51836999605,3942.564153225821,4126.196551076037,2715.1141696587865,0.0035994675946815686
2011-07-11,3517.3277011762175,3956.458792602305,4140.863211022748,2724.8450507491407,0.0035775604466270986
2011-07-12,3530.0556242168336,3970.204194985899,4155.368394000221,2734.5363359681023,0.0035503273034868804
2011-07-13,3542.679857479877,3983.7736535210033,4169.6837271548375,2744.1729461716013,0.003517843216409973
2011-07-14,3555.178119327328,3997.1404613520244,4183.780837632982,2753.739802215569,0.0034801809841916507
2011-07-15,3567.5281281211683,4010.2779116233655,4197.6313525810365,2763.2218249559364,0.003437410922031773
2011-07-16,3579.7076022233755,4023.15929747943,4211.2068991453825,2772.6039352486323,0.0033896006420704576
2011-07-17,3591.6942599959293,4035.7579120646205,4224.4791044724025,2781.871053949587,0.00333681484481385
2011-07-18,3603.465819800811,4048.0470485233427,4237.419595708481,2791.0081019147333,0.003279115120513112
2011-07-19,3615.0,4060.0,4250.0,2800.0,0.003216559759551538
2011-07-20,3626.2621349921606,4071.589895806473,4262.192187260172,2808.833050735553,0.0031496954742877238
2011-07-21,3637.168023322703,4082.7892099245573,4273.96899846954,2817.4990833485044,0.003080528934149597
2011-07-22,3647.6210795737197,4093.5702525035276,4285.303517375473,2825.9913087402006,0.003009567204528999
2011-07-23,3657.524718327304,4103.905333692654,4296.168827725341,2834.3029378119863,0.0029368208378117745
2011-07-24,3666.7823541655516,4113.766763641211,4306.538013266517,2842.4271814652093,0.002862298904186202
2011-07-25,3675.297401670555,4123.126852498471,4316.384157746372,2850.357250601215,0.002786008976790972
2011-07-26,3682.9732754244064,4131.9579104137065,4325.680344912276,2858.086356121351,0.0027079571160800696
2011-07-27,3689.7133900092026,4140.232247536191,4334.399658511601,2865.6077089269625,0.002628147853256722
2011-07-28,3695.4211600070353,4147.922174015198,4342.51518229172,2872.9145199193968,0.0025465841726575933
2011-07-29,3700.0,4155.0,4350.0,2880.0,0.0024632674929467215
2011-07-30,3703.530279668588,4161.59181648362,4356.98550949951,2886.9005217185945,0.0023931486197731897
2011-07-31,3706.8001890868877,4168.438837834083,4364.236365116088,2893.8251042189036,0.00239574968971939
2011-08-01,3710.7748734273896,4176.436059263166,4372.675535291271,2901.0259282931283,0.002485250350744018
2011-08-02,3716.4194778625806,4186.478475982642,4383.225988466595,2908.75517473347,0.0026607718478004324
2011-08-03,3724.699147564949,4199.461083204287,4396.810693083595,2917.2650243321277,0.002921327204478793
2011-08-04,3736.579027706983,4216.27887613988,4414.352617583805,2926.807657881302,0.0032657506328875713
2011-08-05,3753.0242634611714,4237.826850001193,4436.7747304087625,2937.635256173193,0.003692630571700915
2011-08-06,3775.0,4265.0,4465.0,2950.0,0.00420024728676973
2011-08-07,3802.658452291954,4297.840775552333,4499.067574039823,2963.8844123148474,0.004695539126980725
2011-08-08,3832.900114489484,4332.981442891219,4535.481317173598,2978.1923847145413,0.004815824682567893
2011-08-09,3861.812550541037,4366.201722453937,4569.861273287462,2991.5581509568115,0.004477838226411135
2011-08-10,3885.48332439506,4393.281334677771,4597.82748626755,3002.6159447993878,0.0036895179251221406
2011-08-11,3900.0,4410.0,4615.0,3010.0,0.002456188447973998
2011-08-12,3902.9597242306972,4413.828216813778,4618.760162661413,3012.924773165163,0.0009712136562273223
2011-08-13,3897.9979756675716,4408.999595335744,4613.534539590261,3012.9256122965357,2.785105236063066e-07
2011-08-14,3890.2598158174333,4401.438523738406,4605.511000415482,3012.118088244561,-0.00026805583393112154
2011-08-15,3884.8903061870947,4397.069390194273,4600.877414766013,3012.617771859682,0.00016587735225894896
2011-08-16,3887.0345082833715,4401.816582875857,4605.821652270794,3016.5402339923435,0.001301164335802122
2011-08-17,3901.837483613072,4421.604489955666,4626.531582558759,3026.001045492987,0.0031314040877399216
2011-08-18,3934.4442936830105,4462.357499606211,4669.195075258848,3043.1157772120587,0.005639956384444235
2011-08-19,3990.0,4530.0,4740.0,3070.0,0.008795644345256697
2011-08-20,4069.207370645555,4626.125001096125,4840.6610233959955,3107.326884434222,0.012085272300646615
2011-08-21,4155.0,4735.0,4955.0,3150.0,0.013639618937789358
2011-08-22,4227.098727912177,4835.357924030358,5060.937019704087,3190.5653890351646,0.012795686196480843
2011-08-23,4270.142549806202,4901.118934212884,5130.677925816613,3217.9085863799055,0.008533502165593577
2011-08-24,4270.0,4905.0,5135.0,3220.0,0.0006497183567006039
2011-08-25,4221.460872491675,4834.344318819422,5060.243426513041,3191.021399370057,-0.009040306118466925
2011-08-26,4155.0,4735.0,4955.0,3150.0,-0.012938600600308275
2011-08-27,4103.051813433985,4656.785817641578,4872.121515999314,3117.7268980401504,-0.010298274864204541
2011-08-28,4070.2040977428737,4606.8982930267475,4819.248163240621,3097.2032661670805,-0.006604645888676636
2011-08-29,4054.082976385982,4581.8783842338025,4792.717228751359,3086.9827961889314,-0.003305359567232082
2011-08-30,4052.314572822618,4578.267049341033,4788.86599955897,3085.6191799138423,-0.0004418286818269585
2011-08-31,4062.5250105120926,4592.605246426728,4804.031762690892,3091.6661091499514,0.0019577956609146863
2011-09-01,4082.3404129137175,4621.4339335691775,4834.551805174564,3103.6772757054,0.0038774869634192097
2011-09-02,4109.386903486802,4661.294068846673,4876.7634140374275,3120.2063713883254,0.005311517849738331
2011-09-03,4141.290605690657,4708.726610337505,4927.003876306922,3139.8070880068685,0.00626221678267441
2011-09-04,4175.677642984594,4760.272516119963,4981.610479010486,3161.0331173691675,0.006737548950903445
2011-09-05,4210.174138827922,4812.472744272339,5036.920509175561,3182.438151283363,0.006748707213673774
2011-09-06,4242.406216679954,4861.8682528729205,5089.2712538295855,3202.575881557594,0.006307831726556586
2011-09-07,4270.0,4905.0,5135.0,3220.0,0.005425910572835044
2011-09-08,4291.060466760674,4939.100480006632,5171.17615698762,3233.5521244869637,0.004199902362679757
2011-09-09,4305.608012987812,4964.168332344932,5197.797623186787,3243.2255771678456,0.0029871211640755077
2011-09-10,4314.141889220557,4980.893732741783,5215.594419265216,3249.301606260251,0.001871699784866456
2011-09-11,4317.161345998045,4989.966856924066,5225.29656589062,3252.0614599817827,0.0008490077724287421
2011-09-12,4315.165633859423,4992.077880618663,5227.634083730721,3251.7863865500467,-8.45879050035092e-05
2011-09-13,4308.654003343826,4987.916979552453,5223.3369934532275,3248.7576341826443,-0.000931845881485373
2011-09-14,4298.125704990397,4978.174329452319,5213.135315725864,3243.2564510971843,-0.0016947543027173125
2011-09-15,4284.079989338278,4963.540106045145,5197.75907121634,3235.564085511268,-0.002374620243640495
2011-09-16,4267.016106926608,4944.704485057809,5177.938280592378,3225.9617856425007,-0.002972148414745113
2011-09-17,4247.433308294528,4922.357642217195,5154.402964521686,3214.7307997084854,-0.003487512303523417
2011-09-18,4225.830843981178,4897.189753250183,5127.883143671987,3202.152375926829,-0.003920420412189635
2011-09-19,4202.707964525697,4869.890993883651,5099.108838710994,3188.5077625151325,-0.004270179871747184
2011-09-20,4178.5639204672325,4841.151539844489,5068.810070306428,3174.0782076910036,-0.004535759400374287
2011-09-21,4153.897962344918,4811.661566859571,5037.716859125998,3159.1449596720445,-0.004715853302402295
2011-09-22,4129.2093406978975,4782.111250655783,5006.559225837425,3143.9892666758606,-0.004808947948575013
2011-09-23,4104.99730606531,4753.190766960003,4976.067191108423,3128.892376920056,-0.004813391918274439
2011-09-24,4081.7611089862976,4725.590291499116,4946.97077560671,3114.135538622234,-0.0047274707019745845
2011-09-25,4060.0,4700.0,4920.0,3100.0,-0.00454948654261411
2011-09-26,4040.1183457143843,4676.976134215053,4895.743121676877,3086.7198403200987,-0.0042931247639421905
2011-09-27,4022.1409770127093,4656.539199998718,4874.221344909381,3074.3404630458285,-0.004018592035898135
2011-09-28,4005.997840847066,4638.575769230958,4855.3141106904195,3062.860102689632,-0.003741241181219801
2011-09-29,3991.6188841695403,4622.972413791731,4838.900860012901,3052.2769937639496,-0.003461286092091327
2011-09-30,3978.9340539322184,4609.615705560997,4824.861033869731,3042.589370781222,-0.0031789478428728537
2011-10-01,3967.8732970871883,4598.392216418717,4813.074073253817,3033.79546825389,-0.002894454153183052
2011-10-02,3958.366560586537,4589.18851824485,4803.4194191580655,3025.8935206943925,-0.002608038812852571
2011-10-03,3950.343791382352,4581.891182919354,4795.776512575385,3018.881762615172,-0.002319941071565721
2011-10-04,3943.7349364267207,4576.386782322192,4790.024794498683,3012.7584285286684,-0.0020304049963515754
2011-10-05,3938.4699426717284,4572.561888333321,4786.043705920865,3007.521752947323,-0.001739678800393302
2011-10-06,3934.4787570694652,4570.303072832703,4783.712687834841,3003.169970383575,-0.0014480141469366602
2011-10-07,3931.6913265720145,4569.496907700295,4782.911181233513,2999.7013153498656,-0.0011556654323086216
2011-10-08,3930.0375981314673,4570.029964816062,4783.518627109793,2997.1140223586362,-0.0008628890522931035
2011-10-09,3929.4475186999093,4571.788816059958,4785.4144664565865,2995.406325922327,-0.0005699426562734028
2011-10-10,3929.851035229426,4574.660033311944,4788.478140266798,2994.5764605533777,-0.0002770843936756033
2011-10-11,3931.178094672107,4578.530188451983,4792.58908953334,2994.6226607642297,1.542784266042362e-05
2011-10-12,3933.358643980038,4583.285853360032,4797.626755249115,2995.543161067324,0.0003073371715304841
2011-10-13,3936.3226301053073,4588.813599916052,4803.470578407034,2997.336195975101,0.0005983884722031526
2011-10-14,3940.0,4595.0,4810.0,3000.0,0.0008883291224729361
2011-10-15,3944.321450141693,4601.739242466371,4817.102780220267,3003.519872465342,0.0011726030540194568
2011-10-16,3949.2206751099047,4608.955984067778,4824.699956057455,3007.8293719379603,0.0014337880018869885
2011-10-17,3954.632119009644,4616.58249853137,4832.720883700531,3012.849121795569,0.0016675034303788867
2011-10-18,3960.4902259459186,4624.55105958429,4841.094919338461,3018.4997454158793,0.0018737517586760338
2011-10-19,3966.7294400237356,4632.793940953686,4849.751419160209,3024.701866176606,0.0020525950768766465
2011-10-20,3973.2842053481027,4641.243416366701,4858.619739354741,3031.3761074554595,0.0022041473078834076
2011-10-21,3980.0889660240277,4649.831759550487,4867.629236111023,3038.443092630155,0.0023285663493321784
2011-10-22,3987.078166156519,4658.491244232186,4876.709265618021,3045.8234450784043,0.0024260462694677756
2011-10-23,3994.1862498505816,4667.154144138946,4885.7891840647,3053.43778817792,0.002496809618084939
2011-10-24,4001.347661211226,4675.752732997913,4894.798347640025,3061.206745306416,0.00254109990087572
2011-10-25,4008.4968443434595,4684.219284536235,4903.666112532964,3069.0509398416057,0.002559174253117121
2011-10-26,4015.5682433522884,4692.486072481056,4912.321834932481,3076.8909951612,0.0025512963367235173
2011-10-27,4022.4963023427226,4700.485370559524,4920.694871027541,3084.647534642914,0.00251772947342975
2011-10-28,4029.2154654197675,4708.149452498785,4928.71457700711,3092.241181664459,0.0024587300163009538
2011-10-29,4035.660176688431,4715.410592025984,4936.310309060156,3099.5925596035486,0.0023745409519921887
2011-10-30,4041.7648802537224,4722.20106286827,4943.411423375642,3106.6222918378962,0.0022653857170544574
2011-10-31,4047.4640202206474,4728.453138752786,4949.947276142532,3113.2510017452128,0.002131462203175824
2011-11-01,4052.6920406942154,4734.099093406681,4955.8472235497975,3119.399312703214,0.001972936918375302
2011-11-02,4057.383385779433,4739.0712005571,4961.040621786397,3124.987848089611,0.001789939263718391
2011-11-03,4061.472499581308,4743.30173393119,4965.456827041302,3129.937231282117,0.0015825558780230389
2011-11-04,4064.8938262048487,4746.722967256098,4969.0251955034755,3134.168085658445,0.0013508249959440658
2011-11-05,4067.5818097550614,4749.267174258968,4971.675083361883,3137.6010345963077,0.001094730757745321
2011-11-06,4069.470894336954,4750.8666286669495,4973.33584680549,3140.156701473418,0.0008141974016006959
2011-11-07,4070.495524055536,4751.453604207187,4973.936842023263,3141.75570966749,0.0005090832612599611
2011-11-08,4070.5901430158137,4750.960374606827,4973.407425204166,3142.3186825562357,0.00017917448302270944
2011-11-09,4069.689195322794,4749.319213593015,4971.676952537168,3141.766243517367,-0.00017582163410920497
2011-11-10,4067.7271250814856,4746.462394892898,4968.674780211231,3140.019015928598,-0.0005562837829256886
2011-11-11,4064.638376396897,4742.322192233624,4964.330264415325,3136.997623167642,-0.000962684398661591
2011-11-12,4060.357393374034,4736.830879342338,4958.57276133841,3132.6226886122113,-0.0013955981536224794
2011-11-13,4054.818620117905,4729.920729946186,4951.331627169453,3126.8148356400184,-0.0018557113530989703
2011-11-14,4047.9565007335186,4721.524017772315,4942.536218097424,3119.4946876287777,-0.002343832413396962
2011-11-15,4039.705479325881,4711.573016547871,4932.115890311285,3110.5828679562,-0.002860903631294332
2011-11-16,4030.0,4700.0,4920.0,3100.0,-0.003408014488865378
2011-11-17,4018.8449729605095,4686.8162988582135,4906.200180504172,3087.746990123041,-0.003960415935593447
2011-11-18,4006.5271728105404,4672.349471861475,4891.057173770924,3074.145876628794,-0.004414596578459909
2011-11-19,3993.403840252849,4657.006134751112,4874.993998899018,3059.5989808058807,-0.004743243625046688
2011-11-20,3979.8322159901927,4641.192903268455,4858.433674987213,3044.508623942923,-0.004944338659229091
2011-11-21,3966.169540725328,4625.3163931548315,4841.799221134268,3029.2771273285425,-0.00501549747304666
2011-11-22,3952.7730551610116,4609.78322015157,4825.513656438943,3014.30681225136,-0.0049541284924167
2011-11-23,3940.0,4595.0,4810.0,3000.0,-0.00475760205919841
2011-11-24,3928.1425272019233,4581.298913185,4795.604116804327,2986.68612652416,-0.00444783479332085
2011-11-25,3917.2324337539008,4568.714399165662,4782.363255391335,2974.4030864178544,-0.004121078229628968
2011-11-26,3907.2364278999253,4557.206462144625,4770.237510188566,2963.1158889361736,-0.003801995791528782
2011-11-27,3898.12121788399,4546.735106324534,4759.186975623567,2952.789543334208,-0.003491048397514962
2011-11-28,3889.853511950088,4537.26033590803,4749.171746123876,2943.3890588670492,-0.0031886728901683505
2011-11-29,3882.4000183422118,4528.742155097756,4740.15191611704,2934.8794447897894,-0.002895281158522642
2011-11-30,3875.7274453043538,4521.1405680963535,4732.087580030596,2927.2257103575184,-0.0026112594635317923
2011-12-01,3869.8025010805063,4514.415579106463,4724.938832292089,2920.392864825327,-0.002336967965367234
2011-12-02,3864.591893914663,4508.527192330726,4718.66576732906,2914.345917448306,-0.0020727404490931264
2011-12-03,3860.062332050818,4503.43541197179,4713.228479569056,2909.0498774815487,-0.0018188842432656663
2011-12-04,3856.180523732963,4499.100242232294,4708.587063439616,2904.4697541801443,-0.0015756803242137829
2011-12-05,3852.91317720509,4495.481687314877,4704.701613368282,2900.5705567991836,-0.0013433835971770848
2011-12-06,3850.2270007111906,4492.539751422182,4701.5322237825985,2897.317294593758,-0.0011222233441682819
2011-12-07,3848.0887024952613,4490.2344387568555,4699.038989110107,2894.6749768189597,-0.0009124038273139069
2011-12-08,3846.4649908012925,4488.525753521535,4697.182003778347,2892.608612729878,-0.0007141050356075568
2011-12-09,3845.3225738732763,4487.373699918865,4695.921362214866,2891.0832115816047,-0.0005274835623953314
2011-12-10,3844.6281599552094,4486.7382821514875,4695.2171588472065,2890.0637826292323,-0.0003526736005707688
2011-12-11,3844.3484572910793,4486.579504422041,4695.029488102906,2889.515335127848,-0.00018978804229712937
2011-12-12,3844.450174124882,4486.857370933172,4695.318444409511,2889.402878332547,-3.891967013938784e-05
2011-12-13,3844.9000187006104,4487.531885887522,4696.044122194562,2889.6914214984185,9.985757322541154e-05
2011-12-14,3845.664699262256,4488.563053487731,4697.166615885603,2890.3459738805536,0.00022648724918513538
2011-12-15,3846.710924053813,4489.910877936442,4698.646019910177,2891.331544734044,0.0003409290330924058
2011-12-16,3848.005401319272,4491.535363436297,4700.442428695822,2892.613143313979,0.0004431572810706686
2011-12-17,3849.514839302628,4493.396514189938,4702.5159366700855,2894.1557788754512,0.0005331595640874163
2011-12-18,3851.205946247873,4495.4543344000085,4704.826638260508,2895.9244606735515,0.0006109351787670885
2011-12-19,3853.0454303989995,4497.6688282691475,4707.334627894632,2897.8841979633708,0.0006764936434813527
2011-12-20,3855.0,4500.0,4710.0,2900.0,0.0007298531872346675
2011-12-21,3857.0437944228747,4502.416864234178,4712.791101176549,2902.2438348759847,0.0007734369846208922
2011-12-22,3859.1806775516425,4504.924477369187,4715.709286713788,2904.61550603369,0.0008168516405661533
2011-12-23,3861.4219443983293,4507.536906241506,4718.764164073621,2907.1217757529344,0.0008624856056252317
2011-12-24,3863.778889974963,4510.268217687607,4721.965340717953,2909.7694063135386,0.0009103250037086134
2011-12-25,3866.262809293568,4513.132478543968,4725.322424108687,2912.5651599953194,0.0009603549451901824
2011-12-26,3868.8849973661713,4516.143755647069,4728.845021707729,2915.5157990780995,0.001012559487626153
2011-12-27,3871.656749204799,4519.316115833383,4732.542740976981,2918.628085841695,0.0010669215981704016
2011-12-28,3874.589359821475,4522.663625939387,4736.425189378345,2921.9087825659253,0.0011234231178362394
2011-12-29,3877.69412422823,4526.200352801559,4740.501974373729,2925.3646515306123,0.0011820447276920975
2011-12-30,3880.982337437086,4529.940363256375,4744.782703425036,2929.0024550155727,0.0012427659171213897
2011-12-31,3884.4652944600707,4533.897724140313,4749.276983994168,2932.8289553006266,0.00130556495427079
2012-01-01,3888.154290309211,4538.086502289846,4753.994423543031,2936.8509146655942,0.0013704188587864976
2012-01-02,3892.0606199965323,4542.520764541455,4758.944629533528,2941.075095390294,0.001437303376966627
2012-01-03,3896.1955785340588,4547.214577731613,4764.137209427563,2945.508259754544,0.0015061929594427069
2012-01-04,3900.57046093382,4552.182008696796,4769.581770687039,2950.1571700381655,0.001577060741494122
2012-01-05,3905.19656220784,4557.437124273486,4775.287920773862,2955.028588520977,0.0016498785261041332
2012-01-06,3910.0851773681457,4562.993991298156,4781.265267149936,2960.129277482797,0.0017246167698702448
2012-01-07,3915.247601426763,4568.866676607283,4787.523417277164,2965.4659992034462,0.0018012445718505775
2012-01-08,3920.6951293957177,4575.069247037342,4794.0719786174495,2971.0455159627427,0.0018797296654519864
2012-01-09,3926.439056287036,4581.615769424813,4800.920558632696,2976.8745900405056,0.0019600384134392124
2012-01-10,3932.490677112745,4588.52031060617,4808.07876478481,2982.959983716555,0.0020421358061451693
2012-01-11,3938.8612868848695,4595.796937417891,4815.556204535693,2989.3084592707105,0.0021259854629511023
2012-01-12,3945.562180615436,4603.459716696452,4823.362485347249,2995.92677898279,0.00221154963710353
2012-01-13,3952.604653316471,4611.52271527833,4831.507214681384,3002.8217051326137,0.002298789223917316
2012-01-14,3960.0,4620.0,4840.0,3010.0,0.002387663772404908
2012-01-15,3967.7586692395316,4628.904984409011,4848.854264191051,3017.469569935069,0.0024785106493555534
2012-01-16,3975.8877238544997,4638.248468897187,4858.0986918466815,3025.242897569139,0.0025727955661268174
2012-01-17,3984.3933802258225,4648.040600567425,4867.765782985088,3033.33360960383,0.0026708309566094404
2012-01-18,3993.281854734417,4658.291526522619,4877.888037624464,3041.75533274076,0.0027725449328148406
2012-01-19,4002.559363761198,4669.011393865663,4888.497955783005,3050.5216936815464,0.0028778622354440004
2012-01-20,4012.2321236870825,4680.210349699455,4899.628037478905,3059.646319127809,0.002986704198665734
2012-01-21,4022.306350892988,4691.898541126889,4911.31078273036,3069.142835781167,0.0030989887279500453
2012-01-22,4032.788261759831,4704.08611525086,4923.578691555564,3079.0248703432385,0.0032146302912913326
2012-01-23,4043.6840726685305,4716.7832191742655,4936.464263972713,3089.306049515644,0.0033335399240965713
2012-01-24,4055.0,4730.0,4950.0,3100.0,0.0034556252479615987
2012-01-25,4066.723318656571,4743.723512190465,4964.187248825288,3111.0983079933744,0.003573706051572113
2012-01-26,4078.7655376262323,4757.848439646102,4978.902756315125,3122.5043976746306,0.003659553856518992
2012-01-27,4091.0192244183886,4772.246373626859,4993.992117505723,3134.0996527180787,0.0037065693226937787
2012-01-28,4103.376946542441,4786.788905392678,5009.300927433296,3145.765456798028,0.0037153083053843073
2012-01-29,4115.73127150779,4801.34762620351,5024.6747811340565,3157.3831935887906,0.0036863322099215516
2012-01-30,4127.974766823842,4815.794127319302,5039.95927364422,3168.834246764678,0.0036201935169379077
2012-01-31,4140.0,4830.0,5055.0,3180.0,0.0035174220379563027
2012-02-01,4151.711243068032,4843.8506344448515,5069.660349259478,3190.777576038023,0.003383444545323275
2012-02-02,4163.059586149182,4857.286616610303,5083.874886568206,3201.1270538978342,0.003238310801955286
2012-02-03,4174.007823887059,4870.262331392102,5097.595971093608,3211.024251667477,0.003087015623227769
2012-02-04,4184.518750925273,4882.732163685992,5110.775962003101,3220.4449874349934,0.0029295771012838837
2012-02-05,4194.555161907432,4894.650498387722,5123.36721846411,3229.3650792884273,0.0027660031685548515
2012-02-06,4204.0798514771495,4905.971720393038,5135.322099644056,3237.7603453158217,0.002596291301636096
2012-02-07,4213.055614278033,4916.650214597686,5146.592964710358,3245.6066036052193,0.0024204282070734227
2012-02-08,4221.445244953695,4926.640365897412,5157.1321728304365,3252.879672244663,0.0022383894856294064
2012-02-09,4229.2115381477415,4935.896559187965,5166.892083171717,3259.5553693221964,0.002050139271447994
2012-02-10,4236.317288503786,4944.373179365089,5175.8250549016175,3265.6095129258606,0.0018556298423515274
2012-02-11,4242.725290665437,4952.02461132453,5183.883447187559,3271.0179211437003,0.00165480119727613
2012-02-12,4248.398339276304,4958.805239962038,5191.019619196964,3275.75641206376,0.0014475805965937507
2012-02-13,4253.299228979996,4964.669450173355,5197.185930097253,3279.800803774078,0.0012338820607552298
2012-02-14,4257.390754420126,4969.571626854231,5202.334739055848,3283.126914362701,0.0010136058223530748
2012-02-15,4260.635710240301,4973.466154900411,5206.41840524017,3285.710561917671,0.0007866377262427984
2012-02-16,4262.996891084131,4976.307419207639,5209.389287817637,3287.52756452703,0.0005528485719475415
2012-02-17,4264.437091595229,4978.0498046716675,5211.199745955674,3288.553740278823,0.00031209339196361206
2012-02-18,4264.919106417202,4978.647696188238,5211.802138821702,3288.764907261091,6.421065898010162e-05
2012-02-19,4264.405730193659,4978.055478653098,5211.14882558314,3288.1368835618773,-0.0001909785856917567
2012-02-20,4262.859757568214,4976.2275369619965,5209.192165407413,3286.6454872692266,-0.0004536716910500334
2012-02-21,4260.243983184473,4973.118256010675,5205.884517461937,3284.2665364711793,-0.000724085452184598
2012-02-22,4256.521201686048,4968.682020694885,5201.178240914137,3280.9758492557803,-0.0010024572735124898
2012-02-23,4251.654207716549,4962.873215910371,5195.0256949314335,3276.7492437110714,-0.0012890464513373098
2012-02-24,4245.605795919583,4955.646226552878,5187.379238681246,3271.562537925096,-0.0015841355890183068
2012-02-25,4238.338760938765,4946.955437518156,5178.191231330999,3265.3915499858977,-0.0018880321597289067
2012-02-26,4229.8158974177,4936.755233701948,5167.414032048109,3258.212097981518,-0.002201070233672583
2012-02-27,4220.0,4925.0,5155.0,3250.0,-0.0025236123888387283
2012-02-28,4208.891514238041,4911.6938503619995,5140.954853460495,3240.741779409382,-0.002852748478991288
2012-02-29,4196.641489319262,4897.039814953376,5125.497747129022,3230.466780697674,-0.003175606921366452
2012-03-01,4183.438625339863,4881.290652993495,5108.901194811407,3219.215053632877,-0.003489083265937706
2012-03-02,4169.471622396051,4864.6991237017255,5091.437710313478,3207.0266479829966,-0.0037933276808017145
2012-03-03,4154.929180584029,4847.517986297439,5073.379807441067,3193.941613516037,-0.004088460420145108
2012-03-04,4140.0,4830.0,5055.0,3180.0,-0.004374572782318303
2012-03-05,4124.890505830566,4812.409200471712,5036.5803337523175,3165.299458136033,-0.004633530146899424
2012-03-06,4109.878023623918,4795.054729146594,5018.4409822848775,3150.1680423578405,-0.004791868450266393
2012-03-07,4095.2576040186427,4778.257003901602,5000.911651140758,3134.9914080322706,-0.004829364773354089
2012-03-08,4081.3242976533306,4762.336442613694,4984.32204586303,3120.155210526171,-0.004743685873997444
2012-03-09,4068.3731551665664,4747.613463159822,4969.001871994766,3106.0451052063886,-0.00453250096695696
2012-03-10,4056.6992271969402,4734.408483416943,4955.280835079037,3093.0467474397715,-0.004193639044343352
2012-03-11,4046.5975643830393,4723.041921262013,4943.488640658919,3081.545792593168,-0.003725255738719057
2012-03-12,4038.363217363453,4713.834194571984,4933.954994277483,3071.927896033424,-0.003126008130865689
2012-03-13,4032.2912367767663,4707.105721223814,4927.009601477799,3064.5787131273873,-0.0023952345814076095
2012-03-14,4028.6766732615706,4703.176919094456,4922.982167802943,3059.883899241907,-0.0015331352649934028
2012-03-15,4027.8145774564528,4702.368206060866,4922.202398795986,3058.229109743828,-0.0005409476863213217
2012-03-16,4030.0,4705.0,4925.0,3060.0,0.0005788898303287752
2012-03-17,4035.3801002407768,4711.227801748588,4931.533603564063,3065.407132139946,0.0017654772744939724
2012-03-18,4043.510472367244,4720.547443982455,4941.277548061256,3073.9606953438924,0.0027864656357900713
2012-03-19,4053.79881927784,4732.289842337205,4953.535098670672,3084.9957855547427,0.0035834323731712566
2012-03-20,4065.652843871002,4745.785912448441,4967.6095205713955,3097.8474987154,0.004157223814002638
2012-03-21,4078.480249045169,4760.366569951764,4982.804078942517,3111.8509307687664,0.004510188683169898
2012-03-22,4091.6887376987756,4775.362730482778,4998.422038963122,3126.3411776577464,0.004645664223884043
2012-03-23,4104.686012730261,4790.105309677084,5013.766665812302,3140.6533353252416,0.004567478883014878
2012-03-24,4116.8797770380625,4803.925223170283,5028.141224669142,3154.1224997141553,0.004279480412969909
2012-03-25,4127.677733520617,4816.153386597982,5040.848980712731,3166.0837667673914,0.0037850920775628263
2012-03-26,4136.487585076363,4826.120715595778,5051.193199122157,3175.872232427852,0.003086894148899853
2012-03-27,4142.7170346037365,4833.158125799275,5058.477145076509,3182.82299263844,0.002186223032567606
2012-03-28,4145.773785001175,4836.596532844076,5062.004083754875,3186.271143342059,0.0010827759699843782
2012-03-29,4145.065539167117,4835.766852365783,5061.077280336342,3185.551780481611,-0.0002257949952798782
2012-03-30,4140.0,4830.0,5055.0,3180.0,-0.001744320706435249
2012-03-31,4130.268298806502,4818.947042595211,5043.411601338957,3169.2716619729567,-0.0033793949316657953
2012-04-01,4116.695280526267,4803.539651851448,5027.295816602416,3154.3056830075243,-0.004733398863259676
2012-04-02,4100.38921850718,4785.029650681625,5007.972471453598,3136.361743843574,-0.005704955170592274
2012-04-03,4082.4583860971243,4764.668861998653,4986.761391555723,3116.6995252209745,-0.0062888503980076
2012-04-04,4064.011056643986,4743.70910871545,4964.982402572018,3096.5787078795993,-0.006476738018919464
2012-04-05,4046.1555034956496,4723.4022137449265,4943.955330165702,3077.2589725593166,-0.0062586026336462946
2012-04-06,4030.0,4705.0,4925.0,3060.0,-0.005624340811704944
2012-04-07,4016.438548424527,4689.512481980185,4909.180102310516,3045.8155948867407,-0.004646203413655391
2012-04-08,4005.508066715145,4676.982440531412,4896.534785622397,3034.7360576855167,-0.003644257987170534
2012-04-09,3997.0312017373717,4667.210848086214,4886.84706303317,3026.5458128075284,-0.002702481104725091
2012-04-10,3990.8306003567245,4659.998677077122,4879.899947640362,3021.029284663976,-0.0018243774024197773
2012-04-11,3986.7289094387224,4655.146899936669,4875.476452541501,3017.9708976660577,-0.0010128786776127706
2012-04-12,3984.5487758488816,4652.456489097385,4873.359590834114,3017.155076224974,-0.00027035771898796713
2012-04-13,3984.112846452725,4651.728416991805,4873.3323756157315,3018.3662447519255,0.0004013467863993809
2012-04-14,3985.243768115769,4652.76365605246,4875.177819983879,3021.388827658111,0.001000895937759482
2012-04-15,3987.764187703531,4655.363178711884,4878.6789370360875,3026.0072493547323,0.0015274086683575495
2012-04-16,3991.4967520815308,4659.3279574026055,4883.618739869882,3032.0059342529867,0.0019804139334249674
2012-04-17,3996.2641081152865,4664.4589645571605,4889.780241582793,3039.1693067640763,0.0023597987377751463
2012-04-18,4001.8889026703155,4670.557172608081,4896.946455272346,3047.2817912991986,0.002665753559347424
2012-04-19,4008.193782612137,4677.423553987896,4904.900394036072,3056.1278122695553,0.002898716533553121
2012-04-20,4015.001394806269,4684.859081129142,4913.425070971495,3065.491794086345,0.0030593175409077866
2012-04-21,4022.134386118232,4692.664726464349,4922.303499176148,3075.15816116077,0.003148323102355959
2012-04-22,4029.4154034135413,4700.641462426048,4931.318691747553,3084.911337904026,0.003166582745382159
2012-04-23,4036.667093557717,4708.590261446773,4940.253661783243,3094.535748727316,0.0031149772691848256
2012-04-24,4043.7121034162783,4716.312095959056,4948.891422380744,3103.8158180418386,0.0029943691152412425
2012-04-25,4050.373079854742,4723.60793839543,4957.014986637584,3112.535970258795,0.0028055548442932747
2012-04-26,4056.4726697386277,4730.278761188427,4964.407367651293,3120.4806297893833,0.0025492195329317674
2012-04-27,4061.8335199334515,4736.125536770576,4970.851578519394,3127.434221044803,0.00222589273140055
2012-04-28,4066.278277304735,4740.949237574415,4976.13063233942,3133.1811684362565,0.0018359054655573653
2012-04-29,4069.6295887179954,4744.550836032471,4980.027542208897,3137.5058963749407,0.0013793476152361068
2012-04-30,4071.71010103875,4746.731304577279,4982.325321225353,3140.1928292720577,0.0008560248519787404
2012-05-01,4072.342461132519,4747.291615641372,4982.806982486316,3141.0263915388064,0.0002654141631866501
2012-05-02,4071.34931586482,4746.032741657281,4981.255539089316,3139.791007586387,-0.00039338318242556226
2012-05-03,4068.5533121011695,4742.755655057536,4977.454004131876,3136.2711018259974,-0.001121692573491563
2012-05-04,4063.777096707089,4737.261328274674,4971.185390711529,3130.2510986688408,-0.0019213224868412165
2012-05-05,4056.8433165480965,4729.350733741224,4962.232711925801,3121.515422526115,-0.002794628301789559
2012-05-06,4047.574618489709,4718.82484388972,4950.37898087222,3109.848497809019,-0.0037445857757547004
2012-05-07,4035.7936493974457,4705.484631152693,4935.4072106483145,3095.034748928755,-0.00477487695952558
2012-05-08,4021.323056136824,4689.131067962673,4917.100414351611,3076.8586002965203,-0.005889991984952326
2012-05-09,4003.985485573364,4669.565126752197,4895.241605079638,3055.104476323517,-0.007095351021170965
2012-05-10,3983.6035845725823,4646.587779953795,4869.613795929925,3029.556801420943,-0.008397451843390281
2012-05-11,3960.0,4620.0,4840.0,3000.0,-0.009804049996540637
2012-05-12,3933.552276375113,4590.226447089217,4806.874574705649,2966.9102209672806,-0.011091207012632732
2012-05-13,3906.857548833337,4560.186532483351,4773.477254735701,2933.530511210956,-0.011314431367563061
2012-05-14,3883.06785016407,4533.42335521018,4743.7391190972385,2903.795642114589,-0.010187926974193533
2012-05-15,3865.335213156706,4513.48001429748,4721.59124679735,2881.6403850617453,-0.0076590131674912154
2012-05-16,3856.811670600643,4503.899608773033,4710.964716843127,2870.999511435991,-0.0036994791793854348
2012-05-17,3860.6492552852756,4508.225237664613,4715.790608241647,2875.8077926208866,0.0016733751638087129
2012-05-18,3880.0,4530.0,4740.0,2900.0,0.00837713086177569
2012-05-19,3915.784799949548,4570.258329667808,4784.7372710472055,2944.726495097502,0.015305204863714965
2012-05-20,3960.0,4620.0,4840.0,3000.0,0.018596346811966348
2012-05-21,4004.1212416715857,4669.639466854853,4895.136414839631,3055.183026508031,0.018227212638148645
2012-05-22,4046.4659034398096,4717.284576752571,4948.044141317666,3108.174884715426,0.017196198829547423
2012-05-23,4087.0617980189863,4762.966523878836,4998.7581546282445,3159.0090842893346,0.016222697365140547
2012-05-24,4125.936738123434,4806.716502419326,5047.3134299655085,3207.7191348969095,0.015301737204417947
2012-05-25,4163.118536467471,4848.565706559728,5093.744942523606,3254.338546205304,0.014428908693617548
2012-05-26,4198.635005765415,4888.545330485722,5138.0876674966785,3298.9008278816686,0.01360028712906902
2012-05-27,4232.513958731584,4926.686568382988,5180.376580078866,3341.439489593155,0.012812368521369384
2012-05-28,4264.7832080802955,4963.020614437211,5220.646655464317,3381.9880410069163,0.012062015349432284
2012-05-29,4295.470566525868,4997.578662834072,5258.932868847168,3420.5799917901036,0.011346410539921357
2012-05-30,4324.603846782619,5030.391907759254,5295.270195421567,3457.2488516098692,0.010663018255132954
2012-05-31,4352.210861564864,5061.491543398437,5329.693610381657,3492.0281301333657,0.0100095503447505
2012-06-01,4378.319423586923,5090.908763937305,5362.23808892158,3524.951337027744,0.009383937531771334
2012-06-02,4402.957345563113,5118.674763561536,5392.938606235477,3556.0519819601554,0.008784304573417666
2012-06-03,4426.152440207753,5144.820736456818,5421.830137517496,3585.363574597754,0.008208948773971549
2012-06-04,4447.93252023516,5169.37787680883,5448.947657961775,3612.9196246076895,0.007656321335743587
2012-06-05,4468.32539835965,5192.377378803252,5474.326142762459,3638.753641657115,0.007125011122566256
2012-06-06,4487.358887295543,5213.85043662577,5498.000567113694,3662.8991354131836,0.00661373048168869
2012-06-07,4505.060799757156,5233.828244462063,5520.005906209619,3685.3896155430452,0.006121302828245156
2012-06-08,4521.458948458809,5252.341996497816,5540.37713524438,3706.2585917138526,0.005646651744149439
2012-06-09,4536.581146114816,5269.422886918708,5559.149229412119,3725.5395735927573,0.005188791382488356
2012-06-10,4550.455205439497,5285.102109910423,5576.35716390698,3743.266070846913,0.004746818000869677
2012-06-11,4563.108939147168,5299.41085965864,5592.035913923101,3759.4715931434685,0.0043199024740040864
2012-06-12,4574.570159952147,5312.380330349044,5606.220454654633,3774.1896501495776,0.003907283658152432
2012-06-13,4584.866680568755,5324.041716167318,5618.945761295715,3787.4537515323937,0.003508262498679849
2012-06-14,4594.026313711307,5334.426211299141,5630.24680904049,3799.2974069590664,0.0031221967876255492
2012-06-15,4602.07687209412,5343.565009930196,5640.1585730831,3809.754126096747,0.002748496491306512
2012-06-16,4609.046168431513,5351.489306246166,5648.716028617692,3818.85741861259,0.002386619579063463
2012-06-17,4614.962015437805,5358.230294432732,5655.954150838408,3826.640794173747,0.0020360682936318257
2012-06-18,4619.852225827311,5363.819168675577,5661.907914939388,3833.137762447369,0.001696385811583633
2012-06-19,4623.744612314352,5368.287123160383,5666.6122961147785,3838.381833100608,0.0013671532490364517
2012-06-20,4626.666987613243,5371.66535207283,5670.10226955872,3842.4065158006156,0.0010479869736117415
2012-06-21,4628.647164438302,5373.985049598601,5672.412810465357,3845.245320214545,0.0007385361885567453
2012-06-22,4629.712955503848,5375.277409923379,5673.578894028834,3846.931756009546,0.0004384807591688058
2012-06-23,4629.892173524198,5375.573627232846,5673.635495443292,3847.499332852773,0.0001475292553020155
2012-06-24,4629.212631213671,5374.904895712683,5672.617589902875,3846.9815604113755,-0.00013458281315173988
2012-06-25,4627.7021412865815,5373.3024095485725,5670.560152601725,3845.411948352508,-0.00040809458820927595
2012-06-26,4625.388516457251,5370.797362926197,5667.498158733987,3842.824006343321,-0.0006732213012661391
2012-06-27,4622.299569439997,5367.420950031237,5663.466583493803,3839.2512440509663,-0.0009301555721585256
2012-06-28,4618.463112949134,5363.204365049378,5658.500402075317,3834.727171142597,-0.001179068584171988
2012-06-29,4613.906959698982,5358.178802166297,5652.634589672671,3829.2852972853634,-0.001420111147838227
2012-06-30,4608.658922403861,5352.375455567681,5645.904121480009,3822.95913214642,-0.0016534146650640515
2012-07-01,4602.746813778083,5345.825519439207,5638.343972691472,3815.7821853929145,-0.001879092004028195
2012-07-02,4596.19844653597,5338.560187966562,5629.989118501206,3807.787966692003,-0.002097238294286133
2012-07-03,4589.04163339184,5330.610655335425,5620.874534103354,3799.009985710836,-0.0023079316507296933
2012-07-04,4581.304187060009,5322.008115731476,5611.035194692056,3789.481752116564,-0.0025112338342798608
2012-07-05,4573.013920254794,5312.783763340402,5600.506075461458,3779.2367755763407,-0.002707190856617671
2012-07-06,4564.198645690517,5302.968792347884,5589.322151605704,3768.3085657573183,-0.0028958335357155236
2012-07-07,4554.88617608149,5292.594396939602,5577.5183983189345,3756.7306323266484,-0.003077178008479846
2012-07-08,4545.104324142034,5281.691771301237,5565.129790795292,3744.53648495148,-0.0032512262064552165
2012-07-09,4534.880902586468,5270.292109618476,5552.191304228924,3731.7596332989706,-0.003417966300213239
2012-07-10,4524.243724129107,5258.426606076995,5538.737913813969,3718.433587036267,-0.0035773731178164415
2012-07-11,4513.22060148427,5246.1264548624795,5524.804594744573,3704.5918558305248,-0.003729408542488335
2012-07-12,4501.8393473662745,5233.422850160611,5510.426322214877,3690.2679493488927,-0.003874021894527857
2012-07-13,4490.127774489438,5220.346986157072,5495.6380714190245,3675.495377258526,-0.004011150302298387
2012-07-14,4478.1136955680795,5206.9300570375435,5480.474817551161,3660.3076492265745,-0.004140719067095921
2012-07-15,4465.824923316515,5193.203256987707,5464.971535805427,3644.73827492019,-0.004262642026572925
2012-07-16,4453.289270449064,5179.197780193247,5449.163201375967,3628.820764006526,-0.004376821921394402
2012-07-17,4440.534549680042,5164.944820839843,5433.084789456924,3612.5886261527326,-0.004483150769748126
2012-07-18,4427.58857372377,5150.475573113178,5416.771275242441,3596.075371025964,-0.00458151025432216
2012-07-19,4414.4791552945635,5135.821231198935,5400.257633926662,3579.3145082933693,-0.004671772126374895
2012-07-20,4401.234107106739,5121.012989282793,5383.578840703726,3562.3395476221026,-0.004753798631487886
2012-07-21,4387.881241874617,5106.082041550437,5366.769870767781,3545.1839986793157,-0.004827442961640607
2012-07-22,4374.448372312516,5091.0595821875495,5349.865699312969,3527.8813711321604,-0.0048925497381853795
2012-07-23,4360.96331113475,5075.976805379809,5332.90130153343,3510.4651746477866,-0.004948955530327572
2012-07-24,4347.453871055639,5060.864905312901,5315.911652623313,3492.96891889335,-0.004996489413650124
2012-07-25,4333.9478647895,5045.755076172505,5298.931727776756,3475.4261135359984,-0.00503497357318967
2012-07-26,4320.473105050652,5030.6785121443045,5281.996502187903,3457.870268242887,-0.0050642239554430585
2012-07-27,4307.057404553412,5015.666407413983,5265.140951050901,3440.3348926811673,-0.005084050973610436
2012-07-28,4293.728576012098,5000.749956167219,5248.4000495598875,3422.8534965179897,-0.005094260270156293
2012-07-29,4280.514432141026,4985.960352589696,5231.808772909008,3405.4595894205067,-0.005094653540586617
2012-07-30,4267.442785654517,4971.328790867097,5215.402096292408,3388.1866810558704,-0.005085029422046396
2012-07-31,4254.541449266886,4956.886465185103,5199.214994904227,3371.0682810912335,-0.005065184449990354
2012-08-01,4241.838235692452,4942.664569729396,5183.2824439386095,3354.1378991937477,-0.005034914085769412
2012-08-02,4229.360957645533,4928.694298685659,5167.639418589699,3337.4290450305634,-0.004994013817466903
2012-08-03,4217.1374278404455,4915.006846239572,5152.320894051639,3320.975228268834,-0.004942280335733201
2012-08-04,4205.195458991509,4901.63340657682,5137.3618455185715,3304.809958575712,-0.004879512785689708
2012-08-05,4193.56286381304,4888.605173883082,5122.79724818464,3288.9667456183474,-0.004805514095184015
2012-08-06,4182.267455019355,4875.953342344041,5108.662077243987,3273.479099063893,-0.004720092378804589
2012-08-07,4171.337045324775,4863.709106145381,5094.9913078907575,3258.380528579502,-0.004623062416076899
2012-08-08,4160.799447443616,4851.903659472781,5081.8199153190935,3243.704543832325,-0.00451424720117243
2012-08-09,4150.682474090196,4840.568196511926,5069.1828747231375,3229.484654489514,-0.004393479560265924
2012-08-10,4141.0139379788325,4829.733911448496,5057.115161297034,3215.7543702182215,-0.004260603831400813
2012-08-11,4131.821651823843,4819.431998468172,5045.651750234925,3202.547200685599,-0.00411547760032983
2012-08-12,4123.133428339546,4809.693651756639,5034.827616730954,3189.8966555587986,-0.0039579734843522155
2012-08-13,4114.977080240258,4800.550065499578,5024.677735979264,3177.836244504972,-0.0037879809546463882
2012-08-14,4107.380420240299,4792.0324338826695,5015.237083173999,3166.399477191272,-0.0036054081860272228
2012-08-15,4100.371261053984,4784.171951091596,5006.540633509301,3155.6198632848495,-0.0034101839214782325
2012-08-16,4093.9774153956323,4776.99981131204,4998.623362179313,3145.5309124528562,-0.003202259337211321
2012-08-17,4088.2266959795625,4770.547208729685,4991.520244378178,3136.1661343624455,-0.0029816098924717667
2012-08-18,4083.146915520091,4764.845337530211,4985.266255300041,3127.5590386807685,-0.002748237146811487
2012-08-19,4078.7658867315354,4759.9253918993,4979.896370139044,3119.743135074977,-0.002502170526176687
2012-08-20,4075.111422328214,4755.818566022635,4975.445564089328,3112.751933212223,-0.0022434690179357624
2012-08-21,4072.2113350244454,4752.556054085899,4971.948812345041,3106.618942759659,-0.0019722227739132087
2012-08-22,4070.093437534545,4750.1690502747715,4969.441090100321,3101.377673384436,-0.001688554599699962
2012-08-23,4068.785542572834,4748.688748774936,4967.957372549316,3097.0616347537075,-0.0013926213079487482
2012-08-24,4068.3154628536263,4748.146343772074,4967.532634886164,3093.704336534623,-0.0010846149131720454
2012-08-25,4068.7110110912427,4748.573029451868,4968.201852305011,3091.3392883943366,-0.0007647636456510735
2012-08-26,4070.0,4750.0,4970.0,3090.0,-0.0004333327626291381
2012-08-27,4072.2020672813824,4752.4502585515565,4972.949918378304,3089.7062346086286,-9.507422535635234e-05
2012-08-28,4075.304150585552,4755.914044039249,4977.025908699219,3090.4227698367054,0.0002318835839096027
2012-08-29,4079.2850125498344,4760.3734043451905,4982.190137435066,3092.100636890572,0.0005427774339629029
2012-08-30,4084.1234158115585,4765.8103873515,4988.404771058177,3094.690866976576,0.0008373420166910754
2012-08-31,4089.7981230080477,4772.207040940287,4995.631976040868,3098.14449130106,0.0011153613757555832
2012-09-01,4096.287896776632,4779.54541299367,5003.833918855469,3102.4125410703705,0.0013766667804520538
2012-09-02,4103.571499754639,4787.807551393765,5012.972765974307,3107.4460474908524,0.0016211343466415171
2012-09-03,4111.627694579396,4796.975504022684,5023.0106838697,3113.196041768851,0.001848682445671466
2012-09-04,4120.435243888229,4807.031318762546,5033.909839013979,3119.61355511071,0.0020592689412195497
2012-09-05,4129.972910318465,4817.957043495463,5045.632397879466,3126.6496187227754,0.0022528882924771486
2012-09-06,4140.219456507435,4829.734726103553,5058.140526938488,3134.255263811393,0.002429568559986642
2012-09-07,4151.153645092461,4842.346414468928,5071.396392663367,3142.3815215829054,0.0025893683479827
2012-09-08,4162.754238710873,4855.774156473704,5085.362161526427,3150.979423243659,0.0027323737142559033
2012-09-09,4175.0,4870.0,5100.0,3160.0,0.002858695075516522
2012-09-10,4187.8201257506935,4884.946460074579,5115.219290876857,3169.362605036977,0.0029584691066382746
2012-09-11,4200.945549367937,4900.29792030282,5130.718282231592,3178.8598794544687,0.0029921073264894404
2012-09-12,4214.057638410228,4915.679231434752,5146.14243845925,3188.2527863310556,0.002950446829985664
2012-09-13,4226.837760436075,4930.715244220407,5161.137223954874,3197.3022887453194,0.002834368623006337
2012-09-14,4238.9672830039835,4945.0308094098145,5175.3481031135125,3205.7693497758437,0.0026446888130184786
2012-09-15,4250.1275736724565,4958.250777753,5188.420540330205,3213.414932501209,0.0023821052658767605
2012-09-16,4260.0,4970.0,5200.0,3220.0,0.002047145992481379
2012-09-17,4268.332555636871,4979.9810005319605,5209.806349699671,3225.3376427935877,0.0016562806511060044
2012-09-18,4275.139738600315,4988.2069982545045,5217.857069732903,3229.449461174516,0.0012740370428584108
2012-09-19,4280.502672999333,4994.768885704377,5224.244043585114,3232.409182878117,0.0009160590082854496
2012-09-20,4284.502482942925,4999.757555418321,5229.059154741716,3234.290535639725,0.0005818587213194903
2012-09-21,4287.220292540088,5003.263899933077,5232.394286688123,3235.1672471946736,0.0002710309239954523
2012-09-22,4288.7372258998175,5005.37881178539,5234.341322909753,3235.113045278294,-1.675411695648715e-05
2012-09-23,4289.13440713112,5006.193183512002,5234.992146892022,3234.2016576259216,-0.00028175709491850854
2012-09-24,4288.492960342989,5005.79790764966,5234.438642120344,3232.5068119728903,-0.0005241756914836354
2012-09-25,4286.894009644427,5004.283876735103,5232.772692080135,3230.1022360545326,-0.0007441502376056395
2012-09-26,4284.418679144427,5001.741983305075,5230.086180256807,3227.0616576061816,-0.0009417690872203005
2012-09-27,4281.148092951995,4998.263119896321,5226.470990135777,3223.4588043631716,-0.0011170737737844097
2012-09-28,4277.163375176125,4993.938179045581,5222.019005202462,3219.367404060835,-0.0012700640122686908
2012-09-29,4272.545649925817,4988.8580532896,5216.822108942275,3214.861184434506,-0.0014007026020620528
2012-09-30,4267.37604131007,4983.11363516512,5210.97218484063,3210.013873219518,-0.0015089202797574366
2012-10-01,4261.735673437885,4976.795817208887,5204.561116382947,3204.8991981512045,-0.0015946205646794015
2012-10-02,4255.705670418257,4969.99549195764,5197.680787054636,3199.5908869648983,-0.0016576846341630385
2012-10-03,4249.3671563601865,4962.8035519481255,5190.423080341115,3194.162667395933,-0.0016979762597976885
2012-10-04,4242.801255372673,4955.310889717084,5182.879879727799,3188.6882671796425,-0.001715346830039709
2012-10-05,4236.089091564716,4947.60839780126,5175.143068700102,3183.24141405136,-0.0017096404786231098
2012-10-06,4229.311789045313,4939.786968737397,5167.3045307434395,3177.895835746419,-0.0016806993320064708
2012-10-07,4222.550471923462,4931.937495062237,5159.456149343227,3172.725260000152,-0.0016283688826116264
2012-10-08,4215.886264308164,4924.150869312523,5151.689807984882,3167.8034145478955,-0.0015525034877908132
2012-10-09,4209.4002903084165,4916.517984024999,5144.097390153813,3163.204027124978,-0.0014529719873018687
2012-10-10,4203.173674033218,4909.129731736409,5136.770779335442,3159.000825466737,-0.0013296634245540176
2012-10-11,4197.28753959157,4902.077004983495,5129.801859015182,3155.267537308504,-0.0011824928491351496
2012-10-12,4191.823011092469,4895.450696302998,5123.282512678447,3152.077890385614,-0.001011407170055262
2012-10-13,4186.8612126449125,4889.341698231665,5117.304623810653,3149.505612433398,-0.0008163910210608693
2012-10-14,4182.483268357903,4883.840903306235,5111.960075897216,3147.6244311871915,-0.0005974725912078215
2012-10-15,4178.7703023404365,4879.039204063455,5107.34075242355,3146.508074382327,-0.0003547293659874596
2012-10-16,4175.803438701513,4875.027493040066,5103.53853687507,3146.2302697541386,-8.829371671797729e-05
2012-10-17,4173.663801550132,4871.896662772811,5100.645312737192,3146.864745037959,0.00020164173096986427
2012-10-18,4172.432514995291,4869.737605798435,5098.752963495331,3148.4852279691213,0.0005148190248045325
2012-10-19,4172.19070314599,4868.641214653678,5097.953372634902,3151.16544628296,0.0008509101898335509
2012-10-20,4173.019490111226,4868.698381875285,5098.338423641319,3154.979127714809,0.0012095129922965507
2012-10-21,4175.0,4870.0,5100.0,3160.0,0.0015901472488244037
2012-10-22,4178.193656577848,4872.615190111588,5103.007853538097,3166.2827463590074,0.0019862369977528263
2012-10-23,4182.583082236452,4876.525987481918,5107.34320944973,3173.8058719528653,0.0023731936815560364
2012-10-24,4188.131199024039,4881.692655929878,5112.965161270755,3182.52883742775,0.0027446543801241162
2012-10-25,4194.800928988828,4888.07545927436,5119.832802537026,3192.4111034298357,0.003100350437683489
2012-10-26,4202.555194179042,4895.634661334252,5127.905226784402,3203.412130605297,0.0034400694396415675
2012-10-27,4211.356916642902,4904.330525928447,5137.141527548741,3215.4913796003084,0.003763653164262394
2012-10-28,4221.169018428634,4914.123316875835,5147.5007983659,3228.608311061048,0.004070995237805334
2012-10-29,4231.954421584458,4924.973297995306,5158.942132771732,3242.7223856336855,0.00436203854002641
2012-10-30,4243.676048158595,4936.840733105751,5171.424624302096,3257.7930639643996,0.004636772406360226
2012-10-31,4256.296820199271,4949.685886026058,5184.907366492852,3273.7798066993646,0.00489522967165025
2012-11-01,4269.779659754702,4963.46902057512,5199.349452879853,3290.642074484755,0.0051374835983339084
2012-11-02,4284.087488873116,4978.150400571827,5214.709976998955,3308.3393279667443,0.005363644729357804
2012-11-03,4299.183229602734,4993.69028983507,5230.948032386019,3326.83102779151,0.005573857703151339
2012-11-04,4315.029803991777,5010.048952183737,5248.0227125769,3346.076634605226,0.0057682980646702655
2012-11-05,4331.590134088467,5027.18665143672,5265.893111107452,3366.0356090540654,0.005947169103071657
2012-11-06,4348.8271419410285,5045.063651412911,5284.518321513537,3386.667411784206,0.006110698742954901
2012-11-07,4366.703749597683,5063.6402159311965,5303.857437331008,3407.931503441822,0.006259136512529368
2012-11-08,4385.182879106651,5082.876608810471,5323.869552095724,3429.7873446730873,0.006392750608517089
2012-11-09,4404.227452516157,5102.733093869624,5344.513759343541,3452.1943961241777,0.006511825074165057
2012-11-10,4423.800391874422,5123.169934927543,5365.749152610314,3475.1121184412664,0.006616657103484536
2012-11-11,4443.864619229668,5144.147395803122,5387.534825431904,3498.4999722705306,0.006707554481792751
2012-11-12,4464.3830566301185,5165.6257403152495,5409.8298713441645,3522.3174182581442,0.006784833169792883
2012-11-13,4485.318626123995,5187.5652322828155,5432.593383882952,3546.5239170502814,0.006848815035884693
2012-11-14,4506.634249759521,5209.926135524712,5455.784456584128,3571.078929293119,0.006899825739073252
2012-11-15,4528.292849584916,5232.668713859828,5479.362182983543,3595.9419156328304,0.0069381927628069965
2012-11-16,4550.257347648404,5255.7532311070545,5503.285656617058,3621.0723367155906,0.006964243598307681
2012-11-17,4572.490665998208,5279.139951085285,5527.513971020529,3646.4296531875752,0.006978304074401049
2012-11-18,4594.955726682551,5302.789137613406,5552.006219729815,3671.9733256949594,0.006980696829588997
2012-11-19,4617.6154517496525,5326.661054510307,5576.721496280767,3697.6628148839154,0.00697173992102317
2012-11-20,4640.432763247736,5350.7159655948835,5601.6188942092485,3723.457581400622,0.006951745564189718
2012-11-21,4663.370583225023,5374.914134686019,5626.657507051111,3749.3170858912513,0.006921018996422155
2012-11-22,4686.391833729738,5399.21582560261,5651.796428342214,3775.2007890019795,0.0068798574568909865
2012-11-23,4709.4594368101025,5423.581302163544,5676.994751618414,3801.0681513789814,0.006828549275313998
2012-11-24,4732.536314514337,5447.970828187712,5702.211570415568,3826.8786336684316,0.006767373061451414
2012-11-25,4755.585388890666,5472.344667494004,5727.405978269533,3852.591696516505,0.006696596987302859
2012-11-26,4778.569581987311,5496.663083901312,5752.537068716165,3878.166800569377,0.006616478153915775
2012-11-27,4801.451815852492,5520.886341228525,5777.563935291322,3903.563406473222,0.006527262034771154
2012-11-28,4824.1950125344365,5544.974703294535,5802.445671530861,3928.7409748742157,0.0064291819878267665
2012-11-29,4846.76209408136,5568.888433918229,5827.141370970637,3953.6589664185312,0.00632245882846904
2012-11-30,4869.115982541492,5592.587796918502,5851.610127146507,3978.2768417523444,0.006207300455832115
2012-12-01,4891.21959996305,5616.033056114242,5875.811033594333,4002.554061521833,0.006083901525160505
2012-12-02,4913.035868394258,5639.184475324338,5899.703183849963,4026.450086373167,0.005952443159147267
2012-12-03,4934.527709883336,5662.002318367682,5923.245671449261,4049.9243769525247,0.005813092691432246
2012-12-04,4955.658046478509,5684.446849063164,5946.397589928081,4072.93639390608,0.005666003435666288
2012-12-05,4976.3898002279975,5706.478331229677,5969.11803282228,4095.445597880007,0.0055113144738287035
2012-12-06,4996.685893180025,5728.057028686107,5991.366093667714,4117.411449520481,0.005349150457670855
2012-12-07,5016.5092473828145,5749.143205251347,6013.100866000244,4138.793409473679,0.005179621417380575
2012-12-08,5035.822784884586,5769.697124744288,6034.281443355721,4159.550938385773,0.005002822571738941
2012-12-09,5054.589427733565,5789.679050983819,6054.866919270007,4179.643496902941,0.004818834134187853
2012-12-10,5072.77209797797,5809.049247788831,6074.816387278956,4199.030545671354,0.00462772110932848
2012-12-11,5090.333717666025,5827.767978978214,6094.088940918426,4217.67154533719,0.004429533074471077
2012-12-12,5107.237208845952,5845.79550837086,6112.643673724271,4235.525956546623,0.00422430394086092
2012-12-13,5123.445493565976,5863.092099785657,6130.439679232353,4252.553239945827,0.004012051689218292
2012-12-14,5138.921493874314,5879.618017041499,6147.436050978526,4268.712856180979,0.003792778074153689
2012-12-15,5153.628131819192,5895.333523957271,6163.591882498644,4283.964265898251,0.003566468291899956
2012-12-16,5167.528329448833,5910.198884351868,6178.866267328569,4298.2669297438215,0.0033330906056478478
2012-12-17,5180.585008811455,5924.174362044177,6193.218299004154,4311.580308363861,0.003092595922501471
2012-12-18,5192.761091955285,5937.220220853093,6206.6070710612585,4323.86386240455,0.0028449173157924835
2012-12-19,5204.019500928543,5949.296724597502,6218.991677035739,4335.077052512058,0.0025899694860626126
2012-12-20,5214.32315777945,5960.364137096298,6230.33121046345,4345.179339332562,0.00232764815360353
2012-12-21,5223.634984556231,5970.382722168368,6240.584764880251,4354.130183512239,0.0020578293748073403
2012-12-22,5231.917903307108,5979.312743632606,6249.711433821999,4361.889045697262,0.0017803687739625222
2012-12-23,5239.1348360803,5987.114465307897,6257.6703108245465,4368.415386533805,0.0014951006812905186
2012-12-24,5245.248704924033,5993.748151013137,6264.4204894237555,4373.668666668043,0.001201837167108829
2012-12-25,5250.222431886527,5999.174064567215,6269.921063155482,4377.608346746154,0.0009003669608942268
2012-12-26,5254.0189390160085,6003.352469789021,6274.131125555582,4380.193887414311,0.0005904542427755594
2012-12-27,5256.601148360694,6006.243630497445,6277.009770159911,4381.384749318687,0.0002718372935025052
2012-12-28,5257.931981968808,6007.807810511376,6278.516090504327,4381.140393105458,-5.577301276060183e-05
2012-12-29,5257.974361888574,6008.005273649708,6278.6091801246885,4379.420279420801,-0.00039269489044378074
2012-12-30,5256.691210168213,6006.796283731329,6277.248132556849,4376.183868910889,-0.000739277519285495
2012-12-31,5254.045448855949,6004.14110457513,6274.392041336668,4371.3906222218975,-0.0010959031383101674
2013-01-01,5250.0,6000.0,6270.0,4365.0,-0.0014629893827052475
2013-01-02,5244.5307921225585,5994.346949679559,6264.04525184194,4356.986568959109,-0.0018375247960568182
2013-01-03,5237.665779641685,5987.210796706328,6256.557639194523,4347.385320084076,-0.002206075956162158
2013-01-04,5229.445923449404,5978.634100027563,6247.581154149021,4336.24635042749,-0.0025655108804288843
2013-01-05,5219.912184437741,5968.659418590514,6237.159788796706,4323.619757041939,-0.0029161195280940485
2013-01-06,5209.105523498725,5957.3293113424315,6225.337535228849,4309.55563698001,-0.0032581597990610396
2013-01-07,5197.06690152438,5944.686337230569,6212.158385536724,4294.104087294292,-0.003591858997957171
2013-01-08,5183.837279406732,5930.773055202173,6197.666331811599,4277.315205037373,-0.003917415110543841
2013-01-09,5169.457618037806,5915.6320242045,6181.905366144748,4259.239087261842,-0.004234997909731847
2013-01-10,5153.968878309633,5899.305803184801,6164.919480627444,4239.925831020286,-0.004544749906556824
2013-01-11,5137.412021114236,5881.8369510903285,6146.752667350957,4219.425533365294,-0.004846787159808917
2013-01-12,5119.82800734364,5863.26802686833,6127.448918406558,4197.788291349453,-0.005141199956642667
2013-01-13,5101.257797889873,5843.6415894660595,6107.05222588552,4175.064202025351,-0.005428053375315544
2013-01-14,5081.7423536449605,5823.000197830767,6085.606581879115,4151.3033624455775,-0.005707387740236392
2013-01-15,5061.322635500931,5801.386410909709,6063.155978478615,4126.555869662721,-0.005979218978721445
2013-01-16,5040.039604349808,5778.842787650131,6039.744407775291,4100.871820729369,-0.006243538888211613
2013-01-17,5017.93422108362,5755.411886999289,6015.415861860416,4074.301312698109,-0.006500315322242182
2013-01-18,4995.047446594391,5731.136267904432,5990.21433282526,4046.8944426215303,-0.006749492303114095
2013-01-19,4971.420241774148,5706.058489312812,5964.183812761095,4018.7013075522195,-0.006990990069001186
2013-01-20,4947.093567514917,5680.221110171681,5937.368293759193,3989.772004542765,-0.007224705063162157
2013-01-21,4922.108384708725,5653.666689428289,5909.811767910826,3960.1566306457557,-0.007450509872961755
2013-01-22,4896.505654247599,5626.437786029891,5881.558227307269,3929.905282913781,-0.007668253126570229
2013-01-23,4870.326337023562,5598.576958923735,5852.651664039787,3899.0680583994263,-0.00787775935548938
2013-01-24,4843.611393928644,5570.126767057074,5823.136070199657,3867.695054155282,-0.008078828831445397
2013-01-25,4816.40178585487,5541.12976937716,5793.055437878151,3835.836367233935,-0.008271237386710144
2013-01-26,4788.738473694263,5511.628524831243,5762.453759166535,3803.5420946879735,-0.008454736227514182
2013-01-27,4760.662418338855,5481.6655923665785,5731.375026156088,3770.862333569987,-0.008629051750969943
2013-01-28,4732.214580680669,5451.283530930415,5699.863230938079,3737.8471809325633,-0.008793885376758062
2013-01-29,4703.435921611731,5420.524899470001,5667.962365603777,3704.5467338282883,-0.008948913405774481
2013-01-30,4674.367402024067,5389.432256932593,5635.716422244457,3671.011089309752,-0.009093786919004506
2013-01-31,4645.049982809705,5358.0481622654415,5603.16939295139,3637.2903444295434,-0.009228131731027558
2013-02-01,4615.524624860671,5326.415174415797,5570.3652698158485,3603.4345962402485,-0.009351548413792193
2013-02-02,4585.832289068989,5294.575852330912,5537.348044929104,3569.4939417944565,-0.009463612407608688
2013-02-03,4556.013936326688,5262.572754958038,5504.1617103824265,3535.518478144757,-0.009563874237683019
2013-02-04,4526.110527525791,5230.448441244425,5470.850258267089,3501.5583023437352,-0.009651859855901126
2013-02-05,4496.163023558328,5198.245470137326,5437.4576806743635,3467.6635114439814,-0.009727071128990825
2013-02-06,4466.212385316323,5166.006400583993,5404.027969695522,3433.884202498083,-0.009788986495592046
2013-02-07,4436.299573691803,5133.773791531676,5370.6051174218355,3400.2704725586286,-0.009837061816062819
2013-02-08,4406.465549576794,5101.590201927628,5337.233115944578,3366.872418678206,-0.009870731440095542
2013-02-09,4376.75127386332,5069.498190719099,5303.955957355016,3333.7401379094026,-0.009889409518250377
2013-02-10,4347.197707443413,5037.540316853342,5270.8176337444265,3300.923727304809,-0.009892491584342465
2013-02-11,4317.845811209093,5005.7591392776085,5237.86213720408,3268.4732839170106,-0.00987935643614243
2013-02-12,4288.736546052389,4974.197216939148,5205.133459825247,3236.438904798596,-0.009849368341967566
2013-02-13,4259.910872865328,4942.897108785215,5172.675593699201,3204.8706870021556,-0.009801879600419674
2013-02-14,4231.409752539935,4911.901373763059,5140.532530917211,3173.8187275802748,-0.009736233479587473
2013-02-15,4203.274145968237,4881.252570819934,5108.748263570555,3143.333123585544,-0.009651767560423165
2013-02-16,4175.545014042259,4850.993258903089,5077.366783750496,3113.46397207055,-0.00954781750663239
2013-02-17,4148.2633176540285,4821.165996959775,5046.432083548311,3084.2613700878806,-0.009423721280074475
2013-02-18,4121.470017695571,4791.813343937246,5015.988155055272,3055.775414690125,-0.009278823816389635
2013-02-19,4095.2060750589144,4762.977858782753,4986.07899036265,3028.0562029298717,-0.009112482170113985
2013-02-20,4069.5124506360817,4734.7021004435455,4956.748581561715,3001.1538318597063,-0.008924071131914672
2013-02-21,4044.430105319102,4707.028627866878,4928.0409207437415,2975.1183985322205,-0.008712989312669383
2013-02-22,4020.0,4680.0,4900.0,2950.0,-0.00847866567990864
2013-02-23,3996.286292097356,4653.68720362319,4872.699174599046,2925.864598713683,-0.008215144041996783
2013-02-24,3973.445925135965,4628.274936848836,4846.329252518573,2902.8416187161065,-0.007899900552294845
2013-02-25,3951.659039167173,4603.976325622344,4821.110404913557,2881.076349448153,-0.0075261689828824
2013-02-26,3931.10577424233,4581.004495889131,4797.262802938975,2860.714080350711,-0.007092684662964211
2013-02-27,3911.966270412781,4559.572573594607,4775.006617749804,2841.900100864663,-0.006598394052147777
2013-02-28,3894.4206677298766,4539.893684684184,4754.562020501023,2824.779700430896,-0.006042498650159544
2013-03-01,3878.6491062449627,4522.180955103274,4736.1491823476035,2809.498168490294,-0.005424499738189324
2013-03-02,3864.831726009388,4506.647510797287,4719.988274444527,2796.2007944837433,-0.004744242969748125
2013-03-03,3853.1486670745,4493.506477711638,4706.2994679467665,2785.0328678521287,-0.004001961649501738
2013-03-04,3843.780069491646,4482.970981791736,4695.302934009302,2776.1396780363357,-0.003198317377598164
2013-03-05,3836.9060733121755,4475.254148982997,4687.21884378711,2769.666514477249,-0.002334436608152892
2013-03-06,3832.706818587433,4470.569105230826,4682.267368435164,2765.7586666157545,-0.0014119415881762108
2013-03-07,3831.3624453687703,4469.1289764806415,4680.668679108445,2764.561423892737,-0.0004329741216158414
2013-03-08,3833.0530937075323,4471.146888677853,4682.642946961927,2766.2200757490814,0.0005997893448425882
2013-03-09,3837.9589036550688,4476.835967767871,4688.410343150587,2770.8799116256737,0.0016831326821989776
2013-03-10,3846.2600152627256,4486.409339696108,4698.191038829404,2778.6862209633987,0.0028133062296865833
2013-03-11,3858.136568581852,4500.080130407978,4712.205205153352,2789.7842932031426,0.0039860449672368655
2013-03-12,3873.768703663794,4518.0614658488885,4730.673013277407,2804.319417785788,0.0051965991491120375
2013-03-13,3893.3365605599006,4540.5664719642555,4753.81463435655,2822.4368841522237,0.006439777380158556
2013-03-14,3917.0202793215203,4567.808274699489,4781.850239545755,2844.281981743332,0.007710001615232072
2013-03-15,3945.0,4600.0,4815.0,2870.0,0.00900137304676114
2013-03-16,3977.3193773856365,4637.196473645552,4853.320597316771,2899.6150197294455,0.010265946591163491
2013-03-17,4013.476125224528,4678.819320753312,4896.214754863618,2932.6662872042257,0.011334028504113674
2013-03-18,4052.8314720017197,4724.131866274793,4942.9217064505865,2968.5718400632286,0.01216897036505352
2013-03-19,4094.746646202256,4772.397435161509,4992.680685887736,3006.7497159453424,0.01277869150440092
2013-03-20,4138.582876311186,4822.879352364977,5044.730926985123,3046.617952489458,0.013172440597792625
2013-03-21,4183.701390813553,4874.840942836715,5098.3116635528,3087.594587334464,0.013360229724697534
2013-03-22,4229.463418194405,4927.545531528236,5152.662129400823,3129.0976581192494,0.013352337789481158
2013-03-23,4275.2301869387875,4980.256443391056,5207.021558339246,3170.545202482704,0.013158886417578538
2013-03-24,4320.362925531747,5032.237003376689,5260.629184178126,3211.355258063717,0.0127894855490324
2013-03-25,4364.2228624583295,5082.750536436653,5312.724240727516,3250.9458625011775,0.012252941800190773
2013-03-26,4406.17122620358,5131.060367522462,5362.545961797471,3288.7350534339735,0.011557019991085106
2013-03-27,4445.569245252545,5176.429821585631,5409.333581198047,3324.140868500996,0.010708246701201404
2013-03-28,4481.778148090271,5218.122223577677,5452.326332739298,3356.5813453411333,0.009711743963604105
2013-03-29,4514.159163201804,5255.400898450115,5490.76345023128,3385.474521593275,0.00857108090019725
2013-03-30,4542.073519072191,5287.529171154459,5523.884167484048,3410.23843489631,0.007288130936838362
2013-03-31,4564.882444186476,5313.770366642227,5550.927718307655,3430.2911228891276,0.00586292194604792
2013-04-01,4581.947167029707,5333.387809864933,5571.133336512158,3445.050623210618,0.004293465994683075
2013-04-02,4592.628916086929,5345.644825774091,5583.740255907613,3453.934973499669,0.0025755540653587994
2013-04-03,4596.2889198431885,5349.80473932122,5587.987710304071,3456.3622113951697,0.0007024988738913773
2013-04-04,4592.288406783532,5345.130875457834,5583.11493351159,3451.750374536011,-0.0013351946676998538
2013-04-05,4579.988605393005,5330.886559135447,5568.361159340224,3439.517500561081,-0.003550257237296243
2013-04-06,4558.750744156653,5306.335115305577,5542.965621600029,3419.0816271092694,-0.005959215154099861
2013-04-07,4527.936051559523,5270.739868919737,5506.167554101058,3389.8607918194643,-0.008583128739690917
2013-04-08,4486.905756086662,5223.364144929445,5457.206190653369,3351.2730323305573,-0.01144857288664777
2013-04-09,4435.021086223113,5163.471268286214,5395.320765067014,3302.7363862814345,-0.014588950468992966
2013-04-10,4371.643270453925,5090.324563941559,5319.750511152048,3243.6688913109865,-0.01804626981954907
2013-04-11,4296.133537264143,5003.187356846999,5229.734662718529,3173.488585058104,-0.021873580212686136
2013-04-12,4207.853115138815,4901.322971954049,5124.51245357651,3091.6135051616757,-0.026138358219681163
2013-04-13,4106.1632325629835,4783.994734214221,5003.323117536045,2997.461689260588,-0.030927297640960253
2013-04-14,3990.425118021697,4650.465968579034,4865.405888407191,2890.4511749937337,-0.03635322108633128
2013-04-15,3860.0,4500.0,4710.0,2770.0,-0.04256528565505914
2013-04-16,3720.182398550995,4338.696434201581,4543.384788550676,2640.970224619845,-0.04770096123033462
2013-04-17,3600.0,4200.0,4400.0,2530.0,-0.04292705622948359
2013-04-18,3526.920397300649,4115.55984269641,4312.444825035225,2462.309172139764,-0.027119705225405966
2013-04-19,3498.437643647618,4082.4976504398815,4277.79582362489,2435.668275642439,-0.010878432783791848
2013-04-20,3504.5524072958424,4089.3032470914654,4284.248898057856,2440.9855172623243,0.002180693546368375
2013-04-21,3535.2653565002565,4124.466456512218,4319.999950622989,2469.169103753722,0.011479840528306882
2013-04-22,3580.5771595157976,4176.477102563189,4373.244883609149,2511.1272418709336,0.016850053870393886
2013-04-23,3630.4884845974,4233.825009105432,4432.179599305198,2557.7681383682593,0.018403304609361258
2013-04-24,3675.0,4285.0,4485.0,2600.0,0.016376387742775073
2013-04-25,3706.299703412528,4321.008498668788,4522.468037113894,2630.676545347854,0.011729609658426158
2013-04-26,3725.3249102598897,4342.923326777068,4545.60985859312,2650.433540303102,0.007482172045607052
2013-04-27,3735.2002654009884,4354.333905550953,4558.017661515401,2661.852262584424,0.004298993047858518
2013-04-28,3739.050413694725,4358.82965621656,4563.283642958456,2667.5139899104975,0.0021247289781967786
2013-04-29,3740.0,4360.0,4565.0,2670.0,0.0009315236546335121
2013-04-30,3740.6237625505264,4360.801969160087,4566.130045439151,2671.4526156288985,0.0005439028553613711
2013-05-01,3741.2968130792533,4361.663040086414,4567.121554960605,2672.2583398023066,0.00030155979102685374
2013-05-02,3741.844356693943,4362.378300201278,4567.793419970448,2672.3647205826273,3.980852499140483e-05
2013-05-03,3742.091598502355,4362.742836926969,4567.964531874775,2671.719306032263,-0.00024154356491709077
2013-05-04,3741.863743612248,4362.55173768578,4567.453782079673,2670.269644213614,-0.0005427423634665718
2013-05-05,3740.9859971313845,4361.600089900007,4566.080061991234,2667.9632831890844,-0.0008640916196049466
2013-05-06,3739.2835641675238,4359.68298099194,4563.662263015549,2664.7477710210756,-0.0012059579170983544
2013-05-07,3736.5816498284275,4356.595498383872,4560.019276558705,2660.57065577199,-0.0015687760884856936
2013-05-08,3732.7054592218547,4352.1327294980965,4554.969994026796,2655.379485504228,-0.0019530551566182346
2013-05-09,3727.4801974555653,4346.089761756908,4548.33330682591,2649.121808280194,-0.00235938489985814
2013-05-10,3720.731069637322,4338.261682582598,4539.928106362139,2641.7451721622883,-0.002788443151140645
2013-05-11,3712.283280874884,4328.443579397459,4529.573284041573,2633.197125212915,-0.003241003957935921
2013-05-12,3701.9620362760106,4316.430539623785,4517.0877312703005,2623.4252154944743,-0.003717946750442429
2013-05-13,3689.592540948462,4302.017650683867,4502.290339454412,2612.376991069368,-0.0042202666896990594
2013-05-14,3675.0,4285.0,4485.0,2600.0,-0.004749086396834457
2013-05-15,3658.18902822066,4265.383327952863,4465.237082014247,2586.351008531385,-0.005263439731283056
2013-05-16,3639.8818791295785,4244.015986756682,4443.827865408714,2571.9236556389933,-0.005593882238855489
2013-05-17,3620.9802159281676,4221.95698158407,4421.800107796061,2557.32079848091,-0.005693975688773842
2013-05-18,3602.385701817836,4200.265317607638,4400.181566788936,2543.1452942152164,-0.005558527595987476
2013-05-19,3585.0,4180.0,4380.0,2530.0,-0.005182317033107601
2013-05-20,3569.555288154478,4162.020862781846,4362.089163750556,2518.371740680436,-0.004606744701672867
2013-05-21,3556.1058018747426,4146.391055366185,4346.5068091965195,2508.283211850085,-0.0040140182572458456
2013-05-22,3544.5362912326664,4132.974556014101,4333.116686202451,2499.641076789598,-0.0034513874975719617
2013-05-23,3534.7315063001324,4121.635342986681,4321.782544632915,2492.35199877963,-0.0029203098160821496
2013-05-24,3526.576197149016,4112.23739454501,4312.368134352476,2486.322641100832,-0.00242207457305035
2013-05-25,3519.955113851196,4104.644688950172,4304.737205225695,2481.459667033856,-0.001957805442613073
2013-05-26,3514.7530064785524,4098.721204463254,4298.753507117136,2477.6697398593574,-0.0015284650193108406
2013-05-27,3510.854625102962,4094.330919345344,4294.2807898913625,2474.859522857987,-0.0011348614632667167
2013-05-28,3508.1447197963053,4091.337811857524,4291.182803412938,2472.9356793103984,-0.0007776569425101274
2013-05-29,3506.5080406304573,4089.605860260881,4289.323297546425,2471.804872497243,-0.00045737762012811826
2013-05-30,3505.8293376773,4088.999042816501,4288.566022156389,2471.3737656991766,-0.00017442493209867085
2013-05-31,3505.9933610087096,4089.38133778547,4288.774727107391,2471.5490221968494,7.091209200175231e-05
2013-06-01,3506.8848606965644,4090.6167234288723,4289.813162263996,2472.237305270915,0.000278443699998989
2013-06-02,3508.388586812744,4092.5691780077955,4291.545077490766,2473.3452782020263,0.00044806569537445803
2013-06-03,3510.389289429125,4095.1026797833224,4293.834222652263,2474.779604270835,0.0005797453148617432
2013-06-04,3512.771718617588,4098.081207016541,4296.544347613053,2476.4469467579956,0.0006735068706727255
2013-06-05,3515.42062445001,4101.368737968536,4299.539202237698,2478.2539689441605,0.000729417293607827
2013-06-06,3518.22075699827,4104.829250900395,4302.682536390763,2480.1073341099814,0.0007475716830050061
2013-06-07,3521.0568663342456,4108.3267240732,4305.838099936808,2481.913705536112,0.0007280789385995205
2013-06-08,3523.8137025298156,4111.725135748041,4308.869642740399,2483.5797465032047,0.0006710475185209367
2013-06-09,3526.3760156568596,4114.8884641859995,4311.640914666099,2485.0121202919127,0.0005765713372279676
2013-06-10,3528.628555787254,4117.680687648163,4314.01566557847,2486.117490182888,0.0004447157872786355
2013-06-11,3530.456072992879,4119.965784395619,4315.857645342078,2486.8025194567854,0.00027550383955589943
2013-06-12,3531.743317345611,4121.60773268945,4317.030603821482,2486.9738713942547,6.890214761245088e-05
2013-06-13,3532.37503891733,4122.470510790744,4317.3982908812495,2486.5382092759514,-0.00017519294709702883
2013-06-14,3532.2359877799136,4122.418096960584,4316.824456385942,2485.4021963825267,-0.0004569696418326286
2013-06-15,3531.210914005241,4121.314469460059,4315.172850200121,2483.472495994634,-0.0007767152944575987
2013-06-16,3529.18456766519,4119.023606550252,4312.307222188354,2480.655771392926,-0.001134831637008388
2013-06-17,3526.0416988316374,4115.409486492249,4308.0913222151985,2476.858685858054,-0.001531850813597938
2013-06-18,3521.6670575764647,4110.336087547137,4302.388900145224,2471.987902670673,-0.001968452516369784
2013-06-19,3515.9453939715486,4103.667387976002,4295.06370584299,2465.950085111436,-0.002445482540775412
2013-06-20,3508.7614580887675,4095.2673660399273,4285.979489173062,2458.6518964609936,-0.0029639731376124743
2013-06-21,3500.0,4085.0,4275.0,2450.0,-0.0035251656068093816
2013-06-22,3489.633763428294,4072.83300870989,4262.095020449816,2439.9777569051644,-0.0040991013155498674
2013-06-23,3477.9874667013764,4059.1490733935993,4247.658461694301,2428.875319937426,-0.00456060432956581
2013-06-24,3465.473821798145,4044.4346158677154,4232.190267166688,2417.0595397537786,-0.004876583751842388
2013-06-25,3452.505540697495,4029.176057948828,4216.190380300217,2404.8972670112175,-0.0050445489337772945
2013-06-26,3439.4953353783226,4013.859821453521,4200.158744528119,2392.7553523667375,-0.005061617224383182
2013-06-27,3426.8559178195255,3998.9723281983825,4184.595303283636,2381.0006464773332,-0.004924729981778394
2013-06-28,3415.0,3985.0,4170.0,2370.0,-0.004630883872698747
2013-06-29,3404.2651820668516,3972.3408150594823,4156.781730838691,2360.053080748404,-0.004205844519914692
2013-06-30,3394.688616840015,3961.0389771160153,4144.985202874152,2351.190825162892,-0.003762176705562194
2013-07-01,3386.232345307636,3951.05024629331,4134.564075909064,2343.3769868404834,-0.00332888813244107
2013-07-02,3378.8584084578574,3942.3303827150726,4125.472009746115,2336.5753193781966,-0.002906727165669808
2013-07-03,3372.528847278824,3934.8351465050127,4117.6626641879875,2330.7495763730485,-0.00249639618443988
2013-07-04,3367.20570275868,3928.5202977868385,4111.089699037365,2325.863511422059,-0.0020985495904501487
2013-07-05,3362.85101588557,3923.3415966842585,4105.706774096932,2321.8808781222456,-0.0017137923004330545
2013-07-06,3359.4268276476378,3919.254803320982,4101.467549169375,2318.7654300706276,-0.001342678718763111
2013-07-07,3356.895179033029,3916.2156778207172,4098.325684057376,2316.480920864223,-0.0009857121794262843
2013-07-08,3355.2181110298857,3914.179980307172,4096.2348385636205,2314.99110410005,-0.0006433448404861577
2013-07-09,3354.3576646263546,3913.103470904056,4095.148672490791,2314.2597333751282,-0.00031597800883294947
2013-07-10,3354.2758808105787,3912.941909735076,4095.020845641573,2314.2505622864746,-3.962868425400501e-06
2013-07-11,3354.9348005707016,3913.651056923942,4095.8050178186504,2314.9273444311084,0.00029239841850699493
2013-07-12,3356.296464894868,3915.1866725943623,4097.454848824707,2316.2538334060473,0.0005728512706701876
2013-07-13,3358.322914771223,3917.5045168700462,4099.923998462429,2318.193782808311,0.0008371869427471226
2013-07-14,3360.9761911879104,3920.5603498746996,4103.166126534498,2320.7109462349163,0.0010852405128712757
2013-07-15,3364.2183351330746,3924.3099317320334,4107.134892843601,2323.7690772828837,0.0013168886396030658
2013-07-16,3368.0113875948596,3928.709022565756,4111.783957192419,2327.3319295492292,0.0015320471251845688
2013-07-17,3372.317389561409,3933.7133824995744,4117.066979383638,2331.363256630972,0.0017306683210032213
2013-07-18,3377.098382020869,3939.2787716571993,4122.9376192199425,2335.8268121251326,0.0019127384097309978
2013-07-19,3382.316405961381,3945.360950162337,4129.349536504016,2340.6863496287265,0.0020782745967472824
2013-07-20,3387.933502371093,3951.9156781386973,4136.256391038544,2345.905622738774,0.0022273222412104395
2013-07-21,3393.9117122381463,3958.8987157099887,4143.611842626208,2351.4483850522934,0.0023599519545691033
2013-07-22,3400.2130765506868,3966.2658229999197,4151.369551069697,2357.278390166302,0.002476256691617431
2013-07-23,3406.7996362968574,3973.972760132198,4159.48317617169,2363.359391677819,0.0025763488562904413
2013-07-24,3413.6334324648033,3981.9752872305335,4167.906377734874,2369.6551431838625,0.0026603574414797828
2013-07-25,3420.6765060426683,3990.2291644186344,4176.592815561933,2376.129398281452,0.002728425219215864
2013-07-26,3427.890898018597,3998.6901518202076,4185.496149455551,2382.7459105676044,0.002780705994657153
2013-07-27,3435.238649380734,4007.3140095589633,4194.570039218411,2389.4684336393384,0.002817361934540357
2013-07-28,3442.681801117223,4016.0564977586105,4203.7681446532,2396.260721093674,0.00283856097803393
2013-07-29,3450.1823942162086,4024.8733765428556,4213.0441255626,2403.086526527628,0.0028444743354027564
2013-07-30,3457.7024696658345,4033.720406035409,4222.351641749296,2409.909603538219,0.0028352740775066153
2013-07-31,3465.2040684542453,4042.5533463599786,4231.644353015971,2416.693705722466,0.002811130816911833
2013-08-01,3472.6492315695864,4051.327957640273,4240.875919165312,2423.4025866773864,0.0027722114793547236
2013-08-02,3480.0,4060.0,4250.0,2430.0,0.0027186771624067236
2013-08-03,3487.2199283898667,4068.526770778322,4258.971829128984,2436.4519400221066,0.0026516007481084567
2013-08-04,3494.278626008504,4076.8717161762115,4267.752935386253,2442.7333640146303,0.0025747853673693745
2013-08-05,3501.147215781465,4084.999819610096,4276.306421412062,2448.8214699832806,0.002489232695489562
2013-08-06,3507.7968206343025,4092.8760644964004,4284.595389846664,2454.6934559337637,0.002395012086655218
2013-08-07,3514.198563492571,4100.465434251553,4292.582943330312,2460.3265198717877,0.002292184541323301
2013-08-08,3520.3235672818196,4107.7329122919755,4300.232184503262,2465.6978598030582,0.002180802061081316
2013-08-09,3526.1429549276054,4114.6434820341,4307.506216005764,2470.7846737332843,0.0020609070106577688
2013-08-10,3531.6278493554787,4121.162126894349,4314.368140478073,2475.564159668173,0.0019325314826566973
2013-08-11,3536.749373490993,4127.253830289149,4320.781060560441,2480.0135156134306,0.0017956966603671098
2013-08-12,3541.478650259703,4132.883575634927,4326.708078893124,2484.109939574765,0.001650412173731684
2013-08-13,3545.7868025871594,4138.016346348109,4332.112298116374,2487.8306295578845,0.0014966754432902186
2013-08-14,3549.644953398915,4142.617125845121,4336.956820870444,2491.1527835684947,0.0013344710066166396
2013-08-15,3553.024225620525,4146.650897542391,4341.204749795589,2494.053599612305,0.0011637698214431778
2013-08-16,3555.89574217754,4150.082644856342,4344.819187532061,2496.51027569502,0.0009845285392730391
2013-08-17,3558.2306259955135,4152.877351203403,4347.763236720113,2498.5000098223495,0.000796688742900524
2013-08-18,3560.0,4155.0,4350.0,2500.0,0.0006001761407339404
2013-08-19,3561.184716651753,4156.427243454556,4351.504863932985,2500.9954685168327,0.00039810815116604885
2013-08-20,3561.804546552345,4157.182408943506,4352.302350764372,2501.5037347943276,0.00020320494160487143
2013-08-21,3561.8889898385473,4157.300492635273,4352.429266660475,2501.550142537117,1.8551766152776207e-05
2013-08-22,3561.467546647133,4156.816490698292,4351.922417787611,2501.160035449837,-0.00015595830027789555
2013-08-23,3560.5697171148736,4155.765399300987,4350.818610312092,2500.358757237117,-0.0003204139593544131
2013-08-24,3559.225001378545,4154.182214611793,4349.1546504002345,2499.1716516035954,-0.0004748868628669026
2013-08-25,3557.4628995749176,4152.101932799135,4346.967344218352,2497.624062253903,-0.0006194327276114994
2013-08-26,3555.312911840765,4149.559550031443,4344.293497932758,2495.741332892673,-0.0007540924012004039
2013-08-27,3552.8045383128606,4146.590062477148,4341.169917709771,2493.5488072245407,-0.0008788928876427782
2013-08-28,3549.9672791279763,4143.228466304679,4337.633409715701,2491.071828954139,-0.0009938483407569837
2013-08-29,3546.830634422886,4139.509757682465,4333.720780116867,2488.335741786101,-0.0010989610328278469
2013-08-30,3543.424104334361,4135.468932778932,4329.46883507958,2485.3658894250602,-0.001194222305320057
2013-08-31,3539.7771889991755,4131.140987762515,4324.914380770155,2482.187615575651,-0.0012796135078919832
2013-09-01,3535.919388554102,4126.56091880164,4320.0942233549085,2478.8262639425066,-0.0013551069314266255
2013-09-02,3531.8802031359132,4121.7637220647375,4315.045169000155,2475.30717823026,-0.0014206667402896038
2013-09-03,3527.6891328813826,4116.784393720235,4309.804023872206,2471.655702143546,-0.0014762499085421918
2013-09-04,3523.3756779272835,4111.657929936566,4304.40759413738,2467.897179386998,-0.0015218071643546235
2013-09-05,3518.969338410387,4106.419326882155,4298.89268596199,2464.0569536652474,-0.001557283946378435
2013-09-06,3514.4996144674674,4101.103580725434,4293.29610551235,2460.1603686829308,-0.0015826213753579767
2013-09-07,3509.9960062352966,4095.745687634831,4287.654658954775,2456.2327681446804,-0.0015977572437689484
2013-09-08,3505.488013850647,4090.3806437787757,4282.005152455579,2452.299495755129,-0.0016026270257342545
2013-09-09,3501.0051374502937,4085.0434453256985,4276.3843921810785,2448.385895218911,-0.0015971649089620255
2013-09-10,3496.576877171008,4079.7690884440285,4270.829184297587,2444.5173102406607,-0.001581304849872543
2013-09-11,3492.232733149562,4074.5925693021936,4265.376334971418,2440.7190845250107,-0.0015549816524957042
2013-09-12,3488.0022055227305,4069.548884068625,4260.062650368888,2437.0165617765947,-0.0015181320711102281
2013-09-13,3483.914794427286,4064.67302891175,4254.924936656311,2433.4350857000472,-0.0014706959359500657
2013-09-14,3480.0,4060.0,4250.0,2430.0,-0.0014126173006277225
2013-09-15,3476.281433448117,4055.557830525461,4245.317330180319,2426.7315761898153,-0.001345935739836076
2013-09-16,3472.7591502607606,4051.346701774851,4240.877151433811,2423.629797017759,-0.0012789890716257755
2013-09-17,3469.427316997529,4047.359832058553,4236.6723716110755,2420.6895730408273,-0.0012138854247073817
2013-09-18,3466.280100218014,4043.590439686937,4232.695898562701,2417.905814816014,-0.0011506473713170783
2013-09-19,3463.3116664818126,4040.031742970384,4228.940640139281,2415.273432900312,-0.0010892963165961443
2013-09-20,3460.516182348521,4036.6769602192717,4225.399504191412,2412.7873378507174,-0.0010298525173436416
2013-09-21,3457.887814377733,4033.5193097439756,4222.065398569685,2410.4424402242253,-0.0009723351028795419
2013-09-22,3455.4207291290445,4030.5520098548736,4218.931231124695,2408.2336505778276,-0.0009167620979183809
2013-09-23,3453.1090931620497,4027.7682788623433,4215.989909707034,2406.1558794685207,-0.0008631504473576369
2013-09-24,3450.9470730363464,4025.161335076762,4213.234342167296,2404.2040374532985,-0.0008115160428943605
2013-09-25,3448.928835311528,4022.7243968085068,4210.657436356075,2402.373035089155,-0.0007618737513522318
2013-09-26,3447.048546547191,4020.450682367955,4208.252100123965,2400.657782933086,-0.0007142374446363191
2013-09-27,3445.3003733029295,4018.333410065484,4206.011241321558,2399.0531915420843,-0.0006686200312114454
2013-09-28,3443.6784821383403,4016.365798211471,4203.92776779945,2397.554171473145,-0.0006250334890028126
2013-09-29,3442.1770396130164,4014.541065116293,4201.9945874082305,2396.155633283262,-0.0005834888996300434
2013-09-30,3440.7902122865557,4012.8524290903274,4200.204607998497,2394.8524875294306,-0.0005439964838745167
2013-10-01,3439.5121667185517,4011.2931084439515,4198.550737420839,2393.639644768645,-0.0005065656382894773
2013-10-02,3438.337069468601,4009.8563214875435,4197.025883525855,2392.5120155578993,-0.0004712049728626526
2013-10-03,3437.2590870962977,4008.5352865314785,4195.622954164132,2391.464510454188,-0.00043792234964213386
2013-10-04,3436.272386161239,4007.3232218861363,4194.33485718627,2390.4920400145056,-0.00040672492224662305
2013-10-05,3435.3711332230178,4006.2133458618923,4193.154500442858,2389.5895147958463,-0.00037761917617315017
2013-10-06,3434.5494948412306,4005.1988767691255,4192.074791784492,2388.7518453552048,-0.0003506109698265796
2013-10-07,3433.8016375754733,4004.27303291821,4191.088639061763,2387.973942249575,-0.00032570557620253433
2013-10-08,3433.12172798534,4003.429032619527,4190.188950125267,2387.2507160359523,-0.000302907725146568
2013-10-09,3432.503932630428,4002.660094183452,4189.368632825599,2386.577077271331,-0.0002822216461335917
2013-10-10,3431.942418070331,4001.959435920361,4188.620595013348,2385.9479365127045,-0.0002636511114990781
2013-10-11,3431.4313508646433,4001.3202761406337,4187.937744539108,2385.3582043170672,-0.00024719948007261597
2013-10-12,3430.9648975729638,4000.7358331546466,4187.312989253477,2384.8027912414154,-0.00023286974115921912
2013-10-13,3430.537224754885,4000.1993252727766,4186.739237007045,2384.2766078427417,-0.00022066455882860703
2013-10-14,3430.142498970001,3999.703970805399,4186.209395650403,2383.7745646780404,-0.00021058631645983058
2013-10-15,3429.77488677791,3999.2429880628943,4185.71637303415,2383.291572304307,-0.0002026371615191869
2013-10-16,3429.4285547382065,3998.8095953556376,4185.253077008875,2382.8225412785355,-0.00019681905053384635
2013-10-17,3429.097669410486,3998.397010994009,4184.8124154251755,2382.362382157721,-0.0001931337942338545
2013-10-18,3428.7763973543433,3997.998453288383,4184.387296133642,2381.9060054988563,-0.00019158310285084692
2013-10-19,3428.458905129373,3997.6071405491375,4183.970626984869,2381.4483218589376,-0.00019216863154539735
2013-10-20,3428.1393592951713,3997.2162910866496,4183.55531582945,2380.9842417949576,-0.00019489202597457493
2013-10-21,3427.811926411335,3996.8191232112986,4183.134270517979,2380.5086758639122,-0.00019975496796943604
2013-10-22,3427.4707730374566,3996.408855233459,4182.700398901047,2380.016534622795,-0.00020675922135070772
2013-10-23,3427.1100657331335,3995.978705463509,4182.24660882925,2379.5027286286013,-0.0002159066778684019
2013-10-24,3426.7239710579597,3995.5218922118265,4181.765808153181,2378.9621684383237,-0.00022719940329330932
2013-10-25,3426.3066555715322,3995.0316337887893,4181.250904723433,2378.3897646089586,-0.00024063968366568376
2013-10-26,3425.852285833444,3994.501148504772,4180.6948063906,2377.7804276974994,-0.0002562300717407573
2013-10-27,3425.3550284032913,3993.923654670154,4180.090421005275,2377.12906826094,-0.0002739734336425424
2013-10-28,3424.80904984067,3993.2923705953126,4179.4306564180515,2376.430596856276,-0.00029387299577460105
2013-10-29,3424.208516705177,3992.600514590625,4178.708420479524,2375.6799240405016,-0.00031593239202561097
2013-10-30,3423.547595556404,3991.8413049664687,4177.916621040285,2374.8719603706113,-0.00034015571131103354
2013-10-31,3422.8204529539485,3991.0079600332197,4177.048165950929,2374.0016164035987,-0.00036654754551222285
2013-11-01,3422.0212554574064,3990.0936981012565,4176.095963062047,2373.0638026964593,-0.00039511303786403574
2013-11-02,3421.144169626372,3989.091737480956,4175.052920224235,2372.053429806186,-0.0004258579318639405
2013-11-03,3420.183362020439,3987.995296482694,4173.911945288085,2370.965408289775,-0.00045878862076480524
2013-11-04,3419.132999199205,3986.79759341685,4172.665946104191,2369.794648704219,-0.0004939121977410606
2013-11-05,3417.987247722266,3985.491846593801,4171.3078305231475,2368.5360616065136,-0.0005312365068001374
2013-11-06,3416.7402741492156,3984.071274323923,4169.830506395546,2367.184557553653,-0.0005707701945437303
2013-11-07,3415.386245039649,3982.5290949175937,4168.226881571982,2365.735047102632,-0.0006125227628690027
2013-11-08,3413.9193269531643,3980.8585266851924,4166.489863903048,2364.182440810445,-0.0006565046227207554
2013-11-09,3412.333686449353,3979.052787937093,4164.612361239338,2362.5216492340846,-0.0007027271490099511
2013-11-10,3410.6234900878117,3977.1050969836742,4162.5872814314425,2360.7475829305467,-0.0007512027368175981
2013-11-11,3408.7829044281366,3975.008672135314,4160.407532329959,2358.8551524568265,-0.0008019448590246317
2013-11-12,3406.8060960299226,3972.7567317023895,4158.06602178548,2356.8392683699167,-0.0008549681255014121
2013-11-13,3404.6872314527654,3970.3424939952774,4155.555657648599,2354.694841226813,-0.0009102883440079228
2013-11-14,3402.42047725626,3967.7591773243557,4152.869347769907,2352.4167815845094,-0.0009679225829777828
2013-11-15,3400.0,3965.0,4150.0,2350.0,-0.0010278892363444821
2013-11-16,3397.4228091138716,3962.061446971573,4146.943923869805,2347.442008246634,-0.0010890999832333156
2013-11-17,3394.697285508903,3958.953069744364,4143.711035631583,2344.7507229631797,-0.0011471334332363169
2013-11-18,3391.8346529664104,3955.687686462644,4140.314653217927,2341.9366620047563,-0.001200874334238216
2013-11-19,3388.8461352677145,3952.278115270692,4136.768094561435,2339.010343226487,-0.0012503107410613778
2013-11-20,3385.7429561941312,3948.737174312777,4133.084677594699,2335.982284483493,-0.001295428424208934
2013-11-21,3382.5363395269787,3945.0776817331744,4129.277720250316,2332.863003630896,-0.001336211043296071
2013-11-22,3379.237509047576,3941.3124556761586,4125.36054046088,2329.6630185238187,-0.0013726403217086546
2013-11-23,3375.8576885372377,3937.454314286,4121.3464561589835,2326.39284701738,-0.0014046962229804735
2013-11-24,3372.4081017772846,3933.5160757069752,4117.248785277226,2323.063006966704,-0.0014323571293304049
2013-11-25,3368.899972549033,3929.5105580833574,4113.080845748199,2319.6840162269114,-0.0014556000227974825
2013-11-26,3365.3445246338,3925.4505795594177,4108.855955504497,2316.2663926531245,-0.0014744006693252739
2013-11-27,3361.752981812904,3921.3489582794323,4104.587432478716,2312.820654100464,-0.0014887338061549819
2013-11-28,3358.136567867662,3917.218512387673,4100.28859460345,2309.3573184240513,-0.0014985733328055624
2013-11-29,3354.506506579394,3913.0720600284144,4095.9727598112963,2305.886903479009,-0.0015038925059075229
2013-11-30,3350.8740217294157,3908.9224193459313,4091.6532460348476,2302.419927120459,-0.0015046641380892128
2013-12-01,3347.2503370990453,3904.7824084844947,4087.343371206699,2298.9669072035226,-0.0015008608010797508
2013-12-02,3343.6466764696,3900.6648455883787,4083.0564532594453,2295.5383615833207,-0.0014924550331438752
2013-12-03,3340.0742636223977,3896.582548801857,4078.8058101256806,2292.1448081149742,-0.0014794195509017804
2013-12-04,3336.5443223387556,3892.548336269203,4074.6047597380007,2288.7967646536067,-0.0014617274655508688
2013-12-05,3333.0680763999935,3888.5750261346916,4070.466620029001,2285.504749054339,-0.0014393525034375233
2013-12-06,3329.656749587426,3884.675436542594,4066.4047089312744,2282.2792791722923,-0.0014122692308637457
2013-12-07,3326.3215656823727,3880.8623856371855,4062.4323443774174,2279.130872862589,-0.0013804532829739622
2013-12-08,3323.0737484661513,3877.1486915627393,4058.562844300024,2276.0700479803504,-0.0013438815964810905
2013-12-09,3319.92452172008,3873.54717246353,4054.8095266316905,2273.107322380698,-0.001302532645938645
2013-12-10,3316.885109225475,3870.070646483828,4051.1857093050094,2270.2532139187533,-0.0012563866831951734
2013-12-11,3313.9667347636546,3866.73193176791,4047.7047102525767,2267.518240449638,-0.0012054259795978627
2013-12-12,3311.1806221159363,3863.543846460048,4044.3798474069868,2264.9129198284745,-0.0011496350704418145
2013-12-13,3308.5379950636384,3860.519208704515,4041.224438700834,2262.447769910383,-0.0010890010010917777
2013-12-14,3306.050077388078,3857.6708366455864,4038.251802066716,2260.1333085504866,-0.0010235135741260381
2013-12-15,3303.7280928705736,3855.0115484275348,4035.475255437225,2257.9800536039065,-0.0009531655967910705
2013-12-16,3301.583265292442,3852.554162194632,4032.908116744956,2255.998522925763,-0.0008779531279687097
2013-12-17,3299.626818435001,3850.311496091155,4030.563703922505,2254.1992343711795,-0.0007978757237975601
2013-12-18,3297.8699760795685,3848.2963682613745,4028.455334902464,2252.5927057952767,-0.00071293668102662
2013-12-19,3296.323962007463,3846.521596849565,4026.5963276174316,2251.189455053176,-0.0006231432770914408
2013-12-20,3295.0,3845.0,4025.0,2250.0,-0.0005285070058659142
2013-12-21,3293.9063298135143,3843.740994907981,4023.6761458655246,2249.032005068051,-0.00043031254091778997
2013-12-22,3293.0392551043988,3842.740394972924,4022.6204625604046,2248.28172099836,-0.00033365876714504033
2013-12-23,3292.392095504059,3841.990612645271,4021.825123313794,2247.7425451091376,-0.0002398456324498199
2013-12-24,3291.9581706439067,3841.484060375468,4021.282301354854,2247.407874718597,-0.0001489028663790788
2013-12-25,3291.730800155347,3841.213150613955,4020.984169912738,2247.2711071449485,-6.085754922338206e-05
2013-12-26,3291.703303669789,3841.170295811177,4020.922902216606,2247.3256397064047,2.4265830520685613e-05
2013-12-27,3291.8690008186404,3841.347908417577,4021.0906714956136,2247.5648697211773,0.00010644531362745071
2013-12-28,3292.2212112333086,3841.738400883598,4021.4796509789185,2247.9821945074773,0.00018566140295561985
2013-12-29,3292.7532545452023,3842.334185659685,4022.0820138956788,2248.571011383518,0.00026189699196033523
2013-12-30,3293.458450385729,3843.1276751962796,4022.889933475051,2249.324717667509,0.0003351372892784007
2013-12-31,3294.330118386298,3844.111281943825,4023.8955829461934,2250.2367106776637,0.0004053697397698482
2014-01-01,3295.3615781783146,3845.277418352765,4025.0911355382605,2251.300387732192,0.00047258394236082127
2014-01-02,3296.5461493931903,3846.618496873545,4026.4687644804135,2252.509146149309,0.0005367715650700976
2014-01-03,3297.877151662331,3848.126929956606,4028.020643001809,2253.8563832472237,0.0005979262575414193
2014-01-04,3299.3479046171446,3849.795130052391,4029.738944331601,2255.335496344148,0.000656043561450034
2014-01-05,3300.9517278890385,3851.615509611345,4031.615841698949,2256.939882758294,0.000711120819082509
2014-01-06,3302.681941109422,3853.5804810839104,4033.643508333012,2258.6629398078744,0.0007631570804219232
2014-01-07,3304.5318639097027,3855.682456920531,4035.814117462945,2260.498064811099,0.0008121530090290685
2014-01-08,3306.494815921287,3857.913849571649,4038.119842317905,2262.4386550861814,0.0008581107870139403
2014-01-09,3308.5641167755866,3860.2670714877086,4040.552856127051,2264.4781079513323,0.0009010340193495607
2014-01-10,3310.733086104007,3862.7345351191557,4043.1053321195404,2266.609820724764,0.0009409276378045706
2014-01-11,3312.995043537954,3865.3086529164275,4045.769443524527,2268.8271907246876,0.0009777978047067176
2014-01-12,3315.3433087088397,3867.981837329973,4048.5373635711735,2271.123615269316,0.0010116518167776255
2014-01-13,3317.77120124807,3870.7465008102336,4051.4012654886333,2273.492491676859,0.0010424980092221276
2014-01-14,3320.2720407870534,3873.595055807651,4054.3533225060637,2275.9272172655296,0.0010703456602731381
2014-01-15,3322.8391469571966,3876.5199147726717,4057.385707852625,2278.4211893535403,0.0010952048963464426
2014-01-16,3325.465839389911,3879.5134901557376,4060.490594757472,2280.9678052591016,0.0011170865979602523
2014-01-17,3328.1454377165996,3882.5681944072912,4063.660156449763,2283.5604623004247,0.0011360023065551277
2014-01-18,3330.8712615686727,3885.6764399777758,4066.8865661586537,2286.1925577957227,0.00115196413232555
2014-01-19,3333.6366305775405,3888.8306393176376,4070.1619971133046,2288.8574890632076,0.0011649846631583418
2014-01-20,3336.4348643746075,3892.0232048773155,4073.478622542869,2291.5486534210895,0.0011750768747710372
2014-01-21,3339.2592825912834,3895.2465491072558,4076.828615676507,2294.2594481875813,0.0011822540421115083
2014-01-22,3342.1032048589773,3898.4930844579026,4080.2041497433765,2296.983270680895,0.001186529652062118
2014-01-23,3344.9599508090937,3901.7552233796964,4083.5973979726314,2299.713518219241,0.0011879173174980503
2014-01-24,3347.822840073044,3905.0253783230824,4087.000533593432,2302.4435881208324,0.001186430692716582
2014-01-25,3350.6851922822343,3908.295961738504,4090.4057298349344,2305.16687770388,0.0011820833902325108
2014-01-26,3353.540327068073,3911.5593860764034,4093.8051599262967,2307.876784286596,0.0011748888989566331
2014-01-27,3356.3815640619687,3914.808063787225,4097.190997096675,2310.566705187192,0.001164860503712912
2014-01-28,3359.2022228953283,3918.034407321412,4100.5554145752285,2313.23003772388,0.001152011206080963
2014-01-29,3361.9956231995607,3921.230829129407,4103.890585591112,2315.8601792148716,0.0011363536465080761
2014-01-30,3364.755084606073,3924.3897416616546,4107.188683373485,2318.450526978378,0.0011179000276386832
2014-01-31,3367.4739267462733,3927.5035573685973,4110.441881151503,2320.994478332612,0.0010966620387922532
2014-02-01,3370.1454692515704,3930.564688700678,4113.642352154325,2323.4854305957842,0.0010726507815096299
2014-02-02,3372.7630317533717,3933.5655481083418,4116.782269611108,2325.916781086107,0.0010458766960808508
2014-02-03,3375.319933883085,3936.498548042029,4119.853806751006,2328.281927121792,0.0010163494889491686
2014-02-04,3377.8094952721194,3939.356100952187,4122.849136803183,2330.5742660210512,0.0009840780608885193
2014-02-05,3380.2250355518813,3942.130619289256,4125.76043299679,2332.787195102096,0.0009490704358211311
2014-02-06,3382.5598743537794,3944.81451550368,4128.579868560987,2334.9141116831383,0.0009113336901639626
2014-02-07,3384.8073313092214,3947.4002020459034,4131.299616724932,2336.9484130823894,0.0008708738825418832
2014-02-08,3386.9607260496155,3949.8800913663677,4133.91185071778,2338.8834966180616,0.0008276959837378807
2014-02-09,3389.01337820637,3952.246595915518,4136.40874376869,2340.7127596083665,0.0007818038067039609
2014-02-10,3390.958607410892,3954.4921281437964,4138.78246910682,2342.4295993715155,0.0007331999364780852
2014-02-11,3392.7897332945904,3956.6091005016474,4141.025199961325,2344.0274132257214,0.0006818856598160106
2014-02-12,3394.5000754888724,3958.5899254395144,4143.129109561364,2345.4995984891943,0.0006278608943536516
2014-02-13,3396.0829536251463,3960.4270154078386,4145.086371136093,2346.8395524801467,0.0005711241171038917
2014-02-14,3397.5316873348206,3962.112782857066,4146.889157914671,2348.040672516791,0.0005116722920658352
2014-02-15,3398.8395962493023,3963.6396402376386,4148.529643126254,2349.096355917338,0.0004495007967326962
2014-02-16,3400.0,3965.0,4150.0,2350.0,0.00038460334726405564
2014-02-17,3401.007889724037,3966.1881661710922,4151.294341834898,2350.7466967159394,0.00031769281367211537
2014-02-18,3401.86494258139,3967.20600908385,4152.414542209264,2351.3383165481246,0.00025164148824970394
2014-02-19,3402.574507237757,3968.0572906477096,4153.364414771247,2351.778424612474,0.00018715591802437515
2014-02-20,3403.1399323588303,3968.745772772103,4154.147773168993,2352.0705860249054,0.0001242222750546533
2014-02-21,3403.5645666103046,3969.2752173664653,4154.768431050651,2352.218365901338,6.282772082738918e-05
2014-02-22,3403.8517586578746,3969.649386340231,4155.230202064371,2352.225329357692,2.9603739803153585e-06
2014-02-23,3404.0048571672346,3969.8720416028345,4155.536899858299,2352.0950415098846,-5.5390720686247384e-05
2014-02-24,3404.0272108040776,3969.9469450637084,4155.692338080583,2351.831067473834,-0.00011223562199395619
2014-02-25,3403.9221682341004,3969.87785863229,4155.700330379374,2351.4369723654613,-0.00016758352105685067
2014-02-26,3403.6930781229953,3969.6685442180105,4155.564690402814,2350.9163213006827,-0.00022144276892485445
2014-02-27,3403.3432891364578,3969.3227637303057,4155.289231799058,2350.2726793954184,-0.00027382090326110646
2014-02-28,3402.876149940181,3968.844279078608,4154.877768216249,2349.5096117655867,-0.00032472467415016546
2014-03-01,3402.29500919986,3968.2368521723542,4154.334113302539,2348.630683527106,-0.000374160069087379
2014-03-02,3401.60321558119,3967.504244920977,4153.6620807060735,2347.6394597958965,-0.00042213233722856016
2014-03-03,3400.8041177498635,3966.650219233911,4152.865484075,2346.5395056878756,-0.0004686460129623282
2014-03-04,3399.901064371576,3965.67853702059,4151.948137057469,2345.334386318962,-0.000513704938859661
2014-03-05,3398.897404112022,3964.592960190448,4150.913853301627,2344.027666805075,-0.000557312288070499
2014-03-06,3397.7964856368953,3963.3972506529203,4149.766446455623,2342.622912262133,-0.0005994705862155357
2014-03-07,3396.60165761189,3962.095170317442,4148.509730167603,2341.123687806055,-0.0006401817328285038
2014-03-08,3395.3162687027007,3960.6904810934425,4147.147518085718,2339.5335585527596,-0.0006794470224050953
2014-03-09,3393.943667575022,3959.1869448903617,4145.683623858114,2337.8560896181652,-0.0007172671651025982
2014-03-10,3392.487202894549,3957.5883236176314,4144.1218611329405,2336.0948461181915,-0.0007536423071409324
2014-03-11,3390.9502233269736,3955.8983791846845,4142.466043558345,2334.253393168756,-0.0007885720509534732
2014-03-12,3389.336077537993,3954.120873500958,4140.719984782475,2332.3352958857786,-0.0008220554751238703
2014-03-13,3387.648114193299,3952.2595684758835,4138.887498453479,2330.344119385177,-0.0008540911541645397
2014-03-14,3385.889681958587,3950.318226018898,4136.9723982195055,2328.283428782871,-0.0008846771781602058
2014-03-15,3384.0641294995517,3948.300608039433,4134.978497728702,2326.156789194778,-0.0009138111723366722
2014-03-16,3382.174805481888,3946.210476446925,4132.909610629216,2323.967765736819,-0.0009414903165697946
2014-03-17,3380.225058571288,3944.051593150805,4130.769550569197,2321.71992352491,-0.0009677113648958729
2014-03-18,3378.218237433448,3941.8277200605103,4128.562131196793,2319.416827674971,-0.0009924706650321327
2014-03-19,3376.1576907340614,3939.5426190854732,4126.29116616015,2317.0620433029208,-0.0010157641779660921
2014-03-20,3374.046767138824,3937.200052135131,4123.960469107421,2314.659135524679,-0.0010375874976257232
2014-03-21,3371.888815313428,3934.803781118913,4121.5738536867475,2312.211669456163,-0.0010579358706772147
2014-03-22,3369.6871839235687,3932.357567946258,4119.135133546282,2309.723210213291,-0.0010768042164620276
2014-03-23,3367.4452216349405,3929.865174526597,4116.648122334171,2307.1973229119835,-0.0010941871471228275
2014-03-24,3365.1662771132374,3927.3303627693654,4114.1166336985625,2304.6375726681586,-0.0011100789879264247
2014-03-25,3362.853699024155,3924.756894583999,4111.544481287607,2302.047524597735,-0.0011244737978180679
2014-03-26,3360.510836033386,3922.1485318799296,4108.9354787494485,2299.4307438166315,-0.0011373653902288772
2014-03-27,3358.1410368066245,3919.509036566592,4106.293439732238,2296.7907954407656,-0.0011487473541596288
2014-03-28,3355.7476500095668,3916.8421705534206,4103.622177884123,2294.1312445860576,-0.0011586130755573115
2014-03-29,3353.3340243079065,3914.1516957498507,4100.925506853251,2291.4556563684264,-0.0011669557590134247
2014-03-30,3350.903508367336,3911.441374065315,4098.20724028777,2288.7675959037897,-0.0011737684497899541
2014-03-31,3348.459450853553,3908.7149674092493,4095.4711918358303,2286.070628308067,-0.0011790440561943946
2014-04-01,3346.005200432249,3905.9762376910858,4092.7211751455766,2283.3683186971757,-0.0011827753723231708
2014-04-02,3343.54410576912,3903.22894682026,4089.96100386516,2280.6642321870368,-0.0011849551011725503
2014-04-03,3341.079515529859,3900.476856706205,4087.1944916427256,2277.9619338935663,-0.001185575878147018
2014-04-04,3338.614778380161,3897.7237292583563,4084.4254521264243,2275.2649889326854,-0.001184630294948379
2014-04-05,3336.1532429857207,3894.9733263861485,4081.6576989644022,2272.576962420312,-0.0011821109238816184
2014-04-06,3333.6982580122317,3892.2294099990136,4078.8950458048084,2269.901419472364,-0.001178010342556396
2014-04-07,3331.2531721253895,3889.4957420063884,4076.1413062957913,2267.2419252047616,-0.0011723211589994736
2014-04-08,3328.8213339908857,3886.7760843177048,4073.4002940854975,2264.602044733422,-0.0011650360371827978
2014-04-09,3326.406092274419,3884.074198842399,4070.675822822077,2261.985343174265,-0.0011561477229496886
2014-04-10,3324.01079564168,3881.3938474899032,4067.971706153676,2259.395385643209,-0.0011456490703504658
2014-04-11,3321.6387927583646,3878.738792169654,4065.2917577284447,2256.835737256173,-0.001133533068372468
2014-04-12,3319.2934322901665,3876.112794791083,4062.6397911945282,2254.309963129075,-0.001119792868056617
2014-04-13,3316.9780629027814,3873.519617263627,4060.019620200078,2251.8216283778356,-0.0011044218099878773
2014-04-14,3314.696033261902,3870.9630214967187,4057.4350583932396,2249.3742981183714,-0.0010874134521519354
2014-04-15,3312.450692033223,3868.4467693997913,4054.889919422162,2246.971537466601,-0.0010687615981259395
2014-04-16,3310.2453878824385,3865.9746228822814,4052.388016934993,2244.6169115384455,-0.0010484603256001432
2014-04-17,3308.0834694752443,3863.550343853622,4049.9331645798816,2242.3139854498218,-0.0010265040152000284
2014-04-18,3305.9682854773337,3861.1776942232473,4047.529176004976,2240.066324316649,-0.0010028873795753658
2014-04-19,3303.903184554401,3858.8604359005913,4045.1798648584218,2237.8774932548463,-0.000977605492743433
2014-04-20,3301.89151537214,3856.6023307950886,4042.88904478837,2235.7510573803315,-0.00095065381964215
2014-04-21,3299.936626596246,3854.4071408161726,4040.6605294429664,2233.6905818090236,-0.0009220282458617744
2014-04-22,3298.041866892413,3852.27862787328,4038.498132470362,2231.699631656843,-0.0008917251075195678
2014-04-23,3296.2105849263353,3850.2205538758412,4036.405667518701,2229.7817720397056,-0.0008597412212370752
2014-04-24,3294.4461293637073,3848.236680733294,4034.3869482361356,2227.9405680735326,-0.0008260739141635422
2014-04-25,3292.7518488702235,3846.330770355071,4032.445788270811,2226.1795848742413,-0.0007907210540241219
2014-04-26,3291.131092111578,3844.506584650605,4030.586001270875,2224.502387557751,-0.0007536810791116501
2014-04-27,3289.587207753464,3842.7678855293334,4028.8114008844786,2222.912541239981,-0.0007149530281950061
2014-04-28,3288.1235444615772,3841.118434900687,4027.1258007597667,2221.413611036848,-0.0006745365702735496
2014-04-29,3286.743450901613,3839.561994674103,4025.5330145448893,2220.009162064273,-0.0006324320341187196
2014-04-30,3285.450275739264,3838.102326759014,4024.0368558879945,2218.7027594381743,-0.0005886404375522427
2014-05-01,3284.2473676402237,3836.743193064854,4022.6411384372286,2217.497968274469,-0.0005431635163845692
2014-05-02,3283.138075270189,3835.4883555010583,4021.3496758407427,2216.398353689078,-0.0004960037529465369
2014-05-03,3282.125747294852,3834.34157597706,4020.1662817466813,2215.4074807979187,-0.0004471644041619912
2014-05-04,3281.2137323799084,3833.3066164022944,4019.094769803195,2214.52891471691,-0.0003966495290618324
2014-05-05,3280.405379191053,3832.387238686196,4018.138953658432,2213.7662205619717,-0.0003444640156902542
2014-05-06,3279.7040363939773,3831.5872047381963,4017.302646960538,2213.122963449021,-0.00029061360731658337
2014-05-07,3279.1130526543784,3830.910276467732,4016.5896633576635,2212.6027084939774,-0.00023510492787122436
2014-05-08,3278.63577663795,3830.3602157842374,4016.003816497956,2212.2090208127597,-0.00017794550653941937
2014-05-09,3278.275557010386,3829.940784597145,4015.5489200295624,2211.9454655212867,-0.00011914380141965245
2014-05-10,3278.035742437381,3829.6557448158906,4015.2287876006326,2211.815607735477,-5.8709222173856145e-05
2014-05-11,3277.919681584629,3829.5088583499078,4015.047232859313,2211.823012571249,3.347848415069319e-06
2014-05-12,3277.930723117825,3829.503887108631,4015.008069453753,2211.9712451445216,6.70160340614517e-05
2014-05-13,3278.072215702663,3829.6445930014943,4015.1151110321007,2212.2638705712143,0.0001322829458496501
2014-05-14,3278.347508004836,3829.934737937931,4015.372171242502,2212.704453967245,0.00019913516444554588
2014-05-15,3278.759948690041,3830.3780838273765,4015.783063733107,2213.2965604485325,0.0002675582237288742
2014-05-16,3279.3128864239693,3830.9783925792635,4016.351602152063,2214.043755130995,0.0003375365959229565
2014-05-17,3280.0096698723187,3831.7394261030304,4017.081600147521,2214.9496031305534,0.00040905367830345343
2014-05-18,3280.853647700781,3832.6649463081067,4017.976871367625,2216.0176695631244,0.00048209178155716076
2014-05-19,3281.848168575051,3833.7587151039293,4019.0412294605253,2217.2515195446276,0.0005566321198779102
2014-05-20,3282.996581160824,3835.0244943999305,4020.2784880743684,2218.654718190982,0.0006326548028540622
2014-05-21,3284.3022341237915,3836.4660461055446,4021.6924608573026,2220.2308306181044,0.0007101388292298776
2014-05-22,3285.768476129652,3838.0871321302075,4023.2869614574774,2221.9834219419154,0.0007890620826017981
2014-05-23,3287.3986558440965,3839.891514383353,4025.065803523041,2223.9160572783335,0.0008694013291053978
2014-05-24,3289.1961219328214,3841.8829547744144,4027.03280070214,2226.0323017432775,0.0009511322171603609
2014-05-25,3291.16422306152,3844.065215212827,4029.1917666429235,2228.335720452666,0.0010342292793176023
2014-05-26,3293.306307895886,3846.4420576080233,4031.5465149935385,2230.829878522417,0.0011186659362578144
2014-05-27,3295.6257251016154,3849.0172438694394,4034.100859402135,2233.5183410684504,0.0012044145029856898
2014-05-28,3298.1258233444014,3851.794535906508,4036.8586135168584,2236.404673206684,0.0012914461972503926
2014-05-29,3300.8099512899385,3854.7776956286643,4039.823590985859,2239.492440053037,0.0013797311502282568
2014-05-30,3303.6814576039214,3857.9704849453433,4042.999605457285,2242.785206723429,0.001469238419485375
2014-05-31,3306.743690952043,3861.3766657659758,4046.390470579281,2246.286538333776,0.0015599360042371777
2014-06-01,3310.0,3865.0,4050.0,2250.0,0.0016517908629200035
2014-06-02,3313.4502099677234,3868.8402800535205,4053.8280206528348,2253.9251578846547,0.0017429947171800667
2014-06-03,3317.080052292094,3872.8814203193347,4057.858412612172,2258.0455823368416,0.0018264416304367534
2014-06-04,3320.8717349642334,3877.1033656869126,4062.071069237645,2262.340844752301,0.0019003966928212075
2014-06-05,3324.80746597526,3881.486061045722,4066.4458838888877,2266.7905165267703,0.001964912408656736
2014-06-06,3328.8694533162948,3886.0094512852334,4070.9627499255334,2271.374169055989,0.002020047488557824
2014-06-07,3333.0399049784546,3890.6534812949144,4075.6015607072145,2276.071373735694,0.0020658659047439252
2014-06-08,3337.3010289528625,3895.3980959642363,4080.342209593566,2280.861701961626,0.0021024359633505345
2014-06-09,3341.635033230638,3900.2232401826677,4085.1645899442215,2285.7247251295225,0.0021298293961281574
2014-06-10,3346.024125802898,3905.1088588396774,4090.048595118812,2290.640014635122,0.0021481204734365594
2014-06-11,3350.4505146607653,3910.034896824736,4094.974118476975,2295.587141874164,0.002157385139900504
2014-06-12,3354.8964077953565,3914.981299027309,4099.921053378339,2300.5456782423857,0.0021577001736306166
2014-06-13,3359.3440131977945,3919.928010336872,4104.869293182543,2305.495195135528,0.002149142369458115
2014-06-14,3363.7755388591972,3924.8549756428893,4109.798731249217,2310.4152639493273,0.0021317877461831786
2014-06-15,3368.1731927706846,3929.7421398348324,4114.689260937996,2315.2854560795236,0.002105710777462016
2014-06-16,3372.519182923376,3934.5694478021696,4119.520775608511,2320.085342921854,0.002070983645542744
2014-06-17,3376.7957173083914,3939.316844434371,4124.273168620399,2324.794495872059,0.0020276755167420585
2014-06-18,3380.985003916852,3943.9642746209056,4128.926333333291,2329.3924863258762,0.0019758518371866033
2014-06-19,3385.069250739876,3948.491683251243,4133.460163106823,2333.8588856790448,0.0019155736470655423
2014-06-20,3389.0306657685824,3952.879015214851,4137.854551300625,2338.1732653273025,0.0018468969113156165
2014-06-21,3392.8514569940926,3957.1062154012006,4142.089391274333,2342.315196666388,0.0017698718644078124
2014-06-22,3396.5138324075256,3961.1532286997613,4146.144576387581,2346.264251092042,0.0016845423666176267
2014-06-23,3400.0,3965.0,4150.0,2350.0,0.0015909452689142234
2014-06-24,3403.2954061992386,3968.6302108829104,4153.639287111875,2353.5059620166307,0.0014907869552036569
2014-06-25,3406.398451179359,3972.0424896955615,4157.06098928608,2356.781444690805,0.0013907784894318404
2014-06-26,3409.3107735510885,3975.239201476551,4160.267389726144,2359.8297028020274,0.0012925630035206354
2014-06-27,3412.034011925144,3978.2227112644678,4163.2607716355915,2362.6539911297955,0.0011961030879212885
2014-06-28,3414.5698049122507,3980.995384097909,4166.043418217949,2365.2575644536128,0.0011013630675560174
2014-06-29,3416.9197911231286,3983.5595850154664,4168.617612676741,2367.643677552979,0.0010083089333660354
2014-06-30,3419.085609168501,3985.917679055735,4170.985638215495,2369.8155852073965,0.0009169082776728687
2014-07-01,3421.06889765909,3988.072031257307,4173.149778037737,2371.7765421963645,0.0008271302330847124
2014-07-02,3422.8712952056158,3990.025006658777,4175.112315346991,2373.529803299386,0.0007389454147528692
2014-07-03,3424.4944404188036,3991.778970298738,4176.875533346784,2375.078623295961,0.0006523258657515389
2014-07-04,3425.9399719093726,3993.3362872157836,4178.441715240644,2376.426256965591,0.0005672450054145471
2014-07-05,3427.2095282880464,3994.6993224485077,4179.813144232094,2377.5759590877765,0.0004836775804255704
2014-07-06,3428.3047481655462,3995.870441035504,4180.99210352466,2378.530984442019,0.0004015996185188212
2014-07-07,3429.2272701525935,3996.8520080153653,4181.98087632187,2379.294587807819,0.00032098838461418005
2014-07-08,3429.978732859911,3997.646388426686,4182.781745827249,2379.870023964678,0.00024182233925659213
2014-07-09,3430.5607748982206,3998.255947308059,4183.396995244321,2380.260547692097,0.0001640810992121548
2014-07-10,3430.9750348782445,3998.6830496980774,4183.828907776616,2380.4694137695774,8.77454000983472e-05
2014-07-11,3431.2231514107048,3998.9300606353377,4184.079766627657,2380.4998769766203,1.2797060927372435e-05
2014-07-12,3431.306763106323,3998.9993451584296,4184.15185500097,2380.355192092726,-6.078104955499016e-05
2014-07-13,3431.227508575821,3998.893268305949,4184.047456100081,2380.038613897396,-0.00013300504483419544
2014-07-14,3430.9870264299216,3998.6141951164886,4183.768853128517,2379.5533971701307,-0.00020389005100343731
2014-07-15,3430.586955279347,3998.1644906286433,4183.318329289804,2378.9027966904328,-0.00027345023564208273
2014-07-16,3430.0289337348177,3997.5465198810043,4182.6981677874655,2378.090067237802,-0.00034169883528788317
2014-07-17,3429.314600407057,3996.762647912168,4181.91065182503,2377.11846359174,-0.0004086481815819808
2014-07-18,3428.4455939067857,3995.815239760725,4180.958064606022,2375.991240531747,-0.0004743097261767557
2014-07-19,3427.423552844726,3994.706660465271,4179.842689333968,2374.7116528373244,-0.0005386940644729343
2014-07-20,3426.2501158316013,3993.439275064398,4178.566809212395,2373.282955287974,-0.0006018109582624998
2014-07-21,3424.926921478133,3992.015448596702,4177.132707444826,2371.708402663196,-0.0006636693573458426
2014-07-22,3423.4556083950415,3990.437546100774,4175.542667234789,2369.991249742491,-0.0007242774201857056
2014-07-23,3421.837815193051,3988.707932615209,4173.798971785811,2368.1347513053624,-0.0007836425336615725
2014-07-24,3420.0751804828824,3986.8289731786012,4171.903904301416,2366.1421621313084,-0.0008417713319884726
2014-07-25,3418.1693428752587,3984.803032829542,4169.8597479851305,2364.016736999832,-0.0008986697148415925
2014-07-26,3416.1219409809005,3982.6324766066273,4167.66878604048,2361.761730690434,-0.0009543428647639467
2014-07-27,3413.934613410531,3980.319669548449,4165.333301670991,2359.3803979826143,-0.001008795263886433
2014-07-28,3411.6089987748705,3977.8669766936014,4162.85557808019,2356.8759936558754,-0.0010620307100242283
2014-07-29,3409.1467356846424,3975.2767630806775,4160.237898471601,2354.2517724897175,-0.0011140523321946543
2014-07-30,3406.5494627505686,3972.5513937482724,4157.482546048753,2351.510989263642,-0.001164862605597925
2014-07-31,3403.8188185833706,3969.6932337349776,4154.591804015167,2348.656898757149,-0.00121446336611236
2014-08-01,3400.956441793772,3966.704648079389,4151.5679555743745,2345.6927557497415,-0.0012628558243409172
2014-08-02,3397.9639709924922,3963.5880018200974,4148.413283929897,2342.621815020919,-0.0013100405792588372
2014-08-03,3394.8430447902547,3960.345659995698,4145.130072285264,2339.447331350182,-0.0013560176314907967
2014-08-04,3391.595301797781,3956.979987644784,4141.720603843998,2336.1725595170333,-0.0014007863962705578
2014-08-05,3388.2223806257934,3953.493349805949,4138.1871618096275,2332.8007543009726,-0.001444345716113481
2014-08-06,3384.7259198850147,3949.8881115177887,4134.532029385678,2329.3351704815027,-0.0014866938732385157
2014-08-07,3381.107558186165,3946.1666378188934,4130.757489775674,2325.7790628381226,-0.0015278286017845499
2014-08-08,3377.3689341399686,3942.3312937478577,4126.865826183142,2322.1356861503345,-0.001567747099842796
2014-08-09,3373.511686357145,3938.3844443432763,4122.859321811609,2318.408295197639,-0.0016064460413581522
2014-08-10,3369.5374534484185,3934.328454643741,4118.7402598646,2314.600144759538,-0.0016439215879158187
2014-08-11,3365.4478740245095,3930.1656896878476,4114.510923545642,2310.7144896155314,-0.001680169400463714
2014-08-12,3361.2445866961402,3925.898514514187,4110.173596058259,2306.754584545121,-0.0017151846509855684
2014-08-13,3356.9292300740335,3921.529294161355,4105.730560605979,2302.723684327808,-0.0017489620341774954
2014-08-14,3352.503442768911,3917.0603936679445,4101.1841003923255,2298.6250437430917,-0.0017814957791437351
2014-08-15,3347.9688633914943,3912.494178072549,4096.536498620827,2294.461917570476,-0.0018127796611482742
2014-08-16,3343.3271305525054,3907.8330124137615,4091.7900384950076,2290.23756058946,-0.001842807013463188
2014-08-17,3338.5798828626666,3903.079261730176,4086.947003218394,2285.955227579545,-0.0018715707393232993
2014-08-18,3333.7287589327007,3898.235291060387,4082.0096759945127,2281.618173320233,-0.001899063324040691
2014-08-19,3328.7753973733284,3893.3034654429866,4076.9803400268884,2277.2296525910238,-0.0019252768472946813
2014-08-20,3323.721436795272,3888.28614991657,4071.8612785190476,2272.7929201714196,-0.001950202995627227
2014-08-21,3318.5685158092533,3883.185709519729,4066.654774674516,2268.31123084092,-0.0019738330751837255
2014-08-22,3313.318273025995,3878.0045092910577,4061.3631116968195,2263.787839379028,-0.001996158024710713
2014-08-23,3307.9723470562185,3872.7449142691494,4055.9885727894834,2259.226000565243,-0.002017168428860099
2014-08-24,3302.5323765106473,3867.4092894926016,4050.533441156037,2254.6289691790676,-0.0020368545318033004
2014-08-25,3297.0,3862.0,4045.0,2250.0,-0.002055206251208356
2014-08-26,3291.378243667337,3856.520430242406,4039.391652623582,2245.3426605338627,-0.0020720739148003464
2014-08-27,3285.675683785049,3850.9780423207153,4033.716282723688,2240.6617691917418,-0.0020868873913347107
2014-08-28,3279.9022841578662,3845.3813177482866,4027.9828940959073,2235.9624571110467,-0.002099489959082155
2014-08-29,3274.068008590516,3839.7387380384816,4022.2004905358262,2231.2498554291838,-0.0021098631989446524
2014-08-30,3268.182820887729,3834.0587847046577,4016.378075839032,2226.5290952835603,-0.0021179883356920314
2014-08-31,3262.25668485423,3828.349939260174,4010.5246538011097,2221.8053078115818,-0.002123846284727579
2014-09-01,3256.2995642947503,3822.620683218391,4004.6492282176487,2217.0836241506577,-0.002127417700294401
2014-09-02,3250.321423014017,3816.879498092669,3998.7608028842346,2212.369175438194,-0.002128683025186722
2014-09-03,3244.3322248167565,3811.1348653963632,3992.8683815964528,2207.6670928115964,-0.002127622541990032
2014-09-04,3238.341933507702,3805.3952666428368,3986.9809681498937,2202.982507408275,-0.0021242164259011685
2014-09-05,3232.360512891577,3799.6691833454474,3981.1075663401402,2198.320550365634,-0.0021184447991619442
2014-09-06,3226.397926773113,3793.9650970175553,3975.2571799627826,2193.6863528210824,-0.0021102877871089247
2014-09-07,3220.464138957037,3788.291489172519,3969.438812813405,2189.0850459120265,-0.0020997255758875353
2014-09-08,3214.569113248078,3782.6568413236982,3963.6614686875973,2184.521760775873,-0.002086738471811736
2014-09-09,3208.722813450963,3777.0696349844525,3957.934151380943,2180.00162855003,-0.002071306962387942
2014-09-10,3202.9352033704217,3771.53835166814,3952.265864689032,2175.529780371904,-0.0020534117789904275
2014-09-11,3197.2162468111824,3766.0714728881208,3946.6656124074484,2171.1113473789014,-0.0020330339611701414
2014-09-12,3191.575907577972,3760.6774801577535,3941.1423983317795,2166.7514607084304,-0.002010154922573256
2014-09-13,3186.024149475521,3755.3648549903996,3935.7052262576144,2162.455251497898,-0.001984756518436565
2014-09-14,3180.570936308556,3750.142078899415,3930.363099980538,2158.2278508847103,-0.001956821114606669
2014-09-15,3175.226231881807,3745.0176333981635,3925.125023296138,2154.0743900062757,-0.0019263316580281577
2014-09-16,3170.0,3740.0,3920.0,2150.0,-0.0018932717486402836
2014-09-17,3164.9004859787215,3735.096240344604,3914.9955004294225,2146.0090342089,-0.0018579881501307723
2014-09-18,3159.9290611769798,3730.3077365769227,3910.1128610885357,2142.1027347984273,-0.0018219210232589041
2014-09-19,3155.085378464637,3725.6344509682217,3905.351885023181,2138.28156613964,-0.0017854329916284618
2014-09-20,3150.3690907115597,3721.0763457897674,3900.712375279202,2134.5459926036,-0.001748525741526666
2014-09-21,3145.7798507876114,3716.6333833128247,3896.194134902439,2130.8964785613666,-0.0017112011039650899
2014-09-22,3141.3173115626564,3712.3055258086592,3891.7969669387335,2127.3334883840002,-0.0016734610561330021
2014-09-23,3136.981125906559,3708.0927355485364,3887.520674433927,2123.85748644256,-0.0016353077227814472
2014-09-24,3132.770946689184,3703.9949748037234,3883.365060433863,2120.4689371081067,-0.0015967433775130595
2014-09-25,3128.6864267803962,3700.012205845484,3879.329927984381,2117.1683047517004,-0.0015577704439910887
2014-09-26,3124.727219050057,3696.1443909450845,3875.415080131322,2113.9560537444004,-0.0015183914970529834
2014-09-27,3120.892976368034,3692.3914923737907,3871.6203199205293,2110.8326484572667,-0.0014786092637297833
2014-09-28,3117.1833516041897,3688.7534724028674,3867.9454503978445,2107.7985532613607,-0.0014384266241696845
2014-09-29,3113.5979976283893,3685.2302933035817,3864.3902746091076,2104.854232527741,-0.0013978466124621395
2014-09-30,3110.1365673104983,3681.8219173472,3860.954595600164,2102.0001506274684,-0.0013568724173523017
2014-10-01,3106.7987135203784,3678.528306804985,3857.63821641685,2099.236771931602,-0.0013155073828586383
2014-10-02,3103.5840891278954,3675.3494239482034,3854.44094010501,2096.5645608112027,-0.0012737550087706317
2014-10-03,3100.492347002913,3672.2852310481217,3851.3625697104853,2093.98398163733,-0.00123161895104462
2014-10-04,3097.5231400152957,3669.335690376005,3848.4029082791176,2091.4954987810447,-0.0011891030220775982
2014-10-05,3094.676121034909,3666.5007642031196,3845.5617588567493,2089.099576613406,-0.0011462111908679188
2014-10-06,3091.950942931615,3663.780414800729,3842.8389244892205,2086.7966795054735,-0.0011029475830550595
2014-10-07,3089.3472585752806,3661.1746044401034,3840.2342082223736,2084.587271828309,-0.0010593164808363974
2014-10-08,3086.8647208357684,3658.683295392503,3837.7474131020494,2082.4718179529705,-0.0010153223227660547
2014-10-09,3084.5029825829433,3656.306449929197,3835.3783421740904,2080.4507822505198,-0.0009709697034169831
2014-10-10,3082.261696686669,3654.0440303214505,3833.126798484339,2078.5246290920154,-0.0009262633729285806
2014-10-11,3080.140516016811,3651.895998840527,3830.992585078634,2076.693822848518,-0.0008812082364118999
2014-10-12,3078.139093443232,3649.862317757695,3828.9755050028193,2074.9588278910874,-0.0008358093532336382
2014-10-13,3076.2570818357985,3647.9429493442185,3827.0753613027364,2073.3201085907835,-0.0007900719361635296
2014-10-14,3074.494134064373,3646.137855871364,3825.291957024226,2071.778129318667,-0.0007440013503866643
2014-10-15,3072.84990299882,3644.4469996103962,3823.62509521313,2070.3333544457973,-0.0006976031123858096
2014-10-16,3071.3240415090045,3642.8703428325816,3822.07457891529,2068.986248343235,-0.0006508828886820342
2014-10-17,3069.9162024647917,3641.4078478091865,3820.640211176549,2067.7372753820396,-0.000603846494445719
2014-10-18,3068.6260387360435,3640.059476811474,3819.321795042746,2066.5868999332715,-0.0005564998919654808
2014-10-19,3067.453203192626,3638.8251921107117,3818.1191335597246,2065.5355863679897,-0.000508849188982983
2014-10-20,3066.3973487044027,3637.7049559781644,3817.032029773324,2064.583799057255,-0.0004609006368883883
2014-10-21,3065.458128141239,3636.6987306850992,3816.060286729389,2063.732002372128,-0.0004126606287820922
2014-10-22,3064.6351943729983,3635.8064785027805,3815.20370747376,2062.9806606836682,-0.000364135697398165
2014-10-23,3063.9282002695445,3635.0281617024734,3814.462095052277,2062.330238362935,-0.00031533251288925655
2014-10-24,3063.336798700744,3634.3637425554457,3813.835252510785,2061.781199780989,-0.0002662578804788314
2014-10-25,3062.8606425364583,3633.8131833329603,3813.3229828951203,2061.3340093088896,-0.00021691873798093634
2014-10-26,3062.499384646554,3633.376446306285,3812.92508925113,2060.989131317698,-0.00016732215317970752
2014-10-27,3062.2526779008945,3633.0534937466837,3812.641374624653,2060.747030178474,-0.00011747532108647747
2014-10-28,3062.1201751693443,3632.844287925425,3812.4716420615314,2060.6081702622764,-6.738556105769525e-05
2014-10-29,3062.1015293217674,3632.748791113771,3812.4156946076055,2060.573015940166,-1.7060313790075185e-05
2014-10-30,3062.1963932280282,3632.7669655829886,3812.4733353087186,2060.642031583203,3.349286181248648e-05
2014-10-31,3062.404419757992,3632.8987736043437,3812.6443672107116,2060.815681562447,8.426629189624975e-05
2014-11-01,3062.7252617815216,3633.144177449103,3812.928593359427,2061.094430248959,0.00013525219103546982
2014-11-02,3063.1585721684824,3633.503139388531,3813.3258168007046,2061.4787420137973,0.00018644266572987082
2014-11-03,3063.704003788738,3633.9756216938927,3813.835840580388,2061.9690812280237,0.00023782971802077768
2014-11-04,3064.3612095121534,3634.5615866364556,3814.458467744317,2062.5659122626967,0.0002894052492124997
2014-11-05,3065.129842208593,3635.2609964874837,3815.1935013383345,2063.269699488877,0.0003411610637136442
2014-11-06,3066.00955474792,3636.073813518243,3816.040744408281,2064.080907277625,0.00039308887297519017
2014-11-07,3067.0,3637.0,3817.0,2065.0,0.0004451802995354529
2014-11-08,3068.1002730149426,3638.038900313895,3818.0704841828697,2066.0267680725515,0.0004971006731936564
2014-11-09,3069.3072375638408,3639.1873872805745,3819.2490651204253,2067.1583060937837,0.0005475380507755261
2014-11-10,3070.6171995980326,3640.4417158305623,3820.53202399974,2068.3910347076903,0.0005961619842156909
2014-11-11,3072.0264650688555,3641.798140894379,3821.9156420078875,2069.7213745582644,0.0006429694338058992
2014-11-12,3073.5313399276492,3643.252917402546,3823.39620033194,2071.145746289501,0.0006879582202690552
2014-11-13,3075.128130125753,3644.8023002855875,3824.9699801589722,2072.6605705453926,0.0007311269917304501
2014-11-14,3076.8131416145034,3646.4425444740236,3826.633262676055,2074.262267969931,0.0007724751901864041
2014-11-15,3078.5826803452396,3648.1699048983774,3828.3823290702644,2075.947259207113,0.0008120030175493369
2014-11-16,3080.4330522693,3649.980636489172,3830.2134605286715,2077.71196490093,0.0008497114013362318
2014-11-17,3082.360563338024,3651.870994176928,3832.1229382383513,2079.5528056953767,0.0008856019601057724
2014-11-18,3084.361519502748,3653.837232892168,3834.1070433863747,2081.466202234445,0.0009196769686874776
2014-11-19,3086.4322267148127,3655.875607565415,3836.1620571598182,2083.448575162131,0.0009519393232940311
2014-11-20,3088.5689909255548,3657.982373127191,3838.284260745752,2085.4963451224257,0.0009823925065653727
2014-11-21,3090.7681180863137,3660.1537845080175,3840.469935331251,2087.605932759325,0.0010110405526279097
2014-11-22,3093.025914148428,3662.3860966384154,3842.7153621033863,2089.7737587168194,0.0010378880121998427
2014-11-23,3095.3386850632346,3664.6755644489085,3845.0168222492334,2091.996243638905,0.0010629399178281403
2014-11-24,3097.7027367820738,3667.01844287002,3847.3705969558646,2094.269808169575,0.0010862017492763768
2014-11-25,3100.114375256282,3669.41098683227,3849.7729674103525,2096.590872952822,0.001107679399137426
2014-11-26,3102.5699064371997,3671.8494512661805,3852.2202147997714,2098.95585863264,0.001127379138695548
2014-11-27,3105.0656362761642,3674.3300911022757,3854.708620311195,2101.3611858530226,0.0011453075840876957
2014-11-28,3107.597870724515,3676.849161271076,3857.234465131695,2103.8032752579625,0.0011614716627894913
2014-11-29,3110.162915733588,3679.402916703104,3859.7940304483445,2106.278547491455,0.0011758785804724082
2014-11-30,3112.757077254725,3681.9876123288836,3862.383597448219,2108.7834231974925,0.0011885357882401178
2014-12-01,3115.3766612392624,3684.5995030789336,3864.9994473183892,2111.314323020068,0.0011994509502885966
2014-12-02,3118.0179736385394,3687.234843883779,3867.6378612459293,2113.8676676031764,0.0012086319119982277
2014-12-03,3120.6773204038936,3689.88988967394,3870.295120417913,2116.4398775908107,0.001216086668475489
2014-12-04,3123.3510074866626,3692.560895379939,3872.9675060214117,2119.0273736269633,0.0012218233335669483
2014-12-05,3126.0353408381884,3695.2441159323007,3875.6512992435023,2121.62657635563,0.0012258501093512432
2014-12-06,3128.726626409806,3697.9358062615443,3878.342781271254,2124.2339064208018,0.0012281752561081113
2014-12-07,3131.4211701528557,3700.632221298193,3881.038233291742,2126.8457844664745,0.0012288070627919504
2014-12-08,3134.115278018674,3703.329615972769,3883.7339364920385,2129.4586311366397,0.0012277538179833226
2014-12-09,3136.8052559586013,3706.0242452157936,3886.426172059217,2132.0688670752925,0.0012250237813441842
2014-12-10,3139.487409923975,3708.7123639577903,3889.1112211803525,2134.672912926426,0.0012206251555498828
2014-12-11,3142.158045866135,3711.3902271292814,3891.7853650425172,2137.267189334033,0.0012145660587100254
2014-12-12,3144.8134697364176,3714.054089660787,3894.444884832783,2139.848116942108,0.001206854497257764
2014-12-13,3147.449987486162,3716.700206482831,3897.0860617382236,2142.4121163946443,0.0011974983392997144
2014-12-14,3150.0639050667064,3719.3248325259347,3899.705176945912,2144.955608335634,0.0011865052884134307
2014-12-15,3152.651528429391,3721.9242227206214,3902.2985116429236,2147.4750134090727,0.0011738828578789604
2014-12-16,3155.2091635255524,3724.494631997413,3904.8623470163297,2149.9667522589534,0.0011596383453150439
2014-12-17,3157.733116306529,3727.0323152868305,3907.3929642532034,2152.4272455292694,0.0011437788077158554
2014-12-18,3160.2196927236605,3729.5335275193956,3909.886644540619,2154.8529138640138,0.0011263110368538048
2014-12-19,3162.6651987282844,3731.9945236256326,3912.339669065648,2157.2401779071806,0.0011072415350299196
2014-12-20,3165.0659402717392,3734.411558536063,3914.748319015365,2159.585458302763,0.0010865764911400413
2014-12-21,3167.4182233053634,3736.780887181208,3917.108875576844,2161.885175694756,0.0010643217570381624
2014-12-22,3169.718353780496,3739.098764491591,3919.417619937156,2164.135750727151,0.0010404828241534153
2014-12-23,3171.962637648474,3741.361445397732,3921.6708332833755,2166.333604043942,0.001015064800347394
2014-12-24,3174.1473808606365,3743.5651848301554,3923.8647968025757,2168.4751562891242,0.00098807238695724
2014-12-25,3176.2688893683235,3745.7062377193834,3925.99579168183,2170.5568281066894,0.0009595098560049782
2014-12-26,3178.323469122871,3747.780858995936,3928.060099108211,2172.5750401406312,0.0009293810275327403
2014-12-27,3180.3074260756193,3749.785303590337,3930.0540002687917,2174.5262130349447,0.0008976892470203953
2014-12-28,3182.217066177906,3751.7158264331088,3931.973776350646,2176.4067674336216,0.0008644373628472146
2014-12-29,3184.0486953810696,3753.568682454772,3933.8157085408466,2178.213123980656,0.0008296277037647262
2014-12-30,3185.798619636449,3755.340126585851,3935.5760780264686,2179.9417033200425,0.0007932620563192813
2014-12-31,3187.4631448953814,3757.0264137568656,3937.251165994582,2181.5889260957733,0.0007553416421925687
2015-01-01,3189.038577109206,3758.6237988983394,3938.8372536322618,2183.151212951843,0.0007158670954136424
2015-01-02,3190.521222229262,3760.128536940794,3940.330622126582,2184.624984532244,0.0006748384393782521
2015-01-03,3191.9073862068863,3761.536882814751,3941.727552664613,2186.00666148097,0.0006322550636418511
2015-01-04,3193.1933749934187,3762.8450914507353,3943.0243264334326,2187.2926644420154,0.0005881157004231079
2015-01-05,3194.375494540197,3764.0494177792657,3944.2172246201094,2188.479414059373,0.0005424184007595843
2015-01-06,3195.4500507985595,3765.1461167308653,3945.3025284117184,2189.5633309770365,0.0004951605102709514
2015-01-07,3196.4133497198454,3766.1314432360577,3946.276518995334,2190.5408358390005,0.00044633864445399387
2015-01-08,3197.261697255392,3767.001652225363,3947.135477558027,2191.408349289257,0.00039594866345533404
2015-01-09,3197.991399356538,3767.7529986293043,3947.8756852868723,2192.1622919717997,0.00034398564625864577
2015-01-10,3198.5987619746234,3768.381737378405,3948.4934233689437,2192.799084530623,0.0002904438642092859
2015-01-11,3199.0800910609837,3768.884123403184,3948.9849729913117,2193.3151476097196,0.00023531675381206405
2015-01-12,3199.43169256696,3769.256411634167,3949.3466153410527,2193.7069018530838,0.0001785968887271242
2015-01-13,3199.6498724438898,3769.494857001874,3949.574631605238,2193.9707679047087,0.00012027595088015377
2015-01-14,3199.730936643111,3769.595714436828,3949.6653029709414,2194.103166408588,6.034470061412541e-05
2015-01-15,3199.6711911159623,3769.55523886955,3949.614910625236,2194.100518008715,-1.2070542133203884e-06
2015-01-16,3199.466941813783,3769.3696852305643,3949.419735755195,2193.959243349083,-6.439049026855515e-05
2015-01-17,3199.11449468791,3769.0353084503913,3949.076059547891,2193.675763073686,-0.0001292178020169787
2015-01-18,3198.610155689684,3768.548363459555,3948.5801631903996,2193.246497826519,-0.00019570223633235887
2015-01-19,3197.950230770441,3767.9051051885745,3947.92832786979,2192.667868251572,-0.0002638581285485329
2015-01-20,3197.1310258815197,3767.1017885679735,3947.1168347731386,2191.9362949928413,-0.0003337009400539182
2015-01-21,3196.148846974261,3766.134668528275,3946.141965087518,2191.0481986943196,-0.00040524729756856936
2015-01-22,3195.0,3765.0,3945.0,2190.0,-0.0004785150342025362
2015-01-23,3193.6825591180427,3763.695818372237,3943.6889948517596,2188.789781060428,-0.0005527641338807846
2015-01-24,3192.2016713195558,3762.227280868337,3942.2141016003675,2187.4222700523537,-0.0006249747665853596
2015-01-25,3190.5642518036684,3760.6013251702134,3940.5822463574946,2185.903856659076,-0.0006943975410462524
2015-01-26,3188.777215769515,3758.8248889597835,3938.8003552348146,2184.2409305638985,-0.0007610393963608525
2015-01-27,3186.8474784162263,3756.9049099189647,3936.875354343997,2182.4398814501187,-0.0008249053656288524
2015-01-28,3184.7819549429314,3754.8483257296684,3934.8141697967117,2180.5070990010395,-0.0008859986537423069
2015-01-29,3182.587560548765,3752.6620740738153,3932.6237277046353,2178.4489728999615,-0.0009443207135250534
2015-01-30,3180.2712104328584,3750.3530926333187,3930.310954179435,2176.2718928301856,-0.000999871320472123
2015-01-31,3177.839819794341,3747.9283190900946,3927.882775332784,2173.9822484750125,-0.0010526486463661325
2015-02-01,3175.300303832347,3745.3946911260596,3925.3461172763537,2171.5864295177425,-0.0011026493320179687
2015-02-02,3172.659577746007,3742.7591464231296,3922.7079061218155,2169.090825641677,-0.0011498685593695631
2015-02-03,3169.924556734452,3740.0286226632184,3919.9750679808403,2166.501826530116,-0.0011943001231905592
2015-02-04,3167.102155996815,3737.2100575282448,3917.154528965101,2163.825821866362,-0.0012359365025816375
2015-02-05,3164.199290732226,3734.3103887001225,3914.2532151862674,2161.069201333714,-0.0012747689324995133
2015-02-06,3161.222876139818,3731.3365538607686,3911.2780527560126,2158.2383546154733,-0.0013107874754891772
2015-02-07,3158.1798274187213,3728.295490692098,3908.235967786007,2155.339671394942,-0.001343981093826688
2015-02-08,3155.0770597680676,3725.194136876026,3905.133886387922,2152.379541355418,-0.001374337722239524
2015-02-09,3151.9214883869913,3722.039430094471,3901.9787346734315,2149.3643541802053,-0.0014018443413709523
2015-02-10,3148.7200284746214,3718.8383080293465,3898.7774387542045,2146.3004995526035,-0.001426487052165524
2015-02-11,3145.4795952300888,3715.597708362569,3895.5369247419126,2143.194367155913,-0.0014482511512980602
2015-02-12,3142.2071038525273,3712.3245687760545,3892.2641187482286,2140.052346673435,-0.0014671212078065461
2015-02-13,3138.9094695410668,3709.0258269517185,3888.9659468848217,2136.88082778847,-0.0014830811410490028
2015-02-14,3135.59360749484,3705.708420571477,3885.6493352633665,2133.686200184319,-0.001496114300100608
2015-02-15,3132.2664329129784,3702.379287317247,3882.321209995533,2130.474853544283,-0.0015062035447025166
2015-02-16,3128.9348609946132,3699.0453648709417,3878.9884971929923,2127.2531775516627,-0.0015133313278539793
2015-02-17,3125.6058069388764,3695.713590914479,3875.658122967417,2124.0275618897595,-0.0015174797801322773
2015-02-18,3122.2861859448985,3692.3909031297735,3872.337013430477,2120.804396241873,-0.0015186307958134312
2015-02-19,3118.9829132118143,3689.0842391987435,3869.0320946938464,2117.5900702913045,-0.0015167661208428584
2015-02-20,3115.7029039387508,3685.8005368033014,3865.7502928691943,2114.3909737213553,-0.0015118674427120218
2015-02-21,3112.453073324843,3682.5467336253655,3862.4985340681924,2111.2134962153254,-0.0015039164822587354
2015-02-22,3109.240336569221,3679.3297673468505,3859.283744402514,2108.0640274565167,-0.0014928950874094201
2015-02-23,3106.0716088710183,3676.156575649674,3856.1128499838296,2104.9489571282293,-0.0014787853288638919
2015-02-24,3102.953805429364,3673.034096215749,3852.9927769238097,2101.8746749137636,-0.0014615695976982065
2015-02-25,3099.893841443392,3669.9692667269937,3849.9304513341285,2098.8475704964217,-0.0014412307048520406
2015-02-26,3096.898632112231,3666.9690248653214,3846.9327993264533,2095.8740335595025,-0.0014177519824517162
2015-02-27,3093.9750926350152,3664.0403083126507,3844.006747012459,2092.960453786309,-0.0013911173868820378
2015-02-28,3091.1301382108754,3661.190054750896,3841.1592205038164,2090.1132208601402,-0.0013613116035350067
2015-03-01,3088.370684038944,3658.425201861974,3838.3971459121976,2087.338724464298,-0.0013283201531013313
2015-03-02,3085.7036453183505,3655.7526873277984,3835.727449349271,2084.6433542820823,-0.0012921294992912582
2015-03-03,3083.1359372482284,3653.179448830288,3833.1570569267124,2082.0334999967954,-0.0012527271578144997
2015-03-04,3080.67447502771,3650.712424051357,3830.692894756192,2079.515551291737,-0.0012101018064612382
2015-03-05,3078.326173855924,3648.358550672922,3828.3418889493787,2077.095897850208,-0.0011642433960677451
2015-03-06,3076.0979489320052,3646.1247663768972,3826.1109656179474,2074.780929355509,-0.0011151432621637654
2015-03-07,3073.9967154550827,3644.0180088452003,3824.0070508735666,2072.577035490942,-0.0010627942370516948
2015-03-08,3072.0293886242894,3642.045215759746,3822.0370708279115,2070.4906059398063,-0.001007190762057511
2015-03-09,3070.202883638757,3640.213324802451,3820.2079515926507,2068.528030385404,-0.0009483289996626372
2015-03-10,3068.524115697617,3638.52927365523,3818.526619279456,2066.6956985110346,-0.0008862069452181919
2015-03-11,3067.0,3637.0,3817.0,2065.0,-0.0008208245379022127
2015-03-12,3065.6357219335714,3635.6307076921926,3815.633288105715,2063.445772794316,-0.0007529357848670392
2015-03-13,3064.4295476401257,3634.4196652813052,3814.4247509070824,2062.031647870862,-0.0006855570081443252
2015-03-14,3063.3780134499875,3633.363407490348,3813.370923954341,2060.75470446523,-0.0006194565215543455
2015-03-15,3062.4776556934867,3632.458469042337,3812.4683427977343,2059.6120218130154,-0.0005546509606640112
2015-03-16,3061.725010700948,3631.701384660285,3811.7135429875043,2058.600679149812,-0.0004911561189142559
2015-03-17,3061.116614802698,3631.0886890672023,3811.1030600738895,2057.717755711213,-0.0004289869533230159
2015-03-18,3060.6490043290664,3630.616916986104,3810.6334296071345,2056.960330732814,-0.0003681575914528202
2015-03-19,3060.318715610376,3630.2826031400027,3810.3011871374792,2056.325483450207,-0.0003086813396039713
2015-03-20,3060.122284976956,3630.082282251911,3810.1028682151655,2055.810293098987,-0.0002505706921708527
2015-03-21,3060.0562487591324,3630.0124890448415,3810.035008390435,2055.4118389147475,-0.0001938373421297603
2015-03-22,3060.117143287233,3630.069758241809,3810.0941432135305,2055.1272001330835,-0.00013849219258832597
2015-03-23,3060.301504891584,3630.2506245658233,3810.27680823469,2054.953455989588,-8.454536936656447e-05
2015-03-24,3060.6058699025116,3630.5516227399,3810.579539004159,2054.8876857198543,-3.2006234533805223e-05
2015-03-25,3061.0267746503437,3630.969287487051,3810.998871072177,2054.926968559478,1.9116599131276768e-05
2015-03-26,3061.5607554654052,3631.5001535302877,3811.5313399889837,2055.068383744051,6.881525281998875e-05
2015-03-27,3062.2043486780262,3632.140755592627,3812.173481304824,2055.30901050917,0.00011708256557179118
2015-03-28,3062.9540906185302,3632.887628397078,3812.921830569938,2055.645928090427,0.00016391207738507111
2015-03-29,3063.8065176172468,3633.7373066666555,3813.7729233345667,2056.0762157234158,0.00020929801164060554
2015-03-30,3064.7581660045003,3634.6863251243713,3814.7232951489514,2056.5969526437316,0.0002532352568659959
2015-03-31,3065.8055721106184,3635.73121849324,3815.769481563335,2057.2052180869664,0.0002957193479041455
2015-04-01,3066.9452722659294,3636.8685214962734,3816.908018127959,2057.898091288717,0.000336746446544565
2015-04-02,3068.1738028007585,3638.0947688564834,3818.1354403930627,2058.6726514845745,0.0003763133216442669
2015-04-03,3069.487700045431,3639.4064952968847,3819.4482839088887,2059.5259779101343,0.0004144173288202256
2015-04-04,3070.8835003302775,3640.8002355404897,3820.84308422568,2060.4551498009905,0.0004510563897296235
2015-04-05,3072.3577399856226,3642.2725243103105,3822.316376893676,2061.4572463927366,0.00048622897100599865
2015-04-06,3073.906955341793,3643.8198963293617,3823.86469746312,2062.5293469209664,0.0005199340628893982
2015-04-07,3075.5276827291154,3645.4388863206545,3825.484581484252,2063.6685306212744,0.0005521711575939324
2015-04-08,3077.2164584779184,3647.1260290072028,3827.1725645073147,2064.871876729254,0.0005829402274536475
2015-04-09,3078.9698189185265,3648.8778591120195,3828.9251820825484,2066.1364644804994,0.000612241702894485
2015-04-10,3080.7843003812677,3650.6909113581164,3830.738969760195,2067.4593731106047,0.0006400764502618691
2015-04-11,3082.6564391964685,3652.5617204685086,3832.6104630904956,2068.8376818551637,0.0006664457495474239
2015-04-12,3084.582771694456,3654.486821166207,3834.536197623693,2070.2684699497695,0.0006913512720474288
2015-04-13,3086.5598342055564,3656.462748174225,3836.512708910028,2071.7488166300177,0.0007147950579898185
2015-04-14,3088.584163060098,3658.486036215577,3838.5365324997424,2073.275801131502,0.0007367794941516583
2015-04-15,3090.6522945884053,3660.553220013273,3840.6042039430768,2074.8465026898143,0.0007573072915105383
2015-04-16,3092.760765120807,3662.6608342903282,3842.7122587902727,2076.458000540551,0.0007763814629493574
2015-04-17,3094.9061109876293,3664.805413769756,3844.857232591573,2078.1073739193043,0.0007940053010339695
2015-04-18,3097.084868519199,3666.9834931745677,3847.035660897218,2079.791702061669,0.0008101823559051253
2015-04-19,3099.2935740458424,3669.191607227776,3849.2440792574494,2081.5080642032394,0.0008249164132873174
2015-04-20,3101.528763897888,3671.4262906523945,3851.4790232225096,2083.253539579609,0.0008382114726477618
2015-04-21,3103.786974405659,3673.684078171437,3853.737028342637,2085.025207426371,0.0008500717255156731
2015-04-22,3106.0647418994877,3675.9615045079163,3856.0146301680784,2086.820146979121,0.000860501533985097
2015-04-23,3108.3586027096953,3678.2551043848434,3858.30836424907,2088.635437473452,0.0008695054094021559
2015-04-24,3110.665093166612,3680.5614125252328,3860.6147661358564,2090.468158144957,0.0008770879912701951
2015-04-25,3112.9807496005646,3682.876963652098,3862.930371378679,2092.315388229232,0.0008832540263612846
2015-04-26,3115.3021083418785,3685.1982924884505,3865.251715527778,2094.1742069618695,0.0008880083480542755
2015-04-27,3117.62570572088,3687.521933757303,3867.5753341333943,2096.0416935784638,0.0008913558559114096
2015-04-28,3119.9480780678987,3689.84442218167,3869.8977627457725,2097.9149273146095,0.0008933014954813162
2015-04-29,3122.2657617132586,3692.1622924845637,3872.215536915152,2099.7909874058996,0.000893850238350632
2015-04-30,3124.575292987288,3694.472079388997,3874.5251921917734,2101.6669530879276,0.0008930070624365407
2015-05-01,3126.873208220313,3696.7703176179825,3876.823264125879,2103.539903596289,0.0008907769325214231
2015-05-02,3129.15604374266,3699.0535418945324,3879.106288267711,2105.406918166576,0.0008871647810268274
2015-05-03,3131.420335884658,3701.318286941663,3881.3708001675122,2107.2650760343854,0.0008821754890359638
2015-05-04,3133.6626209766323,3703.5610874823833,3883.6133353755204,2109.111456435308,0.0008758138675357851
2015-05-05,3135.8794353489084,3705.778478239707,3885.830429441979,2110.9431386049387,0.0008680846389089629
2015-05-06,3138.0673153318153,3707.9669939366495,3888.0186179171305,2112.7572017788725,0.0008589924186306528
2015-05-07,3140.2227972556784,3710.1231692962206,3890.1744363512144,2114.550725192702,0.0008485416971879598
2015-05-08,3142.3424174508264,3712.243539041436,3892.294420294475,2116.3207880820223,0.0008367368222076416
2015-05-09,3144.422712247583,3714.3246378953054,3894.3751052971497,2118.0644696824265,0.0008235819807687159
2015-05-10,3146.4602179762774,3716.363000580845,3896.413026909484,2119.7788492295085,0.0008090811819079392
2015-05-11,3148.451470967236,3718.3551618210654,3898.4047206817163,2121.461005958863,0.0007932382392859706
2015-05-12,3150.3930075507856,3720.297656338981,3900.3467221640904,2123.1080191060832,0.00077605675401
2015-05-13,3152.281364057253,3722.187018857604,3902.2355669068475,2124.7169679067642,0.0007575400975999726
2015-05-14,3154.113076816964,3724.019784099948,3904.067790460228,2126.284931596499,0.0007376913950680217
2015-05-15,3155.884682160247,3725.7924867890247,3905.8399283744734,2127.8089894108816,0.0007165135081102289
2015-05-16,3157.5927164174273,3727.501661647848,3907.548516199826,2129.2862205855054,0.0006940090183781142
2015-05-17,3159.2337159188323,3729.1438433994294,3909.190089486526,2130.713704355965,0.0006701802108167755
2015-05-18,3160.80421699479,3730.7155667667844,3910.7611837848176,2132.088519957855,0.0006450290570441747
2015-05-19,3162.300755975625,3732.2133664729245,3912.25833464494,2133.4077466267686,0.0006185571987536102
2015-05-20,3163.719869191665,3733.6337772408615,3913.6780776171345,2134.6684635982992,0.000590765931112754
2015-05-21,3165.0580929732387,3734.97333379361,3915.0169482516444,2135.867750108042,0.0005616561861344022
2015-05-22,3166.31196365067,3736.2285708541817,3916.271482098709,2137.0026853915897,0.0005312285159918568
2015-05-23,3167.478017554288,3737.3960231455912,3917.438214708572,2138.0703486845377,0.0004994830762585085
2015-05-24,3168.552791014418,3738.47222539085,3918.5136816314734,2139.067819222479,0.0004664196090314198
2015-05-25,3169.532820361387,3739.4537123129717,3919.4944184176557,2139.9921762410077,0.0004320374259237726
2015-05-26,3170.414641925523,3740.3370186349684,3920.376960617359,2140.8404989757173,0.00039633539088106714
2015-05-27,3171.1947920371504,3741.1186790798533,3921.1578437808257,2141.609866662202,0.00035931190280012395
2015-05-28,3171.8698070265987,3741.795228370639,3921.8336034582976,2142.297358536056,0.0003209648779097252
2015-05-29,3172.436223224193,3742.3632012303406,3922.4007752000152,2142.9000538328733,0.0002812917318823546
2015-05-30,3172.890576960261,3742.819132381969,3922.8558945562218,2143.415031788248,0.00024028936163847722
2015-05-31,3173.2294045651292,3743.159556548537,3923.1954970771567,2143.839371637773,0.00019795412680498605
2015-06-01,3173.4492423691236,3743.381008453058,3923.4161183130623,2144.1701526170436,0.00015428183079140695
2015-06-02,3173.546626702573,3743.480022818546,3923.5142938141817,2144.4044539616534,0.0001092677014332016
2015-06-03,3173.5180938958024,3743.453134368012,3923.4865591307534,2144.539354907196,6.290637117144559e-05
2015-06-04,3173.360180279139,3743.2968778244694,3923.329449813021,2144.5719346892647,1.5191856713245044e-05
2015-06-05,3173.0694221829103,3743.0077879109326,3923.0395014112255,2144.499272543455,-3.388246186925639e-05
2015-06-06,3172.6423559374416,3742.5823993504127,3922.6132494756075,2144.318447705359,-8.4323862657585e-05
2015-06-07,3172.075517873062,3742.017246865924,3922.0472295564105,2144.026539410573,-0.00013614030406318528
2015-06-08,3171.3654443200962,3741.3088651804783,3921.3379772038734,2143.620626894689,-0.0001893404477339674
2015-06-09,3170.5086716088726,3740.4537890170895,3920.48202796824,2143.0977893933014,-0.00024393368222812563
2015-06-10,3169.5017360697166,3739.448553098769,3919.47591739975,2142.4551061420043,-0.0002999301475356947
2015-06-11,3168.3411740329557,3738.289692148532,3918.3161810486463,2141.689656376392,-0.0003573407604963098
2015-06-12,3167.0235218289163,3736.973740889389,3916.9993544651697,2140.798519332058,-0.00041617724118960377
2015-06-13,3165.5453157879265,3735.497234044355,3915.521973199562,2139.7787742445967,-0.0004764521403606756
2015-06-14,3163.9030922403117,3733.856706336442,3913.880572802065,2138.627500349601,-0.0005381788679674991
2015-06-15,3162.0933875163996,3732.0486924886636,3912.07168882292,2137.3417768826666,-0.0006013717229114961
2015-06-16,3160.1127379465165,3730.0697272240313,3910.0918568123675,2135.918683079386,-0.00066604592405417
2015-06-17,3157.9576798609887,3727.9163452655584,3907.93761232065,2134.355298175353,-0.0007322176425896303
2015-06-18,3155.624749590144,3725.5850813362595,3905.605490898008,2132.6487014061627,-0.000799904035878204
2015-06-19,3153.110483464309,3723.0724701591444,3903.092028094684,2130.7959720074077,-0.0008691232828392815
2015-06-20,3150.41141781381,3720.3750464572295,3900.3937594609206,2128.7941892146837,-0.0009398946209955043
2015-06-21,3147.524088968975,3717.4893449535257,3897.5072205469564,2126.640432263583,-0.0010122383853013778
2015-06-22,3144.445033260128,3714.4119003710457,3894.4289469030346,2124.3317803897007,-0.001086176048850828
2015-06-23,3141.1707870175987,3711.139247432803,3891.1554740793963,2121.8653128286296,-0.0011617302656106868
2015-06-24,3137.6978865717147,3707.6679208618125,3887.683337626285,2119.2381088159655,-0.0012389249152968903
2015-06-25,3134.0228682527995,3703.994455381083,3884.0090730939382,2116.4472475873,-0.0013177851505522464
2015-06-26,3130.1422683911815,3700.1153857136305,3880.1292160326,2113.489808378228,-0.0013983374465596952
2015-06-27,3126.0526233171877,3696.0272465824673,3876.0403019925125,2110.3628704243447,-0.0014806096532754447
2015-06-28,3121.7504693611445,3691.726572710605,3871.738866523915,2107.063512961242,-0.0015646310504380508
2015-06-29,3117.232342853379,3687.209898821059,3867.2214451770515,2103.5888152245157,-0.0016504324055454619
2015-06-30,3112.494780124219,3682.4737596368404,3862.4845735021613,2099.935856449759,-0.0017380460350073894
2015-07-01,3107.534317503989,3677.5146898809617,3857.5247870494873,2096.1017158725645,-0.0018275058686713684
2015-07-02,3102.3474913230166,3672.329224276437,3852.3386213692693,2092.0834727285282,-0.0019188475179633087
2015-07-03,3096.93083791163,3666.9138975462793,3846.922612011751,2087.8782062532428,-0.0020121083478877866
2015-07-04,3091.2808936001547,3661.2652444135,3841.273294527172,2083.482995682303,-0.0021073275531410516
2015-07-05,3085.3941947189187,3655.3797996011153,3835.387204465776,2078.894920251303,-0.0022045462386375593
2015-07-06,3079.267277598247,3649.2540978321335,3829.260877377802,2074.1110591958354,-0.002303807504740325
2015-07-07,3072.896678568468,3642.8846738295715,3822.8908488134934,2069.128491751495,-0.002405156537531824
2015-07-08,3066.2789339599076,3636.2680623164406,3816.2736543230903,2063.9442971538756,-0.002508640704481958
2015-07-09,3059.4105801028927,3629.4007980157526,3809.405829456835,2058.5555546385713,-0.002614309655888031
2015-07-10,3052.2881533277505,3622.279415650523,3802.283909764969,2052.9593434411763,-0.0027222154325071825
2015-07-11,3044.9081899648077,3614.9004499437624,3794.9044307977333,2047.152742797284,-0.002832412579824342
2015-07-12,3037.267226344391,3607.2604356184856,3787.2639281053703,2041.1328319424888,-0.0029449582694367218
2015-07-13,3029.3617987968273,3599.355907397704,3779.3589372381202,2034.896690112384,-0.003059912428084248
2015-07-14,3021.188443652444,3591.183400004431,3771.185993746226,2028.4413965425642,-0.003177337874882532
2015-07-15,3012.7436972415658,3582.73944816168,3762.7416331799277,2021.7640304686227,-0.003297300467382755
2015-07-16,3004.024095894523,3574.0205865924645,3754.0223910894683,2014.8616711261548,-0.0034198692571148397
2015-07-17,2995.026175941638,3565.0233500197946,3745.0248030250877,2007.7313977507524,-0.0035451166553501765
2015-07-18,2985.746473713242,3555.744273166686,3735.7454045370287,2000.3702895780111,-0.0036731186098534945
2015-07-19,2976.1815255396577,3546.1798907561497,3726.180731175531,1992.7754258435239,-0.0038039547935048604
2015-07-20,2966.3278677512153,3536.3267375112005,3716.3273184908385,1984.9438857828854,-0.003937708805700225
2015-07-21,2956.1820366782413,3526.1813481548506,3706.181702033192,1976.8727486316895,-0.0040744683875699045
2015-07-22,2945.740568651059,3515.7402574101125,3695.740417352831,1968.5590936255294,-0.004214325652111191
2015-07-23,2935.0,3505.0,3685.0,1960.0,-0.004357377330457631
2015-07-24,2923.98555261721,3493.9857974765046,3673.985671700381,1951.2152270176114,-0.004492101428737822
2015-07-25,2912.8371906421253,3482.837618707534,3662.8373988814283,1942.315254048539,-0.004571680387929178
2015-07-26,2901.7235637760036,3471.724119389976,3651.7238341460356,1933.4332404898753,-0.0045833877612066545
2015-07-27,2890.8133217201043,3460.8139552207203,3640.813630097102,1924.7023457387133,-0.004525973470852488
2015-07-28,2880.2751141756835,3450.275781896653,3630.275439337521,1916.2557291921457,-0.004398189200598948
2015-07-29,2870.2775908440003,3440.278255114662,3620.27791447019,1908.2265502472637,-0.0041988379888210255
2015-07-30,2860.9894014263123,3430.9900305716355,3610.9897080980036,1900.7479683011609,-0.003926826771688937
2015-07-31,2852.579195623876,3422.5797639644593,3602.579472823857,1893.9531427509287,-0.003581221610573912
2015-08-01,2845.2156231379495,3415.2161109900235,3595.2158612506473,1887.9752329936596,-0.003161305102516186
2015-08-02,2839.067333669792,3409.0677273452147,3589.0675259812706,1882.9473984264469,-0.002666635217973822
2015-08-03,2834.302976920661,3404.30326872692,3584.303119618621,1879.0027984463818,-0.002097104543802645
2015-08-04,2831.091202591812,3401.091390832027,3581.091294765595,1876.274592450557,-0.0014529986426151055
2015-08-05,2829.6006603845067,3399.600749357425,3579.60070402509,1874.8959398360657,-0.0007350519869460296
2015-08-06,2830.0,3400.0,3580.0,1875.0,5.550029421103362e-05
2015-08-07,2832.39083221163,3402.39075833347,3582.3907957916463,1876.6685064217495,0.000889474391939965
2015-08-08,2836.606612081056,3406.6064794388703,3586.6065464950493,1879.7774889098994,0.0016552790599862418
2015-08-09,2842.413755742017,3412.4135782740673,3592.413667703655,1884.151551355331,0.002324201316052581
2015-08-10,2849.57867932825,3419.578469796925,3599.5785750109094,1889.6152976489275,0.0028956479453567155
2015-08-11,2857.8677989734933,3427.867568965311,3607.867684010258,1895.9933316815698,0.003369624645350255
2015-08-12,2867.0475308114856,3437.047290737087,3617.0474102951457,1903.110257344141,0.0037466385535418574
2015-08-13,2876.884290975965,3446.8840500701212,3626.8841694590187,1910.7906785275225,0.004027598878357471
2015-08-14,2887.1444956006712,3457.1442619222794,3637.144377095324,1918.859199122597,0.0042137181158467905
2015-08-15,2897.59456081934,3467.5943412514243,3647.594448797505,1927.1404230202463,0.004306415761487933
2015-08-16,2908.0009027657115,3478.0007030154225,3658.0008001590086,1935.4589541113528,0.00430722585465959
2015-08-17,2918.1299375735243,3488.1297621721405,3668.129846773281,1943.639396286799,0.0042177091495887225
2015-08-18,2927.748081376516,3497.747933679442,3677.748004233767,1951.5063534374665,0.00403937020739014
2015-08-19,2936.6217503084245,3506.6216324951934,3686.6216881339114,1958.8844294542373,0.0037735792567352754
2015-08-20,2944.5173605029886,3514.5172735772594,3694.517314067162,1965.598228227994,0.0034214982758492686
2015-08-21,2951.2013280939473,3521.2012718835053,3701.2012976269625,1971.4723536496185,0.002984010399721789
2015-08-22,2956.440069215039,3526.440042371798,3706.4400544067607,1976.3314096099937,0.002461651442409091
2015-08-23,2960.0,3530.0,3710.0,1980.0,0.001854542029796578
2015-08-24,2961.7152512018447,3531.715274562891,3711.71526470121,1982.3525422715581,0.0011874473676384974
2015-08-25,2961.6908120506773,3531.6908552028867,3711.690837609235,1983.4627081207298,0.0005598676731399918
2015-08-26,2960.0993863958793,3530.09944589932,3710.099422524009,1983.4539828046165,-4.399041771251268e-06
2015-08-27,2957.1136780868287,3527.113750631519,3707.1137232454607,1982.449851580317,-0.0005063820443907346
2015-08-28,2952.9063909729057,3522.9064733788136,3702.9064435735177,1980.5737997049316,-0.0009467781071234531
2015-08-29,2947.65022890349,3517.6503181205358,3697.6502873081126,1977.9493124355608,-0.0013259933462888979
2015-08-30,2941.5178957279622,3511.5179888360135,3691.5179582491737,1974.699875029304,-0.0016441824124379736
2015-08-31,2934.682095295701,3504.6821895045787,3684.6821601966303,1970.948972743261,-0.0019012859789003759
2015-09-01,2927.315531456087,3497.31562410556,3677.3155969504155,1966.8200908345325,-0.002097067326800548
2015-09-02,2919.5909080584975,3489.590996618286,3669.5909723104546,1962.436714560217,-0.002231148692891026
2015-09-03,2911.6809289523144,3481.681011022091,3661.6809900766802,1957.9223291774165,-0.002303047923827902
2015-09-04,2903.758297986917,3473.758371296302,3653.758354049022,1953.4004199432295,-0.00231221586090946
2015-09-05,2895.9957190116847,3465.995781420248,3645.995768027408,1948.9944721147563,-0.0022580747579208156
2015-09-06,2888.5658958759964,3458.56594537326,3638.5659358117673,1944.8279709490962,-0.002140057908004302
2015-09-07,2881.6415324292343,3451.641567134671,3631.6415612020346,1941.024401703351,-0.0019576505207688742
2015-09-08,2875.395332520775,3445.395350683807,3625.395347998134,1937.7072496346184,-0.0017104317470911347
2015-09-09,2870.0,3440.0,3620.0,1935.0,-0.0013981175963504622
2015-09-10,2865.5917577400105,3435.591738097366,3615.5917400803673,1932.999638265122,-0.0010343133920808962
2015-09-11,2862.160904708792,3432.1608641291687,3612.1608674032104,1931.697150729719,-0.0006740438672579922
2015-09-12,2859.6612588980543,3429.661196283458,3609.6612002053103,1931.0570239020528,-0.0003314354497264648
2015-09-13,2858.0466382995055,3428.046552748284,3608.046556723446,1931.0437442903844,-6.876885128316806e-06
2015-09-14,2857.2708609048545,3427.270751711698,3607.270755194402,1931.621798402976,0.0002993032197676661
2015-09-15,2857.28774470581,3427.2876113617494,3607.287613854958,1932.755672748089,0.0005868341724469759
2015-09-16,2858.051107694079,3428.0509498864876,3608.0509509418944,1934.4098538339847,0.000855500585849807
2015-09-17,2859.514767861371,3429.514585473963,3609.5145846919936,1936.5488281689243,0.0011051394387567933
2015-09-18,2861.6325431993955,3431.6323363122265,3611.632333342036,1939.1370822611707,0.0013356368585246998
2015-09-19,2864.3582516998595,3434.358020589328,3614.358015128803,1942.1391026189833,0.0015469246781016628
2015-09-20,2867.6457113544716,3437.645456493318,3617.645448289076,1945.5193757506258,0.0017389768171716465
2015-09-21,2871.448740154941,3441.4484622122454,3621.4484510596353,1949.2423881643588,0.0019118055343944746
2015-09-22,2875.7211560929754,3445.720855934162,3625.7208416772633,1953.2726263684438,0.0020654575943280826
2015-09-23,2880.4167771602847,3450.416455847117,3630.4164383787406,1957.5745768711422,0.0022000103886805887
2015-09-24,2885.489421348576,3455.4890801391603,3635.489059400848,1962.1127261807158,0.002315568047370328
2015-09-25,2890.892906649559,3460.892546998343,3640.892522980367,1966.8515608054265,0.0024122575704449024
2015-09-26,2896.5810510549404,3466.5806746127137,3646.5806473540783,1971.7555672535348,0.002490225007417945
2015-09-27,2902.5076725564313,3472.507281170325,3652.5072507587656,1976.7892320333033,0.0025496317060940835
2015-09-28,2908.626589145737,3478.6261848592244,3658.626151431206,1981.9170416529928,0.002590650648522676
2015-09-29,2914.8916188145686,3484.8912038674634,3664.8911676081834,1987.1034826208656,0.0026134628874724857
2015-09-30,2921.256579554634,3491.256156383093,3671.256117526478,1992.3130414451825,0.002618254092720348
2015-10-01,2927.675289357641,3497.6748605941616,3677.6748194228708,1997.5102046342058,0.0026052112126085623
2015-10-02,2934.101566215298,3504.1011346887203,3684.101091534144,2002.659458696196,0.0025745192527015836
2015-10-03,2940.489228119315,3510.488796854819,3690.4887520970783,2007.7252901394154,0.0025263581700348784
2015-10-04,2946.792093061398,3516.791665280508,3696.791619348454,2012.6721854721254,0.002460899878314593
2015-10-05,2952.9639790332585,3522.9635581538378,3702.9635115250535,2017.4646312025877,0.0023783053565858392
2015-10-06,2958.9587040266024,3528.9582936628576,3708.9582468636563,2022.067113839063,0.0022787218512072957
2015-10-07,2964.7300860331407,3534.729689995619,3714.729643601046,2026.4441198898148,0.002162280158523921
2015-10-08,2970.23194304458,3540.231565340171,3720.231519974002,2030.5601358631027,0.0020290919733008585
2015-10-09,2975.4180930526286,3545.417737884563,3725.4176942193058,2034.3796482671883,0.001879247285812279
2015-10-10,2980.242354048996,3550.242025816847,3730.2419845737386,2037.8671436103343,0.0017128118083190164
2015-10-11,2984.6585440253903,3554.6582473250724,3734.658209274082,2040.9871084008014,0.0015298244095954979
2015-10-12,2988.620480973521,3558.620220597289,3738.6201865571165,2043.704029146852,0.0013302945340224579
2015-10-13,2992.0819828850945,3562.0817638215476,3742.081734659623,2045.9823923567465,0.0011141995795175609
2015-10-14,2994.996867751821,3564.996695185898,3744.996671818384,2047.786684538747,0.0008814822062207017
2015-10-15,2997.3189535654087,3567.3188328783895,3747.318816270179,2049.0813922011152,0.0006320475452066839
2015-10-16,2999.0020583175656,3569.0019950870737,3749.001986251791,2049.8310018521124,0.00036576027359925433
2015-10-17,3000.0,3570.0,3750.0,2050.0,8.244151912953257e-05
2015-10-18,3000.2803527454275,3570.280421658603,3750.2804315549583,2049.563807882099,-0.0002127992830400198
2015-10-19,2999.8657152505843,3569.8658575178483,3749.865878170301,2048.541585651962,-0.0004988755306051076
2015-10-20,2998.7924423532154,3568.792660886089,3748.7926929030364,2046.9634281922038,-0.000770677868802525
2015-10-21,2997.0968888910625,3567.0971850716733,3747.097228810169,2044.8594303854352,-0.0010283915335134
2015-10-22,2994.81540970187,3564.815783382954,3744.8158389487057,2042.2596871142703,-0.00127216435197738
2015-10-23,2991.98435962338,3561.984809128282,3741.9848763756536,2039.194293261321,-0.0015021090249048128
2015-10-24,2988.6400934933376,3558.6406156160074,3738.64069414802,2035.6933437092014,-0.001718305251785128
2015-10-25,2984.8189661494844,3554.8195561544812,3734.8196453228097,2031.7869333405222,-0.0019208017266965736
2015-10-26,2980.5573324295656,3550.5579840520545,3730.558082957031,2027.5051570378978,-0.0021096180295932417
2015-10-27,2975.8915471713226,3545.8922526170777,3725.892360107688,2022.87810968394,-0.0022847464361038876
2015-10-28,2970.857965212501,3540.8587151579027,3720.85882983179,2017.9358861612623,-0.002446153667129711
2015-10-29,2965.492941390842,3535.493724982879,3715.4938451863413,2012.7085813524773,-0.0025937825980754353
2015-10-30,2959.83283054409,3529.833635400358,3709.833759228349,2007.226290140197,-0.002727553946195804
2015-10-31,2953.9139875099895,3523.9147997186915,3703.9149250148225,2001.5191074070358,-0.0028473679533602215
2015-11-01,2947.772767126281,3517.7735712462286,3697.773695602763,1995.6171280356043,-0.002953106080438511
2015-11-02,2941.4455242307113,3511.4463032913227,3691.4464240491825,1989.5504469085179,-0.0030446327284367335
2015-11-03,2934.9686136610217,3504.969349162322,3684.969463411084,1983.3491589083867,-0.00312179700052421
2015-11-04,2928.3783902549553,3498.379062167579,3678.379166745475,1977.0433589178253,-0.0031844345179957833
2015-11-05,2921.7112088502568,3491.7117956154434,3671.711887109362,1970.6631418194454,-0.003232369302197126
2015-11-06,2915.003424284668,3485.0039028142673,3665.0039775597515,1964.2386024958603,-0.0032654157332248097
2015-11-07,2908.2913913959333,3478.2917370724,3658.2917911536497,1957.7998358296823,-0.0032833805950153684
2015-11-08,2901.6114650217964,3471.611651698195,3651.611680948064,1951.376936703525,-0.0032860652150314747
2015-11-09,2895.0,3465.0,3645.0,1945.0,-0.003273267705259716
2015-11-10,2888.489013987328,3458.488799219129,3638.488765477783,1938.6960525946947,-0.0032463678188637372
2015-11-11,2882.0931759167233,3452.092722328735,3632.092650995002,1932.4798493350918,-0.0032115350786865674
2015-11-12,2875.822817540171,3445.822106234932,3625.8219942765654,1926.3630770616458,-0.0031702650318806177
2015-11-13,2869.688270609651,3439.687287843834,3619.68713304738,1920.3574226148116,-0.0031224828145856643
2015-11-14,2863.6998668771525,3433.698604061558,3613.6984050323586,1914.4745728350474,-0.003068115840022831
2015-11-15,2857.867938094656,3427.8663917942167,3607.866147956404,1908.7262145628079,-0.0030070942770621784
2015-11-16,2852.2028160141444,3422.2009879479233,3602.2006995444262,1903.124034638548,-0.002939351543992786
2015-11-17,2846.7148323876027,3416.7127294287957,3596.7123975213335,1897.679719902724,-0.002864824816528083
2015-11-18,2841.414318967014,3411.4119531429446,3591.4115796120323,1892.404957195792,-0.002783455548831243
2015-11-19,2836.311607504362,3406.3089959964877,3586.308583541432,1887.3114333582075,-0.002695190006114767
2015-11-20,2831.417029751631,3401.414194895536,3581.41374703444,1882.4108352304256,-0.002599979807129818
2015-11-21,2826.740917460804,3396.737886746208,3576.737407815965,1877.7148496529035,-0.0024977824746070555
2015-11-22,2822.293602383865,3392.2904084546153,3572.289903610914,1873.2351634660959,-0.002388561991464815
2015-11-23,2818.0854162727974,3388.082096926874,3568.0815721441954,1868.9834635104583,-0.0022722893603212245
2015-11-24,2814.126690879584,3384.1232890690967,3564.122751140717,1864.9714366264473,-0.0021489431636204127
2015-11-25,2810.427757956211,3380.4243217874005,3560.423778325387,1861.2107696545181,-0.0020185101214086746
2015-11-26,2806.9989492546592,3376.995531987898,3556.994991423114,1857.713149435127,-0.0018809856435532911
2015-11-27,2803.8505965269133,3373.8472565767033,3553.846728158804,1854.4902628087289,-0.0017363743729760575
2015-11-28,2800.993031524957,3370.9898324599326,3550.9893262573673,1851.5537966157804,-0.0015846907162349576
2015-11-29,2798.4365860007747,3368.4335965436994,3548.4331234437104,1848.9154376967363,-0.0014259593576085386
2015-11-30,2796.1915917063484,3366.188885734118,3546.188457442742,1846.5868728920536,-0.0012602157526380537
2015-12-01,2794.268380393663,3364.266036937303,3544.2656659793697,1844.5797890421866,-0.0010875065969658732
2015-12-02,2792.6772838147017,3362.6753870593698,3542.675086778501,1842.9058729875921,-0.0009078902661561462
2015-12-03,2791.4286337214485,3361.4272730064313,3541.427057565045,1841.576811568726,-0.0007214372221542875
2015-12-04,2790.532761865887,3360.5320316846037,3540.5319160639083,1840.6042916260435,-0.000528230381961442
2015-12-05,2790.0,3360.0,3540.0,1840.0,-0.00032836544414630145
2015-12-06,2789.8361689339945,3359.837001200372,3539.837133008948,1839.7708487972768,-0.00012454645271959937
2015-12-07,2790.029045710964,3360.03080390001,3540.031082369253,1839.9046511894524,7.272510428433072e-05
2015-12-08,2790.561896432225,3360.5646630548445,3540.5651012701355,1840.38444561433,0.00026073735784105814
2015-12-09,2791.4179871990927,3361.4218336208014,3541.422442900819,1841.1932705097126,0.00043939037595400974
2015-12-10,2792.5805841128845,3362.5855705538106,3542.586360450525,1842.314164313405,0.0006086013714502301
2015-12-11,2794.0329532749174,3364.0391288098017,3544.0401071084743,1843.7301654632106,0.0007683039555553422
2015-12-12,2795.7583607865067,3365.7657633447,3545.7669360638893,1845.4243123969318,0.000918447336905668
2015-12-13,2797.7400727489685,3367.7487291144357,3547.750100505989,1847.3796435523727,0.001058995474172377
2015-12-14,2799.9613552636197,3369.971281074937,3549.9728536239977,1849.5791973673379,0.0011899261902259296
2015-12-15,2802.4054744317764,3372.416674182131,3552.4184486071363,1852.006012279629,0.001311230255444787
2015-12-16,2805.0556963547547,3375.068163391947,3555.070138644625,1854.6431267270502,0.0014229104473962866
2015-12-17,2807.895287133872,3377.909003660314,3557.9111769256865,1857.473579147406,0.001524980593638209
2015-12-18,2810.9075128704426,3380.9224499431566,3560.9248166395405,1860.480407978498,0.001617464603940945
2015-12-19,2814.0756396657844,3384.0917571964083,3564.0943109754107,1863.646651658132,0.001700395497695411
2015-12-20,2817.3829336212134,3387.400180375994,3567.402913122518,1866.9553486241098,0.0017738144317043692
2015-12-21,2820.8126608380453,3390.830974437842,3570.8338762700837,1870.3895373142357,0.0018377697330522517
2015-12-22,2824.348087417596,3394.3673943378817,3574.3704536073287,1873.9322561663123,0.0018923159411190378
2015-12-23,2827.9724794611843,3397.9926950320423,3577.995898323476,1877.5665436181446,0.0019375128623013175
2015-12-24,2831.6691030701245,3401.69013147625,3581.6934636077453,1881.2754381075351,0.001973424640399025
2015-12-25,2835.4212243457328,3405.442958626434,3585.446402649359,1885.041978072287,0.00200011884512627
2015-12-26,2839.212109389326,3409.2344314385223,3589.237968637539,1888.8492019502046,0.0020176655806419777
2015-12-27,2843.0250243022197,3413.047804868442,3593.051414761504,1892.6801481790908,0.0020261366155105783
2015-12-28,2846.843235185732,3416.8663338721244,3596.8699942104795,1896.5178551967497,0.0020256045350173055
2015-12-29,2850.6500081411778,3420.6732734054963,3600.6769601736855,1900.3453614409843,0.0020161419162932374
2015-12-30,2854.428609269874,3424.451878424485,3604.455565840343,1904.1457053495988,0.001997820526277305
2015-12-31,2858.1623046731356,3428.1854038850197,3608.189064399673,1907.9019253603958,0.0019707105421275985
2016-01-01,2861.834360452281,3431.8571047430282,3611.860709040898,1911.5970599111795,0.0019348797933134807
2016-01-02,2865.4280427086237,3435.450235954438,3615.4537529532377,1915.2141474397522,0.0018903930242438207
2016-01-03,2868.9266175434827,3438.94805247518,3618.9514493259176,1918.736226383919,0.001837311175964883
2016-01-04,2872.3133510581742,3442.333809261181,3622.337051348156,1922.1463351814837,0.0017756906851130849
2016-01-05,2875.571509354012,3445.5907612683686,3625.593812209174,1925.4275122702475,0.0017055827980286705
2016-01-06,2878.684358532315,3448.7021634526723,3628.704985098195,1928.562796088016,0.001627032897629183
2016-01-07,2881.6351646943986,3451.6512707700185,3631.6538232044386,1931.5352250725916,0.0015400798403528186
2016-01-08,2884.4071939415776,3454.4213381763366,3634.4235797171273,1934.3278376617784,0.0014447553002393517
2016-01-09,2886.9837123751713,3456.995620627557,3636.997507825484,1936.92367229338,0.0013410831169082594
2016-01-10,2889.3479860964935,3459.3573730796047,3639.358860718727,1939.3057674051993,0.0012290786439501445
2016-01-11,2891.4832812068616,3461.4898504884086,3641.49089158608,1941.45716143504,0.001108748093963146
2016-01-12,2893.3728638075922,3463.376307809898,3643.3768536167645,1943.360892820706,0.0009800878761722614
2016-01-13,2895.0,3465.0,3645.0,1945.0,0.0008430839222813048
2016-01-14,2896.361569223833,3466.3578103451887,3646.357214631685,1946.3712040460941,0.0007047408386124968
2016-01-15,2897.5089042725576,3467.5011354541116,3647.4999042344093,1947.5259565736283,0.0005931089156969933
2016-01-16,2898.5069512780688,3468.4950002659593,3648.4931062374367,1948.5293918326106,0.0005151031961492457
2016-01-17,2899.4206563722632,3469.404429719926,3649.4018580700345,1949.4466440730487,0.0004706300135862094
2016-01-18,2900.3149656870382,3470.2944487552027,3650.291197161467,1950.3428475449514,0.0004596163406285277
2016-01-19,2901.254825354289,3471.2300823109817,3651.226160940999,1951.2831364983258,0.00048199851827110065
2016-01-20,2902.305181505913,3472.276355326456,3652.2717868378977,1952.3326451831817,0.0005377110703713423
2016-01-21,2903.530980273804,3473.498292740817,3653.493112281425,1953.5565078495251,0.0006266755959759531
2016-01-22,2904.9971677898607,3474.9609194932555,3654.9551747008477,1955.0198587473644,0.000748789753076554
2016-01-23,2906.768690185979,3476.729260522966,3656.723011525432,1956.7878321267087,0.0009039163677947646
2016-01-24,2908.910493594056,3478.8683407691406,3658.861660184443,1958.9255622375663,0.0010918727230217109
2016-01-25,2911.487524145985,3481.44318517097,3661.436158107144,1961.4981833299432,0.0013124200997671582
2016-01-26,2914.5647279736654,3484.5188186676473,3664.5115427228016,1964.5708296538492,0.001565253662674388
2016-01-27,2918.2070512089917,3488.1602661983643,3668.152851460681,1968.2086354592918,0.0018499927978354606
2016-01-28,2922.4794399838606,3492.4325527023125,3672.425121750046,1972.4767349962785,0.0021661720257697623
2016-01-29,2927.4468404301697,3497.4007031186866,3677.393391020164,1977.440262514819,0.0025132326245223967
2016-01-30,2933.1741986798133,3503.1297423866754,3683.122696700299,1983.1643522649192,0.0028905151067963766
2016-01-31,2939.7264608646883,3509.6846954454727,3689.678076219716,1989.7141384965887,0.003297252700246198
2016-02-01,2947.1685731166917,3517.1305872342714,3697.1245670076805,1997.1547554598349,0.003732565980842649
2016-02-02,2955.56548156772,3525.5324426922625,3705.527206493458,2005.551337404666,0.0041954588052789
2016-02-03,2964.982132349668,3534.9552867586394,3714.9510321063135,2014.96901858109,0.004684815679115624
2016-02-04,2975.4834715944335,3545.4641443725927,3725.4610812755127,2025.4729332391148,0.005199400682713653
2016-02-05,2987.1344454339114,3557.1240404733153,3737.122391430318,2037.1282156287489,0.005737858056835148
2016-02-06,3000.0,3570.0,3750.0,2050.0,0.006298714524324105
2016-02-07,3014.073586913262,3584.085200697943,3764.087041324423,2064.0815960457776,0.0068455866555077426
2016-02-08,3029.0626797489317,3599.0854315368647,3779.0890373858815,2079.079015230599,0.00723963471175209
2016-02-09,3044.603257570913,3614.6346342925885,3794.6396070772676,2094.6264444618823,0.007450214824986039
2016-02-10,3060.3312994431067,3630.3667507409396,3810.372369291477,2110.3580706470448,0.007482405476159952
2016-02-11,3075.8827844294187,3645.9157226577427,3825.920942921407,2125.908080693507,0.007341408368365229
2016-02-12,3090.893691593748,3660.91549181882,3840.918946859948,2140.9106615086857,0.007032238090097996
2016-02-13,3105.0,3675.0,3855.0,2155.0,0.006559442278525196
2016-02-14,3117.9089858532716,3687.8751543143194,3867.8697924717785,2167.882147150567,0.005959998373718395
2016-02-15,3129.613113923434,3699.5347232236745,3879.52229935479,2179.5506102462964,0.005367991532512507
2016-02-16,3140.1761461215565,3710.044440527177,3890.0235669658664,2190.070760648799,0.004815140643023186
2016-02-17,3149.6618443587063,3719.47004002394,3899.4396416218387,2199.5079697196843,0.004299831118469306
2016-02-18,3158.133970545951,3727.8772555130727,3907.836569639536,2207.9276088205615,0.0038206567936933445
2016-02-19,3165.656286594361,3735.331820793689,3915.28039733579,2215.3950493130415,0.0033763974115036425
2016-02-20,3172.2925544150007,3741.899469664898,3921.83717102743,2221.9756625587315,0.002965998784957582
2016-02-21,3178.10653591894,3747.645935925814,3927.5729370312893,2227.7348199192443,0.0025885551875866066
2016-02-22,3183.1619930172455,3752.636953375545,3932.553741664195,2232.7378927561867,0.002243293595691161
2016-02-23,3187.5226876209863,3756.9382558132056,3936.8456312429794,2237.0502524311696,0.0019295594658585503
2016-02-24,3191.2523816412286,3760.615577037906,3940.514652084473,2240.7372703058027,0.0016468037793959838
2016-02-25,3194.4148369890413,3763.734650848758,3943.6268505055064,2243.8643177416952,0.0013945711257939554
2016-02-26,3197.0738155754916,3766.3612110448717,3946.248272822908,2246.4967661004566,0.0011724886311745841
2016-02-27,3199.293079311648,3768.56099142536,3948.444965353511,2248.699986743697,0.0009802555664640649
2016-02-28,3201.1363901085783,3770.3997257893348,3950.282974414147,2250.5393510330264,0.0008176334947809292
2016-02-29,3202.66750987735,3771.9431479359073,3951.828346321642,2252.0802303300534,0.0006844368391934471
2016-03-01,3203.9502005290296,3773.2569916641883,3953.1471273928305,2253.387995996389,0.000580523771279235
2016-03-02,3205.048223974687,3774.406990773289,3954.3053639445416,2254.5280193936414,0.000505787338390636
2016-03-03,3206.0253421253888,3775.458879062321,3955.3691022936046,2255.5656718834207,0.0004601467637335634
2016-03-04,3206.945316892203,3776.478390330397,3956.404388756852,2256.5663248273363,0.0004435388685657692
2016-03-05,3207.871910186198,3777.531258376628,3957.4772696511127,2257.5953495869985,0.0004559095804293215
2016-03-06,3208.8688839184415,3778.683217000126,3958.65379129322,2258.718117524017,0.0004972055054748289
2016-03-07,3210.0,3780.0,3960.0,2260.0,0.0005673655567929803
2016-03-08,3211.3168915320316,3781.534555583368,3961.56905240517,2261.493704314286,0.0006607127937386007
2016-03-09,3212.8226763760504,3783.2886895893603,3963.362546409974,2263.201281517119,0.0007547811683423103
2016-03-10,3214.5083435836596,3785.2514222651107,3965.3691902325386,2265.1121185964716,0.0008439509477067782
2016-03-11,3216.3648822064624,3787.4117738577565,3967.5776920909943,2267.2156025403174,0.0009282135910264091
2016-03-12,3218.3832812960604,3789.758764614429,3969.9767602034663,2269.5011203366266,0.0010075647783501177
2016-03-13,3220.554529904059,3792.2814147822655,3972.5551027880842,2271.958058973373,0.0010820041662563536
2016-03-14,3222.8696170820594,3794.9687446083994,3975.3014280629745,2274.5758054385283,0.0011515351397309386
2016-03-15,3225.319531881668,3797.8097743399667,3978.2044442462666,2277.343746720066,0.0012161645613384768
2016-03-16,3227.895263354484,3800.7935242241024,3981.2528595560884,2280.2512698059577,0.0012759025186683405
2016-03-17,3230.587800552113,3803.9090145079404,3984.4353822105677,2283.2877616841747,0.0013307620710073214
2016-03-18,3233.3881325261573,3807.1452654386153,3987.7407204278306,2286.4426093426914,0.0013807589960861569
2016-03-19,3236.2872483282213,3810.4912972632624,3991.157582426008,2289.705199769478,0.0014259115376860153
2016-03-20,3239.2761370099065,3813.936130229017,3994.674676423226,2293.0649199525087,0.0014662401548281793
2016-03-21,3242.345787622818,3817.468784583013,3998.280710637614,2296.511156879755,0.001501767273162992
2016-03-22,3245.487189218557,3821.078280572387,4001.9643932872978,2300.033297539189,0.0015325170391387916
2016-03-23,3248.6913308487283,3824.7536384442706,4005.714432590407,2303.6207289187832,0.0015585150774248106
2016-03-24,3251.9492015649334,3828.483878445801,4009.5195367650676,2307.2628380065107,0.001579788252008841
2016-03-25,3255.251790418778,3832.2580208241134,4013.368414029411,2310.9490117903433,0.0015963644313150608
2016-03-26,3258.5900864618625,3836.065085826341,4017.249772601562,2314.6686372582526,0.0016082722576176553
2016-03-27,3261.9550787457906,3839.894093699618,4021.152320699649,2318.411101398212,0.0016155409209606334
2016-03-28,3265.3377563221684,3843.734064691084,4025.0647665418023,2322.1657911981943,0.001618199937727289
2016-03-29,3268.729108242596,3847.5740190478664,4028.9758183461463,2325.9220936461697,0.0016162789339491726
2016-03-30,3272.1201235586777,3851.402977017107,4032.8741843308126,2329.6693957301136,0.001609807433383982
2016-03-31,3275.5017913220154,3855.2099588459355,4036.7485727139247,2333.3970844379946,0.0015988146503151585
2016-04-01,3278.8651005842153,3858.98398478149,4040.587691713617,2337.0945467577894,0.0015833292870233893
2016-04-02,3282.201040396877,3862.714075070903,4044.38024954801,2340.7511696774664,0.0015633793357523228
2016-04-03,3285.500599811607,3866.389249961311,4048.1149544352375,2344.3563401850006,0.0015389918850375933
2016-04-04,3288.7547678800065,3869.9985296998493,4051.7805145934244,2347.8994452683623,0.0015101929301200724
2016-04-05,3291.954533653678,3873.53093453365,4055.365638240699,2351.369871915526,0.0014770071872162488
2016-04-06,3295.0908861842267,3876.9754847098507,4058.8590335951903,2354.757007114463,0.0014394579112969102
2016-04-07,3298.154814523255,3880.3212004755846,4062.2494088750254,2358.050237853145,0.0013975667170453981
2016-04-08,3301.137307722366,3883.557102077987,4065.5254722983327,2361.238951119545,0.001351353402588025
2016-04-09,3304.029354833162,3886.6722097641914,4068.6759320832393,2364.3125339016356,0.001300835775571423
2016-04-10,3306.821944907248,3889.6555437813367,4071.6894964478743,2367.260373187389,0.0012460294811205963
2016-04-11,3309.5060669962263,3892.496124376553,4074.554873610365,2370.071855964777,0.0011869478311718655
2016-04-12,3312.0727101517,3895.1829717969767,4077.2607717888395,2372.7363692217727,0.0011236016346478212
2016-04-13,3314.5128634252724,3897.7051062897444,4079.795899201426,2375.2432999463485,0.0010559990278891063
2016-04-14,3316.817515868545,3900.0515481019884,4082.1489640662508,2377.5820351264756,0.0009841453047442275
2016-04-15,3318.9776565331254,3902.211317480845,4084.308674601445,2379.741961750128,0.0009080427456626376
2016-04-16,3320.984274470612,3904.1734346734484,4086.263739025133,2381.7124668052766,0.0008276904450981946
2016-04-17,3322.828358732611,3905.9269199269343,4088.002865555446,2383.482937279895,0.0007430841365152581
2016-04-18,3324.500898370724,3907.460793488435,4089.5147624105084,2385.042760161954,0.0006542160141987905
2016-04-19,3325.9928824365547,3908.7640756050887,4090.788137808452,2386.3813224394275,0.0005610745510843036
2016-04-20,3327.295299981707,3909.8257865240284,4091.811699967402,2387.4880111002867,0.0004636443117154922
2016-04-21,3328.3991400577834,3910.634946492389,4092.574157105488,2388.3522131325053,0.0003619057594371914
2016-04-22,3329.2953917163877,3911.180575757306,4093.064217440837,2388.9633155240545,0.0002558350568291835
2016-04-23,3329.975044009121,3911.4516945659134,4093.2705891915766,2389.310705262906,0.0001454038583607525
2016-04-24,3330.429085987589,3911.437323165346,4093.1819805758355,2389.3837693370338,3.0579094152897704e-05
2016-04-25,3330.6485067033937,3911.1264818027385,4092.7870998117405,2389.1718947344093,-8.867725633348974e-05
2016-04-26,3330.62429520814,3910.508190725228,4092.0746551174234,2388.664468443006,-0.00021240840193763045
2016-04-27,3330.3474405534275,3909.5714701799457,4091.033354711006,2387.8508774507945,-0.00034066299013537764
2016-04-28,3329.808931790862,3908.3053404140273,4089.6519068106195,2386.720508745748,-0.00047349537151487533
2016-04-29,3328.9997579720475,3906.698821674611,4087.9190196343943,2385.2627493158398,-0.0006109658799793212
2016-04-30,3327.910908148585,3904.7409342088276,4085.823401400454,2383.46698614904,-0.0007531411303632525
2016-05-01,3326.5333713720784,3902.4206982638134,4083.3537603269288,2381.322606233323,-0.0009000943352972308
2016-05-02,3324.8581366941316,3899.7271340867037,4080.4988046319463,2378.8189965566603,-0.0010519056433321663
2016-05-03,3322.8761931663475,3896.649261924633,4077.2472425336346,2375.945544107024,-0.001208662500476019
2016-05-04,3320.578529840329,3893.1761020247354,4073.5877822501207,2372.6916358723875,-0.0013704600375178898
2016-05-05,3317.9561357676785,3889.2966746341453,4069.5091319995327,2369.0466588407216,-0.0015374014857250785
2016-05-06,3315.0,3885.0,4065.0,2365.0,-0.001709598623736118
2016-05-07,3311.708710082922,3880.284707201249,4060.0590569227934,2360.54986272982,-0.0018834373628301615
2016-05-08,3308.1112475381715,3875.1878606441132,4054.72482325176,2355.7297159762784,-0.002044046944786767
2016-05-09,3304.244192381499,3869.756133566629,4049.045781923889,2350.5818450770994,-0.0021876464766315013
2016-05-10,3300.1441246286577,3864.0361992068338,4043.070415876174,2345.1485353700054,-0.0023141499582103827
2016-05-11,3295.8476242953975,3858.0747308027608,4036.8472080456017,2339.4720721927197,-0.002423447459682595
2016-05-12,3291.391271397471,3851.918401592451,4030.424641369165,2333.5947408829634,-0.002515407822661171
2016-05-13,3286.81164595063,3845.6138848139385,4023.851198783854,2327.5588267784624,-0.002589881406265826
2016-05-14,3282.145327970626,3839.2078537052616,4017.17536322666,2321.4066152169376,-0.002646702897518543
2016-05-15,3277.4288974732112,3832.7469815044565,4010.4456176345725,2315.180391536113,-0.0026856942031761675
2016-05-16,3272.698934474136,3826.2779414495576,4003.710444944582,2308.9224410737106,-0.002706667437745504
2016-05-17,3267.992018989153,3819.8474067786046,3997.0183280936794,2302.6750491674534,-0.002709428019821448
2016-05-18,3263.3447310340152,3813.502050729634,3990.417750018856,2296.480501155066,-0.0026937778861668496
2016-05-19,3258.793650624471,3807.2885465406803,3983.9571936571015,2290.381082374269,-0.0026595188299634665
2016-05-20,3254.375357776274,3801.2535674497813,3977.685141945406,2284.4190781627867,-0.002606455966407866
2016-05-21,3250.126432505176,3795.4437866949743,3971.650077820762,2278.636773858342,-0.002534401325354406
2016-05-22,3246.083454826928,3789.905877514295,3965.9004842201566,2273.076454798658,-0.002443177566867121
2016-05-23,3242.2830047572834,3784.6865131457807,3960.484844080584,2267.7804063214567,-0.0023326218114992667
2016-05-24,3238.7616623119925,3779.832366827469,3955.451640339035,2262.7909137644624,-0.002202589572773089
2016-05-25,3235.556007506806,3775.3901117973937,3950.8493559324957,2258.1502624653963,-0.0020529587747590682
2016-05-26,3232.702620357477,3771.4064212935937,3946.7264737979604,2253.900737761983,-0.0018836338328929625
2016-05-27,3230.2380808797575,3767.9279685541055,3943.131476872419,2250.0846249919446,-0.0016945497713023192
2016-05-28,3228.1989690893984,3765.0014268169652,3940.1128480928614,2246.744209493004,-0.0014856763449599146
2016-05-29,3226.62186500215,3762.673469320209,3937.7190703962783,2243.921776602884,-0.0012570221301265773
2016-05-30,3225.543348633767,3760.9907693018754,3935.998626719661,2241.659611659308,-0.001008638541831115
2016-05-31,3225.0,3760.0,3935.0,2240.0,-0.0007406237327136603
2016-06-01,3225.0218088173588,3759.7386278973986,3934.762117967348,2238.974704176888,-0.00045782613599712024
2016-06-02,3225.612403605396,3760.2072924560107,3935.285687524013,2238.573395598729,-0.00017925372113970813
2016-06-03,3226.768822584423,3761.397426382551,3936.5618603653656,2238.775222888487,9.015482469306607e-05
2016-06-04,3228.48810397475,3763.3004623837382,3938.581788186775,2239.5593346691244,0.0003501800852849996
2016-06-05,3230.7672859966888,3765.9078331662913,3941.3366226836138,2240.9048795636063,0.0006006274665283353
2016-06-06,3233.603406870549,3769.210971436924,3944.81751555125,2242.7910061948946,0.0008413267940559166
2016-06-07,3236.9935048166417,3773.2013099023557,3949.0156184850553,2245.1968631859536,0.0010721317844584134
2016-06-08,3240.9346180552807,3777.8702812693055,3953.9220831804005,2248.1015991597474,0.0012929194010926606
2016-06-09,3245.423784806773,3783.2093182444873,3959.528061332655,2251.4843627392374,0.0015035891059493446
2016-06-10,3250.4580432914317,3789.20985353462,3965.8247046371894,2255.324302547388,0.0017040620192899064
2016-06-11,3256.034431729567,3795.8633198464213,3972.803164789374,2259.6005672071633,0.001894279998823762
2016-06-12,3262.1499883414913,3803.161149886608,3980.45459348458,2264.2923053415266,0.002074204650135713
2016-06-13,3268.8017513475147,3811.0947763618983,3988.7701424181782,2269.3786655734407,0.0022438162798201398
2016-06-14,3275.986758967948,3819.655631979009,3997.7409632855374,2274.83879652587,0.0024031128024284303
2016-06-15,3283.702049423102,3828.835149444657,4007.358207782029,2280.6518468217764,0.0025521086118585295
2016-06-16,3291.9446609332877,3838.6247614655595,4017.613027603022,2286.796965084125,0.0026908334272663977
2016-06-17,3300.7116317188165,3849.0159007484344,4028.4965744438887,2293.2532999358777,0.0028193311229117637
2016-06-18,3310.0,3860.0,4040.0,2300.0,0.0029376585506949897
2016-06-19,3319.7917222734563,3871.552493337732,4052.098281666643,2307.0124549484503,0.0030442550058969397
2016-06-20,3330.0084281410363,3883.5848205221405,4064.701699638775,2314.251018649174,0.0031327231879288357
2016-06-21,3340.5566654808977,3895.9924227244974,4077.704359811275,2321.6722860191126,0.0032016378276850475
2016-06-22,3351.3429821712007,3908.670741116074,4091.000368079021,2329.232851975208,0.0032512263276352708
2016-06-23,3362.273926090105,3921.515216868144,4104.483830336891,2336.8893114344037,0.003281725622500808
2016-06-24,3373.2560451157656,3934.4212911519717,4118.0488524797565,2344.5982593136387,0.003293378324968975
2016-06-25,3384.195887126345,3947.2844051388347,4131.589540402502,2352.3162905298577,0.0032864290294994337
2016-06-26,3395.0,3960.0,4145.0,2360.0,0.003261120776299278
2016-06-27,3405.5907473197335,3972.481156774282,4158.19210942086,2367.613061179217,0.0032206814142441676
2016-06-28,3415.9537554879244,3984.7115159706636,4171.14883582862,2375.1474616754904,0.0031772242339140437
2016-06-29,3426.090466611793,3996.692357965669,4183.870918640548,2382.602267635011,0.003133755445088847
2016-06-30,3436.0023227985616,4008.424963135823,4196.359097273908,2389.976545203968,0.0030902720423095003
2016-07-01,3445.6907661554537,4019.9106118576533,4208.614111145976,2397.2693605285544,0.0030467709867755374
2016-07-02,3455.157238789688,4031.1505845076817,4220.636699674014,2404.4797797549586,0.0030032492057726853
2016-07-03,3464.40318280849,4042.146161462436,4232.427602275293,2411.606869029372,0.0029597035920833647
2016-07-04,3473.43004031908,4052.8986230984406,4243.98755836708,2418.6496944979854,0.0029161310033517704
2016-07-05,3482.23925342868,4063.40924979222,4255.317307366645,2425.6073223069893,0.002872528261427423
2016-07-06,3490.8322642445114,4073.6793219203,4266.417588691256,2432.478818602573,0.0028288921516736684
2016-07-07,3499.210514873798,4083.7101198592063,4277.289141758181,2439.263249530929,0.00278521942224931
2016-07-08,3507.3754474237594,4093.502923985462,4287.932705984687,2445.9596812382456,0.002741506783348303
2016-07-09,3515.3285040016176,4103.059014675594,4298.349020788043,2452.567179870715,0.0026977509064198563
2016-07-10,3523.071126714597,4112.379672306126,4308.538825585519,2459.0848115745266,0.002653948423345231
2016-07-11,3530.604757669916,4121.466177253584,4318.502859794379,2465.511642495871,0.0026100959255865126
2016-07-12,3537.9308389747994,4130.319809894494,4328.2418628318965,2471.84673878094,0.0025661899633015674
2016-07-13,3545.050812736468,4138.941850605379,4337.756574115338,2478.0891665759227,0.002522227044419197
2016-07-14,3551.966121062144,4147.333579762767,4347.04773306197,2484.2379920270105,0.0024782036336888718
2016-07-15,3558.6782060590476,4155.49627774318,4356.116079089062,2490.2922812803936,0.002434116151683753
2016-07-16,3565.1885098344037,4163.431224923144,4364.962351613884,2496.251100482262,0.002389960973774496
2016-07-17,3571.4984744954318,4171.139701679186,4373.587290053701,2502.1135157788062,0.002345734429064729
2016-07-18,3577.609542149355,4178.6229883878295,4381.9916338257835,2507.8785933162185,0.0023014327992859724
2016-07-19,3583.5231549033956,4185.8823654256,4390.1761223474,2513.5453992406874,0.0022570523176541975
2016-07-20,3589.2407548647743,4192.919113169024,4398.141495035818,2519.112999698404,0.0022125891676902172
2016-07-21,3594.763784140713,4199.734511994624,4405.888491308304,2524.5804608355597,0.002168039481994587
2016-07-22,3600.093684838434,4206.329842278927,4413.41785058213,2529.946848798343,0.002123399340981643
2016-07-23,3605.23189906516,4212.706384398455,4420.730312274562,2535.211229732946,0.0020786647715753167
2016-07-24,3610.1798689281122,4218.865418729738,4427.826615802868,2540.372669785559,0.0020338317458536283
2016-07-25,3614.9390365345125,4224.808225649299,4434.707500584319,2545.430235102372,0.00198889617965336
2016-07-26,3619.510843991583,4230.536085533662,4441.373706036179,2550.3829918295764,0.0019438539311275682
2016-07-27,3623.896733406544,4236.050278759351,4447.825971575719,2555.2300061133615,0.0018987007992528108
2016-07-28,3628.0981468866203,4241.352085702897,4454.065036620209,2559.9703440999187,0.0018534325222920418
2016-07-29,3632.1165265390327,4246.4427867408185,4460.091640586915,2564.6030719354385,0.001808044776201624
2016-07-30,3635.953314471002,4251.323662249645,4465.906522893103,2569.127255766111,0.0017625331729899676
2016-07-31,3639.609952789751,4255.995992605899,4471.510422956047,2573.541961738127,0.0017168932590233262
2016-08-01,3643.0878836025017,4260.461058186107,4476.9040801930105,2577.846255997678,0.0016711205132736288
2016-08-02,3646.3885490164753,4264.720139366794,4482.088234021263,2582.0392046909515,0.0016252103455103037
2016-08-03,3649.5133911388943,4268.774516524483,4487.063623858073,2586.119873964141,0.0015791580944378365
2016-08-04,3652.463852076981,4272.625470035703,4491.83098912071,2590.087329963435,0.0015329590257637312
2016-08-05,3655.2413739379563,4276.274280276976,4496.391069226441,2593.9406388350258,0.0014866083302156807
2016-08-06,3657.847398829043,4279.722227624829,4500.744603592534,2597.6788667251026,0.0014401011214824119
2016-08-07,3660.283368857463,4282.9705924557875,4504.892331636261,2601.301079779857,0.0013934324340987854
2016-08-08,3662.5507261304374,4286.020655146374,4508.834992774883,2604.8063441454783,0.001346597221253602
2016-08-09,3664.650912755187,4288.873696073116,4512.573326425675,2608.1937259681577,0.0012995903525322644
2016-08-10,3666.585370838938,4291.530995612538,4516.1080720059035,2611.462291394086,0.0012524066115816134
2016-08-11,3668.355542488908,4293.993834141164,4519.439968932835,2614.611106569453,0.001205040693700434
2016-08-12,3669.9628698123215,4296.26349203552,4522.569756623739,2617.6392376404497,0.0011574872033531484
2016-08-13,3671.408794916398,4298.341249672132,4525.498174495882,2620.545750753266,0.0011097406515971004
2016-08-14,3672.694759908362,4300.228387427524,4528.2259619665365,2623.3297120540933,0.001061795453430703
2016-08-15,3673.8222068954333,4301.926185678221,4530.7538584529675,2625.990187689121,0.0010136459250486352
2016-08-16,3674.792577984835,4303.4359248007495,4533.082603372444,2628.5262438045406,0.0009652862810133455
2016-08-17,3675.6073152837894,4304.758885171633,4535.212936142236,2630.936946546543,0.0009167106313230625
2016-08-18,3676.2678608995175,4305.896347167399,4537.145596179608,2633.221362061318,0.0008679129783915457
2016-08-19,3676.77565693924,4306.849591164568,4538.881322901831,2635.3785564950545,0.0008188872139202148
2016-08-20,3677.1321455101815,4307.61989753967,4540.420855726173,2637.407595993946,0.0007696271156712348
2016-08-21,3677.338768719563,4308.208546669227,4541.764934069902,2639.307546704181,0.0007201263441217359
2016-08-22,3677.396968674606,4308.616818929766,4542.914297350286,2641.07747477195,0.0006703784390175064
2016-08-23,3677.3081874825316,4308.845994697811,4543.869684984595,2642.7164463434456,0.0006203768157994487
2016-08-24,3677.073867250563,4308.897354349889,4544.6318363900955,2644.2235275648563,0.0005701147619111443
2016-08-25,3676.6954500859224,4308.772178262522,4545.201490984056,2645.5977845823727,0.0005195854329816669
2016-08-26,3676.174378095829,4308.471746812237,4545.579388183745,2646.8382835421853,0.00046878184887334004
2016-08-27,3675.512093387508,4307.997340375559,4545.76626740643,2647.944090590486,0.00041769688959478315
2016-08-28,3674.71003806818,4307.350239329015,4545.7628680693815,2648.9142718734643,0.00036632329106715545
2016-08-29,3673.769654245067,4306.531724049127,4545.569929589868,2649.747893537311,0.0003146536407497013
2016-08-30,3672.692384025391,4305.543074912421,4545.188191385153,2650.4440217282163,0.00026268037310228545
2016-08-31,3671.479669516373,4304.385572295423,4544.61839287251,2651.0017225923702,0.00021039576489433908
2016-09-01,3670.1329528252363,4303.060496574657,4543.861273469205,2651.4200622759645,0.00015779193034255292
2016-09-02,3668.6536760592026,4301.569128126649,4542.917572592508,2651.6981069251883,0.0001048608160736282
2016-09-03,3667.043281325492,4299.912747327923,4541.788029659683,2651.8349226862333,5.159419591105545e-05
2016-09-04,3665.3032107313293,4298.092634555007,4540.4733840880035,2651.8295757052897,-2.0163345344320243e-06
2016-09-05,3663.4349063839336,4296.1100701844225,4538.974375294735,2651.6811321285477,-5.5979363466338245e-05
2016-09-06,3661.439810390528,4293.9663345926965,4537.291742697147,2651.3886581021975,-0.0001103036687110824
2016-09-07,3659.3193648583356,4291.662708156355,4535.4262257125065,2650.951219772431,-0.00016499822374049038
2016-09-08,3657.075011894576,4289.20047125192,4533.378563758082,2650.367883285437,-0.00022007220392072105
2016-09-09,3654.708193606473,4286.58090425592,4531.149496251142,2649.637714787407,-0.0002755349929876007
2016-09-10,3652.2203521012475,4283.805287544879,4528.739762608958,2648.7597804245315,-0.00033139618977377837
2016-09-11,3649.6129294861216,4280.874901495321,4526.150102248793,2647.733146343001,-0.00038766561518447864
2016-09-12,3646.8873678683176,4277.791026483774,4523.381254587917,2646.5568786890053,-0.00044435331943984966
2016-09-13,3644.0451093550573,4274.554942886759,4520.4339590436,2645.2300436087353,-0.0005014695895952558
2016-09-14,3641.0875960535627,4271.167931080804,4517.30895503311,2643.7517072483824,-0.0005590249573513232
2016-09-15,3638.0162700710553,4267.631271442433,4514.006981973713,2642.120935754136,-0.0006170302071673386
2016-09-16,3634.8325735147564,4263.946244348172,4510.52877928268,2640.3367952721874,-0.00067549638468884
2016-09-17,3631.5379484918894,4260.114130174546,4506.875086377278,2638.398351948726,-0.0007344348055098112
2016-09-18,3628.1338371096763,4256.13620929808,4503.046642674775,2636.3046719299437,-0.0007938570642779103
2016-09-19,3624.621681475336,4252.013762095297,4499.04418759244,2634.0548213620295,-0.0008537750441666248
2016-09-20,3621.002923696093,4247.748068942725,4494.86846054754,2631.647866391175,-0.0009142009267213826
2016-09-21,3617.27900587917,4243.340410216889,4490.520200957346,2629.0828731635706,-0.0009751472021083307
2016-09-22,3613.451370131788,4238.7920662943125,4486.000148239124,2626.3589078254063,-0.00103662667977708
2016-09-23,3609.521458561167,4234.1043175515215,4481.309041810143,2623.4750365228733,-0.001098652499557955
2016-09-24,3605.490713274532,4229.278444365042,4476.447621087672,2620.4303254021615,-0.0011612381432211014
2016-09-25,3601.360576379102,4224.315727111396,4471.416625488977,2617.223840609462,-0.001224397446509713
2016-09-26,3597.132489982101,4219.217446167113,4466.216794431329,2613.8546482909646,-0.001288144611680347
2016-09-27,3592.8078961907513,4213.984881908716,4460.848867331994,2610.3218145928604,-0.0013524942205675437
2016-09-28,3588.3882371122722,4208.619314712729,4455.313583608242,2606.6244056613396,-0.0014174612482046795
2016-09-29,3583.8749548538876,4203.122024955678,4449.611682677341,2602.7614876425932,-0.0014830610770235658
2016-09-30,3579.269491522819,4197.494293014089,4443.743903956559,2598.7321266828103,-0.0015493095116674706
2016-10-01,3574.5732892262886,4191.737399264486,4437.710986863163,2594.5353889281832,-0.0016162227944403805
2016-10-02,3569.787790071517,4185.852624083394,4431.513670814424,2590.1703405249013,-0.0016838176214382808
2016-10-03,3564.914436165728,4179.84124784734,4425.152695227609,2585.6360476191558,-0.0017521111593799203
2016-10-04,3559.9546696161433,4173.704550932848,4418.628799519986,2580.9315763571367,-0.0018211210631902774
2016-10-05,3554.9099325299826,4167.443813716442,4411.942723108823,2576.055992885035,-0.0018908654943634313
2016-10-06,3549.7816670144703,4161.060316574648,4405.0952054113895,2571.0083633490403,-0.00196136314015339
2016-10-07,3544.571315176827,4154.555339883993,4398.086985844953,2565.787753895344,-0.0020326332336319396
2016-10-08,3539.2803191242747,4147.930164020998,4390.918803826781,2560.3932306701354,-0.0021046955746641042
2016-10-09,3533.9101209640367,4141.186069362192,4383.591398774144,2554.8238598196076,-0.0021775705518444284
2016-10-10,3528.462162803333,4134.3243362840985,4376.105510104309,2549.0787074899486,-0.0022512791654564026
2016-10-11,3522.937886749386,4127.346245163242,4368.461877234544,2543.15683982735,-0.002325843051494194
2016-10-12,3517.3387349094173,4120.253076376148,4360.661239582118,2537.057322978001,-0.002401284506825984
2016-10-13,3511.6661493906495,4113.046110299343,4352.704336564297,2530.779223088093,-0.0024776265155435104
2016-10-14,3505.9215723003053,4105.72662730935,4344.591907598353,2524.321606303818,-0.00255489277657544
2016-10-15,3500.106445745606,4098.295907782697,4336.324692101552,2517.6835387713654,-0.002633107732633439
2016-10-16,3494.2222118337713,4090.755232095906,4327.903429491162,2510.864086636924,-0.0027122966005618185
2016-10-17,3488.2703126720266,4083.1058806255046,4319.328859184454,2503.862316046687,-0.00279248540317535
2016-10-18,3482.2521903675915,4075.3491337480154,4310.601720598692,2496.6772931468427,-0.002873701002676361
2016-10-19,3476.1692870276893,4067.4862718399663,4301.722753151148,2489.3080840835833,-0.0029559711357277966
2016-10-20,3470.0230447595404,4059.5185752778802,4292.692696259089,2481.7537550030984,-0.0030393244502978423
2016-10-21,3463.8149056703687,4051.447324438284,4283.512289339784,2474.0133720515787,-0.0031237905443647577
2016-10-22,3457.5463118673943,4043.273799697701,4274.182271810499,2466.0860013752153,-0.0032094000066050605
2016-10-23,3451.2187054578394,4034.999281432658,4264.703383088505,2457.970709120197,-0.003296184459178414
2016-10-24,3444.833528548926,4026.6250500196784,4255.076362591068,2449.6665614327158,-0.0033841766027340675
2016-10-25,3438.392223247877,4018.1523858352894,4245.301949735458,2441.1726244589627,-0.0034734102637850265
2016-10-26,3431.8962316619136,4009.5825692560156,4235.380883938944,2432.487964345127,-0.003563920444585951
2016-10-27,3425.3469958982573,4000.9168806583803,4225.313904618792,2423.611647237399,-0.0036557433756722628
2016-10-28,3418.7459580641307,3992.15660041891,4215.101751192271,2414.54273928197,-0.0037489165712371385
2016-10-29,3412.0945602667553,3983.30300891413,4204.74516307665,2405.280306625031,-0.003843478887512948
2016-10-30,3405.3942446133524,3974.3573865205644,4194.244879689197,2395.823415412771,-0.003939470584361803
2016-10-31,3398.646453211145,3965.32101361474,4183.60164044718,2386.1711317913814,-0.004036933390272859
2016-11-01,3391.8526281673553,3956.1951705731817,4172.8161847678675,2376.3225219070528,-0.004135910570996707
2016-11-02,3385.014211589204,3946.9811377724127,4161.889252068529,2366.276651905976,-0.004236447002049999
2016-11-03,3378.1326455839135,3937.6801955889605,4150.82158176643,2356.032587934341,-0.0043385892453535494
2016-11-04,3371.209372258706,3928.2936243993477,4139.613913278841,2345.589396138337,-0.004442385630274963
2016-11-05,3364.2458337208027,3918.8227045801013,4128.266986023031,2334.9461426641574,-0.004547886339378333
2016-11-06,3357.2434720774263,3909.268716507747,4116.781539416266,2324.101893657991,-0.004655143499208276
2016-11-07,3350.203729435799,3899.6329405588076,4105.158312875816,2313.0557152660276,-0.004764211276440517
2016-11-08,3343.128047903141,3889.9166571098103,4093.398045818947,2301.8066736344595,-0.004875145979791206
2016-11-09,3336.0178695866757,3880.121146537279,4081.5014776629305,2290.353834909476,-0.004988006168082948
2016-11-10,3328.8746365936245,3870.2476892177397,4069.469347825033,2278.6962652372677,-0.0051028527649022454
2016-11-11,3321.6997910312093,3860.297565527717,4057.3023957225223,2266.833030764026,-0.005219749180331355
2016-11-12,3314.494775006653,3850.272055843736,4045.0013607726682,2254.7631976359403,-0.005338761440264255
2016-11-13,3307.261030627176,3840.172440542323,4032.5669823927383,2242.4858319992018,-0.005459958323861516
2016-11-14,3300.0,3830.0,4020.0,2230.0,-0.005583411509754542
2016-11-15,3292.717411215787,3819.765165144064,4007.3204523646596,2217.329013632525,-0.005698260962650088
2016-11-16,3285.4361362989453,3809.514969104881,3994.625575668668,2204.5931682829573,-0.005760336813622836
2016-11-17,3278.1833332573224,3799.3055955635855,3982.031905446911,2191.9370051854758,-0.005757357533219889
2016-11-18,3270.986160098769,3789.1932282013136,3969.6559772342785,2179.50506557426,-0.005687813277936578
2016-11-19,3263.871774831132,3779.234050699202,3957.6143265656574,2167.441890683489,-0.0055501969446618785
2016-11-20,3256.867335462259,3769.4842467383855,3946.023488975935,2155.892021747343,-0.005343050824849312
2016-11-21,3250.0,3760.0,3935.0,2145.0,-0.005065016735106454
2016-11-22,3243.2954787719495,3750.8301177691237,3924.6382085066425,2134.8815237760273,-0.004728399615719337
2016-11-23,3236.7736913847048,3741.9939017466177,3914.9437167002725,2125.536919811547,-0.004386714156490804
2016-11-24,3230.4531097646072,3733.5032772372842,3905.899940119203,2116.937671943065,-0.004053888578081456
2016-11-25,3224.352205838001,3725.370169545926,3897.490294301747,2109.0552640070914,-0.0037304449849059756
2016-11-26,3218.489451531229,3717.6065039773457,3889.6981947862178,2101.8611798401334,-0.003416876711833321
2016-11-27,3212.883318770635,3710.2242058363463,3882.507057110926,2095.326903278699,-0.0031136473806149946
2016-11-28,3207.5522794825606,3703.2352004277313,3875.9002968141854,2089.4239181592975,-0.0028211902148971486
2016-11-29,3202.5148055933514,3696.651413056304,3869.8613294343104,2084.123708318436,-0.0025399076107807364
2016-11-30,3197.7893690293504,3690.4847690268684,3864.373570509614,2079.397757592624,-0.00227017095704865
2016-12-01,3193.394441716899,3684.7471936442244,3859.420435578407,2075.2175498183683,-0.0020123206966585865
2016-12-02,3189.348495582344,3679.4506122131784,3854.985340179005,2071.5545688321786,-0.0017666666188041076
2016-12-03,3185.670002552027,3674.6069500385315,3851.0516998497196,2068.380298470563,-0.0015334883689758537
2016-12-04,3182.3774345522897,3670.228132425087,3847.6029301288627,2065.666222570029,-0.0013130361628285608
2016-12-05,3179.489263509477,3666.326084677648,3844.622446554748,2063.3838249670844,-0.0011055316884657313
2016-12-06,3177.023961349933,3662.9127321010183,3842.0936646656896,2061.5045894982386,-0.0009111691808543893
2016-12-07,3175.0,3660.0,3840.0,2060.0,-0.0007301166515306297
2016-12-08,3173.4302451452995,3657.595018921341,3838.3254328991015,2058.8442976611145,-0.0005611779837714423
2016-12-09,3172.3051375085647,3655.6857403795643,3837.0562029168564,2058.0227530792804,-0.0003991115489589478
2016-12-10,3171.609511571808,3654.255321131137,3836.1791144102376,2057.523394204436,-0.00024266955559444807
2016-12-11,3171.328201817039,3653.286917932528,3835.6809717362175,2057.3342489865177,-9.193281248236826e-05
2016-12-12,3171.4460427262716,3652.7636875402036,3835.5485792517693,2057.443345375464,5.302662730624458e-05
2016-12-13,3171.9478687815154,3652.6687867106334,3835.7687413138665,2057.83871132121,0.0001921452486199869
2016-12-14,3172.8185144647823,3652.9853722002827,3836.328262279478,2058.508374773695,0.00032536782947894144
2016-12-15,3174.042814258083,3653.6966007656188,3837.2139465055798,2059.4403636828542,0.0004526471718157684
2016-12-16,3175.605602643432,3654.785629163112,3838.4125983491435,2060.6227059986268,0.0005739438101953281
2016-12-17,3177.4917141028372,3656.2356141492287,3839.9110221671413,2062.043429670948,0.0006892257009461789
2016-12-18,3179.6859831183115,3658.029712480435,3841.696022316546,2063.6905626497564,0.0007984678941419291
2016-12-19,3182.173244171866,3660.151080913201,3843.7544031543307,2065.552132884989,0.0009016521907824036
2016-12-20,3184.9383317455126,3662.582876203993,3846.0729690374665,2067.6161683265823,0.000998766787487112
2016-12-21,3187.966080321263,3665.3082551092775,3848.6385243229274,2069.8706969244736,0.0010898059109087433
2016-12-22,3191.241324381127,3668.310374385524,3851.4378733676845,2072.3037466286005,0.0011747694439722802
2016-12-23,3194.7488984071174,3671.5723907891993,3854.4578205287125,2074.9033453888997,0.001253662545947575
2016-12-24,3198.4736368812464,3675.0774610767717,3857.685170162982,2077.6575211553095,0.0013264952682336781
2016-12-25,3202.4003742855234,3678.808742004707,3861.106726627466,2080.5543018777657,0.001393282167599777
2016-12-26,3206.513945101962,3682.749390329475,3864.7092942791382,2083.581715506206,0.0014540419185113188
2016-12-27,3210.799183812572,3686.8825628075424,3868.4796774749707,2086.727789990568,0.00150879692600439
2016-12-28,3215.2409248993654,3691.1914161953755,3872.404680571934,2089.9805532807873,0.0015575729404562276
2016-12-29,3219.8240028443533,3695.6591072494443,3876.4711079270037,2093.3280333268035,0.0016003986754491804
2016-12-30,3224.533252129548,3700.2687927262155,3880.66576389715,2096.758258078552,0.0016373054297654339
2016-12-31,3229.35350723696,3705.0036293821554,3884.9754528393473,2100.2592554859707,0.0016683267144514174
2017-01-01,3234.269602648601,3709.846773973733,3889.3869791105667,2103.8190534989963,0.0016934978857030397
2017-01-02,3239.266372846484,3714.781383257416,3893.8871470677814,2107.4256800675666,0.0017128557842318707
2017-01-03,3244.328652312617,3719.790613989671,3898.462761067964,2111.067163141618,0.0017264383816100219
2017-01-04,3249.4412755290145,3724.857622926965,3903.100625468087,2114.7315306710884,0.0017342844339896146
2017-01-05,3254.5890769776884,3729.965566825769,3907.7875446251237,2118.4068106059153,0.0017364331434504485
2017-01-06,3259.7568911406465,3735.0976024425477,3912.5103228960443,2122.0810308960345,0.0017329238271316348
2017-01-07,3264.9295524999034,3740.2368865337685,3917.2557646378245,2125.742219491384,0.0017237955941827757
2017-01-08,3270.0918955374696,3745.366575855901,3922.0106742074345,2129.378404341901,0.0017090870304600724
2017-01-09,3275.228754735356,3750.469827165411,3926.7618559618472,2132.9776133975224,0.001688835890809771
2017-01-10,3280.3249645755745,3755.5297972187673,3931.4961142580364,2136.527874608186,0.0016630787986674966
2017-01-11,3285.3653595401374,3760.5296427724365,3936.200253452974,2140.017215923828,0.0016318509526264146
2017-01-12,3290.3347741110542,3765.452520582887,3940.8610779036317,2143.433665294386,0.0015951858395301243
2017-01-13,3295.218042770339,3770.2815874065855,3945.4653919669836,2146.765250669798,0.0015531149535793559
2017-01-14,3300.0,3775.0,3950.0,2150.0,0.0015056675208425967
2017-01-15,3304.668092461202,3779.5938361126136,3954.453686101028,2153.128166223852,0.0014539036040995938
2017-01-16,3309.2202155317104,3784.060857465962,3958.823153333896,2156.1489022358987,0.0014019690350994146
2017-01-17,3313.6568767684425,3788.401746774596,3963.1070845038066,2159.063585919609,0.0013508878809377236
2017-01-18,3317.9785837283143,3792.617186753067,3967.304162415961,2161.8735951584504,0.0013006482238549966
2017-01-19,3322.1858439682433,3796.7078601159274,3971.4130698755616,2164.5803078358904,0.001251238585346757
2017-01-20,3326.2791650451477,3800.674449577728,3975.432489687812,2167.1851018353977,0.0012026479123951716
2017-01-21,3330.259054515943,3804.5176378530196,3979.3611046579117,2169.6893550404398,0.0011548655642552464
2017-01-22,3334.1260199375465,3808.2381076563543,3983.197597591064,2172.0944453344837,0.0011078812997722528
2017-01-23,3337.880568866875,3811.836541702281,3986.94065129247,2174.4017506009973,0.0010616852652025458
2017-01-24,3341.523208860846,3815.3136227053537,3990.5889485673342,2176.61264872345,0.0010162679825103458
2017-01-25,3345.054447476377,3818.6700333801223,3994.141172220855,2178.7285175853085,0.0009716203381183387
2017-01-26,3348.474792270384,3821.906456441138,3997.596005058236,2180.7507350700403,0.0009277335720965854
2017-01-27,3351.7847507997835,3825.023574602952,4000.9521298846803,2182.6806790611136,0.0008845992677571127
2017-01-28,3354.984830621493,3828.0220705801153,4004.208229505387,2184.519727441996,0.0008422093416412817
2017-01-29,3358.075539292431,3830.9026270871805,4007.3629867255613,2186.269258096156,0.0008005560338816756
2017-01-30,3361.057384369512,3833.6659268386975,4010.4150843504026,2187.9306489070605,0.0007596318989149066
2017-01-31,3363.930873409655,3836.3126525492166,4013.3632051851146,2189.505277758178,0.0007194297965354715
2017-02-01,3366.696513969776,3838.8434869332914,4016.2060320348983,2190.9945225329757,0.000679942883263904
2017-02-02,3369.3548136067925,3841.2591127054716,4018.942247704956,2192.3997611149225,0.000641164604028193
2017-02-03,3371.906279877621,3843.5602125803093,4021.57053500049,2193.722371387485,0.000603088684124577
2017-02-04,3374.3514203391783,3845.747469272355,4024.089576726702,2194.963731234132,0.0005657091214661894
2017-02-05,3376.6907425483823,3847.8215654961605,4026.4980556887936,2196.12521853833,0.0005290201790816403
2017-02-06,3378.9247540621495,3849.7831839662763,4028.794654691968,2197.208211183549,0.0004930163778730896
2017-02-07,3381.0539624373964,3851.6330073972536,4030.978056541425,2198.2140870532544,0.0004576924896014124
2017-02-08,3383.078875231041,3853.371718503645,4033.046944042368,2199.144224030915,0.00042304353010688066
2017-02-09,3385.0,3855.0,4035.0,2200.0,0.0003890647527329345
2017-02-10,3386.8180024106027,3856.5187018099055,4036.8364009616607,2200.7827693883887,0.00035574098412158387
2017-02-11,3388.5341805668368,3857.929342693091,4038.5572984432597,2201.493792801616,0.0003230253299016759
2017-02-12,3390.1499906821,3859.2336086183172,4040.1643377028417,2202.1343073896314,0.00029090312713032684
2017-02-13,3391.6668889697935,3860.4331855543505,4041.6591639984554,2202.705550302384,0.0002593705716484693
2017-02-14,3393.0863316433147,3861.5297594699514,4043.043422588147,2203.2087586898197,0.00022842404746575558
2017-02-15,3394.409774916065,3862.5250163338865,4044.3187587299644,2203.6451697018897,0.00019806012206797846
2017-02-16,3395.6386750014417,3863.420642114916,4045.486817681954,2204.01602048854,0.0001682755418455237
2017-02-17,3396.774488112845,3864.218322781804,4046.5492447021616,2204.32254819972,0.00013906722766316107
2017-02-18,3397.8186704636755,3864.9197443033167,4047.507685048637,2204.565989985379,0.00011043227053620051
2017-02-19,3398.772678267331,3865.5265926482134,4048.363783979426,2204.7475829954637,8.236792742531822e-05
2017-02-20,3399.63796773721,3866.0405537852603,4049.1191867525754,2204.8685643799236,5.4871617141708156e-05
2017-02-21,3400.4159950867147,3866.463313683219,4049.7755386261324,2204.9301712887063,2.7940916345549648e-05
2017-02-22,3401.108216529243,3866.7965583108544,4050.3344848581437,2204.933640871761,1.573555648085922e-06
2017-02-23,3401.716088278194,3867.041973636928,4050.7976707066587,2204.880210279036,-2.4232584200148e-05
2017-02-24,3402.241066546967,3867.201245630205,4051.1667414297212,2204.7711166604795,-4.947947603576264e-05
2017-02-25,3402.684607548962,3867.276060259448,4051.44334228538,2204.6075971660393,-7.416894992587703e-05
2017-02-26,3403.048167497578,3867.26810349342,4051.6291185316823,2204.3908889456648,-9.830269673788787e-05
2017-02-27,3403.333202606215,3867.1790613008857,4051.725715426676,2204.122229149304,-0.00012188227163957819
2017-02-28,3403.5411690882697,3867.0106196506053,4051.734778228404,2203.8028549269047,-0.00014490909753072512
2017-03-01,3403.6735231571456,3866.7644645113473,4051.6579521949193,2203.434003428416,-0.00016738446841158905
2017-03-02,3403.73172102624,3866.4422818518706,4051.496882584265,2203.0169118037866,-0.00018930955269844346
2017-03-03,3403.7172189089515,3866.04575764094,4051.25321465449,2202.5528172029635,-0.00021068539648076237
2017-03-04,3403.6314730186805,3865.5765778473187,4050.9285936636397,2202.042956775896,-0.00023151292672845303
2017-03-05,3403.475939568827,3865.0364284397715,4050.5246648697635,2201.4885676725335,-0.0002517929544565244
2017-03-06,3403.2520747727885,3864.4269953870594,4050.0430735309064,2200.8908870428227,-0.0002715261778458127
2017-03-07,3402.9613348439657,3863.7499646579477,4049.4854649051167,2200.2511520367125,-0.0002907131853211607
2017-03-08,3402.605175995758,3863.0070222211984,4048.853484250441,2199.570599804152,-0.0003093544585995576
2017-03-09,3402.1850544415634,3862.199854045575,4048.148776824926,2198.8504674950887,-0.0003274503757050866
2017-03-10,3401.702426394784,3861.3301460998437,4047.37298788662,2198.0919922594717,-0.00034500121394919636
2017-03-11,3401.158748068817,3860.3995843527646,4046.5277626935704,2197.296411247249,-0.00036200715289513684
2017-03-12,3400.555475677061,3859.409854773101,4045.614746503821,2196.464961608369,-0.00037846827729041754
2017-03-13,3399.8940654329176,3858.362643329618,4044.6355845754224,2195.5988804927797,-0.0003943845799840213
2017-03-14,3399.1759735497853,3857.259635991078,4043.5919221664203,2194.69940505043,-0.0004097559648266722
2017-03-15,3398.4026562410627,3856.1025187262444,4042.4854045348616,2193.7677724312675,-0.00042458224955556584
2017-03-16,3397.5755697201503,3854.892977503881,4041.3176769387946,2192.805219785243,-0.0004388631686656379
2017-03-17,3396.6961702004464,3853.6326982927503,4040.090384636264,2191.812984262302,-0.00045259837627955566
2017-03-18,3395.7659138953527,3852.323367061617,4038.80517288532,2190.7923030123948,-0.0004657874489974054
2017-03-19,3394.786257018265,3850.966669779243,4037.463686944007,2189.744413185468,-0.00047842988875769954
2017-03-20,3393.758655782585,3849.564292414393,4036.0675720703734,2188.6705519314714,-0.0004905251256833469
2017-03-21,3392.6845664017123,3848.11792093583,4034.618473522467,2187.5719564003534,-0.0005020725209373237
2017-03-22,3391.5654450890447,3846.6292413123174,4033.118036558333,2186.4498637420625,-0.0005130713695752416
2017-03-23,3390.4027480579825,3845.099939512617,4031.56790643602,2185.3055111065455,-0.0005235209034051101
2017-03-24,3389.197931521925,3843.5317015054948,4029.969728413574,2184.140135643753,-0.000533420293849709
2017-03-25,3387.952451694272,3841.926213259712,4028.325147749043,2182.9549745036315,-0.0005427686548265366
2017-03-26,3386.667764788423,3840.285160744034,4026.635809700474,2181.751264836131,-0.0005515650456233071
2017-03-27,3385.345327017776,3838.6102299272216,4024.903359525914,2180.530243791199,-0.0005598084738019589
2017-03-28,3383.9865945957304,3836.9031067780397,4023.129442483408,2179.2931485187837,-0.0005674978981022618
2017-03-29,3382.5930237356874,3835.165477265252,4021.315703831007,2178.0412161688337,-0.0005746322313684282
2017-03-30,3381.166070651046,3833.399027357622,4019.4637888267557,2176.775683891298,-0.0005812103434904794
2017-03-31,3379.7071915552033,3831.605443023911,4017.575342728701,2175.497788836124,-0.000587231064363889
2017-04-01,3378.217842661561,3829.786410232884,4015.6520107948913,2174.2087681532603,-0.0005926931868665819
2017-04-02,3376.699480183518,3827.9436149533053,4013.695438283373,2172.9098589926557,-0.0005975954698585903
2017-04-03,3375.153560334473,3826.078743153936,4011.7072704521925,2171.6022985042587,-0.0006019366412043331
2017-04-04,3373.581539327826,3824.1934808035408,4009.689152559398,2170.2873238380175,-0.00060571540081493
2017-04-05,3371.984873376976,3822.289513870884,4007.6427298630365,2168.966172143881,-0.000608930423715962
2017-04-06,3370.3650186953223,3820.3685283247255,4005.5696476211538,2167.640080571796,-0.0006115803631414182
2017-04-07,3368.723431496265,3818.4322101338335,4003.471551091798,2166.310286271712,-0.0006136638536466887
2017-04-08,3367.0615679932025,3816.482245266967,4001.3500855330167,2164.9780263935777,-0.0006151795142586717
2017-04-09,3365.380884399535,3814.5203196928924,3999.206896202856,2163.644538087341,-0.0006161259516422987
2017-04-10,3363.682836928661,3812.5481193803707,3997.0436283593635,2162.3110585029503,-0.0006165017632991051
2017-04-11,3361.9688817939805,3810.5673302981677,3994.8619272605865,2160.9788247903543,-0.0006163055407933624
2017-04-12,3360.2404752088923,3808.5796384150444,3992.663438164571,2159.649074099501,-0.0006155358730059591
2017-04-13,3358.4990733867967,3806.5867296997653,3990.449806329365,2158.323043580339,-0.0006141913494149914
2017-04-14,3356.7461325410927,3804.5902901210948,3988.2226770130155,2157.0019703828166,-0.0006122705634071324
2017-04-15,3354.98310888518,3802.5920056477944,3985.9836954735706,2155.6870916568823,-0.0006097721156155212
2017-04-16,3353.2114586324565,3800.5935622486286,3983.7345069690746,2154.379644552484,-0.0006066946172864618
2017-04-17,3351.4326379963236,3798.5966458923604,3981.4767567575777,2153.080866219572,-0.0006030366936727805
2017-04-18,3349.6481031901794,3796.6029425477536,3979.2120900971254,2151.7919938080922,-0.0005987969874596874
2017-04-19,3347.8593104274228,3794.61413818357,3976.942152245764,2150.5142644679936,-0.0005939741622096564
2017-04-20,3346.0677159214542,3792.631918768575,3974.6685884615426,2149.2489153492256,-0.0005885669058402785
2017-04-21,3344.2747758856726,3790.6579702715308,3972.393044002506,2147.9971836017357,-0.000582573934128599
2017-04-22,3342.481946533478,3788.6939786612015,3970.1171641267047,2146.760306375473,-0.0005759939942338978
2017-04-23,3340.6906840782685,3786.741629906349,3967.8425940921816,2145.5395208203854,-0.0005688258682535292
2017-04-24,3338.902444733444,3784.802609975738,3965.570979156986,2144.3360640864207,-0.0005610683767936677
2017-04-25,3337.1186847124054,3782.8786048381326,3963.303964579167,2143.1511733235293,-0.0005527203825672446
2017-04-26,3335.3408602285494,3780.9713004622945,3961.0431956167677,2141.986085681657,-0.0005437807940145846
2017-04-27,3333.5704274952777,3779.082382816988,3958.790317527837,2140.8420383107546,-0.0005342485689326971
2017-04-28,3331.8088427259872,3777.213537870975,3956.5469755704216,2139.720268360768,-0.0005241227181381704
2017-04-29,3330.0575621340804,3775.3664515930204,3954.3148150025704,2138.6220129816484,-0.0005134023091290697
2017-04-30,3328.318041932954,3773.5428099518886,3952.0954810823287,2137.5485093233415,-0.000502086469779009
2017-05-01,3326.5917383360093,3771.7442989163405,3949.8906190677444,2136.5009945357983,-0.0004901743920239093
2017-05-02,3324.8801075566435,3769.9726044551403,3947.701874216863,2135.480705768965,-0.0004776653355794977
2017-05-03,3323.1846058082583,3768.2294125370518,3945.5308917877337,2134.4888801727907,-0.0004645586316479541
2017-05-04,3321.506689304251,3766.5164091308375,3943.3793170384015,2133.526754897224,-0.0004508536866447581
2017-05-05,3319.847814258023,3764.835280205263,3941.2487952269157,2132.595567092213,-0.00043654998592025077
2017-05-06,3318.209436882971,3763.1877117290887,3939.140971611321,2131.6965539077064,-0.0004216470974859708
2017-05-07,3316.5930133924976,3761.57538967108,3937.057491449667,2130.8309524936526,-0.00040614467573638665
2017-05-08,3315.0,3760.0,3935.0,2130.0,-0.0003900424651679759
2017-05-09,3313.43185760577,3758.4631629117607,3932.970206836707,2129.204761530342,-0.000373421107189634
2017-05-10,3311.8900658576604,3756.9662355108712,3930.970078799537,2128.4456140028497,-0.0003566039804017166
2017-05-11,3310.3761090904172,3755.5105091289906,3929.0016470445794,2127.7227622893406,-0.00033967252070452974
2017-05-12,3308.891471638788,3754.097275097779,3927.0669427279267,2127.0364112616326,-0.00032262744172600514
2017-05-13,3307.4376378375164,3752.727824748895,3925.167997005666,2126.3867657915416,-0.00030546947627846496
2017-05-14,3306.0160920213493,3751.403449413996,3923.306841033889,2125.774030750885,-0.00028819937637170555
2017-05-15,3304.6283185250313,3750.125440424741,3921.4855059686847,2125.1984110114795,-0.00027081791322305476
2017-05-16,3303.275801683309,3748.8950891127906,3919.706022966143,2124.660111445142,-0.00025332587726007187
2017-05-17,3301.9600258309274,3747.7136868098028,3917.9704231823544,2124.15933692369,-0.00023572407811455953
2017-05-18,3300.682475302633,3746.582524847435,3916.2807377734075,2123.69629231894,-0.00021801334461388563
2017-05-19,3299.4446344331704,3745.5028945573476,3914.6389978953935,2123.271182502709,-0.00020019452476195365
2017-05-20,3298.2479875572863,3744.4760872712,3913.0472347044015,2122.884212346814,-0.0001822684857157091
2017-05-21,3297.094019009725,3743.5033943206486,3911.50747935652,2122.535586723072,-0.00016423611375351863
2017-05-22,3295.9842131252335,3742.586107037355,3910.0217630078414,2122.2255105033005,-0.00014609831423753285
2017-05-23,3294.9200542385565,3741.7255167529756,3908.5921168144546,2121.954188559315,-0.00012785601157047944
2017-05-24,3293.9030266844416,3740.922914799172,3907.2205719324493,2121.7218257629343,-0.00010951014913889224
2017-05-25,3292.934614797631,3740.1795925076,3905.9091595179148,2121.528626985973,-9.106168926209925e-05
2017-05-26,3292.0163029128735,3739.4968412099206,3904.6599107269426,2121.3747971002513,-7.251161311654705e-05
2017-05-27,3291.149575364913,3738.8759522377914,3903.4748567156207,2121.2605409775833,-5.386092067354805e-05
2017-05-28,3290.335916488495,3738.3182169228717,3902.3560286400398,2121.186063489787,-3.511063060892615e-05
2017-05-29,3289.5768106183673,3737.8249265968207,3901.30545765629,2121.1515695086796,-1.6261780222313236e-05
2017-05-30,3288.873742089273,3737.397372591296,3900.32517492046,2121.157263906078,2.68457466066004e-06
2017-05-31,3288.2281952359594,3737.0368462379593,3899.417211588642,2121.2033515537987,2.1727359788621544e-05
2017-06-01,3287.641654393172,3736.7446388684666,3898.5835988169233,2121.2900373236594,4.086548259559913e-05
2017-06-02,3287.115603895655,3736.522041814477,3897.8263677613954,2121.4175260874767,6.009783231604994e-05
2017-06-03,3286.6515280781564,3736.3703464076507,3897.147549578148,2121.5860227170674,7.942328010854965e-05
2017-06-04,3286.2509112754196,3736.2908439796443,3896.549175423269,2121.7957320842474,9.884067918869469e-05
2017-06-05,3285.9152378221916,3736.2848258621198,3896.0332764528516,2122.046859060836,0.00011834886496777382
2017-06-06,3285.645992053218,3736.3535833867336,3895.601883822982,2122.339608518649,0.00013794665519432128
2017-06-07,3285.4446583032436,3736.4984078851453,3895.257028689753,2122.674185329503,0.00015763285011298055
2017-06-08,3285.312720907015,3736.7205906890135,3895.000742209253,2123.0507943652156,0.000177406232622915
2017-06-09,3285.2516641992784,3737.021423129998,3894.835055537573,2123.4696404976035,0.00019726556844397873
2017-06-10,3285.2629725147763,3737.4021965397556,3894.7619998308005,2123.930928598483,0.0002172096062941969
2017-06-11,3285.348130188258,3737.864202249948,3894.7836062450283,2124.4348635396723,0.0002372370780714498
2017-06-12,3285.5086215544675,3738.408731592231,3894.9019059363445,2124.981650192987,0.00025734669904246626
2017-06-13,3285.7459309481515,3739.0370758982667,3895.1189300608403,2125.571493430246,0.0002775371680411227
2017-06-14,3286.061542704053,3739.75052649971,3895.436709774602,2126.2045981232636,0.00029780716767027337
2017-06-15,3286.456941156921,3740.550374728223,3895.8572762337235,2126.881169143859,0.0003181553645166559
2017-06-16,3286.9336106414994,3741.4379119154623,3896.382660594293,2127.601411363848,0.0003385804093635521
2017-06-17,3287.493035492534,3742.4144293930894,3897.0148940124013,2128.3655296550487,0.0003590809374229575
2017-06-18,3288.1367000447717,3743.4812184927623,3897.756007644138,2129.1737288892778,0.00037965556856106255
2017-06-19,3288.8660886329553,3744.6395705461364,3898.6080326455913,2130.02621393835,0.0004003029075407959
2017-06-20,3289.682685591833,3745.8907768848753,3899.5730001728525,2130.9231896740853,0.00042102154427121587
2017-06-21,3290.587975256149,3747.2361288406346,3900.652941382011,2131.8648609682987,0.00044181005405087575
2017-06-22,3291.583441960651,3748.6769177450747,3901.849887429157,2132.851432692808,0.00046266699783734284
2017-06-23,3292.670570040082,3750.214434929854,3903.1658694703806,2133.88310971943,0.0004835909225064706
2017-06-24,3293.8508438291888,3751.849971726632,3904.60291866177,2134.960096919982,0.0005045803611278326
2017-06-25,3295.125747662718,3753.5848194670657,3906.1630661594177,2136.0825991662805,0.000525633833242556
2017-06-26,3296.496765875414,3755.420269482816,3907.8483431194118,2137.2508213301426,0.000546749845149323
2017-06-27,3297.9653828020228,3757.35761310554,3909.660780697842,2138.4649682833847,0.0005679268901949883
2017-06-28,3299.5330827772914,3759.3981416668994,3911.6024100508,2139.725244897825,0.0005891634490735804
2017-06-29,3301.2013501359625,3761.5431464985495,3913.6752623343727,2141.0318560452797,0.0006104579901268088
2017-06-30,3302.971669212784,3763.79391893215,3915.881368704652,2142.3850065975657,0.0006318089696569475
2017-07-01,3304.8455243425014,3766.1517502993615,3918.222760317727,2143.7849014265003,0.0006532148322401084
2017-07-02,3306.82439985986,3768.6179319318426,3920.701468329689,2145.2317454039003,0.0006746740110467843
2017-07-03,3308.9097800996046,3771.1937551612496,3923.319523896626,2146.725743401582,0.0006961849281685482
2017-07-04,3311.1031493964833,3773.8805113192443,3926.0789581746294,2148.2671002913635,0.0007177459949509085
2017-07-05,3313.4059920852387,3776.6794917374837,3928.981802319787,2149.856020945061,0.0007393556123269913
2017-07-06,3315.819792500618,3779.5919877476263,3932.03008748819,2151.492710234492,0.0007610121711620343
2017-07-07,3318.3460349773677,3782.6192906813326,3935.2258448359294,2153.1773730314726,0.0007827140525995941
2017-07-08,3320.9862038502315,3785.762691870261,3938.571105519093,2154.9102142078214,0.0008044596284127904
2017-07-09,3323.7417834539565,3789.02348264607,3942.067900693771,2156.6914386353533,0.0008262472613590363
2017-07-10,3326.614258123288,3792.4029543404176,3945.7182615160546,2158.5212511858863,0.000848075305544462
2017-07-11,3329.6051121929713,3795.902398284964,3949.524219142032,2160.3998567312374,0.0008699421067842778
2017-07-12,3332.7158299977527,3799.5231058113677,3953.4878047277953,2162.327460143224,0.0008918460029750456
2017-07-13,3335.9478958723766,3803.2663682512866,3957.6110494294308,2164.304266293662,0.0009137853244648846
2017-07-14,3339.3027941515907,3807.133476936381,3961.8959844030323,2166.330480054369,0.0009357583944338076
2017-07-15,3342.7820091701396,3811.1257231983095,3966.3446408046875,2168.4063062971622,0.0009577635292691038
2017-07-16,3346.387025262768,3815.2443983687303,3970.9590497904865,2170.5319498938584,0.0009797990389541788
2017-07-17,3350.119326764222,3819.490793779301,3975.7412425165176,2172.7076157162733,0.0010018632274506635
2017-07-18,3353.980398009249,3823.8662007616826,3980.693250138874,2174.9335086362253,0.0010239543930928682
2017-07-19,3357.971723332593,3828.3719106475337,3985.817103813644,2177.2098335255314,0.0010460708289770563
2017-07-20,3362.0947870689997,3833.0092147685123,3991.1148346969167,2179.536795256008,0.0010682108233579608
2017-07-21,3366.3510735532145,3837.779404456277,3996.5884739447824,2181.914598699472,0.001090372660047436
2017-07-22,3370.7420671199843,3842.6837710424875,4002.2400527133314,2184.343448727741,0.0011125546188143628
2017-07-23,3375.2692521040535,3847.723605858802,4008.0716021586522,2186.8235502126313,0.0011347549757860227
2017-07-24,3379.9341128401697,3852.9002002368807,4014.0851534368385,2189.3551080259604,0.0011569720038531617
2017-07-25,3384.738133663076,3858.21484550838,4020.282737703975,2191.9383270395447,0.001179203973075636
2017-07-26,3389.682798907519,3863.6688330049606,4026.6663861161537,2194.573412125201,0.0012014491510888622
2017-07-27,3394.7695929082447,3869.2634540582803,4033.238129829465,2197.260568154747,0.0012237058035148409
2017-07-28,3400.0,3875.0,4040.0,2200.0,0.0012459721943675517
2017-07-29,3405.3744231916007,3880.879239640652,4046.9526350728397,2202.7916421236296,0.0012681238289964105
2017-07-30,3410.8889401881524,3886.899851706277,4054.0911026490458,2205.634347351722,0.0012896692056934016
2017-07-31,3416.538547368837,3893.0599924017906,4061.4090776186736,2208.526698101218,0.0013104873762650245
2017-08-01,3422.3182411128314,3899.357817932109,4068.900234871777,2211.467276789057,0.0013305806018689647
2017-08-02,3428.2230177993147,3905.791484502148,4076.5582492984113,2214.4546658321783,0.0013499512804461284
2017-08-03,3434.2478738074647,3912.359148316821,4084.376795788629,2217.487447647523,0.0013686019406730003
2017-08-04,3440.387805516462,3919.058965581048,4092.3495492324882,2220.5642046520306,0.0013865352359431276
2017-08-05,3446.637809305483,3925.8890924997413,4100.470184520041,2223.6835192626404,0.001403753938399363
2017-08-06,3452.9928815537087,3932.847685277818,4108.732376541341,2226.8439738962925,0.0014202609330094345
2017-08-07,3459.448018640316,3939.932900120193,4117.129800186446,2230.044150969927,0.0014360592116942753
2017-08-08,3465.998216944485,3947.1428932317826,4125.656130345408,2233.2826329004843,0.0014511518675134384
2017-08-09,3472.6384728453936,3954.4758208175026,4134.305041908283,2236.5580021049036,0.0014655420889097145
2017-08-10,3479.3637827222215,3961.9298390822696,4143.070209765126,2239.868841000125,0.0014792331540203825
2017-08-11,3486.1691429541447,3969.5031042309965,4151.945308805989,2243.213732003088,0.0014922284250532246
2017-08-12,3493.0495499203453,3977.1937724686013,4160.924013920929,2246.591257530733,0.001504531342736066
2017-08-13,3500.0,3985.0,4170.0,2250.0,0.0015161454208364271
2017-08-14,3507.0109981814535,3992.913654907088,4179.160910958371,2253.4362432151192,0.001526054193469938
2017-08-15,3514.0550838897093,4000.9014527796876,4188.370266811668,2256.887076529487,0.00153019362164253
2017-08-16,3521.100305158939,4008.923821084602,4197.585556600632,2260.3372906837885,0.0015275817824186547
2017-08-17,3528.1147100233106,4016.9411872886326,4206.764269366005,2263.7716764187094,0.001518259803030746
2017-08-18,3535.0663465169932,4024.9139788585826,4215.863894148525,2267.175024474936,0.001502268254718034
2017-08-19,3541.923262674158,4032.8026232612547,4224.841919988937,2270.5321255931553,0.0014796467112952968
2017-08-20,3548.6535065289745,4040.5675479634515,4233.655835927979,2273.827770514053,0.0014504333169080455
2017-08-21,3555.2251261156107,4048.169180431975,4242.263131006392,2277.0467499783144,0.0014146643624670795
2017-08-22,3561.6061694682385,4055.5679481336283,4250.621294264918,2280.173854726626,0.0013723738701105152
2017-08-23,3567.764684621025,4062.724278535213,4258.687814744297,2283.1938754996745,0.0013235931848938484
2017-08-24,3573.6687196081425,4069.598599103535,4266.42018148527,2286.091603038145,0.0012683505727751113
2017-08-25,3579.286322463758,4076.151337305393,4273.775883528579,2288.8518280827243,0.0012066708238282927
2017-08-26,3584.5855412220435,4082.3429206075925,4280.712409914964,2291.4593413740986,0.0011385748594769582
2017-08-27,3589.5344239171673,4088.133776476935,4287.187249685166,2293.8989336529535,0.0010640793424279945
2017-08-28,3594.1010185832993,4093.484332380222,4293.157891879924,2296.155395659975,0.0009831962878450995
2017-08-29,3598.253373254609,4098.355015784258,4298.581825539982,2298.2135181358494,0.000895932674176271
2017-08-30,3601.959535965266,4102.706254155844,4303.416539706079,2300.058091821263,0.0008022900519232838
2017-08-31,3605.18755474944,4106.498474961784,4307.619523418956,2301.6739074569014,0.000702264148498204
2017-09-01,3607.9054776413004,4109.69210566888,4311.148265719354,2303.045755783451,0.0005958444671838047
2017-09-02,3610.0813526750185,4112.2475737439345,4313.960255648016,2304.158427541598,0.0004830138780506563
2017-09-03,3611.683227884762,4114.125306653751,4316.012982245679,2304.996713472028,0.000363748198542407
2017-09-04,3612.6791513047015,4115.285731865131,4317.263934553087,2305.545404315428,0.000238015761258776
2017-09-05,3613.037170969005,4115.689276844877,4317.670601610979,2305.789290812483,0.00010577696628268795
2017-09-06,3612.725334911844,4115.296369059793,4317.190472460097,2305.71316370388,-3.301618479477358e-05
2017-09-07,3611.7116911673875,4114.067435976681,4315.781036141181,2305.3018137303043,-0.00017842057624197047
2017-09-08,3609.9642877698057,4111.9629050623425,4313.399781694973,2304.5400316324426,-0.00033050249025883997
2017-09-09,3607.451172753267,4108.943203783581,4310.004198162213,2303.4126081509803,-0.0004893381473696235
2017-09-10,3604.140394151942,4104.9687596072,4305.551774583641,2301.9043340266044,-0.0006550142790341979
2017-09-11,3600.0,4100.0,4300.0,2300.0,-0.0008276287367490476
2017-09-12,3595.0047164132384,4094.005572591788,4293.315212662947,2297.667210569915,-0.0010147709799032372
2017-09-13,3589.1559818339706,4086.9870056643813,4285.499147667808,2294.8048252673398,-0.001246555515588884
2017-09-14,3582.46191278614,4078.9540476626016,4276.56238932083,2291.294517381328,-0.0015308471575829535
2017-09-15,3574.930625793685,4069.916447031268,4266.515521928256,2287.017960200931,-0.0018681811017218018
2017-09-16,3566.570237380548,4059.8839522152,4255.369129796331,2281.8568270152014,-0.0022592588422341926
2017-09-17,3557.3888640706696,4048.866311659219,4243.133797231299,2275.692791113191,-0.002704979726811375
2017-09-18,3547.394622387991,4036.873273808145,4229.820108539402,2268.407525783952,-0.0032064747972620354
2017-09-19,3536.595628856455,4023.914587106799,4215.438648026889,2259.8827043165384,-0.0037651436215896767
2017-09-20,3525.0,4010.0,4200.0,2250.0,-0.004382694976080959
2017-09-21,3512.666077294522,3995.1995179614846,4183.580675176157,2238.7310771490575,-0.005020994277330912
2017-09-22,3499.85310202371,3979.8241745806386,4166.5208899174695,2226.4075641810928,-0.0055198932210226434
2017-09-23,3486.8705404232087,3964.245260475766,4149.226786997225,2213.451080539156,-0.005836456273985765
2017-09-24,3474.0278587286616,3948.8340662651667,4132.104509188706,2200.2832456662945,-0.005966772336901648
2017-09-25,3461.6345231757105,3933.961882567144,4115.560199265204,2187.32567900556,-0.005906453630298289
2017-09-26,3450.0,3920.0,4100.0,2175.0,-0.00565098193614192
2017-09-27,3439.376858948148,3907.251403789314,4085.7555099676606,2163.652332950606,-0.005230975913336617
2017-09-28,3429.7900838106752,3895.745857589782,4072.860150947875,2153.326821590136,-0.004783683534830892
2017-09-29,3421.207761889079,3885.444819663379,4061.272800521609,2143.9921145092903,-0.004344439824787591
2017-09-30,3413.5979804848535,3876.309748272076,4050.9523362698274,2135.616860298767,-0.003914032778222118
2017-10-01,3406.9288268994965,3868.30210167785,4041.8576357735005,2128.169707549268,-0.0034932144017276634
2017-10-02,3401.1683884345043,3861.3833381426734,4033.9475766135943,2121.6193048514915,-0.0030826979250261027
2017-10-03,3396.284752391371,3855.514915928519,4027.1810363710733,2115.9343007961365,-0.002683155421779024
2017-10-04,3392.2460060715957,3850.6582932973633,4021.516892626909,2111.083343973905,-0.002295215851681967
2017-10-05,3389.020236776673,3846.774928511178,4016.914022962065,2107.0350829754943,-0.0019194635292727313
2017-10-06,3386.575531808099,3843.8262798319383,4013.3313049575095,2103.758166391606,-0.0015564370185627318
2017-10-07,3384.8799784673706,3841.7738055216164,4010.727616194208,2101.2212428129387,-0.001206628446701783
2017-10-08,3383.901664055985,3840.57896384219,4009.061834253131,2099.3929608301933,-0.0008704832243850793
2017-10-09,3383.608675875436,3840.203213055628,4008.292836715242,2098.2419690340676,-0.0005484001558987681
2017-10-10,3383.96910122722,3840.608011423906,4008.3795011615084,2097.736916015262,-0.00024073191742886318
2017-10-11,3384.951027412835,3841.754817209,4009.280705172899,2097.846450364477,5.2214121219755295e-05
2017-10-12,3386.5225417337765,3843.6050886728817,4010.955326330379,2098.5392206724114,0.0003301747592026265
2017-10-13,3388.651731491541,3846.1202840775263,4013.3622422149174,2099.7838755297657,0.0005929295412947924
2017-10-14,3391.3066839876246,3849.2618616849077,4016.4603304074794,2101.5490635272395,0.0008402990798138653
2017-10-15,3394.455486523522,3852.9912797569978,4020.208468489033,2103.803433255532,0.0010721431537382077
2017-10-16,3398.066226400731,3857.2699965557717,4024.565534040543,2106.5156333053424,0.0012883586170505076
2017-10-17,3402.1069909207476,3862.0594703432034,4029.4904046429792,2109.654312267371,0.0014888771479108262
2017-10-18,3406.545867385067,3867.3211593812675,4034.9419578773077,2113.1881187323183,0.0016736628693027286
2017-10-19,3411.350943095187,3873.016521931936,4040.8790713244944,2117.0857012908828,0.0018427098704558397
2017-10-20,3416.4903053526036,3879.107016257185,4047.260622565508,2121.3157085337652,0.001996039656603007
2017-10-21,3421.9320414588124,3885.554100618987,4054.0454891813147,2125.846789051664,0.0021336985526300414
2017-10-22,3427.644238715309,3892.3192332793155,4061.1925487528806,2130.6475914352795,0.0022557550839659613
2017-10-23,3433.5949844235906,3899.3638725001456,4068.660678861175,2135.686764275312,0.002362297355663574
2017-10-24,3439.7523658851524,3906.649476543451,4076.408757087161,2140.93295616246,0.0024534304481734796
2017-10-25,3446.0844704014926,3914.1375036712043,4084.3956610118107,2146.354815687424,0.002529273845795317
2017-10-26,3452.5593852741063,3921.7894121453814,4092.580268216088,2151.920991440904,0.0025899589112863956
2017-10-27,3459.1451978044884,3929.566660227954,4100.9214562809575,2157.600132013599,0.002635626417659606
2017-10-28,3465.8099952941366,3937.430706180898,4109.378102787393,2163.3608859962087,0.0026664241458128077
2017-10-29,3472.521865044546,3945.343008266185,4117.909085316353,2169.1719019794323,0.002682504554352706
2017-10-30,3479.248894357214,3953.26502474579,4126.473281448812,2175.0018285539704,0.0026840225258256706
2017-10-31,3485.959170533637,3961.158213881689,4135.029568765733,2180.8193143105236,0.0026711331915177457
2017-11-01,3492.6207808753097,3968.984033935853,4143.536824848084,2186.5930078397896,0.002643989835119435
2017-11-02,3499.20181268373,3976.703943170257,4151.953927276831,2192.2915577324693,0.0026027418737820766
2017-11-03,3505.6703532603933,3984.279399846874,4160.239753632942,2197.8836125792623,0.0025475329134666777
2017-11-04,3511.994489906796,3991.6718622276803,4168.353181497385,2203.3378209708676,0.002478498874020975
2017-11-05,3518.142309924434,3998.842788574648,4176.253088451125,2208.6228314979858,0.0023957661780249074
2017-11-06,3524.0819006148026,4005.753637149749,4183.898352075131,2213.7072927513154,0.002299449996180714
2017-11-07,3529.7813492794003,4012.365866214961,4191.247849950368,2218.5598533215575,0.0021896525408552007
2017-11-08,3535.2087432197213,4018.6409340322552,4198.260459657803,2223.1491617994106,0.002066461398240674
2017-11-09,3540.3321697372626,4024.5402988636065,4204.895058778405,2227.4438667755758,0.0019299478885762863
2017-11-10,3545.119716133521,4030.025418970989,4211.110524893139,2231.412616840751,0.0017801654427924132
2017-11-11,3549.539469709992,4035.0577526163765,4216.865735582973,2235.0240605856375,0.0016171479829471304
2017-11-12,3553.5595177681707,4039.598758061742,4222.119568428872,2238.2468466009336,0.0014409082927298684
2017-11-13,3557.147947609556,4043.609893569061,4226.830901011807,2241.049623477341,0.0012514363632387083
2017-11-14,3560.272846535642,4047.052617400306,4230.958610912743,2243.401039805557,0.0010486976980122581
2017-11-15,3562.9023018479265,4049.888387817452,4234.461575712646,2245.269744176283,0.000832631560040134
2017-11-16,3565.004400847903,4052.0786630824705,4237.298672992482,2246.6243851802174,0.0006031491419836211
2017-11-17,3566.547230837071,4053.5849014573387,4239.428780333223,2247.4336114080616,0.0003601316392466149
2017-11-18,3567.4988791169244,4054.368561204028,4240.810775315829,2247.6660714505138,0.00010342820362613332
2017-11-19,3567.82743298896,4054.391100584514,4241.403535521273,2247.290413898274,-0.00016714624683858802
2017-11-20,3567.5009797546745,4053.6139778607685,4241.165938530518,2246.275287342042,-0.00045181338873963073
2017-11-21,3566.4876067155647,4051.998651294768,4240.056861924534,2244.589340372518,-0.0007508340546823664
2017-11-22,3564.7554011731245,4049.506579148484,4238.035183284286,2242.2012215804016,-0.0010645110283871986
2017-11-23,3562.2724504288517,4046.0992196838906,4235.059780190742,2239.0795795563913,-0.0013931921106750786
2017-11-24,3559.0068417842435,4041.738031162964,4231.089530224868,2235.193062891188,-0.001737273498190048
2017-11-25,3554.9266625407936,4036.3844718476757,4226.083310967631,2230.510320175491,-0.0020972035221958705
2017-11-26,3550.0,4030.0,4220.0,2225.0,-0.0024734868012521276
2017-11-27,3544.2291184875457,4022.5860655108663,4212.839337535271,2218.661585527517,-0.0028527909469284957
2017-11-28,3537.7529904258627,4014.304084787019,4204.7645143160635,2211.6178982092497,-0.0031797963442615276
2017-11-29,3530.7447652615706,4005.3554658641588,4195.979583717332,2204.0225940685095,-0.0034401856966449116
2017-11-30,3523.3775924412876,3995.941616777982,4186.688599114027,2196.0293291286057,-0.0036332633670771563
2017-12-01,3515.824621411633,3986.263945564191,4177.095613881101,2187.791759412849,-0.00375817317582296
2017-12-02,3508.2590016192257,3976.5238602584864,4167.404681393503,2179.4635409445495,-0.00381394170517549
2017-12-03,3500.8538825106857,3966.9227688965643,4157.819855026185,2171.1983297470183,-0.003799523560549815
2017-12-04,3493.7824135326323,3957.662079514127,4148.545188154101,2163.149781843565,-0.0037138489789709404
2017-12-05,3487.2177441316844,3948.9432001468736,4139.784734152202,2155.471553257501,-0.0035558740073373995
2017-12-06,3481.33302375446,3940.9675388305027,4131.742546395438,2148.3173000121355,-0.003324633284322848
2017-12-07,3476.3014018475797,3933.9365036007143,4124.622678258762,2141.840678130779,-0.0030192952495006246
2017-12-08,3472.2960278576616,3928.051502493209,4118.629183117125,2136.1953436367426,-0.0026392193717784925
2017-12-09,3469.490051231326,3923.513943543685,4113.966114345479,2131.534952553336,-0.002184014739657388
2017-12-10,3468.0566214151913,3920.5252347878427,4110.837525318774,2128.01316090387,-0.001653599094624976
2017-12-11,3468.1688878558757,3919.2867842613805,4109.447469411964,2125.7836247116543,-0.0010482571259229929
2017-12-12,3470.0,3920.0,4110.0,2125.0,-0.00036869659324723596
2017-12-13,3473.6598381020585,3922.7941397931695,4112.627799245144,2125.763005007017,0.0003589967327338834
2017-12-14,3479.0052056480445,3927.509860445437,4117.1780644589,2127.961606830011,0.0010337303043367195
2017-12-15,3485.829636931829,3933.9156685151224,4123.4266217400855,2131.4318347810904,0.0016294473691931804
2017-12-16,3493.9266662472833,3941.780070560543,4131.149297187515,2136.0097181723604,0.002145494011116062
2017-12-17,3503.0898278882746,3950.8715731400184,4140.121916900005,2141.5312863159293,0.0025816567062821247
2017-12-18,3513.1126561486753,3960.958682811867,4150.1203069763715,2147.832568523903,0.0029380984939327186
2017-12-19,3523.7886853223545,3971.809906134406,4160.92029351543,2154.7495941083866,0.003215293180749879
2017-12-20,3534.911449703182,3983.1937496659557,4172.297702615996,2162.118392381489,0.0034139591264681583
2017-12-21,3546.274483585028,3994.8787199648336,4184.028360376887,2169.774992655316,0.003534993854401807
2017-12-22,3557.671321261763,4006.6333235893585,4195.888092896916,2177.5554242419735,0.0035794104186043707
2017-12-23,3568.895497027256,4018.2260670978485,4207.6527262749005,2185.295716453569,0.0035482761538302198
2017-12-24,3579.7405451753784,4029.425457048623,4219.098086609656,2192.8318986022086,0.0034426541455187497
2017-12-25,3590.0,4040.0,4230.0,2200.0,0.003263547490722037
2017-12-26,3599.5147506365424,4049.7706158777555,4240.183707601766,2206.671247576497,0.003027796855393043
2017-12-27,3608.315105586648,4058.767878077499,4249.672110798883,2212.8576587310545,0.0027995812794923552
2017-12-28,3616.4787281935073,4067.074773362298,4258.537526032295,2218.6064484804724,0.0025945343729382405
2017-12-29,3624.0832818003137,4074.7742884952177,4266.852269742948,2223.964831841553,0.0024122903703307445
2017-12-30,3631.206429750259,4081.9494102393246,4274.688658371788,2228.9800238310972,0.002252529179066228
2017-12-31,3637.9258353865375,4088.683125357687,4282.119008359762,2233.6992394659087,0.0021149704540728447
2018-01-01,3644.3191620523407,4095.058420613371,4289.2156361478155,2238.169693762786,0.0019993679836495426
2018-01-02,3650.4640730908613,4101.158282769442,4296.050858176894,2242.438601738533,0.0019055043359691604
2018-01-03,3656.4382318452926,4107.065698588969,4302.696990887945,2246.553178409951,0.0018331857241933704
2018-01-04,3662.319301658827,4112.863654835017,4309.226350721914,2250.560638793842,0.0017822370558310454
2018-01-05,3668.184945874659,4118.635138270655,4315.711254119749,2254.5081979070073,0.001752497138926504
2018-01-06,3674.1128278359793,4124.463135658946,4322.224017522392,2258.4430707662473,0.0017438140241750407
2018-01-07,3680.18061088598,4130.43063376296,4328.836957370794,2262.412472388365,0.0017560404681180063
2018-01-08,3686.4659583678554,4136.620619345762,4335.622390105898,2266.463617790162,0.0017890295082699595
2018-01-09,3693.0465336247976,4143.11607917042,4342.652632168651,2270.6437219884397,0.00184263014645895
2018-01-10,3700.0,4150.0,4350.0,2275.0,0.0019166831417590901
2018-01-11,3707.380743995313,4157.330785924569,4357.714911309043,2279.5657050397635,0.0020048921740519463
2018-01-12,3715.150044747227,4165.068510342197,4365.760188877495,2284.3182431151317,0.0020826733752269564
2018-01-13,3723.24590455089,4173.148663977957,4374.076756755226,2289.2210584316235,0.0021439925936131655
2018-01-14,3731.6063257014494,4181.506737556918,4382.605538992102,2294.23759519476,0.002188975245702707
2018-01-15,3740.1693104940537,4190.078221804152,4391.2874596379925,2299.3312976100615,0.002217754700940206
2018-01-16,3748.8728612238497,4198.798607444729,4400.063442742764,2304.4656098830474,0.002230469547093592
2018-01-17,3757.6549801859874,4207.603385203721,4408.874412356287,2309.6039762192386,0.0022272609307072326
2018-01-18,3766.453669675614,4216.428045806197,4417.661292528428,2314.709840824154,0.0022082699755256383
2018-01-19,3775.206931987878,4225.208079977231,4426.365007309057,2319.7466479033155,0.0021736352793580676
2018-01-20,3783.8527694179274,4233.878978441891,4434.9264807480395,2324.677841662242,0.0021234904875676577
2018-01-21,3792.329184260909,4242.37623192525,4443.286636895244,2329.466866306454,0.002057961939267362
2018-01-22,3800.5741788119726,4250.635331152378,4451.386399800541,2334.0771660414716,0.001977166380296085
2018-01-23,3808.5257553662655,4258.591766848347,4459.166693513797,2338.4721850728147,0.0018812087352011926
2018-01-24,3816.121916218936,4266.181029738226,4466.56844208488,2342.6153676060044,0.0017701799286876014
2018-01-25,3823.3006636651317,4273.338610547087,4473.5325695636575,2346.4701578465597,0.0016441547453128738
2018-01-26,3830.0,4280.0,4480.0,2350.0,0.0015031897146014234
2018-01-27,3836.1704449721306,4286.113721135223,4485.923772415958,2353.176061563541,0.0013506030838575814
2018-01-28,3841.8125881438646,4291.68042624375,4491.305385722321,2356.000403201165,0.0011995056874161529
2018-01-29,3846.9395365309824,4296.713799929759,4496.15845380206,2358.4828088685495,0.00105309777769397
2018-01-30,3851.5643971492677,4301.22752679743,4500.49659053815,2360.6330625213704,0.0009112951918240524
2018-01-31,3855.700277014501,4305.235291450943,4504.333409813561,2362.460948115306,0.0007740204539978492
2018-02-01,3859.360283142465,4308.75077849448,4507.682525511268,2363.9762496060343,0.0006412024445709652
2018-02-02,3862.557522548941,4311.787672532216,4510.557551514241,2365.1887509492285,0.000512776090333015
2018-02-03,3865.3051022497098,4314.359658168333,4512.972101705453,2366.1082361005697,0.00038868207404176827
2018-02-04,3867.6161292605548,4316.480420007013,4514.93978996788,2366.744489015733,0.0002688665614375234
2018-02-05,3869.5037105972556,4318.163642652429,4516.474230184491,2367.1072936503947,0.0001532809441565367
2018-02-06,3870.9809532755944,4319.423010708766,4517.589036238258,2367.206433960233,4.188159701989535e-05
2018-02-07,3872.0609643113544,4320.272208780202,4518.297822012156,2367.051693900925,-6.537035167240342e-05
2018-02-08,3872.756850720316,4320.724921470916,4518.614201389157,2366.652857428146,-0.00016850923812327832
2018-02-09,3873.0817195182613,4320.794833385088,4518.551788252234,2366.0197084975753,-0.0002675650704874691
2018-02-10,3873.0486777209717,4320.495629126899,4518.1241964843575,2365.1620310648877,-0.0003625637269060872
2018-02-11,3872.6708323442294,4319.840993300526,4517.345039968503,2364.0896090857623,-0.00045352714514183893
2018-02-12,3871.9612904038145,4318.844610510148,4516.22793258764,2362.8122265158736,-0.0005404735048071202
2018-02-13,3870.933158915511,4317.520165359949,4514.786488224744,2361.339667310901,-0.0006234174030641968
2018-02-14,3869.5995448951003,4315.881342454106,4513.034320762787,2359.6817154265214,-0.00070237002467347
2018-02-15,3867.973555358362,4313.941826396796,4510.985044084739,2357.8481548184095,-0.0007773393071679477
2018-02-16,3866.0682973210787,4311.715301792203,4508.652272073575,2355.8487694422442,-0.0008483301019130025
2018-02-17,3863.8968777990326,4309.215453244503,4506.0496186122655,2353.6933432537016,-0.0009153443317670361
2018-02-18,3861.4724038080053,4306.455965357878,4503.1906975837865,2351.391660208459,-0.0009783811459951092
2018-02-19,3858.807982363779,4303.450522736506,4500.089122871108,2348.953504262194,-0.0010374370730779677
2018-02-20,3855.916720482134,4300.212809984567,4496.758508357203,2346.3886593705834,-0.001092506172004533
2018-02-21,3852.8117251788526,4296.75651170624,4493.212467925043,2343.7069094893022,-0.0011435801826075182
2018-02-22,3849.5061034697173,4293.095312505707,4489.464615457604,2340.9180385740306,-0.0011906486754690597
2018-02-23,3846.0129623705097,4289.242896987145,4485.528564837855,2338.031830580443,-0.0012336992019022191
2018-02-24,3842.3454088970093,4285.212949754732,4481.417929948769,2335.0580694642167,-0.0012727174444508336
2018-02-25,3838.516550064999,4281.019155412652,4477.146324673321,2332.006539181031,-0.0013076873683676978
2018-02-26,3834.5394928902624,4276.6751985650835,4472.727362894482,2328.88702368656,-0.001338591374463438
2018-02-27,3830.427344388579,4272.194763816204,4468.174658495226,2325.709306936483,-0.001365410453691828
2018-02-28,3826.1932115757318,4267.591535770194,4463.501825358522,2322.4831728864756,-0.0013881243438368224
2018-03-01,3821.8502014675,4262.87919903123,4458.722477367345,2319.2184054922136,-0.0014067116885927574
2018-03-02,3817.411421079669,4258.0714382034985,4453.85022840467,2315.9247887093775,-0.0014211501993253006
2018-03-03,3812.889977428018,4253.181937891175,4448.898692353465,2312.6121064936415,-0.0014314168197717594
2018-03-04,3808.298977528328,4248.224382698437,4443.881483096704,2309.2901428006826,-0.0014374878938646393
2018-03-05,3803.6515283963836,4243.212457229468,4438.812214517362,2305.96868158618,-0.001439339336885713
2018-03-06,3798.9607370479625,4238.159846088443,4433.704500498407,2302.657506805807,-0.0014369468100756929
2018-03-07,3794.239710498851,4233.080233879547,4428.571954922816,2299.3664024152445,-0.0014302858987863887
2018-03-08,3789.5015557648276,4227.987305206957,4423.42819167356,2296.1051523701676,-0.0014193322942731592
2018-03-09,3784.7593798616745,4222.8947446748525,4418.286824633611,2292.8835406262533,-0.0014040619790959203
2018-03-10,3780.026289805174,4217.816236887412,4413.161467685943,2289.711351139179,-0.0013844514161415538
2018-03-11,3775.315392611107,4212.7654664488155,4408.065734713527,2286.5983678646207,-0.0013604777411733609
2018-03-12,3770.6397952952566,4207.756117963245,4403.013239599335,2283.5543747582574,-0.001332118958788755
2018-03-13,3766.012604873403,4202.801876034876,4398.017596226341,2280.5891557757636,-0.001299354141622948
2018-03-14,3761.446928361328,4197.916425267891,4393.0924184775195,2277.712494872818,-0.0012621636325568693
2018-03-15,3756.955872774814,4193.113450266469,4388.25132023584,2274.934176005097,-0.0012205292496763535
2018-03-16,3752.552545129643,4188.40663563479,4383.507915384274,2272.263983128278,-0.0011744344936325858
2018-03-17,3748.2500524415955,4183.809665977032,4378.875817805798,2269.7117001980373,-0.0011238647570278725
2018-03-18,3744.061501726454,4179.336225897376,4374.368641383382,2267.2871111700524,-0.0010688075353779928
2018-03-19,3740.0,4175.0,4370.0,2265.0,-0.0010092526391594716
2018-03-20,3736.0760558376564,4170.811951535995,4365.780794919239,2262.8581077655667,-0.0009460951925708419
2018-03-21,3732.2897840534088,4166.772158344092,4361.711076927153,2260.8610040324775,-0.0008829477752610374
2018-03-22,3728.6387010208873,4162.87797690993,4357.788184190412,2259.0062154884668,-0.0008207270515002986
2018-03-23,3725.120323113718,4159.126763719151,4354.009454875682,2257.291268821268,-0.0007594480902034048
2018-03-24,3721.732166705531,4155.515875257398,4350.372227149634,2255.713690718617,-0.0006991253858799763
2018-03-25,3718.471748169953,4152.042668010311,4346.873839178941,2254.271007868247,-0.0006397728577795145
2018-03-26,3715.336583880613,4148.70449846353,4343.511629130266,2252.960746957893,-0.0005814038498730737
2018-03-27,3712.324190211138,4145.498723102696,4340.282935170281,2251.7804346752887,-0.0005240311316562674
2018-03-28,3709.4320835351555,4142.422698413449,4337.185095465654,2250.727597708168,-0.00046766689975334897
2018-03-29,3706.6577802262955,4139.473780881433,4334.215448183055,2249.799762744267,-0.0004123227803032672
2018-03-30,3703.9987966581853,4136.6493269922885,4331.371331489152,2248.994456471319,-0.0003580098321054137
2018-03-31,3701.4526492044515,4133.946693231653,4328.650083550615,2248.3092055770576,-0.00030473855049960763
2018-04-01,3699.0168542387246,4131.363236085172,4326.049042534115,2247.741536749219,-0.0002525188719562403
2018-04-02,3696.6889281346303,4128.896312038482,4323.565546606317,2247.2889766755357,-0.00020136017936287257
2018-04-03,3694.466387265799,4126.543277577228,4321.196933933893,2246.9490520437434,-0.000151271307958421
2018-04-04,3692.346748005857,4124.30148918705,4318.940542683512,2246.7192895415756,-0.00010226055191564106
2018-04-05,3690.3275267284316,4122.168303353586,4316.793711021842,2246.5972158567665,-5.433567152124349e-05
2018-04-06,3688.4062398071546,4120.141076562482,4314.753777115553,2246.580357677052,-7.503900942666677e-06
2018-04-07,3686.580403615649,4118.217165299375,4312.8180791313125,2246.6662416901645,3.82280434530835e-05
2018-04-08,3684.847534527547,4116.3939260499055,4310.983955235792,2246.8523945838388,8.285395426118412e-05
2018-04-09,3683.2051489164746,4114.668715299719,4309.24874359566,2247.1363430458105,0.0001263681236991888
2018-04-10,3681.6507631560603,4113.038889534454,4307.609782377583,2247.5156137638123,0.00016876533379957799
2018-04-11,3680.1818936199306,4111.501805239747,4306.064409748233,2247.9877334255784,0.00021004084616987312
2018-04-12,3678.796056681717,4110.054818901248,4304.609963874278,2248.550228718845,0.00025019039133494976
2018-04-13,3677.4907687150453,4108.6952870045925,4303.243782922389,2249.200626331346,0.00028921015769657854
2018-04-14,3676.2635460935435,4107.420566035421,4301.963205059232,2249.9364529508152,0.000327096780144078
2018-04-15,3675.11190519084,4106.228012479376,4300.7655684514775,2250.7552352649864,0.0003638473283330624
2018-04-16,3674.0333623805627,4105.114982822099,4299.648211265794,2251.654499961594,0.0003994592946658887
2018-04-17,3673.0254340363394,4104.078833549229,4298.608471668852,2252.631773728373,0.0004339305819978349
2018-04-18,3672.085636531799,4103.1169211464085,4297.643687827319,2253.684583253058,0.0004672594910959021
2018-04-19,3671.2114862405697,4102.226602099278,4296.751197907866,2254.8104552233826,0.0004994447078768887
2018-04-20,3670.400499536278,4101.4052328934795,4295.928340077162,2256.006916327082,0.0005304852904502529
2018-04-21,3669.6501927925524,4100.650170014653,4295.172452501873,2257.2714932518898,0.0005603806559846018
2018-04-22,3668.9580823830224,4099.95876994844,4294.480873348672,2258.60171268554,0.0005891305674281718
2018-04-23,3668.3216846813148,4099.3283891804795,4293.850940784224,2259.9951013157674,0.000616735120104544
2018-04-24,3667.738516061058,4098.756384196417,4293.279992975203,2261.449185830307,0.0006431947281990594
2018-04-25,3667.20609289588,4098.240111481889,4292.765368088274,2262.9614929168924,0.0006685101111666967
2018-04-26,3666.721931559409,4097.776927522537,4292.304404290109,2264.529549263259,0.0006926822800775175
2018-04-27,3666.2835484252705,4097.364188804003,4291.894439747373,2266.1508815571387,0.0007157125239115596
2018-04-28,3665.888459867098,4096.99925181193,4291.532812626741,2267.823016486268,0.0007376023958418999
2018-04-29,3665.534182258515,4096.679473031956,4291.216861094878,2269.543480738381,0.0007583536994944559
2018-04-30,3665.218231973151,4096.402208949724,4290.943923318455,2271.309801001211,0.0007779684752290028
2018-05-01,3664.9381253846345,4096.164816050874,4290.711337464139,2273.1195039624936,0.0007964489864408414
2018-05-02,3664.6913788665925,4095.9646508210462,4290.516441698601,2274.9701163099626,0.0008137977058998509
2018-05-03,3664.475508792654,4095.799069745883,4290.356574188509,2276.8591647313524,0.0008300173021467708
2018-05-04,3664.288031536446,4095.665429311025,4290.229073100532,2278.7841759143967,0.0008451106259532389
2018-05-05,3664.1264634715976,4095.5610860021134,4290.131276601341,2280.7426765468304,0.0008590806968612157
2018-05-06,3663.9883209717373,4095.4833963047877,4290.060522857602,2282.7321933163885,0.0008719306898096532
2018-05-07,3663.871120410491,4095.4297167046907,4290.014150035987,2284.7502529108033,0.0008836639218616051
2018-05-08,3663.772378161488,4095.3974036874624,4289.989496303164,2286.794382017812,0.0008942838390429695
2018-05-09,3663.6896105983574,4095.3838137387447,4289.983899825802,2288.862107325147,0.0009037940032874302
2018-05-10,3663.6203340947254,4095.386303344178,4289.99469877057,2290.9509555205427,0.0009121980795185457
2018-05-11,3663.562065024221,4095.4022289894033,4290.019231304138,2293.058453291735,0.0009194998228529105
2018-05-12,3663.5123197604717,4095.4289471600596,4290.054835593171,2295.1821273264554,0.0009257030659393751
2018-05-13,3663.4686146771073,4095.463814341793,4290.098849804346,2297.3195043124415,0.0009308117064484333
2018-05-14,3663.4284661477536,4095.5041870202394,4290.148612104326,2299.468110937425,0.0009348296946890643
2018-05-15,3663.3893905460386,4095.5474216810417,4290.2014606597795,2301.6254738891416,0.0009377610213924374
2018-05-16,3663.3489042455935,4095.590874809842,4290.254733637381,2303.7891198553257,0.0009396097056309093
2018-05-17,3663.304523620043,4095.6319028922794,4290.3057692037955,2305.9565755237113,0.0009403797828953205
2018-05-18,3663.253765043016,4095.6678624139963,4290.351905525693,2308.1253675820326,0.0009400752933236574
2018-05-19,3663.1941448881407,4095.696109860632,4290.390480769742,2310.2930227180236,0.000938700270081253
2018-05-20,3663.123179529046,4095.71400171783,4290.418833102613,2312.45706761942,0.0009362587278942577
2018-05-21,3663.038385339359,4095.7188944712307,4290.434300690974,2314.6150289739553,0.0009327546517296926
2018-05-22,3662.937278692708,4095.708144606472,4290.434221701494,2316.764433469363,0.0009281919856295974
2018-05-23,3662.8173759627207,4095.679108609198,4290.415934300842,2318.902807793379,0.0009225746216872744
2018-05-24,3662.676193523025,4095.629142965049,4290.376776655688,2321.0276786337363,0.000915906389165392
2018-05-25,3662.5112477472503,4095.5556041596656,4290.314086932702,2323.1365726781705,0.0009081910437563843
2018-05-26,3662.3200550090232,4095.45584867869,4290.22520329855,2325.2270166144144,0.0008994322569716111
2018-05-27,3662.1001316819725,4095.327233007761,4290.107463919903,2327.296537130204,0.0008896336056663844
2018-05-28,3661.848994139726,4095.1671136325217,4289.958206963432,2329.3426609132725,0.0008787985616800151
2018-05-29,3661.5641587559116,4094.972847038612,4289.774770595804,2331.3629146513554,0.0008669304816011019
2018-05-30,3661.2431419041586,4094.741789711674,4289.554492983688,2333.3548250321855,0.0008540325966370044
2018-05-31,3660.8834599580923,4094.4712981373464,4289.294712293752,2335.315918743498,0.0008401080025910752
2018-06-01,3660.482629291343,4094.158728801272,4288.992766692667,2337.2437224730274,0.0008251596499312618
2018-06-02,3660.0381662775385,4093.8014381890916,4288.645994347102,2339.135762908508,0.0008091903339476662
2018-06-03,3659.547587290307,4093.3967827864453,4288.251733423725,2340.989566737673,0.0007922026849897804
2018-06-04,3659.0084087032756,4092.9421190789762,4287.807322089207,2342.8026606482586,0.0007741991587696767
2018-06-05,3658.4181468900724,4092.4348035523226,4287.3100985102155,2344.572571327998,0.0007551820267258648
2018-06-06,3657.7743182243257,4091.872192692127,4286.75740085342,2346.2968254646257,0.0007351533664367608
2018-06-07,3657.0744390796635,4091.2516429840302,4286.146567285489,2347.9729497458757,0.0007141150520709376
2018-06-08,3656.3160258297157,4090.5705109136734,4285.474935973093,2349.5984708594838,0.0006920687448657631
2018-06-09,3655.4965948481076,4089.826152966697,4284.7398450829005,2351.1709154931827,0.0006690158836184882
2018-06-10,3654.613662508469,4089.0159256287434,4283.938632781581,2352.687810334708,0.0006449576751862669
2018-06-11,3653.664745184426,4088.137185385451,4283.068637235801,2354.1466820717924,0.0006198950849682965
2018-06-12,3652.6473592496077,4087.1872887224627,4282.127196612232,2355.545057392171,0.0005938288273749831
2018-06-13,3651.5590210776436,4086.163592125419,4281.111649077544,2356.880462983579,0.0005667593562508765
2018-06-14,3650.3972470421604,4085.0634520799617,4280.019332798405,2358.1504255337504,0.0005386868552544971
2018-06-15,3649.1595535167853,4083.88422507173,4278.847585941482,2359.3524717304185,0.0005096112281688862
2018-06-16,3647.843456875149,4082.6232675863675,4277.593746673449,2360.4841282613193,0.0004795320891355594
2018-06-17,3646.4464734908765,4081.2779361095127,4276.25515316097,2361.542921814186,0.0004484487527845691
2018-06-18,3644.966119737597,4079.8455871268075,4274.829143570716,2362.5263790767526,0.0004163602242619941
2018-06-19,3643.3999119889395,4078.3235771238933,4273.313056069358,2363.4320267367543,0.00038326518911955106
2018-06-20,3641.7453666185306,4076.7092625864097,4271.7042288235625,2364.257391481925,0.00034916200306030204
2018-06-21,3640.0,4075.0,4270.0,2365.0,0.0003140486815186653
2018-06-22,3638.1613812674564,4073.1932587542083,4268.19782614916,2365.6584278470705,0.00027836626184895707
2018-06-23,3636.227290596943,4071.2869598541993,4266.295637356823,2366.235446052665,0.00024388467866419598
2018-06-24,3634.1955609249826,4069.2791372090423,4264.291482092592,2366.7348745146687,0.00021104229692164107
2018-06-25,3632.064025188103,4067.167824727809,4262.183408826066,2367.160533130968,0.00017983439885835457
2018-06-26,3629.830516322823,4064.951056319566,4259.9694660268415,2367.5162417994466,0.00015025679093078517
2018-06-27,3627.492867265671,4062.6268658933855,4257.647702164527,2367.805820417993,0.00012230577565888672
2018-06-28,3625.0489109531704,4060.193287358336,4255.216165708722,2368.0330888844915,9.597812384482058e-05
2018-06-29,3622.496480321843,4057.648354623484,4252.672905129022,2368.201867096826,7.127104713958328e-05
2018-06-30,3619.8334083082186,4054.990101597905,4250.015968895035,2368.315974952886,4.818217090577479e-05
2018-07-01,3617.0575278488154,4052.216562190663,4247.243405476358,2368.379232350554,2.6709507326684495e-05
2018-07-02,3614.166671880161,4049.325770310831,4244.353263342594,2368.3954591877177,6.851428754917207e-06
2018-07-03,3611.1586733387803,4046.3157598674775,4241.343590963344,2368.3684753622624,-1.1393358769190638e-05
2018-07-04,3608.031365161195,4043.18456476967,4238.212436808205,2368.302100772072,-2.802584183452488e-05
2018-07-05,3604.782580283931,4039.9302189264818,4234.957849346783,2368.2001553150353,-4.3046725849889926e-05
2018-07-06,3601.410151643513,4036.55075624698,4231.577877048679,2368.066458889036,-5.6456461143505776e-05
2018-07-07,3597.9119121764634,4033.0442106402343,4228.07056838349,2367.9048313919593,-6.825526897551098e-05
2018-07-08,3594.2856948193084,4029.4086160153147,4224.433971820821,2367.719092721692,-7.844316750610145e-05
2018-07-09,3590.529332508571,4025.64200628129,4220.66613583027,2367.513062776119,-8.701999772652522e-05
2018-07-10,3586.6406581807764,4021.7424153472307,4216.765108881441,2367.2905614531282,-9.398544937159393e-05
2018-07-11,3582.6175047724482,4017.707877122206,4212.728939443932,2367.055408650603,-9.933908683626132e-05
2018-07-12,3578.45770522011,4013.536425515284,4208.555675987346,2366.811424266429,-0.00010308037509350608
2018-07-13,3574.1590924602883,4009.226094435537,4204.243366981284,2366.562428198494,-0.00010520870564029073
2018-07-14,3569.7194994295064,4004.7749177920323,4199.790060895348,2366.3122403446814,-0.00010572342247249745
2018-07-15,3565.1367590642867,4000.1809294938394,4195.193806199135,2366.0646806028785,-0.0001046238480848543
2018-07-16,3560.408704301157,3995.4421634500304,4190.45265136225,2365.8235688709706,-0.00010190930952073226
2018-07-17,3555.533168076638,3990.556653569671,4185.564644854293,2365.592725046842,-9.757916444950108e-05
2018-07-18,3550.507983327256,3985.5224337618333,4180.527835144865,2365.3759690283814,-9.163282728288404e-05
2018-07-19,3545.330982989535,3980.337537935586,4175.340270703566,2365.1771207134716,-8.406979533031255e-05
2018-07-20,3540.0,3975.0,4170.0,2365.0,-7.488967496740856e-05
2018-07-21,3534.5161821620695,3969.5111100273316,4164.5083362489395,2364.8476096167205,-6.443775610117187e-05
2018-07-22,3528.8939367467447,3963.885182742593,4158.87965164586,2364.719683615861,-5.409628110116349e-05
2018-07-23,3523.1509858919258,3958.139789033987,4153.131583131416,2364.615138880522,-4.421117949137921e-05
2018-07-24,3517.305051735508,3952.292499789715,4147.2817676462555,2364.5328922937993,-3.478283453549868e-05
2018-07-25,3511.3738564153905,3946.3608858979765,4141.347842131029,2364.471860738791,-2.5811585396509734e-05
2018-07-26,3505.3751220694694,3940.3625182469737,4135.347443526387,2364.4309610985947,-1.7297729193426046e-05
2018-07-27,3499.326570835641,3934.314967724906,4129.298208772981,2364.4091102563075,-9.241523061710695e-06
2018-07-28,3493.245924851806,3928.2358052199766,4123.21777481146,2364.4052250950285,-1.643186221088262e-06
2018-07-29,3487.1509062558607,3922.142601620387,4117.123778582477,2364.418222497856,5.497097944794428e-06
2018-07-30,3481.0592371857,3916.052927814336,4111.0338570266795,2364.4470193478855,1.2179179806387844e-05
2018-07-31,3474.988639779225,3909.9843546900274,4104.965647084723,2364.490532528217,1.8402941403031665e-05
2018-08-01,3468.9568361743313,3903.9544531356605,4098.936785697252,2364.5476789219474,2.4168294345728865e-05
2018-08-02,3462.981548508917,3897.9807940394367,4092.9649098049213,2364.6173754121733,2.9475177723758183e-05
2018-08-03,3457.080498920879,3892.0809482895575,4087.06765634838,2364.6985388819935,3.432355600644534e-05
2018-08-04,3451.271409548115,3886.272486774224,4081.2626622682787,2364.790086214507,3.871341693874083e-05
2018-08-05,3445.572002528524,3880.5729803816384,4075.567564505269,2364.89093429281,4.264476943835552e-05
2018-08-06,3440.0,3875.0,4070.0,2365.0,4.611764149509996e-05
2018-08-07,3434.56997055233,3869.5679901877397,4064.574465996821,2365.1163517158843,4.9196132719096646e-05
2018-08-08,3429.2838685828515,3864.278890184212,4059.292900954886,2365.2396638071045,5.213649494608878e-05
2018-08-09,3424.1404949407847,3859.1315128989936,4054.1541036370413,2365.369762137012,5.50027779621207e-05
2018-08-10,3419.138650475354,3854.124671241668,4049.1568728061384,2365.5064725689567,5.779497293961374e-05
2018-08-11,3414.2771360357824,3849.257178121816,4044.3000072250256,2365.6496209662887,6.0513073145698016e-05
2018-08-12,3409.554752471293,3844.5278464490184,4039.5823056565537,2365.7990331923593,6.315707388644833e-05
2018-08-13,3404.9703006311083,3839.9354891328553,4035.00256686357,2365.954535110519,6.57269724515672e-05
2018-08-14,3400.522581364452,3835.4789190829083,4030.5595896089253,2366.1159525841167,6.822276805907116e-05
2018-08-15,3396.2103955205494,3831.156949208759,4026.252172655472,2366.2831114765067,7.064446180331042e-05
2018-08-16,3392.0325439486196,3826.9683924199876,4022.0791147660548,2366.4558376510363,7.299205659255598e-05
2018-08-17,3387.9878274978887,3822.9120616261766,4018.039214703528,2366.6339569710576,7.526555710301998e-05
2018-08-18,3384.075047017577,3818.986769736903,4014.1312712307376,2366.8172952999207,7.746496971600438e-05
2018-08-19,3380.293003356911,3815.1913296617527,4010.3540831105356,2367.005678500976,7.959030246681992e-05
2018-08-20,3376.640497365113,3811.524554310304,4006.7064491057713,2367.1989324375754,8.164156498860106e-05
2018-08-21,3373.1163298914034,3807.9852565921387,4003.1871679792926,2367.3968829730675,8.361876845456915e-05
2018-08-22,3369.7193017850095,3804.572249416838,3999.7950384939513,2367.599355970804,8.552192552740291e-05
2018-08-23,3366.448213895151,3801.2843456939822,3996.5288594125955,2367.8061772941355,8.735105029973014e-05
2018-08-24,3363.301867071054,3798.120358333154,3993.3874294980765,2368.0171728064133,8.910615824083849e-05
2018-08-25,3360.279062161939,3795.0791002439314,3990.3695475132417,2368.2321683709865,9.078726613983585e-05
2018-08-26,3357.3786000170294,3792.159384335897,3987.4740122209423,2368.450989851206,9.239439205280934e-05
2018-08-27,3354.599281485551,3789.360023518634,3984.6996223840283,2368.6734631104237,9.392755524598982e-05
2018-08-28,3351.9399074167236,3786.679830701719,3982.045176765348,2368.8994140119876,9.538677613869622e-05
2018-08-29,3349.399278659773,3784.1176187947362,3979.5094741277517,2369.128668419252,9.677207625405261e-05
2018-08-30,3346.97619606392,3781.672200707265,3977.0913132340884,2369.361052195564,9.808347815438722e-05
2018-08-31,3344.669460478389,3779.342389348888,3974.7894928472087,2369.5963912042757,9.93210053966153e-05
2018-09-01,3342.477872752403,3777.126997629184,3972.602811729961,2369.8345113087385,0.00010048468246963966
2018-09-02,3340.400233735186,3775.0248384577367,3970.5300686451974,2370.0752383723016,0.00010157453474152154
2018-09-03,3338.43534427596,3773.034724744125,3968.570062355765,2370.318398258316,0.00010259058840554292
2018-09-04,3336.582005223948,3771.1554693979306,3966.7215916245145,2370.563816830133,0.0001035328704244938
2018-09-05,3334.839017428373,3769.3858853287347,3964.983455214295,2370.8113199511017,0.00010440140847473869
2018-09-06,3333.20518173846,3767.7247854461175,3963.3544518879567,2371.060733484574,0.00010519623089428062
2018-09-07,3331.679299003432,3766.170982659662,3961.8333804083495,2371.311883293901,0.00010591736662483166
2018-09-08,3330.2601700725086,3764.723289878947,3960.4190395383225,2371.564595242431,0.00010656484515810255
2018-09-09,3328.946595794916,3763.3805200135535,3959.110228040725,2371.818695193517,0.00010713869648342566
2018-09-10,3327.7373770198774,3762.1414859730653,3957.9057446784072,2372.074009010508,0.00010763895102893979
2018-09-11,3326.6313145966155,3761.00500066706,3956.8043882142183,2372.330362556756,0.0001080656396127668
2018-09-12,3325.6272093743514,3759.96987700512,3955.8049574110078,2372.5875816956095,0.00010841879338175557
2018-09-13,3324.723862202312,3759.0349278968265,3954.9062510316267,2372.8454922904207,0.00010869844376443584
2018-09-14,3323.9200739297185,3758.198966251761,3954.1070678389237,2373.1039202045404,0.00010890462241109528
2018-09-15,3323.214645405793,3757.4608049795033,3953.4062065957487,2373.3626913013186,0.0001090373611425157
2018-09-16,3322.60637747976,3756.819256989635,3952.8024660649507,2373.6216314441053,0.00010909669189471317
2018-09-17,3322.0940710008426,3756.2731351917373,3952.2946450093787,2373.8805664962524,0.00010908264666678656
2018-09-18,3321.676526818262,3755.82125249539,3951.8815421918835,2374.1393223211094,0.00010899525746410384
2018-09-19,3321.3525457812448,3755.4624218101762,3951.561956375316,2374.3977247820276,0.00010883455624748276
2018-09-20,3321.120928739012,3755.195456045676,3951.334686322524,2374.655599742357,0.00010860057487726528
2018-09-21,3320.9804765407875,3755.0191681114698,3951.198530796357,2374.912773065449,0.00010829334506094385
2018-09-22,3320.9299900357933,3754.9323709171385,3951.152288559665,2375.1690706146533,0.00010791289829834544
2018-09-23,3320.9682700732537,3754.933877372264,3951.194758375298,2375.424318253321,0.00010745926583036755
2018-09-24,3321.09411750239,3755.0225003864252,3951.324739006104,2375.6783418448017,0.00010693247858282933
2018-09-25,3321.306333172429,3755.1970528692073,3951.5410292149368,2375.930967252448,0.00010633256711609467
2018-09-26,3321.60371793259,3755.4563477301876,3951.8424277646413,2376.182020339609,0.00010565956156759031
2018-09-27,3321.9850726320983,3755.7991978789487,3952.2277334180703,2376.431326969636,0.00010491349160409194
2018-09-28,3322.449198120176,3756.224416225071,3952.695744938071,2376.6787130058788,0.00010409438636424085
2018-09-29,3322.9948952460477,3756.7308156781364,3953.2452610874957,2376.9240043116893,0.00010320227440749832
2018-09-30,3323.6209648589347,3757.3172091477236,3953.875080629192,2377.167026750416,0.00010223718365954674
2018-10-01,3324.326207808062,3757.982409543417,3954.58400232601,2377.407606185412,0.00010119914136368441
2018-10-02,3325.10942494265,3758.7252297747946,3955.3708249408,2377.6455684800253,0.00010008817402067415
2018-10-03,3325.969417111925,3759.54448275144,3956.234347236411,2377.880739497609,9.890430734479836e-05
2018-10-04,3326.904985165109,3760.438981382931,3957.1733679756926,2378.112945101512,9.764756620259517e-05
2018-10-05,3327.9149299514233,3761.4075385788515,3958.186685921494,2378.342011155086,9.631797456602469e-05
2018-10-06,3328.998052320093,3762.4489672487816,3959.2730998366656,2378.56776352168,9.491555545786328e-05
2018-10-07,3330.153153120342,3763.5620803023016,3960.431408484058,2378.790028064646,9.344033089998245e-05
2018-10-08,3331.3790332013914,3764.745690648994,3961.6604106265195,2379.008630647334,9.189232185851803e-05
2018-10-09,3332.674493412466,3765.9986111984376,3962.958905026899,2379.223397133095,9.02715481939223e-05
2018-10-10,3334.038334602787,3767.3196548602155,3964.3256904480477,2379.43415338528,8.857802860790597e-05
2018-10-11,3335.4693576215795,3768.7076345439073,3965.7595656528147,2379.640725267238,8.681178058971244e-05
2018-10-12,3336.966363318066,3770.161363159095,3967.25932940405,2379.8429386423218,8.49728203666086e-05
2018-10-13,3338.5281525414694,3771.679653615359,3968.8237804646014,2380.0406193738795,8.306116284660298e-05
2018-10-14,3340.1535261410127,3773.261318822281,3970.4517175973206,2380.2335933252634,8.107682157248498e-05
2018-10-15,3341.8412849659194,3774.9051716894414,3972.1419395650573,2380.4216863598235,7.901980866409482e-05
2018-10-16,3343.5902298654128,3776.6100251264206,3973.89324513066,2380.604724340911,7.689013476858426e-05
2018-10-17,3345.399161688715,3778.3746920428002,3975.704433056978,2380.7825331318754,7.468780900690054e-05
2018-10-18,3347.2668812850497,3780.197985348161,3977.574302106861,2380.954938596068,7.241283892337651e-05
2018-10-19,3349.192189503641,3782.0787179520858,3979.501651043161,2381.12176659684,7.006523043132174e-05
2018-10-20,3351.173887193711,3784.0157027641526,3981.485278628725,2381.2828429975407,6.764498775994344e-05
2018-10-21,3353.2107752044844,3786.007752693946,3983.5239836264045,2381.437993661522,6.515211340614931e-05
2018-10-22,3355.3016543851813,3788.0536806510427,3985.6165647990474,2381.5870444521333,6.258660807680073e-05
2018-10-23,3357.445325585028,3790.1522995450277,3987.761820909505,2381.729821232726,5.994847063984418e-05
2018-10-24,3359.6405896532456,3792.3024222854788,3989.9585507206248,2381.8661498666497,5.723769807011127e-05
2018-10-25,3361.8862474390585,3794.50286178198,3992.205552995259,2381.995856217257,5.445428539844635e-05
2018-10-26,3364.181099791688,3796.7524309441083,3994.501626496254,2382.1187661478957,5.159822565528032e-05
2018-10-27,3366.5239475603594,3799.0499426814486,3996.8455699864635,2382.2347055219184,4.866950982330478e-05
2018-10-28,3368.9135915942948,3801.394209903581,3999.2361822287344,2382.3435002026754,4.566812677992952e-05
2018-10-29,3371.3488327427176,3803.784045520085,4001.6722619859165,2382.4449760535167,4.2594063246397796e-05
2018-10-30,3373.8284718548507,3806.2182624405427,4004.15260802086,2382.5389589377933,3.944730373534409e-05
2018-10-31,3376.351309779917,3808.6956735745352,4006.6760190964146,2382.6252747188564,3.6227830496572246e-05
2018-11-01,3378.9161473671393,3811.215091831643,4009.241293975429,2382.7037492600552,3.2935623463052136e-05
2018-11-02,3381.521785465743,3813.7753301214475,4011.847231420755,2382.774208424741,2.95706602009095e-05
2018-11-03,3384.167024924949,3816.3752013535304,4014.4926301952405,2382.8364780762654,2.6132915852306903e-05
2018-11-04,3386.8506665939817,3819.0135184374712,4017.176289061735,2382.8903840779776,2.2622363082761805e-05
2018-11-05,3389.5715113220626,3821.689094282851,4019.8970067830883,2382.935752293228,1.9038972028460766e-05
2018-11-06,3392.3283599584165,3824.4007417992525,4022.653582122151,2382.9724085853686,1.5382710242903714e-05
2018-11-07,3395.1200133522657,3827.147273896255,4025.444813841771,2383.0001788177483,1.1653542638215219e-05
2018-11-08,3397.945272352834,3829.927503483439,4028.2695007048,2383.0188888537195,7.851431438219885e-06
2018-11-09,3400.8029378093443,3832.7402434703886,4031.126441474086,2383.028364556631,3.976336115748651e-06
2018-11-10,3403.691810571019,3835.584306766681,4034.01443491248,2383.028431789835,2.821334570581499e-08
2018-11-11,3406.6106914870816,3838.4585062818996,4036.93227978283,2383.018916416681,-3.9929830565230895e-06
2018-11-12,3409.5583814067563,3841.3616549256258,4039.8787748479876,2382.9996443005202,-8.087302185343647e-06
2018-11-13,3412.5336811792654,3844.2925656074385,4042.8527188708003,2382.970441304703,-1.2254796103667115e-05
2018-11-14,3415.5353916538306,3847.2500512369197,4045.8529106141186,2382.931133292579,-1.6495519896744623e-05
2018-11-15,3418.562313679678,3850.2329247236516,4048.878148840793,2382.8815461275008,-2.0809531727560393e-05
2018-11-16,3421.6132481060295,3853.239998977214,4051.927232313673,2382.821505672818,-2.5196892896226656e-05
2018-11-17,3424.686995782107,3856.270086907187,4054.998959795607,2382.7508377918807,-2.9657667893610248e-05
2018-11-18,3427.7823575571347,3859.3220014231533,4058.0921300494465,2382.6693683480403,-3.419192445751774e-05
2018-11-19,3430.898134280336,3862.3945554346938,4061.2055418380387,2382.576923204647,-3.879973363343777e-05
2018-11-20,3434.033126800933,3865.4865618513873,4064.337993924234,2382.473328225051,-4.348116982862708e-05
2018-11-21,3437.18613596815,3868.596833582818,4067.488285070884,2382.3584092726037,-4.823631087119799e-05
2018-11-22,3440.3559626312094,3871.7241835385644,4070.6552140408357,2382.231992210655,-5.306523806921142e-05
2018-11-23,3443.5414076393354,3874.8674246282094,4073.8375795969405,2382.093902902556,-5.79680362669997e-05
2018-11-24,3446.7412718417504,3878.0253697613325,4077.034180502048,2381.9439672116573,-6.294479390626928e-05
2018-11-25,3449.9543560876764,3881.1968318475147,4080.243815519006,2381.782011001309,-6.799560308521068e-05
2018-11-26,3453.1794612263375,3884.380623796337,4083.4652834106655,2381.6078601348618,-7.312055961661516e-05
2018-11-27,3456.4153881069587,3887.5755585173833,4086.6973829398776,2381.4213404756665,-7.831976308966121e-05
2018-11-28,3459.6609375787607,3890.780448920232,4089.9389128694897,2381.222277887074,-8.3593316930486e-05
2018-11-29,3462.914910490967,3893.9941079144633,4093.1886719623517,2381.0104982324347,-8.89413284629851e-05
2018-11-30,3466.176107692801,3897.215348409659,4096.445458981314,2380.785827375099,-9.436390897028464e-05
2018-12-01,3469.4433300334867,3900.4429833154018,4099.708072689226,2380.5480911784175,-9.986117375744158e-05
2018-12-02,3472.715378362245,3903.675825541269,4102.975311848935,2380.29711550574,-0.00010543324221415031
2018-12-03,3475.991053528302,3906.9126879968453,4106.245975223296,2380.0327262204187,-0.0001110802378757908
2018-12-04,3479.2691563808785,3910.1523835917105,4109.518861575154,2379.754749185803,-0.00011680228849203369
2018-12-05,3482.5484877691997,3913.3937252354453,4112.7927696673605,2379.4630102652445,-0.0001225995260857926
2018-12-06,3485.827848542487,3916.6355258376316,4116.066498262765,2379.1573353220933,-0.0001284720870220657
2018-12-07,3489.1060395499635,3919.876598307848,4119.338846124217,2378.8375502196996,-0.00013442011207156582
2018-12-08,3492.3818616408535,3923.1157555556783,4122.608612014566,2378.5034808214145,-0.0001404437464770231
2018-12-09,3495.6541156643802,3926.3518104907025,4125.874594696661,2378.1549529905883,-0.00014654314002138252
2018-12-10,3498.9216024697653,3929.583576022501,4129.135592933353,2377.7917925905717,-0.00015271844709356688
2018-12-11,3502.1831229062323,3932.8098650606544,4132.39040548749,2377.413825484715,-0.00015896982675835559
2018-12-12,3505.437477823006,3936.029490514745,4135.637831121923,2377.020877536369,-0.00016529744282360698
2018-12-13,3508.6834680693064,3939.241265294353,4138.876668599501,2376.612774608884,-0.00017170146391204134
2018-12-14,3511.919894494361,3942.444002309061,4142.105716683074,2376.1893425656126,-0.00017818206352914587
2018-12-15,3515.1455579473895,3945.6365144684487,4145.323774135492,2375.7504072699026,-0.00018473942013830612
2018-12-16,3518.359259277616,3948.817614682096,4148.529639719603,2375.295794585106,-0.00019137371722750674
2018-12-17,3521.5597993342635,3951.986115859586,4151.722112198259,2374.8253303745723,-0.00019808514338703453
2018-12-18,3524.7459789665563,3955.140830910498,4154.899990334308,2374.3388405016544,-0.00020487389237997273
2018-12-19,3527.916599023715,3958.280572744414,4158.0620728906,2373.8361508297003,-0.00021174016322058882
2018-12-20,3531.0704603549657,3961.4041542709147,4161.207158629984,2373.317087222062,-0.00021868416024407026
2018-12-21,3534.2063638095306,3964.5103883995826,4164.334046315313,2372.781475542091,-0.00022570609318870694
2018-12-22,3537.323110236631,3967.5980880399948,4167.44153470943,2372.2291416531352,-0.0002328061772711988
2018-12-23,3540.419500485493,3970.6660661017368,4170.528422575191,2371.6599114185474,-0.0002399846332625288
2018-12-24,3543.494335405337,3973.7131354943867,4173.5935086754425,2371.0736107016774,-0.00024724168757195243
2018-12-25,3546.5464158453874,3976.7381091275265,4176.635591773034,2370.4700653658756,-0.0002545775723242241
2018-12-26,3549.574542654868,3979.739799910738,4179.6534706308175,2369.849101274493,-0.00026199252544194235
2018-12-27,3552.577516683001,3982.7170207536005,4182.6459440116405,2369.2105442908805,-0.0002694867907284615
2018-12-28,3555.5541387790095,3985.6685845656957,4185.611810678352,2368.5542202783877,-0.00027706061795192453
2018-12-29,3558.5032097921176,3988.593304256605,4188.549869393805,2367.8799551003663,-0.0002847142629285309
2018-12-30,3561.4235305715465,3991.489992735908,4191.4589189208455,2367.187574620166,-0.0002924479876112566
2018-12-31,3564.3139019665214,3994.3574629131876,4194.337758022325,2366.4769047011373,-0.00030026206017447817
2019-01-01,3567.1731248262654,3997.1945276980255,4197.185185461094,2365.747771206632,-0.00030815675510393876
2019-01-02,3570.0,4000.0,4200.0,2365.0,-0.0003161323532871715
2019-01-03,3572.7953749504004,4002.7747519592353,4202.783069040014,2364.2348329468823,-0.00032359021567876755
2019-01-04,3575.5682835939465,4005.527892638023,4205.543534534596,2363.4591759220802,-0.00032813334801558714
2019-01-05,3578.3298064605656,4008.2705903291962,4208.29260707532,2362.6813508026867,-0.00032915869598801133
2019-01-06,3581.091024080191,4011.014013325588,4211.041497253768,2361.909679465794,-0.00032666164703390335
2019-01-07,3583.8630169827507,4013.769329920034,4213.801415661519,2361.1524837884954,-0.0003206376107758007
2019-01-08,3586.6568656981754,4016.547708405365,4216.5835728901475,2360.418085647882,-0.0003110821434247451
2019-01-09,3589.483650756394,4019.3603170744154,4219.399179531234,2359.7148069210466,-0.00029799107272876073
2019-01-10,3592.3544526873384,4022.218324220018,4222.259446176358,2359.0509694850816,-0.00028136062343401614
2019-01-11,3595.2803520209386,4025.132898135009,4225.175583417097,2358.4348952170803,-0.00026118754318409565
2019-01-12,3598.272429287124,4028.1152071122187,4228.158801845031,2357.8749059941338,-0.00023746922877475007
2019-01-13,3601.3417650158226,4031.1764194444813,4231.220312051734,2357.3793236933343,-0.00021020385263814578
2019-01-14,3604.4994397369683,4034.3277034246307,4234.37132462879,2356.956470191775,-0.00017939048942651004
2019-01-15,3607.756533980488,4037.5802273454997,4237.623050167774,2356.614667366549,-0.0001450292425214477
2019-01-16,3611.1241282763135,4040.9451594999227,4240.986699260265,2356.3622370947464,-0.00010712137027660778
2019-01-17,3614.613303154374,4044.433668180732,4244.47348249784,2356.2075012534615,-6.566941177816385e-05
2019-01-18,3618.2351391446,4048.0569216807617,4248.0946104720815,2356.1587817197856,-2.0677311886294008e-05
2019-01-19,3622.0007167769227,4051.826088292846,4251.861293774565,2356.2244003708124,2.784945472202361e-05
2019-01-20,3625.921116581269,4055.752336309817,4255.784742996869,2356.4126790836326,7.990376078020664e-05
2019-01-21,3630.0074190875725,4059.84683402451,4259.876168730574,2356.73193973534,0.0001354767052641754
2019-01-22,3634.2707048257603,4064.120749729755,4264.146781567256,2357.190504203026,0.00019455749414056477
2019-01-23,3638.7220543257654,4068.5852517183894,4268.607792098494,2357.7966943637844,0.000257133323408583
2019-01-24,3643.372548117515,4073.2515082832438,4273.270410915868,2358.5588320947054,0.0003231892647953954
2019-01-25,3648.23326673094,4078.1306877171523,4278.145848610954,2359.4852392728826,0.0003927081545105557
2019-01-26,3653.3152906959713,4083.2339583129487,4283.245315775331,2360.584237775408,0.0004656704854573924
2019-01-27,3658.6297005425386,4088.5724883634666,4288.58002300058,2361.8641494793746,0.0005420543033397309
2019-01-28,3664.187576800571,4094.157446161539,4294.161180878276,2363.3332962618742,0.0006218351070872222
2019-01-29,3670.0,4100.0,4300.0,2365.0,0.0007049857540599591
2019-01-30,3676.074945764593,4106.108185392744,4306.104550932768,2366.870343081769,0.0007905301893605888
2019-01-31,3682.407970093468,4112.477506737929,4312.470344145352,2368.9414499389027,0.0008746576425285686
2019-02-01,3688.9915240795826,4119.100335654764,4319.089750081965,2371.2082055140495,0.0009564068279259969
2019-02-02,3695.8180588158925,4125.96904376247,4325.955139186818,2373.665494749856,0.001035766012213961
2019-02-03,3702.8800253953546,4133.076002680259,4333.05888190412,2376.308202588968,0.0011127253665706206
2019-02-04,3710.1698749109246,4140.4135840273475,4340.393348678086,2379.1312139740335,0.0011872769136113469
2019-02-05,3717.6800584555613,4147.974159422954,4347.950909952926,2382.1294138477,0.0012594144720583166
2019-02-06,3725.4030271222196,4155.750100486292,4355.72393617285,2385.297687152615,0.0013291335994089
2019-02-07,3733.3312320038563,4163.733778836576,4363.70479778207,2388.6309188314253,0.00139643153284199
2019-02-08,3741.4571241934277,4171.917566093023,4371.885865224798,2392.1239938267768,0.001461307128587963
2019-02-09,3749.77315478389,4180.293833874848,4380.259508945244,2395.7717970813173,0.0015237608000035717
2019-02-10,3758.2717748682007,4188.8549538012685,4388.818099387623,2399.569213537695,0.0015837944545577225
2019-02-11,3766.945435539316,4197.5932974915,4397.554006996143,2403.5111281385553,0.0016414114299493372
2019-02-12,3775.786587890193,4206.501236564756,4406.459602215015,2407.592425826547,0.0016966164295638395
2019-02-13,3784.787683013786,4215.571142640254,4415.527255488451,2411.8079915443154,0.0017494154574511005
2019-02-14,3793.9411720030544,4224.79538733721,4424.749337260664,2416.15271023451,0.0017998157530270073
2019-02-15,3803.2395059509536,4234.166342274839,4434.118217975864,2420.621466839776,0.001847825725658342
2019-02-16,3812.675135950439,4243.676379072355,4443.626268078263,2425.209146302761,0.001893454889313362
2019-02-17,3822.2405130944694,4253.317869348977,4453.26585801207,2429.910633566112,0.001936713797421392
2019-02-18,3831.928088476,4263.083184723919,4463.0293582215,2434.720813572477,0.0019776139780926455
2019-02-19,3841.7303131879867,4272.964696816396,4472.909139150762,2439.6345712645025,0.0020161678698352864
2019-02-20,3851.6396383233873,4282.954777245625,4482.897571244069,2444.6467915848352,0.002052388757892098
2019-02-21,3861.648514975158,4293.045797630822,4492.98702494563,2449.7523594761224,0.002086290711315817
2019-02-22,3871.749394236254,4303.230129591201,4503.169870699658,2454.9461598810117,0.002117888520882273
2019-02-23,3881.934727199634,4313.50014474598,4513.438478950364,2460.22307774215,0.0021471976379423075
2019-02-24,3892.1969649582543,4323.848214714371,4523.785220141959,2465.5779980021853,0.0021742341142955432
2019-02-25,3902.5285586050704,4334.266711115595,4534.2024647186545,2471.005805603763,0.0021990145431614225
2019-02-26,3912.921959233039,4344.748005568865,4544.682583124663,2476.5013854895315,0.002221556001317902
2019-02-27,3923.3696179351177,4355.284469693395,4555.217945804196,2482.059622602137,0.0022418759924557174
2019-02-28,3933.8639858042616,4365.868475108404,4565.800923201463,2487.675401884228,0.002259992391814838
2019-03-01,3944.397513933428,4376.492393433105,4576.423885760675,2493.34360827845,0.002275923392121775
2019-03-02,3954.962653415572,4387.148596286713,4587.079203926045,2499.059126727451,0.0022896874508828665
2019-03-03,3965.551855343652,4397.829455288447,4597.759248141784,2504.816842173878,0.0023013032390413837
2019-03-04,3976.1575708106247,4408.527342057521,4608.456388852104,2510.611639560378,0.0023107895910259193
2019-03-05,3986.772250909445,4419.234628213152,4619.162996501215,2516.438403829599,0.0023181654561997165
2019-03-06,3997.3883467330725,4429.943685374555,4629.871441533331,2522.292019924187,0.002323449851712084
2019-03-07,4007.9983093744595,4440.646885160943,4640.5740943926585,2528.167372786789,0.0023266618167562905
2019-03-08,4018.5945899265657,4451.336599191536,4651.263325523413,2534.059347360054,0.002327820368222048
2019-03-09,4029.169639482346,4462.005199085548,4661.931505369806,2539.9628285866265,0.002326944457728855
2019-03-10,4039.715909134758,4472.645056462194,4672.571004376045,2545.8727014091555,0.002324052930031897
2019-03-11,4050.2258499767568,4483.248542940688,4683.174192986344,2551.7838507702872,0.002319164482763092
2019-03-12,4060.6919131013015,4493.8080301402515,4693.733441644916,2557.6911616126704,0.002312297627497231
2019-03-13,4071.1065496013466,4504.315889680095,4704.2411207959685,2563.589518878949,0.0023034706520940773
2019-03-14,4081.462210569848,4514.764493179437,4714.689600883715,2569.4738075117725,0.002292701584305043
2019-03-15,4091.751347099764,4525.146212257489,4725.071252352366,2575.3389124537875,0.0022800081565789105
2019-03-16,4101.966410284052,4535.453418533472,4735.378445646136,2581.179718647642,0.002265407772049437
2019-03-17,4112.099851215664,4545.678483626598,4745.603551209232,2586.9911110359817,0.002248917471645479
2019-03-18,4122.144120987563,4555.813779156087,4755.738939485868,2592.7679745614546,0.0022305539022867238
2019-03-19,4132.091670692699,4565.851676741151,4765.7769809202555,2598.505194166707,0.0022103332861053778
2019-03-20,4141.934951424033,4575.7845480010055,4775.710045956603,2604.197654794387,0.002188271390652406
2019-03-21,4151.66641427452,4585.604764554867,4785.530505039124,2609.840241387141,0.0021643835000268157
2019-03-22,4161.278510337118,4595.304698021952,4795.230728612031,2615.4278388876164,0.0021386843868780574
2019-03-23,4170.763690704781,4604.876720021476,4804.803087119534,2620.9553322384604,0.0021111882852192744
2019-03-24,4180.114406470468,4614.313202172657,4814.239951005845,2626.4176063823206,0.0020819088639977956
2019-03-25,4189.323108727133,4623.6065160947055,4823.533690715173,2631.8095462618435,0.0020508592013553715
2019-03-26,4198.382248567736,4632.749033406841,4832.676676691733,2637.1260368196763,0.0020180517595252867
2019-03-27,4207.284277085229,4641.733125728278,4841.661279379733,2642.3619629984655,0.0019834983602942473
2019-03-28,4216.0216453725725,4650.551164678231,4850.479869223386,2647.5122097408594,0.0019472101609724578
2019-03-29,4224.586804522723,4659.1955218759185,4859.124816666905,2652.571661989505,0.0019091976307980358
2019-03-30,4232.972205628633,4667.658568940556,4867.588492154498,2657.5352046870485,0.0018694705277178716
2019-03-31,4241.1702997832635,4675.932677491356,4875.863266130378,2662.3977227761375,0.0018280378754724066
2019-04-01,4249.173538079568,4684.010219147537,4883.9415090387565,2667.1541011994195,0.0017849079409124672
2019-04-02,4256.974371610505,4691.883565528314,4891.815591323844,2671.799224899541,0.0017400882114844635
2019-04-03,4264.565251469029,4699.545088252902,4899.477883429853,2676.3279788191494,0.0016935853728082847
2019-04-04,4271.938628748099,4706.987158940518,4906.920755800996,2680.7352479008932,0.001645405286276832
2019-04-05,4279.08695454067,4714.202149210376,4914.13657888148,2685.0159170874163,0.0015955529665985682
2019-04-06,4286.0026799397,4721.182430681695,4921.117723115521,2689.1648713213685,0.0015440325592219208
2019-04-07,4292.678256038144,4727.920374973688,4927.856558947326,2693.1769955453965,0.0014908473175393217
2019-04-08,4299.106133928959,4734.408353705569,4934.345456821112,2697.0471747021465,0.0014359995798202468
2019-04-09,4305.2787647051,4740.638738496558,4940.576787181085,2700.7702937342665,0.001379490745774018
2019-04-10,4311.188599459528,4746.603900965869,4946.542920471459,2704.341237584403,0.001321321252664317
2019-04-11,4316.828089285194,4752.296212732717,4952.236227136445,2707.754891195204,0.0012614905508952984
2019-04-12,4322.18968527506,4757.708045416318,4957.6490776202545,2711.0061395093157,0.0011999970789768877
2019-04-13,4327.2658385220775,4762.831770635887,4962.773842367098,2714.0898674693863,0.0011368382377829683
2019-04-14,4332.049000119207,4767.659760010643,4967.602891821189,2717.000960018062,0.001072010364006281
2019-04-15,4336.531621159402,4772.184385159797,4972.128596426735,2719.7343020979893,0.0010055087027203962
2019-04-16,4340.706152735621,4776.398017702568,4976.343326627952,2722.284778651817,0.0009373273789441257
2019-04-17,4344.565045940819,4780.2930292581705,4980.2394528690465,2724.6472746221907,0.0008674593681040384
2019-04-18,4348.100751867955,4783.86179144582,4983.809345594234,2726.816674951759,0.0007958964652992346
2019-04-19,4351.305721609983,4787.0966758847335,4987.045375247725,2728.7878645831684,0.0007226292532397596
2019-04-20,4354.17240625986,4789.990054194124,4989.939912273729,2730.5557284590645,0.0006476470687586846
2019-04-21,4356.693256910545,4792.534297993211,4992.4853271164575,2732.115151522097,0.0005709379677650744
2019-04-22,4358.860724654991,4794.721778901208,4994.673990220124,2733.461018714912,0.0004924886885106062
2019-04-23,4360.667260586157,4796.544868537331,4996.498272028939,2734.5882149801564,0.0004122846130445897
2019-04-24,4362.105315796998,4797.995938520796,4997.950542987112,2735.4916252604767,0.0003303097267021463
2019-04-25,4363.167341380473,4799.067360470817,4999.023173538857,2736.1661344985214,0.0002465465754902191
2019-04-26,4363.845788429536,4799.7515060066125,4999.708534128385,2736.6066276369365,0.00016097622119961024
2019-04-27,4364.133108037145,4800.040746747397,4999.998995199907,2736.807989618371,7.35781940913304e-05
2019-04-28,4364.021751296254,4799.927454312386,4999.886927197631,2736.765105385469,-1.5669557036539337e-05
2019-04-29,4363.504169299823,4799.404000320796,4999.364700565774,2736.4728598808792,-0.0001067907175685807
2019-04-30,4362.572813140806,4798.462756391839,4998.424685748542,2735.926138047249,-0.00019981066280295114
2019-05-01,4361.220133912162,4797.0960941447365,4997.059253190152,2735.119824827226,-0.00029475651688266576
2019-05-02,4359.4385827068445,4795.296385198701,4995.260773334811,2734.048805163456,-0.0003916572151706712
2019-05-03,4357.220610617813,4793.0560011729485,4993.021616626732,2732.707963998587,-0.0004905435703013598
2019-05-04,4354.558668738022,4790.367313686695,4990.334153510125,2731.0921862752657,-0.0005914483421731918
2019-05-05,4351.4452081604295,4787.222694359155,4987.190754429204,2729.196356936139,-0.0006944063121588556
2019-05-06,4347.872679977991,4783.6145148095475,4983.58378982818,2727.015360923856,-0.0007994543618258793
2019-05-07,4343.833535283663,4779.535146657085,4979.50563015126,2724.5440831810606,-0.0009066315564975998
2019-05-08,4339.320225170402,4774.9769615209825,4974.94864584266,2721.777408650402,-0.0010159792339808134
2019-05-09,4334.325200731165,4769.932331020459,4969.905207346589,2718.7102222745266,-0.001127541098851581
2019-05-10,4328.84091305891,4764.3936267747295,4964.367685107261,2715.3374089960826,-0.0012413633226751517
2019-05-11,4322.85981324659,4758.353220403007,4958.328449568885,2711.6538537577158,-0.0013574946506055413
2019-05-12,4316.374352387165,4751.803483524512,4951.779871175673,2707.6544415020744,-0.0014759865148146784
2019-05-13,4309.37698157359,4744.736787758455,4944.714320371836,2703.3340571718045,-0.0015968931552653093
2019-05-14,4301.860151898822,4737.145504724055,4937.124167601587,2698.6875857095542,-0.001720271748353831
2019-05-15,4293.816314455815,4729.022006040525,4929.001783309133,2693.709912057969,-0.00184618254402304
2019-05-16,4285.237920337529,4720.358663327084,4920.339537938691,2688.3959211596984,-0.0019746890119674487
2019-05-17,4276.1174206369205,4711.147848202948,4911.1298019344695,2682.7404979573885,-0.002105857997633583
2019-05-18,4266.447266446943,4701.381932287328,4901.364945740679,2676.738527393685,-0.0022397598887500016
2019-05-19,4256.219908860557,4691.053287199445,4891.0373398015345,2670.384894411238,-0.0023764687932099184
2019-05-20,4245.427798970715,4680.15428455851,4880.139354561241,2663.6744839526914,-0.002516062729194996
2019-05-21,4234.063387870376,4668.677295983743,4868.6633604640165,2656.6021809606946,-0.002658623828489703
2019-05-22,4222.119126652496,4656.614693094356,4856.601727954068,2649.1628703778933,-0.0028042385540608577
2019-05-23,4209.587466410032,4643.958847509568,4843.946827475609,2641.3514371469355,-0.0029529979330300033
2019-05-24,4196.46085823594,4630.702130848593,4830.691029472851,2633.1627662104684,-0.0031049978063102954
2019-05-25,4182.7317532231755,4616.836914730646,4816.826704390003,2624.591742511139,-0.003260339096271636
2019-05-26,4168.392602464697,4602.355570774944,4802.34622267128,2615.6332509915937,-0.0034191280939428197
2019-05-27,4153.435857053462,4587.250470600704,4787.2419547608915,2606.282176594481,-0.0035814767673991096
2019-05-28,4137.853968082423,4571.513985827138,4771.506271103046,2596.533404262446,-0.0037475030931466884
2019-05-29,4121.63938664454,4555.138488073465,4755.13154214196,2586.381818938138,-0.003917331412488662
2019-05-30,4104.784563832767,4538.116348958899,4738.110138321842,2575.822305564203,-0.0040910928150738575
2019-05-31,4087.281950740063,4520.439940102656,4720.434430086903,2564.849749083288,-0.004268925552017907
2019-06-01,4069.123998459383,4502.1016331239525,4702.096787881355,2553.4590344380404,-0.004450975481279467
2019-06-02,4050.303158083684,4483.093799642003,4683.0895821494105,2541.6450465711073,-0.004637396548208013
2019-06-03,4030.8118807059227,4463.408811276024,4663.405183335279,2529.4026704251355,-0.00482835130451746
2019-06-04,4010.6426174190565,4443.039039645232,4643.0359618831735,2516.7267909427737,-0.005024011469275449
2019-06-05,3989.7878193160395,4421.976856368841,4621.974288237304,2503.612293066667,-0.005224558535892187
2019-06-06,3968.2399374898305,4400.214633066069,4600.212532841882,2490.0540617394636,-0.005430184429519284
2019-06-07,3945.9914230333848,4377.744741356128,4577.74306614112,2476.04698190381,-0.005641092219785933
2019-06-08,3923.0347270396596,4354.559552858238,4554.558258579229,2461.585938502354,-0.005857496894321959
2019-06-09,3899.3623006016114,4330.651439191612,4530.65048060042,2446.6658164777427,-0.006079626199176228
2019-06-10,3874.9665948121956,4306.012771975465,4506.012102648903,2431.281500772622,-0.006307721552921422
2019-06-11,3849.8400607643703,4280.635922829015,4480.635495168892,2415.4278763296406,-0.006542039042057984
2019-06-12,3823.975149551092,4254.5132633714775,4454.513028604597,2399.099828091445,-0.006782850506234766
2019-06-13,3797.3643122653166,4227.637165222068,4427.637073400229,2382.292241000683,-0.007030444722831947
2019-06-14,3770.0,4200.0,4400.0,2365.0,-0.00728512870165067
2019-06-15,3742.1581478636863,4171.880262749968,4371.880304889922,2347.360455723435,-0.00748653539175138
2019-06-16,3715.248627027265,4144.700942218573,4344.700988723216,2330.080821570587,-0.007388532206778008
2019-06-17,3690.9647926772113,4120.171150577892,4320.1711781949025,2314.010776632446,-0.006920668440195123
2019-06-18,3671.0,4100.0,4300.0,2300.0,-0.006073162970067849
2019-06-19,3656.6873183381554,4085.532913128728,4285.532888809765,2288.7152542110907,-0.004918487163977521
2019-06-20,3647.918673658382,4076.660554494907,4276.660511200361,2280.0916355909562,-0.003775002563750675
2019-06-21,3644.225706083431,4072.909899101116,4272.909841724189,2273.881323911684,-0.0027274274943230436
2019-06-22,3645.140055736055,4073.8079219499436,4273.807854933652,2269.8364989453644,-0.0017804037101182908
2019-06-23,3650.193362739006,4078.8815980439695,4278.881525381149,2267.709340464085,-0.0009375811120757025
2019-06-24,3658.917267215034,4087.6579023857753,4287.657827619074,2267.2520282399337,-0.00020168296420664265
2019-06-25,3670.843409286893,4099.663809977947,4299.663736199833,2268.216742045001,0.00042540864835697917
2019-06-26,3685.5034290773324,4114.426295823063,4314.426225675821,2270.3556616513733,0.0009425517869814364
2019-06-27,3702.428966709106,4131.472334923709,4331.472270599443,2273.4209668311405,0.0013492325417434762
2019-06-28,3721.151662304964,4150.3289022824665,4350.328845523091,2277.1648373563903,0.001645445896883477
2019-06-29,3741.203155987659,4170.522972901921,4370.522924999172,2281.3394529992124,0.001831573052893261
2019-06-30,3762.1150878799426,4191.581521784651,4391.58148358008,2285.6969935316947,0.0019082579724561991
2019-07-01,3783.4190981045667,4213.031523933241,4413.031495818217,2289.989638725926,0.0018762851561137167
2019-07-02,3804.6468267842847,4234.399954350275,4434.399936265984,2293.969568353996,0.001736459880348448
2019-07-03,3825.329914041844,4255.213788038333,4455.213779475778,2297.3889621879907,0.0014894913753449371
2019-07-04,3845.0,4275.0,4475.0,2300.0,0.0011358786973296054
2019-07-05,3863.268800127087,4293.366632090276,4493.366639333897,2301.6172587070328,0.0007029088612532809
2019-07-06,3880.06833127378,4310.245993573822,4510.246006744115,2302.3049038057775,0.0002987214290707126
2019-07-07,3895.4106856363346,4325.651460567723,4525.651478440145,2302.189497937844,-5.01274875756551e-05
2019-07-08,3909.3079554110072,4339.596409189057,4539.596430631478,2301.3976037448388,-0.0003440335474596819
2019-07-09,3921.7722327940587,4352.09421555491,4552.094239527608,2300.0557838683726,-0.000583215693594685
2019-07-10,3932.8156099817425,4363.158255782359,4563.158281338027,2298.290600950054,-0.0007677468625902475
2019-07-11,3942.4501791703183,4372.801905988488,4572.8019322722275,2296.2286176314915,-0.0008975839947130386
2019-07-12,3950.6880325560423,4381.038542290377,4581.038568539701,2293.9963965542934,-0.0009725977468481721
2019-07-13,3957.5412623351726,4387.881540805109,4587.881566349943,2291.7205003600693,-0.000992602217820238
2019-07-14,3963.0219607039658,4393.344277649764,4593.3443019124425,2289.5274916904277,-0.0009573849051410037
2019-07-15,3967.1422198586806,4397.440128941424,4597.440151436695,2287.5439331869784,-0.0008667370217753612
2019-07-16,3969.9141319955734,4400.18247079717,4600.182491132189,2285.8963874913293,-0.0007204842094340233
2019-07-17,3971.349789310901,4401.584679334083,4601.58469720842,2284.7114172450883,-0.0005185175904011235
2019-07-18,3971.4612840009213,4401.660130669245,4601.660145874878,2284.115585089866,-0.00026082500313355327
2019-07-19,3970.260708261892,4400.4222009197365,4600.422213341057,2284.23545366727,5.247783124134598e-05
2019-07-20,3967.7601542900693,4397.884266202641,4597.88427581645,2285.197585618909,0.00042111656198301706
2019-07-21,3963.9717142817112,4394.059702635037,4594.059709510548,2287.1285435863933,0.0008446283260266663
2019-07-22,3958.907480433076,4388.961886334008,4588.961890632844,2290.154890211331,0.0013223332615027064
2019-07-23,3952.5795449404195,4382.604193416635,4582.604195392831,2294.40318813533,0.0018533080255002938
2019-07-24,3945.0,4375.0,4575.0,2300.0,0.0024363619839086405
2019-07-25,3936.320641310429,4366.302054038495,4566.302052479363,2307.0022210255684,0.0030398189892820943
2019-07-26,3927.2520785797433,4357.220590835771,4557.220588118005,2315.188076746741,0.0035419849689852746
2019-07-27,3918.64462501833,4348.605217532786,4548.6052140185275,2324.2661252768394,0.003913417277347082
2019-07-28,3911.34859383658,4341.3055412705025,4541.305537283538,2333.9449247291896,0.004155592469727846
2019-07-29,3906.2142982448836,4336.171169189879,4536.171165015634,2343.933033217113,0.004270365219581448
2019-07-30,3904.09205145363,4334.051708431879,4534.051704317424,2353.939008853934,0.004259797064630471
2019-07-31,3905.832166673209,4335.796766137461,4535.796762291508,2363.6714097529766,0.004125993391714011
2019-08-01,3912.284957114011,4342.255949447588,4542.25594604049,2372.838794027564,0.003870949423677021
2019-08-02,3924.300735986425,4354.278865503219,4554.278862666976,2381.14971979102,0.0034964048423533666
2019-08-03,3942.7298165008406,4372.715121445313,4572.715119273565,2388.312745156667,0.003003705681233054
2019-08-04,3968.4225118676486,4398.414324414835,4598.4143229628635,2394.0364282378305,0.0023936712299900027
2019-08-05,4002.229135297239,4432.226081552744,4632.226080837474,2398.029327147834,0.0016664628733743553
2019-08-06,4045.0,4475.0,4675.0,2400.0,0.000821450986899964
2019-08-07,4095.605955927998,4525.606593224264,4725.606593728143,2400.068392409638,2.8496431322023148e-05
2019-08-08,4145.0,4575.0,4775.0,2400.0,-2.849643132196915e-05
2019-08-09,4184.252000264745,4614.251343514129,4814.251341312354,2401.586425310871,0.0006607921749504573
2019-08-10,4212.817162324133,4642.816059296575,4842.816053536319,2405.0781485402163,0.0014528676964652635
2019-08-11,4232.247026168365,4662.245660963019,4862.245650886594,2410.340369300547,0.0021855723798531457
2019-08-12,4244.093131787633,4674.091662129141,4874.091647577882,2417.238287204374,0.0028577152601639484
2019-08-13,4249.907019172135,4679.905576410618,4879.905557824882,2425.637101864209,0.003468527436853211
2019-08-14,4251.240228312065,4681.23891742313,4881.238895842292,2435.4020128925627,0.004017628302393194
2019-08-15,4249.644299197618,4679.643198782358,4879.643175844812,2446.3982199019456,0.004504987947997526
2019-08-16,4246.670771818993,4676.669934103979,4876.669912047143,2458.4909225048696,0.004930887020396601
2019-08-17,4243.871186166384,4673.870637003673,4873.870618663985,2471.5453203138463,0.005295875193048107
2019-08-18,4242.797082229987,4672.79682109712,4872.796809910036,2485.4266129413854,0.0056007292759869655
2019-08-19,4245.0,4675.0,4875.0,2500.0,0.005846411832146999
2019-08-20,4251.598313602525,4681.59852545642,4881.598540678135,2515.0812153805414,0.006014363553988753
2019-08-21,4261.977733707307,4691.978101724208,4891.978133806949,2530.288130087231,0.006028086236806772
2019-08-22,4275.09080512,4705.091271189619,4905.09131877851,2545.1891494026318,0.005871787541465658
2019-08-23,4289.890072646259,4719.89057623891,4919.890634984894,2559.3526786093066,0.0055493973923560385
2019-08-24,4305.328081091735,4735.328559258338,4935.328621818164,2572.3471229898187,0.005064392952211435
2019-08-25,4320.3573752620805,4750.3577626341585,4950.357818670393,2583.7408878267292,0.0044195457325859975
2019-08-26,4333.930499962951,4763.930728752626,4963.930764933647,2593.1023784026015,0.003616683101562311
2019-08-27,4345.0,4775.0,4975.0,2600.0,0.002656456642304607
2019-08-28,4352.739653361475,4782.739355945695,4982.739301789231,2604.116434749282,0.0015819921246617314
2019-08-29,4357.208170766005,4787.20752489177,4987.207402331965,2605.5914721719937,0.0005662649378738999
2019-08-30,4358.685496114816,4788.6844723234435,4988.6842721865405,2604.679178637477,-0.00035019046225485224
2019-08-31,4357.45157330913,4787.450163725937,4987.449881911297,2601.633620515075,-0.0011699483251521399
2019-09-01,4353.786346250173,4783.784564584467,4983.784202064569,2596.708864174128,-0.0018947415753362807
2019-09-02,4347.969758839168,4777.967640384254,4977.9672032046965,2590.1589759839794,-0.0025255672107047083
2019-09-03,4340.281754977341,4770.279356610516,4970.278855890015,2582.238022313972,-0.003062781091464136
2019-09-04,4331.002278565915,4760.999678748472,4960.999130678865,2573.2000695334455,-0.003506185848183112
2019-09-05,4320.411273506113,4750.408572283341,4950.407998129581,2563.2991840117443,-0.003855115048265108
2019-09-06,4308.788683699161,4738.786002700341,4938.785428800502,2552.7894321182084,-0.00410851627707622
2019-09-07,4296.4144530462845,4726.411935484695,4926.411393249967,2541.9248802221814,-0.004265035367746771
2019-09-08,4283.568525448704,4713.5663361216175,4913.56586203631,2530.9595946930044,-0.004323103615356442
2019-09-09,4270.5308448076485,4700.529170096331,4900.528805717873,2520.1476419000214,-0.004281029405749536
2019-09-10,4257.581355024338,4687.580402894052,4887.58019485299,2509.743088212572,-0.004137095251447053
2019-09-11,4245.0,4675.0,4875.0,2500.0,-0.003889660737080852
2019-09-12,4233.018181076827,4663.01937885004,4863.019642395719,2491.127220634169,-0.0035554247849722016
2019-09-13,4221.673129360894,4651.675764682613,4851.6763459908625,2483.1527014970343,-0.003206303663536605
2019-09-14,4210.953533399241,4640.957834686798,4840.958785414632,2476.0591709730725,-0.002860751080657017
2019-09-15,4200.848081738916,4630.854266051692,4830.855635296225,2469.829357446763,-0.00251919014559681
2019-09-16,4191.345462926962,4621.353735966372,4821.3555702648355,2464.445989302581,-0.002182030755010686
2019-09-17,4182.43436551042,4612.444921619926,4812.447264949659,2459.891794925005,-0.001849668270357641
2019-09-18,4174.103478036337,4604.11650020144,4804.119393979897,2456.1495026985117,-0.00152248230753209
2019-09-19,4166.341489051755,4596.357148899999,4796.360631984743,2453.20184100758,-0.001200835645598332
2019-09-20,4159.137087103718,4589.155544904687,4789.159653593395,2451.031538236685,-0.0008850732600763112
2019-09-21,4152.47896073927,4582.500365404593,4782.505133435052,2449.6213227703065,-0.0005755214847082332
2019-09-22,4146.355798505455,4576.3802875888,4776.385746138908,2448.9539229929205,-0.0002724873041779417
2019-09-23,4140.756288949315,4570.783988646391,4770.790166334159,2449.012067289004,2.374222124102002e-05
2019-09-24,4135.669120617897,4565.700145766458,4765.707068650007,2449.7784840430363,0.0003129003994985583
2019-09-25,4131.08298205824,4561.117436138083,4761.125127715646,2451.235901639494,0.0005947412207868324
2019-09-26,4126.986561817393,4557.024536950348,4757.033018160271,2453.367048462853,0.0008690395447565287
2019-09-27,4123.368548442397,4553.410125392345,4753.419414613084,2456.1546528975923,0.0011355911650349855
2019-09-28,4120.217630480294,4550.262878653155,4750.272991703276,2459.5814433281885,0.001394212756180454
2019-09-29,4117.52249647813,4547.571473921866,4747.582424060047,2463.6301481391192,0.0016447417091122692
2019-09-30,4115.271834982949,4545.324588387561,4745.336386312594,2468.283495714862,0.0018870358617837657
2019-10-01,4113.454334541793,4543.510899239327,4743.523553090114,2473.5242144398944,0.002120973132519602
2019-10-02,4112.058683701709,4542.119083666251,4742.132599021804,2479.335032698694,0.002346451063907031
2019-10-03,4111.073571009738,4541.137818857416,4741.15219873686,2485.698678875737,0.002563386285498021
2019-10-04,4110.487685012922,4540.5557820019085,4740.571026864479,2492.5978813555025,0.0027717139038068144
2019-10-05,4110.289714258309,4540.3616502888135,4740.377758033858,2500.0153685224664,0.002971386828189413
2019-10-06,4110.46834729294,4540.544100907217,4740.5610668741965,2507.933868761107,0.003162375041202129
2019-10-07,4111.012272663859,4541.091811046205,4741.109628014688,2516.3361104559017,0.0033446648219091608
2019-10-08,4111.91017891811,4541.993457894862,4742.012116084531,2525.204821991327,0.003518257930436758
2019-10-09,4113.150754602736,4543.237718642273,4743.257205712921,2534.522731751861,0.0036831707617688853
2019-10-10,4114.722688264783,4544.813270477525,4744.833571529058,2544.2725681219813,0.00383943347644815
2019-10-11,4116.614668451293,4546.708790589703,4746.729888162137,2554.4370594861653,0.003987089115430321
2019-10-12,4118.81538370931,4548.912956167893,4748.934830241355,2564.9989342288904,0.0041261927058985765
2019-10-13,4121.313522585878,4551.414444401179,4751.437072395908,2575.9409207346334,0.004256810364342087
2019-10-14,4124.097773628039,4554.201932478647,4754.225289254995,2587.2457473878712,0.004379018402706508
2019-10-15,4127.156825382839,4557.264097589385,4757.288155447812,2598.8961425730827,0.0044929024428856405
2019-10-16,4130.479366397321,4560.589616922474,4760.614345603556,2610.874834674745,0.004598556544286438
2019-10-17,4134.054085218529,4564.167167667003,4764.192534351422,2623.164552077334,0.004696082348676664
2019-10-18,4137.869670393505,4567.985427012056,4768.01139632061,2635.7480231653294,0.00478558824599129
2019-10-19,4141.914810469294,4572.033072146718,4772.059606140316,2648.607976323207,0.00486718856424272
2019-10-20,4146.1781939929415,4576.298780260078,4776.325838439738,2661.7271399354454,0.004941002786231554
2019-10-21,4150.648509511488,4580.771228541216,4780.798767848069,2675.08824238652,0.005007154795225505
2019-10-22,4155.3144455719785,4585.439094179223,4785.467068994511,2688.6740120609097,0.00506577215137928
2019-10-23,4160.164690721457,4590.29105436318,4790.319416508257,2702.467177343092,0.00511698540021039
2019-10-24,4165.187933506968,4595.315786282174,4795.344485018505,2716.450466617544,0.00516092741409301
2019-10-25,4170.372862475555,4600.501967125292,4800.530949154454,2730.6066082687435,0.005197732767349988
2019-10-26,4175.708166174259,4605.838274081618,4805.8674835452985,2744.918330681167,0.005227537145213147
2019-10-27,4181.182533150125,4611.313384340237,4811.342762820234,2759.3683622392914,0.005250476786625069
2019-10-28,4186.7846519502,4616.915975090236,4816.945461608464,2773.9394313275966,0.005266687960593403
2019-10-29,4192.503211121524,4622.6347235207,4822.66425453918,2788.6142663305577,0.0052763064755740816
2019-10-30,4198.3268992111425,4628.458306820714,4828.487816241579,2803.3755956326527,0.005279467221171392
2019-10-31,4204.244404766099,4634.375402179365,4834.4048213448605,2818.20614761836,0.00527630374124219
2019-11-01,4210.244416333435,4640.374686785736,4840.403944478219,2833.0886506721554,0.005266947837364489
2019-11-02,4216.315622460197,4646.4448378289135,4846.473860270853,2848.005833178517,0.005251529201500379
2019-11-03,4222.446711693428,4652.5745324979835,4852.603243351959,2862.9404235219226,0.005230175076565228
2019-11-04,4228.626372580172,4658.752447982031,4858.780768350733,2877.875150086849,0.005203009943554148
2019-11-05,4234.843293667471,4664.967261470143,4864.995109896373,2892.7927412577737,0.0051701552337977946
2019-11-06,4241.086163502371,4671.207650151404,4871.234942618076,2907.6759254191747,0.00513172906487172
2019-11-07,4247.343670631914,4677.462291214898,4877.4889411450395,2922.5074309555284,0.005087845998658466
2019-11-08,4253.604503603145,4683.719861849713,4883.745780106459,2937.2699862513136,0.00503861682003473
2019-11-09,4259.857350963107,4689.969039244932,4889.994134131533,2951.9463196910065,0.004984148334644594
2019-11-10,4266.0909012588445,4696.198500589643,4896.222677849457,2966.519159659085,0.0049245431842290755
2019-11-11,4272.293843037399,4702.396923072929,4902.420085889429,2980.9712345400258,0.004859899677978583
2019-11-12,4278.454864845817,4708.5529838838775,4908.575032880645,2995.285272718307,0.0047903116384002565
2019-11-13,4284.56265523114,4714.655360211574,4914.676193452303,3009.444002578407,0.004715868260203795
2019-11-14,4290.6059027404135,4720.692729245102,4920.712242233599,3023.430152504801,0.00463665398073671
2019-11-15,4296.573295920681,4726.65376817355,4926.671853853731,3037.226450881968,0.004552748360532752
2019-11-16,4302.4535233189845,4732.527154186,4932.543702941894,3050.8156260943842,0.004464225972542991
2019-11-17,4308.235273482369,4738.301564471539,4938.316464127286,3064.180406526528,0.004371156298686444
2019-11-18,4313.907234957878,4743.965676219254,4943.978812039106,3077.3035205628767,0.004273603632339163
2019-11-19,4319.458096292556,4749.508166618229,4949.519421306548,3090.167696587907,0.004171626985451247
2019-11-20,4324.876546033446,4754.91771285755,4954.926966558811,3102.7556629860974,0.004065279998977874
2019-11-21,4330.151272727591,4760.1829921263015,4960.19012242509,3115.050148141924,0.0039546108553446145
2019-11-22,4335.270964922036,4765.29268161357,4965.297563534583,3127.0338804398652,0.0038396621916925965
2019-11-23,4340.224311163825,4770.235458508441,4970.237964516488,3138.6895882643985,0.0037204710126495615
2019-11-24,4345.0,4775.0,4975.0,3150.0,0.003597068601403188
2019-11-25,4349.591291653497,4779.579586937538,4979.576955469324,3160.9529627774473,0.0034710997972283476
2019-11-26,4354.009733050824,4783.985914811166,4983.980559828695,3171.5567987127097,0.0033490183973282125
2019-11-27,4358.271442794376,4788.235282771208,4988.227152837349,3181.8249486680575,0.0032323443809300187
2019-11-28,4362.392539486551,4792.343989967979,4992.333074254532,3191.7708535057595,0.003120973848848041
2019-11-29,4366.389141729746,4796.328335551801,4996.314663839482,3201.4079540880844,0.0030148094310260692
2019-11-30,4370.277368126359,4800.20461867299,5000.188261351437,3210.7496912773013,0.002913759865290954
2019-12-01,4374.073337278786,4803.989138481868,5003.970206549643,3219.809505935681,0.0028177396008184966
2019-12-02,4377.793167789428,4807.698194128752,5007.6768391933365,3228.6008389254903,0.002726668424125018
2019-12-03,4381.452978260679,4811.348084763962,5011.324499041759,3237.1371311089997,0.002640471105608746
2019-12-04,4385.068887294939,4814.955109537817,5014.929525854153,3245.4318233484787,0.002559077064816073
2019-12-05,4388.657013494601,4818.535567600635,5018.508259389755,3253.4983565061953,0.0024824200528143774
2019-12-06,4392.233475462069,4822.105758102738,5022.077039407811,3261.3501714444205,0.002410437850170402
2019-12-07,4395.814391799735,4825.681980194443,5025.652205667557,3269.0007090254217,0.0023430719791774778
2019-12-08,4399.415881109999,4829.280533026066,5029.250097928232,3276.4634101114684,0.002280267429112656
2019-12-09,4403.054061995258,4832.9177157479335,5032.887055949083,3283.75171556483,0.002221972393394179
2019-12-10,4406.74505305791,4836.6098275103595,5036.579419489348,3290.8790662477777,0.0021681380176351668
2019-12-11,4410.5049729003495,4840.373167463661,5040.343528308264,3297.8589030225767,0.0021187181576725164
2019-12-12,4414.349940124977,4844.224034758162,5044.1957221650755,3304.7046667514987,0.0020736691467494084
2019-12-13,4418.296073334189,4848.178728544178,5048.1523408190205,3311.429798296813,0.0020329495710898825
2019-12-14,4422.359491130385,4852.253547972032,5052.229724029343,3318.0477385207887,0.001996520053211455
2019-12-15,4426.556312115959,4856.4647921920405,5056.444211555281,3324.571928285694,0.001964343042364395
2019-12-16,4430.902654893311,4860.828760354522,5060.812143156074,3331.0158084537984,0.0019363826115669637
2019-12-17,4435.414638064836,4865.361751609797,5065.349858590965,3337.392819887372,0.0019126042607602676
2019-12-18,4440.108380232933,4870.080065108183,5070.073697619193,3343.7164034486827,0.0018929747256716798
2019-12-19,4445.0,4875.0,5075.0,3350.0,0.0018774617920217678
2019-12-20,4450.099702731224,4880.131692023596,5080.138885818265,3356.254256321692,0.0018652016150438881
2019-12-21,4455.394040842963,4885.460623269433,5085.475596461442,3362.4786428665207,0.0018528458919071782
2019-12-22,4460.86365351436,4890.966112416003,5090.989153642619,3368.6698360053447,0.001839565686056234
2019-12-23,4466.4891799245615,4896.627478141798,5096.658579074887,3374.824512109025,0.0018253675305095396
2019-12-24,4472.2512592527155,4902.424039125306,5102.462894471337,3380.9393475484203,0.0018102577995027067
2019-12-25,4478.130530677967,4908.33511404502,5108.3811215450605,3387.0110186943916,0.0017942427016418101
2019-12-26,4484.107633379463,4914.340021579434,5114.392282009147,3393.0362019177983,0.0017773282732210355
2019-12-27,4490.163206536348,4920.418080407035,5120.475397576687,3399.0115735895,0.00175952037170634
2019-12-28,4496.27788932777,4926.5486092063165,5126.609489960773,3404.933810080358,0.0017408246693657698
2019-12-29,4502.432320932874,4932.710926655769,5132.773580874496,3410.7995877612307,0.0017212466470408322
2019-12-30,4508.6071405308085,4938.884351433885,5138.946692030946,3416.6055830029786,0.001700791588051541
2019-12-31,4514.782987300718,4945.048202219154,5145.107845143214,3422.348472176462,0.0016794645722180126
2020-01-01,4520.940500421746,4951.181797690068,5151.236061924389,3428.0249316525396,0.0016572704699938958
2020-01-02,4527.060319073043,4957.264456525118,5157.310364087565,3433.6316378020724,0.001634213936701385
2020-01-03,4533.123082433753,4963.275497402796,5163.309773345832,3439.1652669959194,0.0016102994068509162
2020-01-04,4539.109429683023,4969.194239001593,5169.21331141228,3444.6224956049427,0.0015855310885439355
2020-01-05,4545.0,4975.0,5175.0,3450.0,0.0015599129579382954
2020-01-06,4550.77815398134,4980.67529274789,5180.652160697488,3455.294395312009,0.001533431030266992
2020-01-07,4556.438137893753,4986.215404280669,5186.1653145948585,3460.502051712113,0.0015060181207707428
2020-01-08,4561.976919421456,4991.618815305121,5191.5382826576315,3465.6192781315126,0.0014776603258344252
2020-01-09,4567.391466248673,4996.884006528038,5196.769885851329,3470.642383501413,0.0014483612334831259
2020-01-10,4572.67874605962,5002.009458656202,5201.858945141468,3475.567676753011,0.0014181241379981864
2020-01-11,4577.8357265385175,5006.993652396402,5206.804281493569,3480.3914668175094,0.0013869520329846394
2020-01-12,4582.859375369585,5011.8350684554225,5211.604715873154,3485.11006262611,0.001354847604425103
2020-01-13,4587.746660237044,5016.532187540054,5216.259069245743,3489.719773110014,0.0013218132237308952
2020-01-14,4592.494548825114,5021.083490357082,5220.766162576855,3494.2169072004217,0.0012878509407596565
2020-01-15,4597.1000088180135,5025.4874576132925,5225.124816832009,3498.597773828534,0.001252962476792047
2020-01-16,4601.560007899962,5029.742570015474,5229.333852976725,3502.858681925553,0.0012171492174445516
2020-01-17,4605.871513755182,5033.847308270411,5233.392091976527,3506.9959404226797,0.0011804122055062874
2020-01-18,4610.031494067889,5037.8001530848915,5237.298354796931,3511.0058582511156,0.0011427521336819266
2020-01-19,4614.036916522306,5041.599585165703,5241.051462403457,3514.88474434206,0.0011041693372237308
2020-01-20,4617.884748802653,5045.244085219633,5244.650235761628,3518.628907626717,0.0010646637864361182
2020-01-21,4621.571958593148,5048.732133953467,5248.09349583696,3522.2346570362865,0.0010242350790279722
2020-01-22,4625.095513578011,5052.062212073991,5251.380063594976,3525.6983015019687,0.0009828824323098373
2020-01-23,4628.4523814414615,5055.232800287992,5254.508760001194,3529.0161499549654,0.0009406046751985412
2020-01-24,4631.63952986772,5058.24237930226,5257.478406021136,3532.184511326478,0.0008974002400232508
2020-01-25,4634.653926541008,5061.089429823581,5260.287822620322,3535.199694547709,0.000853267154108332
2020-01-26,4637.492539145542,5063.772432558738,5262.93583076427,3538.0580085498573,0.0008082030311103532
2020-01-27,4640.152335365544,5066.289868214522,5265.421251418502,3540.7557622641257,0.0007622050620960942
2020-01-28,4642.630282885233,5068.640217497718,5267.742905548538,3543.2892646217147,0.0007152700063275478
2020-01-29,4644.923349388828,5070.8219611151135,5269.899614119895,3545.6548245538247,0.0006673941817447251
2020-01-30,4647.028502560551,5072.833579773495,5271.890198098096,3547.8487509916586,0.0006185734551126477
2020-01-31,4648.942710084618,5074.673554179651,5273.71347844866,3549.8673528664162,0.0005688032318128598
2020-02-01,4650.662939645252,5076.340365040363,5275.3682761371065,3551.706939109299,0.0005180784452562179
2020-02-02,4652.186158926673,5077.832493062426,5276.853412128958,3553.3638186515095,0.0004663935458868051
2020-02-03,4653.509335613098,5079.14841895262,5278.167707389733,3554.834300424247,0.0004137424897507808
2020-02-04,4654.62943738875,5080.286623417736,5279.309982884949,3556.1146933587142,0.0003601187266070485
2020-02-05,4655.543431937846,5081.245587164558,5280.27905958013,3557.2013063861104,0.00030551518754038846
2020-02-06,4656.248286944608,5082.023790899875,5281.073758440793,3558.090448437639,0.0002499242720591901
2020-02-07,4656.740970093253,5082.619715330473,5281.69290043246,3558.7784284444997,0.00019333783463080297
2020-02-08,4657.018449068003,5083.03184116314,5282.13530652065,3559.2615553378937,0.00013574717063589016
2020-02-09,4657.077691553078,5083.25864910466,5282.399797670883,3559.5361380490235,7.714300169559873e-05
2020-02-10,4656.9156652326965,5083.298619861824,5282.485194848681,3559.598485509089,1.7515460337293994e-05
2020-02-11,4656.529337791078,5083.150234141414,5282.3903190195615,3559.444906649292,-4.3145926035558044e-05
2020-02-12,4655.915676912443,5082.81197265022,5282.113991149043,3559.071710400833,-0.00010485225191637888
2020-02-13,4655.071650281012,5082.28231609503,5281.655032202651,3558.475205694914,-0.0001676152512508697
2020-02-14,4653.994225581004,5081.559745182629,5281.0122631459,3557.651701462736,-0.000231447315821735
2020-02-15,4652.680370496639,5080.642740619804,5280.184504944314,3556.5975066355004,-0.0002963615145085163
2020-02-16,4651.127052712136,5079.529783113341,5279.170578563411,3555.308930144408,-0.0003623716134759422
2020-02-17,4649.331239911717,5078.219353370028,5277.969304968711,3553.782280920659,-0.0004294920973415095
2020-02-18,4647.289899779596,5076.709932096652,5276.579505125734,3552.013867895456,-0.0004977381913797614
2020-02-19,4645.0,5075.0,5275.0,3550.0,-0.0005671258848244924
2020-02-20,4642.4621230342855,5073.0898270960515,5273.230989342819,3547.7403387585373,-0.0006367269609642867
2020-02-21,4639.691310452379,5070.986840637562,5271.278188048665,3545.247956067495,-0.0007027736942525208
2020-02-22,4636.706218601347,5068.700257186479,5269.148689797791,3542.539276416345,-0.0007643231079515317
2020-02-23,4633.525503828254,5066.239293304749,5266.849588270461,3539.6307242945595,-0.0008213731907072414
2020-02-24,4630.167822480169,5063.613165554324,5264.387977146938,3536.538724191612,-0.0008739192361760904
2020-02-25,4626.651830904155,5060.831090497149,5261.770950107477,3533.2797005969733,-0.0009219540388926415
2020-02-26,4622.99618544728,5057.902284695174,5259.005600832342,3529.8700780001172,-0.0009654680896159025
2020-02-27,4619.219542456609,5054.835964710345,5256.09902300179,3526.326280890515,-0.0010044497707571256
2020-02-28,4615.340558279211,5051.641347104612,5253.058310296084,3522.664733757639,-0.0010388855524393905
2020-02-29,4611.377889262147,5048.327648439921,5249.89055639548,3518.901861090961,-0.0010687601897023389
2020-03-01,4607.350191752489,5044.904085278224,5246.602854980244,3515.054087379955,-0.001094056921310436
2020-03-02,4603.2761220973,5041.379874181465,5243.202299730633,3511.137837114093,-0.0011147576705853503
2020-03-03,4599.174336643644,5037.764231711592,5239.695984326907,3507.1695347828445,-0.0011308432486242237
2020-03-04,4595.063491738592,5034.066374430557,5236.091002449327,3503.1656048756854,-0.0011422935602266907
2020-03-05,4590.962243729209,5030.295518900304,5232.394447778152,3499.142471882086,-0.0011490878128121499
2020-03-06,4586.889248962558,5026.460881682784,5228.613413993643,3495.1165602915194,-0.0011512047285255566
2020-03-07,4582.863163785708,5022.571679339943,5224.75499477606,3491.104294593457,-0.0011486227597238437
2020-03-08,4578.902644545723,5018.637128433731,5220.826283805663,3487.122099277371,-0.0011413203079380446
2020-03-09,4575.026347589672,5014.666445526095,5216.834374762712,3483.1863988327364,-0.001129275946382142
2020-03-10,4571.252929264619,5010.668847178983,5212.786361327469,3479.313617749022,-0.001112468646003474
2020-03-11,4567.60104591763,5006.6535499543415,5208.689337180191,3475.520180515701,-0.0010908780050083232
2020-03-12,4564.0893538957735,5002.629770414124,5204.550396001144,3471.822511622248,-0.001064484481756919
2020-03-13,4560.736509546115,4998.606725120273,5200.37663147058,3468.237035558133,-0.001033269630827143
2020-03-14,4557.561169215718,4994.593630634739,5196.175137268765,3464.780176812829,-0.0009972163420006947
2020-03-15,4554.58198925165,4990.59970351947,5191.953007075955,3461.4683598758074,-0.0009563090818570071
2020-03-16,4551.817626000978,4986.634160336413,5187.717334572414,3458.318009236541,-0.0009105341375809584
2020-03-17,4549.28673581077,4982.7062176475165,5183.4752134384025,3455.345549384504,-0.0008598798625316255
2020-03-18,4547.0079750280875,4978.825092014729,5179.233737354178,3452.5674048091655,-0.0008043369230443568
2020-03-19,4545.0,4975.0,5175.0,3450.0,-0.0007438985458580812
2020-03-20,4543.2775976414405,4971.239823239325,5170.781554993438,3447.6568176462883,-0.0006794140403889022
2020-03-21,4541.840077138815,4967.552103664906,5166.58779570127,3445.539573236548,-0.0006142997692976342
2020-03-22,4540.6828782463945,4963.944048282989,5162.428575427589,3443.647040459108,-0.0005494212687706901
2020-03-23,4539.801440718453,4960.422864099823,5158.313747476481,3441.9779930022933,-0.0004847918617098127
2020-03-24,4539.1912043092625,4956.9957581216595,5154.2531651520385,3440.531204554433,-0.0004204247107100636
2020-03-25,4538.847608773097,4953.669937354748,5150.256681758347,3439.3054488038533,-0.00035633281000970753
2020-03-26,4538.76609386423,4950.452608805336,5146.334150599497,3438.2994994388823,-0.0002925289776643939
2020-03-27,4538.942099336931,4947.350979479671,5142.495424979572,3437.512130147845,-0.0002290258479715074
2020-03-28,4539.371064945476,4944.372256384004,5138.750358202668,3436.942114619071,-0.000165835864138234
2020-03-29,4540.048430444138,4941.523646524584,5135.10880357287,3436.5882265408873,-0.0001029712712191981
2020-03-30,4540.9696355871865,4938.812356907661,5131.580614394267,3436.44923960162,-4.044410930998863e-05
2020-03-31,4542.130120128898,4936.245594539482,5128.17564397095,3436.523927489598,2.1733792978691927e-05
2020-04-01,4543.525323823543,4933.830566426299,5124.903745607003,3436.8110638931466,8.355082476728795e-05
2020-04-02,4545.150686425396,4931.574479574357,5121.774772606519,3437.3094225005952,0.00014499559887209623
2020-04-03,4547.001647688728,4929.484540989907,5118.798578273583,3438.017777000268,0.00020605695747257787
2020-04-04,4549.0736473678135,4927.5679576792,5115.985015912288,3438.934901080495,0.0002667239774929711
2020-04-05,4551.362125216923,4925.831936648482,5113.34393882672,3440.059568429602,0.0003269859756721566
2020-04-06,4553.862520990334,4924.283684904005,5110.885200320968,3441.3905527359175,0.00038683251334445927
2020-04-07,4556.570274442314,4922.930409452015,5108.61865369912,3442.926627687767,0.0004462534009063367
2020-04-08,4559.4808253271385,4921.779317298764,5106.554152265266,3444.66656697348,0.0005052387019818664
2020-04-09,4562.58961339908,4920.8376154504995,5104.701549323493,3446.6091442813818,0.000563778737275744
2020-04-10,4565.892078412412,4920.112510913471,5103.070698177893,3448.7531332998,0.0006218640881224792
2020-04-11,4569.383660121407,4919.611210693926,5101.671452132553,3451.0973077170624,0.0006794855997224932
2020-04-12,4573.0597982803365,4919.340921798116,5100.513664491559,3453.640441221496,0.0007366343840713542
2020-04-13,4576.915932643476,4919.308851232288,5099.607188559003,3456.3813075014277,0.0007933018225826119
2020-04-14,4580.947502965096,4919.5222060026945,5098.961877638973,3459.3186802451864,0.0008494795684026883
2020-04-15,4585.149948999468,4919.9881931155805,5098.587585035558,3462.4513331410963,0.0009051595484209377
2020-04-16,4589.518710500868,4920.714019577197,5098.494164052846,3465.778039877487,0.0009603339649855233
2020-04-17,4594.049227223569,4921.706892393794,5098.691467994926,3469.297574142685,0.0010149952973084644
2020-04-18,4598.736938921841,4922.974018571617,5099.189350165885,3473.0087096250177,0.001069136302589122
2020-04-19,4603.577285349958,4924.52260511692,5099.9976638698145,3476.9102200128123,0.001122750016838352
2020-04-20,4608.565706262195,4926.359859035949,5101.126262410801,3481.0008789943963,0.0011758297554194895
2020-04-21,4613.69764141282,4928.492987334951,5102.584999092934,3485.279460258095,0.0012283691133078993
2020-04-22,4618.968530556112,4930.92919702018,5104.383727220304,3489.744737492238,0.0012803619650774698
2020-04-23,4624.37381344634,4933.675695097885,5106.532300096997,3494.395484385153,0.001331802464608232
2020-04-24,4629.908929837777,4936.739688574309,5109.040571027103,3499.230474625165,0.0013826850445396506
2020-04-25,4635.569319484697,4940.128384455707,5111.91839331471,3504.2484819006027,0.0014330044154610866
2020-04-26,4641.3504221413705,4943.848989748327,5115.175620263907,3509.4482798997924,0.0014827555648497704
2020-04-27,4647.2476775620735,4947.908711458416,5118.822105178784,3514.8286423110626,0.0015319337557681643
2020-04-28,4653.256525501076,4952.314756592223,5122.867701363426,3520.388342822738,0.0015805345253201697
2020-04-29,4659.372405712654,4957.074332155999,5127.3222621219265,3526.126155123149,0.0016285536828824722
2020-04-30,4665.590757951078,4962.194645155993,5132.19564075837,3532.0408529006218,0.0016759873081064701
2020-05-01,4671.90702197062,4967.682902598453,5137.497690576849,3538.131209843483,0.0017228317487145992
2020-05-02,4678.316637525556,4973.54631148963,5143.23826488145,3544.39599964006,0.0017690836180833734
2020-05-03,4684.815044370158,4979.792078835772,5149.427216976263,3550.8339959786813,0.0018147397926327267
2020-05-04,4691.397682258695,4986.427411643126,5156.074400165373,3557.4439725476714,0.0018597974090203845
2020-05-05,4698.059990945444,4993.459516917944,5163.189667752874,3564.2247030353597,0.0019042538611632666
2020-05-06,4704.797410184676,5000.895601666472,5170.78287304285,3571.174961130073,0.0019481067970744408
2020-05-07,4711.605379730665,5008.742872894962,5178.863869339392,3578.293520520138,0.001991354115545144
2020-05-08,4718.479339337683,5017.008537609662,5187.442509946589,3585.579154893883,0.0020339939626652513
2020-05-09,4725.4147287600035,5025.699802816822,5196.52864816853,3593.0306379396343,0.002076024728197061
2020-05-10,4732.406987751898,5034.8238755226885,5206.132137309301,3600.646743345719,0.00211744504181194
2020-05-11,4739.45155606764,5044.387962733513,5216.262830672994,3608.426244800465,0.002158253769193167
2020-05-12,4746.5438734615045,5054.399271455544,5226.930581563696,3616.3679159922003,0.0021984500080186957
2020-05-13,4753.679379687761,5064.865008695031,5238.145243285497,3624.4705306092515,0.002238033083828724
2020-05-14,4760.853514500684,5075.792381458221,5249.916669142483,3632.732862339944,0.0022770025457897842
2020-05-15,4768.061717654546,5087.188596751366,5262.254712438745,3641.153684872607,0.002315358162359554
2020-05-16,4775.29942890362,5099.060861580713,5275.1692264783715,3649.7317718955674,0.0023530999168629896
2020-05-17,4782.562088002178,5111.416382952512,5288.670064565451,3658.4658970971523,0.002390228002986624
2020-05-18,4789.845134704493,5124.2623678730115,5302.7670800040705,3667.3548341656888,0.002426742820202506
2020-05-19,4797.144008764841,5137.606023348461,5317.470126098321,3676.3973567895046,0.002462644969123081
2020-05-20,4804.45414993749,5151.454556385111,5332.78905615229,3685.5922386569264,0.002497935246798689
2020-05-21,4811.770997976717,5165.815173989208,5348.733723470069,3694.938253456283,0.002532614641967614
2020-05-22,4819.08999263679,5180.695083167,5365.313981355741,3704.434174875898,0.002566684330257962
2020-05-23,4826.406573671986,5196.101490924741,5382.5396831133985,3714.0787766041017,0.0026001456693590234
2020-05-24,4833.716180836578,5212.041604268676,5400.420682047132,3723.8708323292217,0.0026330001941571907
2020-05-25,4841.014253884836,5228.522630205056,5418.966831461026,3733.809115739584,0.0026652496118529817
2020-05-26,4848.296232571034,5245.5517757401285,5438.187984659171,3743.892400523515,0.0026968957970624164
2020-05-27,4855.557556649447,5263.136247880146,5458.093994945657,3754.1194603693443,0.002727940786907113
2020-05-28,4862.793665874345,5281.283253631353,5478.694715624571,3764.4890689653967,0.002758386776097681
2020-05-29,4870.0,5300.0,5500.0,3775.0,0.002788236112027388
2020-05-30,4877.168341646152,5319.277427441736,5522.000473457624,3785.6513397306503,0.0028175738566808186
2020-05-31,4884.275844894389,5339.041410209797,5544.609849709459,3796.4434246915152,0.0028467310378785557
2020-06-01,4891.296006691759,5359.201556006814,5567.722614549114,3807.376903985926,0.002875787790068142
2020-06-02,4898.2023239853215,5379.667472535426,5591.233253770196,3818.4524267172214,0.0029047412519970814
2020-06-03,4904.968293722124,5400.348767498264,5615.03625316631,3829.6706419887328,0.002933588598407383
2020-06-04,4911.567412849224,5421.155048597966,5639.026098531064,3841.032198903796,0.002962327040748696
2020-06-05,4917.973178313668,5441.995923537165,5663.097275658065,3852.537746565747,0.0029909538278580883
2020-06-06,4924.159087062513,5462.781000018495,5687.14427034092,3864.18793407792,0.0030194662466222037
2020-06-07,4930.098636042811,5483.419885744591,5711.061568373235,3875.9834105436476,0.0030478616226129536
2020-06-08,4935.765322201613,5503.822188418086,5734.743655548616,3887.924825066266,0.0030761373207038277
2020-06-09,4941.132642485972,5523.897515741615,5758.08501766067,3900.012826749109,0.003104290745654671
2020-06-10,4946.174093842942,5543.5554754178165,5780.980140503007,3912.248064695513,0.0031323193426786504
2020-06-11,4950.863173219575,5562.705675149319,5803.323509869231,3924.631188008812,0.003160220597981691
2020-06-12,4955.173377562924,5581.25772263876,5825.009611552948,3937.16284579234,0.003187992039278364
2020-06-13,4959.07820382004,5599.121225588776,5845.9329313477665,3949.8436871494323,0.0032156312362833653
2020-06-14,4962.551148937976,5616.205791701997,5865.987955047293,3962.674361183423,0.003243135801175923
2020-06-15,4965.565709863785,5632.421028681059,5885.069168445133,3975.6555169976464,0.0032705033890429174
2020-06-16,4968.095383544518,5647.676544228597,5903.071057334895,3988.787803695438,0.003297731698294943
2020-06-17,4970.113666927232,5661.881946047247,5919.888107510186,4002.071870380133,0.0033248184710568986
2020-06-18,4971.594056958977,5674.946841839643,5935.414804764611,4015.508366155066,0.0033517614935346424
2020-06-19,4972.510050586804,5686.780839308417,5949.545634891778,4029.0979401235695,0.0033785585963577347
2020-06-20,4972.835144757767,5697.293546156204,5962.175083685293,4042.84124138898,0.003405207654897165
2020-06-21,4972.542836418919,5706.394570085642,5973.197636938763,4056.738919054632,0.003431706589554533
2020-06-22,4971.606622517313,5713.9935187993615,5982.507780445797,4070.791622223861,0.0034580533660326486
2020-06-23,4970.0,5720.0,5990.0,4085.0,0.003484245995576059
2020-06-24,4967.722545120815,5724.368831129499,5995.618968262976,4099.355597534726,0.00350806171259412
2020-06-25,4964.878151360713,5727.235668587023,5999.510105368315,4113.813544173074,0.0035206779071398527
2020-06-26,4961.596791507434,5728.781378511056,6001.869018317612,4128.319865308428,0.0035200439966910566
2020-06-27,4958.008438348713,5729.186827040068,6002.891314112455,4142.820586334163,0.00350634497553254
2020-06-28,4954.243064672289,5728.632880312539,6002.772599754435,4157.261732643658,0.0034797632906595
2020-06-29,4950.430643265901,5727.300404466945,6001.708482245141,4171.589329630295,0.0034404772068437
2020-06-30,4946.701146917284,5725.370265641764,5999.894568586163,4185.749402687449,0.003388659251639093
2020-07-01,4943.184548414176,5723.023329975468,5997.526465779091,4199.687977208502,0.003324474735700556
2020-07-02,4940.010820544317,5720.440463606539,5994.799780825516,4213.351078586831,0.003248080342878765
2020-07-03,4937.309936095443,5717.802532673451,5991.910120727029,4226.684732215816,0.003159622783743659
2020-07-04,4935.211867855292,5715.290403314683,5989.053092485219,4239.634963488836,0.003059237505434228
2020-07-05,4933.8465886116,5713.084941668706,5986.424303101675,4252.147797799268,0.002947047450090385
2020-07-06,4933.344071152107,5711.367013874003,5984.219359577989,4264.169260540493,0.002823161853503332
2020-07-07,4933.83428826455,5710.317486069047,5982.633868915751,4275.6453771058905,0.0026876750750636992
2020-07-08,4935.447212736664,5710.117224392313,5981.863438116548,4286.5221728888355,0.002540665449543544
2020-07-09,4938.312817356193,5710.947094982283,5982.103674181977,4296.745673282712,0.0023821941507210483
2020-07-10,4942.561074910868,5712.98796397743,5983.550184113622,4306.2619036808965,0.002212304056300237
2020-07-11,4948.32195818843,5716.42069751623,5986.398574913074,4315.016889476767,0.0020310186030339837
2020-07-12,4955.725439976615,5721.42616173716,5990.844453581925,4322.956656063703,0.0018383406203112348
2020-07-13,4964.901493063161,5728.1852227786985,5997.0834271217645,4330.027228835084,0.0016342511298052258
2020-07-14,4975.980090235809,5736.878746779322,6005.311102534182,4336.17463318429,0.0014187080980048307
2020-07-15,4989.091204282291,5747.687599877503,6015.723086820767,4341.344894504697,0.001191645127557869
2020-07-16,5004.364807990347,5760.792648211722,6028.514986983112,4345.484038189686,0.0009529700723489933
2020-07-17,5021.930874147717,5776.3747579204555,6043.882410022807,4348.538089632635,0.0007025635600347864
2020-07-18,5041.919375542137,5794.614795142179,6062.02096294144,4350.453074226924,0.0004402774043913565
2020-07-19,5064.460284961342,5815.693626015369,6083.126252740601,4351.17501736593,0.00016593288820517996
2020-07-20,5089.683575193073,5839.792116678502,6107.393886421882,4350.649944443034,-0.00012068110444381669
2020-07-21,5117.719219025068,5867.091133270056,6135.019470986873,4348.823880851615,-0.0004198101298789049
2020-07-22,5148.697189245062,5897.771541928505,6166.198613437162,4345.642851985049,-0.0007317364264537561
2020-07-23,5182.747458640792,5932.014208792327,6201.126920774341,4341.052883236717,-0.0010567813850987564
2020-07-24,5220.0,5970.0,6240.0,4335.0,-0.0013953082813578613
2020-07-25,5260.37776407821,6011.665478688636,6282.752499782772,4327.537815809618,-0.0017228637138117185
2020-07-26,5302.975613502106,6055.969995989889,6328.275235459454,4319.150296765671,-0.0019400541723025124
2020-07-27,5346.681388866165,6101.6286000340515,6375.198064033892,4310.428997109603,-0.0020212578917918568
2020-07-28,5390.38293076486,6147.356338951418,6422.1508425099255,4301.965471082861,-0.001965429888863042
2020-07-29,5432.968079792666,6191.8682608722775,6467.7634278913965,4294.351272926885,-0.001771502929446069
2020-07-30,5473.324676544056,6233.879413926926,6510.665677182149,4288.177956883122,-0.001438577590149972
2020-07-31,5510.340561613506,6272.104846245651,6549.4874473860245,4284.037077193014,-0.0009661166911310264
2020-08-01,5542.903575595487,6305.259605958744,6582.858595506862,4282.520188098005,-0.0003541420582124884
2020-08-02,5569.901559084477,6332.0587411965025,6609.408978548508,4284.218843839541,0.00039656998012071884
2020-08-03,5590.2223526749485,6351.217300089214,6627.768453514802,4289.724598659063,0.0012842994855808555
2020-08-04,5602.753796961378,6361.450330767174,6636.5668774095875,4299.629006798018,0.002306206726068839
2020-08-05,5606.3837325382365,6361.472881360673,6634.434107236708,4314.523622497849,0.0034581766041340742
2020-08-06,5600.0,6350.0,6620.0,4335.0,0.004734692139803986
2020-08-07,5582.835892492322,6326.359324381913,6592.654086756143,4360.864519991216,0.0059487118743391685
2020-08-08,5555.506513365573,6292.328850469022,6554.824594773134,4388.782868939455,0.006381615728065976
2020-08-09,5518.972418521301,6250.299163790395,6509.699425371808,4414.63555975797,0.005873346892726548
2020-08-10,5474.19416386106,6202.66084987511,6460.466479873001,4434.303105360027,0.004445183480568758
2020-08-11,5422.132305286395,6151.804494252233,6410.313659597541,4443.666018658879,0.0021092474279420684
2020-08-12,5363.74739869886,6100.120682450839,6362.428865866263,4438.6048125677835,-0.0011396199766990746
2020-08-13,5300.0,6050.0,6320.0,4415.0,-0.005332261603525167
2020-08-14,5232.754497508191,6003.701826451244,6285.502989423666,4371.126130556505,-0.009987162366758225
2020-08-15,5167.490609209084,5962.960717445929,6258.565865978501,4314.833900589149,-0.012961841385015084
2020-08-16,5110.5918855051605,5929.380022647873,6238.1046876098235,4256.368043137508,-0.013642605702560413
2020-08-17,5068.441876798898,5904.56309172089,6223.035512262957,4205.973291241152,-0.011910497497888726
2020-08-18,5047.424133492771,5890.113274328794,6212.27439788322,4173.89437793965,-0.007656223526972292
2020-08-19,5053.922205989263,5887.633920135405,6204.737402415937,4170.376036272578,-0.0008432952675131203
2020-08-20,5094.319644690846,5898.728378804535,6199.340583806423,4205.662999279503,0.008425741957001515
2020-08-21,5175.0,5925.0,6195.0,4290.0,0.019854782673708438
2020-08-22,5298.222498317947,5966.726053736848,6190.8793129734395,4428.192581379498,0.03170477269051427
2020-08-23,5449.749070040884,6018.87949143505,6187.132600829302,4603.289525986852,0.0387796566371493
2020-08-24,5611.21732156375,6075.107184865806,6184.161545701599,4792.900426296777,0.04036458287599119
2020-08-25,5764.26485928149,6129.056005800321,6182.367829724343,4974.634874783989,0.03721623077043275
2020-08-26,5890.529289589045,6174.372826009798,6182.1531350315445,5126.102463923205,0.02999364088840855
2020-08-27,5971.648218881353,6204.704517265434,6183.919143757214,5224.912786189135,0.01909248927070311
2020-08-28,5989.259253553358,6213.697951338434,6188.067538035361,5248.675434056494,0.004537640422890138
2020-08-29,5925.0,6195.0,6195.0,5175.0,-0.014136407344582007
2020-08-30,5768.17062526232,6144.906170526793,6204.946591924084,4990.697108865859,-0.03626373796978307
2020-08-31,5538.721538965758,6070.306512217321,6217.450896636356,4719.381514986261,-0.05589784513055408
2020-09-01,5264.2657113818495,5980.739709875543,6231.884877104498,4393.869005064884,-0.07146759476227306
2020-09-02,4972.416112782135,5885.744448305427,6247.6204962961965,4046.975365805413,-0.08224038243971023
2020-09-03,4690.785713438154,5794.859412310936,6264.029717179136,3711.516383911527,-0.08652925691951456
2020-09-04,4446.987483621443,5717.6232866960345,6280.484502721001,3420.3078460869106,-0.08170996143034881
2020-09-05,4268.634393603539,5663.574756264685,6296.356815889478,3206.1655390352416,-0.06465487351037286
2020-09-06,4183.339413655984,5642.252505820856,6311.01861965225,3101.9052494602047,-0.033059167684851815
2020-09-07,4218.715514050315,5663.195220168507,6323.841876977004,3140.3427640654804,0.0123154351889685
2020-09-08,4402.375665058068,5735.941584111606,6334.198550831425,3354.2938695547505,0.06590932270689889
2020-09-09,4761.932836950784,5870.030282454114,6341.460604183193,3776.574352631696,0.11857606561589878
2020-09-10,5325.0,6075.0,6345.0,4440.0,0.1618370336283432
2020-09-11,6075.0,6345.0,6345.0,5325.0,0.18175833515135545
2020-09-12,6858.186377970945,6626.422734798837,6344.182544428241,6249.378243565079,0.16006926617466827
2020-09-13,7634.987322995309,6905.474736415508,6343.254806380251,7166.236407450897,0.13689863072346528
2020-09-14,8405.422217290468,7182.16341217589,6342.21744247656,8075.597264459517,0.11946622251879847
2020-09-15,9169.510443073801,7456.496169405859,6341.071109337698,8977.48358739301,0.10587278791052644
2020-09-16,9927.271382562676,7728.480415431288,6339.816463584196,9871.918149053437,0.09497455698341083
2020-09-17,10678.724417974467,7998.123557578051,6338.454161836579,10758.923722242866,0.08604134801050499
2020-09-18,11423.888931526551,8265.433003172026,6336.984860715383,11638.523079763363,0.07858502715423528
2020-09-19,12162.784305436302,8530.416159539087,6335.4092168411335,12510.738994416997,0.07226684395854555
2020-09-20,12895.42992192109,8793.08043400511,6333.72788683436,13375.594239005828,0.06684432585003179
2020-09-21,13621.845163198288,9053.43323389597,6331.941527315594,14233.111586331928,0.06213933115081453
2020-09-22,14342.04941148527,9311.481966537538,6330.0507949053645,15083.313809197354,0.05801803502864241
2020-09-23,15056.06204899942,9567.234039255694,6328.056346224203,15926.223680404184,0.05437795166079979
2020-09-24,15763.902457958098,9820.696859376312,6325.958837892636,16761.86397275447,0.05113926570815528
2020-09-25,16465.590020578686,10071.877834225268,6323.758926531196,17590.257459050295,0.04823889088568505
2020-09-26,17161.14411907855,10320.784371128431,6321.457268760409,18411.426912093706,0.04562630437436444
2020-09-27,17850.58413567508,10567.423877411682,6319.054521200809,19225.395104686784,0.043260567101584456
2020-09-28,18533.92945258563,10811.803760400895,6316.551340472924,20032.18480963159,0.041108153805836524
2020-09-29,19211.199452027588,11053.931427421945,6313.948383197281,20831.818799730194,0.03914134722313757
2020-09-30,19882.413516218316,11293.814285800705,6311.246305994416,21624.31984778465,0.03733703237905329
2020-10-01,20547.5910273752,11531.459742863053,6308.445765484851,22409.71072659703,0.03567577930317254
2020-10-02,21206.751367715606,11766.875205934864,6305.547418289121,23188.01420896941,0.03414113674890616
2020-10-03,21859.91391945691,12000.068082342012,6302.551921027755,23959.253067703838,0.03271908237559721
2020-10-04,22507.098064816484,12231.045779410368,6299.459930321281,24723.450075602395,0.03139759039075925
2020-10-05,23148.323186011705,12459.815704465813,6296.272102790229,25480.628005467137,0.030166288380401435
2020-10-06,23783.60866525995,12686.385264834225,6292.989095055132,26230.809630100142,0.029016182574653424
2020-10-07,24412.973884778577,12910.761867841467,6289.611563736513,26974.017722303466,0.02793943613750094
2020-10-08,25036.438226784983,13132.952920813424,6286.140165454908,27710.275054879174,0.026929188912449817
2020-10-09,25654.02107349652,13352.96583107597,6282.575556830843,28439.60440062933,0.025979409853298607
2020-10-10,26265.741807130573,13570.808005954976,6278.918394484851,29162.02853235601,0.02508477542787762
2020-10-11,26871.61980990452,13786.486852776323,6275.169335037459,29877.57022286128,0.024240568813113903
2020-10-12,27471.67446403572,14000.00977886588,6271.329035109197,30586.25224494719,0.023442595848542493
2020-10-13,28065.92515174156,14211.384191549523,6267.3981513205945,31288.09737141582,0.02268711458533921
2020-10-14,28654.39125523941,14420.617498153131,6263.377340292183,31983.12837506924,0.02197077593230356
2020-10-15,29237.092156746647,14627.717106002578,6259.26725864449,32671.368028709505,0.02129057341162485
2020-10-16,29814.047238480634,14832.690422423737,6255.068562998047,33352.83910513869,0.020643800433805738
2020-10-17,30385.275882658752,15035.544854742478,6250.7819099733815,34027.56437715884,0.020028013810828086
2020-10-18,30950.797471498383,15236.28781028469,6246.407956191025,34695.566617572054,0.019441002470117232
2020-10-19,31510.63138721688,15434.926696376238,6241.947358271506,35356.868599180365,0.018880760524447867
2020-10-20,32064.79701203163,15631.468920342997,6237.400772835357,36011.49309478587,0.018345464006283372
2020-10-21,32613.313728160014,15825.921889510844,6232.768856503104,36659.4628771906,0.01783345069765647
2020-10-22,33156.20091781939,16018.293011205657,6228.052265895279,37300.80071919666,0.017343202585519316
2020-10-23,33693.47796322715,16208.589692753307,6223.251657632411,37935.52939360608,0.016873330552278135
2020-10-24,34225.164246600645,16396.81934147967,6218.367688335029,38563.67167322096,0.016422560976213744
2020-10-25,34751.27915015727,16582.98936471062,6213.4010146236615,39185.25033084334,0.01598972396943734
2020-10-26,35271.84205611437,16767.107169772033,6208.352293118842,39800.288139275275,0.015573743024591103
2020-10-27,35786.872346689364,16949.18016398979,6203.222180441099,40408.80787131887,0.01517362587727028
2020-10-28,36296.38940409959,17129.21575468975,6198.01133321096,41010.83229977617,0.014788456420816977
2020-10-29,36800.41261056244,17307.221349197815,6192.720408048957,41606.384197449246,0.014417387534753391
2020-10-30,37298.96134829526,17483.20435483983,6187.350061575618,42195.486337140144,0.014059634708610779
2020-10-31,37792.05499951546,17657.172178941688,6181.900950411474,42778.161491650964,0.01371447036011279
2020-11-01,38279.7129464404,17829.132228829258,6176.373731177054,43354.432433783746,0.01338121876105561
2020-11-02,38761.954571287446,17999.091911828422,6170.769060492888,43924.321936340566,0.013059251496394909
2020-11-03,39238.79925627396,18167.058635265046,6165.087594979504,44487.85277212348,0.012747983392277711
2020-11-04,39710.26638361735,18333.03980646501,6159.329991257435,45045.04771393456,0.012446868857487234
2020-11-05,40176.37533553497,18497.042832754192,6153.496905947208,45595.92953457589,0.012155398590136656
2020-11-06,40637.14549424421,18659.07512145846,6147.5889956693545,46140.521006849514,0.01187309660776977
2020-11-07,41092.596241962405,18819.14407990369,6141.6069170444025,46678.844903557496,0.011599517564411547
2020-11-08,41542.746960906945,18977.25711541576,6135.551326692881,47210.92399750191,0.011334244322733644
2020-11-09,41987.617033295246,19133.42163532055,6129.422881235322,47736.78106148482,0.011076885753471875
2020-11-10,42427.22584134463,19287.645046943922,6123.222237292256,48256.43886830831,0.010827074737664635
2020-11-11,42861.5927672725,19439.93475761176,6116.950051484209,48769.920190774414,0.010584466350226099
2020-11-12,43290.73719329621,19590.298174649943,6110.606980431714,49277.24780168522,0.010348736205944833
2020-11-13,43714.67850163315,19738.74270538434,6104.193680755298,49778.444473842785,0.010119578951201037
2020-11-14,44133.43607450067,19885.27575714082,6097.7108090754955,50273.532980049175,0.009896706886650787
2020-11-15,44547.02929411616,20029.904737245266,6091.159022012829,50762.53609310646,0.009679848707791804
2020-11-16,44955.47754269701,20172.637053023558,6084.538976187832,51245.47658581669,0.009468748351807207
2020-11-17,45358.80020246058,20313.480111801568,6077.851328221037,51722.377230981976,0.009263163940372788
2020-11-18,45757.01665562423,20452.441320905156,6071.09673473297,52193.26080140432,0.009062866809224263
2020-11-19,46150.14628440535,20589.52808766022,6064.275852344161,52658.15006988584,0.008867640616315292
2020-11-20,46538.2084710213,20724.747819392618,6057.389337675138,53117.06780922857,0.00867728052120355
2020-11-21,46921.222597689484,20858.107923428233,6050.437847346435,53570.03679223461,0.008491592429152676
2020-11-22,47299.20804662724,20989.61580709294,6043.422037978579,54017.07979170599,0.008310392294038122
2020-11-23,47672.18420005196,21119.27887771261,6036.342566192101,54458.219580444806,0.008133505474819027
2020-11-24,48040.17044018101,21247.10454261312,6029.200088607528,54893.47893125309,0.00796076614080447
2020-11-25,48403.18614923176,21373.100209120345,6021.995261845394,55322.88061693293,0.007792016721479368
2020-11-26,48761.2507094216,21497.273284560168,6014.728742526226,55746.44741028639,0.007627107397019101
2020-11-27,49114.383502967896,21619.63117625845,6007.401187270552,56164.20208411553,0.007465895626040168
2020-11-28,49462.60391208803,21740.181291541074,6000.013252698906,56576.16741122244,0.007308245707443089
2020-11-29,49805.931318999355,21858.931037733913,5992.565595431814,56982.36616440914,0.007154028373508372
2020-11-30,50144.38510591926,21975.88782216284,5985.058872089808,57382.82111647774,0.007003120411685201
2020-12-01,50477.98465506511,22091.05905215374,5977.493739293416,57777.55504023029,0.006855404312721486
2020-12-02,50806.7493486543,22204.452135032483,5969.87085366317,58166.59070846885,0.006710767943038206
2020-12-03,51130.69856890416,22316.074478124923,5962.190871819596,58549.95089399547,0.006569104239409229
2020-12-04,51449.851698032115,22425.933488756975,5954.454450383226,58927.65836961227,0.006430310924198368
2020-12-05,51764.228118255516,22534.036574254485,5946.66224597459,59299.735908121256,0.006294290239551133
2020-12-06,52073.847211791726,22640.39114194334,5938.814915214218,59666.20628232453,0.006160948699099732
2020-12-07,52378.72836085814,22745.00459914941,5930.913114722638,60027.092265024155,0.0060301968558280055
2020-12-08,52678.89094767211,22847.88435319857,5922.9575011203815,60382.41662902218,0.005901949084901147
2020-12-09,52974.354354451025,22949.037811416692,5914.948731027976,60732.20214712068,0.005776123380335937
2020-12-10,53265.13796341226,23048.472381129668,5906.887461065953,61076.471592121736,0.005652641164494255
2020-12-11,53551.26115677317,23146.19546966335,5898.774347854841,61415.24773682739,0.00553142710946915
2020-12-12,53832.743316751155,23242.214484343625,5890.610048015171,61748.55335403971,0.005412408969504361
2020-12-13,54109.60382556358,23336.53683249637,5882.395218167473,62076.411216560795,0.005295517423657634
2020-12-14,54381.862065427806,23429.16992144746,5874.130514932275,62398.84409719267,0.005180685927985374
2020-12-15,54649.53741856122,23520.121158522765,5865.8165949301065,62715.87476873741,0.005067850576589068
2020-12-16,54912.64926718118,23609.39795104816,5857.454114781497,63027.526003997096,0.004956949970897297
2020-12-17,55171.21699350508,23697.007706349516,5849.043731106979,63333.820575773774,0.004847925096629835
2020-12-18,55425.25997975028,23782.957831752723,5840.586100527081,63634.78125686952,0.004740719207917618
2020-12-19,55674.79760813416,23867.255734583647,5832.081879662331,63930.43082008644,0.004635277718097342
2020-12-20,55919.84926087409,23949.908822168156,5823.53172513326,64220.79203822651,0.004531548096733001
2020-12-21,56160.434320187436,24030.924501832134,5814.936293560398,64505.88768409188,0.004429479772468566
2020-12-22,56396.57216829161,24110.310180901462,5806.296241564273,64785.74053048458,0.004329024041300495
2020-12-23,56628.282187403944,24188.073266702002,5797.612225765418,65060.373350206675,0.004230133979957069
2020-12-24,56855.583759741814,24264.221166559637,5788.884902784358,65329.808916060225,0.004132764364023089
2020-12-25,57078.496267522605,24338.761287800236,5780.114929241627,65594.0700008473,0.004036871590530362
2020-12-26,57297.039092963714,24411.70103774968,5771.302961757752,65853.17937737,0.003942413604721248
2020-12-27,57511.231618282465,24483.047823733836,5762.449656953263,66107.15981843033,0.003849349830727502
2020-12-28,57721.093225696284,24552.809053078596,5753.555671448693,66356.03409683044,0.003757641105929415
2020-12-29,57926.643297422495,24620.99213310982,5744.621661864567,66599.8249853723,0.003667249618747804
2020-12-30,58127.90121567852,24687.604471153387,5735.648284821417,66838.55525685802,0.003578138849694494
2020-12-31,58324.886362681704,24752.65347453517,5726.636196939773,67072.24768408969,0.003490273515447648
2021-01-01,58517.61812064941,24816.14655058104,5717.586054840162,67300.92503986934,0.0034036195157970553
2021-01-02,58706.115871799026,24878.091106616885,5708.498515143117,67524.61009699904,0.0033181438832799765
2021-01-03,58890.39899834795,24938.494549968575,5699.374234469167,67743.32562828089,0.0032338147353492483
2021-01-04,59070.486882513505,24997.364287961984,5690.213869438841,67957.0944065169,0.0031506012289234187
2021-01-05,59246.39890651312,25054.707727922985,5681.01807667267,68165.93920450921,0.003068473517192283
2021-01-06,59418.15445256412,25110.532277177448,5671.78751279118,68369.8827950598,0.0029874027085294327
2021-01-07,59585.772902883895,25164.84534305126,5662.522834414904,68568.9479509708,0.0029073608274163055
2021-01-08,59749.273639689854,25217.654332870294,5653.224698164372,68763.15744504426,0.002828320777237921
2021-01-09,59908.67604519931,25268.966653960415,5643.89376066011,68952.53405008222,0.0027502563048687214
2021-01-10,60063.99950162967,25318.7897136475,5634.530678522651,69137.10053888676,0.0026731419669326277
2021-01-11,60215.263391198336,25367.130919257444,5625.136108372527,69316.87968425998,0.002596953097654685
2021-01-12,60362.48709612262,25413.9976781161,5615.710706830262,69491.89425900391,0.002521665778211516
2021-01-13,60505.68999861995,25459.39739754935,5606.25513051639,69662.1670359206,0.002447256807504261
2021-01-14,60644.89148090766,25503.33748488307,5596.770036051436,69827.72078781217,0.002373703674272444
2021-01-15,60780.110925203146,25545.82534744313,5587.256080055935,69988.57828748066,0.002300984530479235
2021-01-16,60911.367713723776,25586.86839255541,5577.713919150414,70144.76230772812,0.0022290781659029097
2021-01-17,61038.68122868692,25626.474027545788,5568.144209955404,70296.2956213566,0.002157963983867605
2021-01-18,61162.07085230995,25664.64965974013,5558.547609091433,70443.20100116824,0.0020876219780550376
2021-01-19,61281.55596681026,25701.402696464324,5548.92477317903,70585.50121996505,0.0020180327103384967
2021-01-20,61397.15595440521,25736.74054504423,5539.276358838728,70723.21905054909,0.0019491772895956464
2021-01-21,61508.89019731215,25770.67061280573,5529.603022691053,70856.37726572243,0.0018810373514375118
2021-01-22,61616.7780777485,25803.2003070747,5519.905421356537,70984.99863828719,0.001813595038814879
2021-01-23,61720.83897793161,25834.33703517702,5510.18421145571,71109.10594104536,0.0017468329834550735
2021-01-24,61821.09228007885,25864.088204438558,5500.440049609102,71228.72194679905,0.001680734288094192
2021-01-25,61917.5573664076,25892.461222185193,5490.67359243724,71343.86942835033,0.0016152825094494104
2021-01-26,62010.25361913521,25919.46349574279,5480.885496560653,71454.57115850122,0.001550461641913614
2021-01-27,62099.2004204791,25945.102432437237,5471.076418599876,71560.84991005385,0.001486256101927053
2021-01-28,62184.41715265662,25969.38543959441,5461.247015175436,71662.72845581021,0.0014226507129864348
2021-01-29,62265.923197885146,25992.319924540174,5451.397942907862,71760.22956857247,0.0013596306912828564
2021-01-30,62343.73793838202,26013.913294600403,5441.5298584176835,71853.37602114258,0.001297181631906505
2021-01-31,62417.88075636467,26034.17295710098,5431.6434183254305,71942.19058632267,0.0012352894956260709
2021-02-01,62488.37103405044,26053.106319367776,5421.739279251633,72026.6960369148,0.0011739405961829325
2021-02-02,62555.228153656695,26070.72078872667,5411.81809781682,72106.91514572107,0.0011131215881006724
2021-02-03,62618.47149740087,26087.023772503537,5401.8805306415225,72182.8706855435,0.001052819454970972
2021-02-04,62678.12044750024,26102.022678024245,5391.927234346268,72254.58542918414,0.0009930214982017424
2021-02-05,62734.19438617224,26115.72491261467,5381.95886555159,72322.08214944508,0.0009337153262024537
2021-02-06,62786.71269563425,26128.1378836007,5371.976080878014,72385.3836191284,0.000874888843984029
2021-02-07,62835.6947581036,26139.26899830819,5361.979536946073,72444.51261103616,0.0008165302431619631
2021-02-08,62881.1599557977,26149.125664063034,5351.969890376293,72499.4918979704,0.0007586279923377664
2021-02-09,62923.12767093393,26157.715288191095,5341.9477977892075,72550.34425273321,0.0007011708278442391
2021-02-10,62961.617285729626,26165.04527801825,5331.913915805343,72597.09244812664,0.0006441477448369509
2021-02-11,62996.64818240222,26171.123040870385,5321.8689010452335,72639.75925695279,0.0005875479887187213
2021-02-12,63028.23974316902,26175.955984073356,5311.813410129404,72678.36745201371,0.0005313610468794377
2021-02-13,63056.411350247436,26179.551514953055,5301.748099678385,72712.93980611143,0.0004755766407404087
2021-02-14,63081.18238585482,26181.917040835342,5291.6736263127095,72743.49909204805,0.00042018471808777456
2021-02-15,63102.57223220861,26183.059969046113,5281.590646652904,72770.06808262564,0.00036517544568147656
2021-02-16,63120.6002715261,26182.98770691122,5271.499817319501,72792.66955064626,0.0003105392021300462
2021-02-17,63135.28588602467,26181.707661756554,5261.401794933025,72811.32626891196,0.00025626657102079527
2021-02-18,63146.64845792175,26179.227240907974,5251.29723611401,72826.0610102248,0.0002023483342896477
2021-02-19,63154.707369434684,26175.553851691377,5241.1867974829875,72836.89654738692,0.0001487754658259392
2021-02-20,63159.482002780824,26170.694901432624,5231.071135660482,72843.85565320027,9.553912529307101e-05
2021-02-21,63160.99174017758,26164.657797457592,5220.950907267026,72846.96110046703,4.263065217741729e-05
2021-02-22,63159.25596384231,26157.44994709215,5210.82676892315,72846.23566198918,-9.958439981734878e-06
2021-02-23,63154.29405599238,26149.078757662188,5200.69937724938,72841.7021105688,-6.223646914296747e-05
2021-02-24,63146.12539884518,26139.55163649358,5190.569388866251,72833.38321900804,-0.00011421159014225351
2021-02-25,63134.76937461805,26128.87599091217,5180.437460394287,72821.30176010882,-0.00016589179989174397
2021-02-26,63120.245365528426,26117.05922824387,5170.304248454022,72805.48050667334,-0.00021728494239123237
2021-02-27,63102.572753793625,26104.10875581455,5160.170409665985,72785.9422315036,-0.000268398713599461
2021-02-28,63081.77092163105,26090.031980950072,5150.036600650705,72762.7097074017,-0.0003192406661241663
2021-03-01,63057.85925125804,26074.836310976312,5139.90347802871,72735.80570716962,-0.0003698182137740446
2021-03-02,63030.85712489201,26058.529153219148,5129.771698420532,72705.25300360953,-0.00042013863595797424
2021-03-03,63000.78392475033,26041.117915004463,5119.6419184466995,72671.07436952347,-0.00047020908195137263
2021-03-04,62967.659033050346,26022.610003658127,5109.514794727745,72633.29257771348,-0.0005200365750215851
2021-03-05,62931.50183200945,26003.01282650601,5099.390983884193,72591.93040098163,-0.0005696280164271984
2021-03-06,62892.331703845026,25982.33379087399,5089.271142536579,72547.01061213,-0.0006189901892947374
2021-03-07,62850.168030774425,25960.58030408794,5079.155927305427,72498.55598396063,-0.0006681297623775406
2021-03-08,62805.030195015024,25937.75977347374,5069.045994811271,72446.58928927564,-0.0007170532936946186
2021-03-09,62756.937578784215,25913.879606357263,5058.942001674638,72391.13330087702,-0.0007657672340719607
2021-03-10,62705.90956429935,25888.947210064383,5048.84460451606,72332.21079156692,-0.0008142779305619965
2021-03-11,62651.96553377783,25862.96999192099,5038.754459956066,72269.84453414737,-0.0008625916297815733
2021-03-12,62595.12486943699,25835.955359252916,5028.672224615182,72204.05730142037,-0.0009107144811369402
2021-03-13,62535.406953494254,25807.910719386087,5018.598555113944,72134.87186618808,-0.0009586525399599992
2021-03-14,62472.83116816694,25778.843479646348,5008.534108072877,72062.31100125253,-0.0010064117705654292
2021-03-15,62407.416895672446,25748.761047359578,4998.479540112514,71986.39747941578,-0.0010539980492042854
2021-03-16,62339.18351822814,25717.670829851668,4988.435507853381,71907.1540734799,-0.001101417166949685
2021-03-17,62268.15041805146,25685.58023444848,4978.402667916011,71824.603556247,-0.0011486748324940768
2021-03-18,62194.33697735968,25652.496668475877,4968.381676920931,71738.76870051905,-0.0011957766748783797
2021-03-19,62117.76257837022,25618.427539259756,4958.373191488672,71649.6722790982,-0.001242728246135711
2021-03-20,62038.44660330045,25583.380254125987,4948.377868239764,71557.33706478648,-0.0012895350238807776
2021-03-21,61956.408434367775,25547.362220400442,4938.396363794737,71461.78583038598,-0.0013362024138164322
2021-03-22,61871.6674537895,25510.380845408985,4928.42933477412,71363.04134869872,-0.0013827357521866885
2021-03-23,61784.24304378306,25472.44353647751,4918.477437798441,71261.1263925268,-0.0014291403081576012
2021-03-24,61694.15458656581,25433.55770093189,4908.541329488235,71156.06373467232,-0.001475421286146745
2021-03-25,61601.42146435513,25393.730746097983,4898.621666464027,71047.87614793726,-0.0015215838280924865
2021-03-26,61506.063059368345,25352.97007930167,4888.719105346346,70936.58640512374,-0.0015676330156603319
2021-03-27,61408.09875382292,25311.28310786885,4878.834302755724,70822.21727903384,-0.0016135738724094518
2021-03-28,61307.54792993616,25268.67723912537,4868.967915312691,70704.79154246961,-0.0016594113658978846
2021-03-29,61204.429969925426,25225.159880397106,4859.120599637775,70584.33196823308,-0.0017051504097431798
2021-03-30,61098.76425600814,25180.738439009943,4849.293012351506,70460.86132912633,-0.0017507958656321143
2021-03-31,60990.570170401654,25135.420322289756,4839.485810074414,70334.40239795146,-0.0017963525452912377
2021-04-01,60879.86709532336,25089.212937562428,4829.699649427032,70204.97794751056,-0.0018418252124093274
2021-04-02,60766.674412990615,25042.12369215382,4819.935187029885,70072.61075060563,-0.0018872185845210635
2021-04-03,60651.011505620794,24994.15999338981,4810.193079503504,69937.32358003873,-0.0019325373348459012
2021-04-04,60532.89775543126,24945.32924859627,4800.473983468419,69799.139208612,-0.001977786094094344
2021-04-05,60412.3525446394,24895.638865099085,4790.77855554516,69658.08040912742,-0.002022969452238486
2021-04-06,60289.39525546259,24845.096250224116,4781.107452354256,69514.16995438711,-0.002068091960237128
2021-04-07,60164.04527011818,24793.70881129726,4771.461330516237,69367.43061719315,-0.0021131581317415764
2021-04-08,60036.32197082359,24741.483955644366,4761.840846651632,69217.88517034757,-0.002158172444759874
2021-04-09,59906.244739796166,24688.429090591333,4752.2466573809725,69065.55638665243,-0.0022031393432898885
2021-04-10,59773.83295925328,24634.55162346402,4742.679419324789,68910.46703890983,-0.0022480632389292586
2021-04-11,59639.10601141232,24579.858961588314,4733.139789103607,68752.63989992182,-0.002292948512452724
2021-04-12,59502.083278490616,24524.358512290066,4723.6284233379565,68592.09774249044,-0.002337799515363052
2021-04-13,59362.78414270561,24468.05768289518,4714.145978648373,68428.86333941779,-0.002382620571416331
2021-04-14,59221.227986274615,24410.96388072952,4704.693111655381,68262.9594635059,-0.002427415978126062
2021-04-15,59077.43419141506,24353.08451311896,4695.2704789795125,68094.40888755691,-0.0024721900082374684
2021-04-16,58931.42214034424,24294.426987389368,4685.8787372412935,67923.23438437282,-0.002516946911189381
2021-04-17,58783.21121527962,24234.998710866643,4676.518543061258,67749.4587267557,-0.0025616909145431918
2021-04-18,58632.8207984385,24174.80709087662,4667.190553059934,67573.10468750764,-0.0026064262254031495
2021-04-19,58480.2702720383,24113.85953474521,4657.895423857852,67394.1950394307,-0.0026511570318107198
2021-04-20,58325.5790182964,24052.163449798285,4648.633812075541,67212.75255532694,-0.0026958875041246935
2021-04-21,58168.766419430125,23989.726243361696,4639.40637433353,67028.80000799843,-0.0027406217963815826
2021-04-22,58009.85185765688,23926.55532276133,4630.2137672523495,66842.36017024721,-0.002785364047644865
2021-04-23,57848.854715194066,23862.658095323088,4621.056647452529,66653.4558148754,-0.002830118383331713
2021-04-24,57685.79437425898,23798.041968372796,4611.935671554597,66462.10971468501,-0.002874888916537582
2021-04-25,57520.690217069074,23732.71434923637,4602.851496179088,66268.34464247814,-0.0029196797493330324
2021-04-26,57353.56162584167,23666.682645239667,4593.804777946525,66072.18337105685,-0.0029644949740629664
2021-04-27,57184.42798279417,23599.954263708565,4584.796173477442,65873.64867322322,-0.003009338674623322
2021-04-28,57013.30867014395,23532.536611968942,4575.826339392367,65672.76332177928,-0.003054214927736052
2021-04-29,56840.22307010835,23464.43709734666,4566.89593231183,65469.55008952711,-0.003099127804207011
2021-04-30,56665.19056490478,23395.663127167612,4558.0056088563615,65264.03174926879,-0.0031440813701821154
2021-05-01,56488.2305367506,23326.22210875766,4549.156025646491,65056.23107380636,-0.0031890796883913114
2021-05-02,56309.36236786319,23256.121449442693,4540.347839302747,64846.17083594193,-0.0032341268193860203
2021-05-03,56128.605440459905,23185.368556548572,4531.5817064456605,64633.87380847752,-0.003279226822774632
2021-05-04,55945.97913675814,23113.970837401183,4522.858283695759,64419.362764215206,-0.0033243837584447963
2021-05-05,55761.502838975255,23041.93569932639,4514.178227673576,64202.66047595707,-0.0033696016877892134
2021-05-06,55575.19592932865,22969.270549650075,4505.542194999637,63983.78971650519,-0.0034148846749224573
2021-05-07,55387.07779003564,22895.98279569811,4496.950842294475,63762.7732586616,-0.0034602367878982907
2021-05-08,55197.16780331366,22822.079844796375,4488.404826178618,63539.63387522838,-0.003505662099919463
2021-05-09,55005.485351380055,22747.569104270733,4479.904803272595,63314.39433900759,-0.0035511646905532395
2021-05-10,54812.049816452214,22672.457981447085,4471.451430196938,63087.07742280128,-0.0035967486469401936
2021-05-11,54616.8805807475,22596.75388365128,4463.045363572176,62857.70589941157,-0.003642418065005062
2021-05-12,54419.99702648328,22520.4642182092,4454.687260018836,62626.302541640485,-0.0036881770506713416
2021-05-13,54221.41853587695,22443.59639244673,4446.377776157453,62392.8901222901,-0.0037340297210704905
2021-05-14,54021.16449114586,22366.15781368973,4438.117568608552,62157.49141416247,-0.0037799802057606694
2021-05-15,53819.25427450739,22288.155889264086,4429.907293992664,61920.12919005967,-0.003826032647944002
2021-05-16,53615.707268178914,22209.598026495663,4421.747608930318,61680.82622278376,-0.003872191205689149
2021-05-17,53410.54285437781,22130.491632710346,4413.6391700420445,61439.60528513683,-0.003918460053157647
2021-05-18,53203.78041532146,22050.84411523401,4405.582633948375,61196.489149920926,-0.00396484338183736
2021-05-19,52995.439333227216,21970.662881392524,4397.578657269835,60951.5005899381,-0.004011345401779152
2021-05-20,52785.53899031247,21889.955338511765,4389.627896626958,60704.662377990455,-0.004057970342840682
2021-05-21,52574.09876879459,21808.728893917607,4381.731008640273,60455.99728688,-0.00410472245594269
2021-05-22,52361.13805089094,21726.99095493593,4373.888649930308,60205.52808940885,-0.004151606014323285
2021-05-23,52146.676218818924,21644.748928892608,4366.101477117594,59953.277558379086,-0.004198625314812876
2021-05-24,51930.73265479589,21562.010223113513,4358.370146822661,59699.26846659272,-0.004245784679112136
2021-05-25,51713.3267410392,21478.782244924514,4350.695315666037,59443.52358685186,-0.004293088455078374
2021-05-26,51494.47785976629,21395.07240165151,4343.077640268255,59186.06569195855,-0.0043405410180311224
2021-05-27,51274.20539319443,21310.888100620345,4335.517777249839,58926.91755471485,-0.004388146772063259
2021-05-28,51052.528723541065,21226.236749156902,4328.016383231324,58666.10194792284,-0.004435910151365791
2021-05-29,50829.467233023584,21141.12575458708,4320.574114833237,58403.6416443846,-0.0044838356215710215
2021-05-30,50605.04030385932,21055.562524236724,4313.19162867611,58139.55941690216,-0.004531927681105284
2021-05-31,50379.26731826566,20969.55446543173,4305.86958138047,57873.87803827762,-0.004580190862556513
2021-06-01,50152.16765845998,20883.10898549796,4298.608629566847,57606.620281313015,-0.0046286297340652404
2021-06-02,49923.76070665963,20796.233491761286,4291.409429855773,57337.80891881043,-0.004677248900722881
2021-06-03,49694.065845082034,20708.935391547602,4284.272638867777,57067.466723571946,-0.004726053005995367
2021-06-04,49463.10245594452,20621.22209218277,4277.198913223386,56795.6164683996,-0.004775046733164037
2021-06-05,49230.88992146449,20533.101000992665,4270.188909543133,56522.28092609547,-0.004824234806781975
2021-06-06,48997.447623859305,20444.579525303165,4263.243284447546,56247.48286946162,-0.004873621994157127
2021-06-07,48762.79494534632,20355.66507244014,4256.362694557155,55971.2450713001,-0.004923213106854265
2021-06-08,48526.95126814295,20266.365049729473,4249.547796492489,55693.59030441301,-0.004973013002216824
2021-06-09,48289.93597446655,20176.686864497035,4242.799246874079,55414.54134160242,-0.005023026584918924
2021-06-10,48051.768446534465,20086.63792406869,4236.117702322453,55134.12095567033,-0.005073258808536185
2021-06-11,47812.46806656411,19996.225635770337,4229.503819458143,54852.35191941888,-0.005123714677140963
2021-06-12,47572.05421677287,19905.457406927842,4222.958254901677,54569.2570056501,-0.00517439924693318
2021-06-13,47330.54627937807,19814.340644867072,4216.481665273585,54284.85898716607,-0.005225317627887803
2021-06-14,47087.96363659708,19722.882756913896,4210.074707194396,53999.180636768826,-0.005276474985439195
2021-06-15,46844.32567064734,19631.09115039421,4203.738037284643,53712.244727260484,-0.00532787654218821
2021-06-16,46599.65176374618,19538.97323263388,4197.472312164851,53424.07403144308,-0.005379527579650336
2021-06-17,46353.96129811096,19446.536410958775,4191.2781884555525,53134.69132211865,-0.005431433440025076
2021-06-18,46107.27365595908,19353.78809269478,4185.156322777278,52844.119372089335,-0.005483599528002766
2021-06-19,45859.60821950791,19260.73568516776,4179.107371750554,52552.38095415714,-0.00553603131261457
2021-06-20,45610.98437097481,19167.386595703592,4173.131991995911,52259.49884112414,-0.005588734329100883
2021-06-21,45361.42149257717,19073.748231628157,4167.230840133881,51965.49580579241,-0.005641714180832928
2021-06-22,45110.938966532354,18979.828000267327,4161.4045727849925,51670.394620964034,-0.00569497654126444
2021-06-23,44859.55617505774,18885.633308946977,4155.653846569774,51374.218059441046,-0.005748527155927683
2021-06-24,44607.2925003707,18791.171564992987,4149.979318108758,51076.988894025526,-0.005802371844464446
2021-06-25,44354.16732468861,18696.45017573122,4144.381644022471,50778.72989751955,-0.005856516502708031
2021-06-26,44100.20003022884,18601.476548487564,4138.861480931445,50479.46384272517,-0.005910967104803441
2021-06-27,43845.409999208765,18506.258090587882,4133.419485456207,50179.21350244445,-0.00596572970537529
2021-06-28,43589.81661384575,18410.80220935806,4128.0563142172905,49878.001649479476,-0.006020810441742836
2021-06-29,43333.43925635719,18315.116312123966,4122.772623835221,49575.85105663228,-0.006076215536186409
2021-06-30,43076.29730896044,18219.207806211474,4117.569070930531,49272.78449670495,-0.00613195129825815
2021-07-01,42818.410153872894,18123.08409894647,4112.44631212375,48968.82474249956,-0.006188024127153639
2021-07-02,42559.7971733119,18026.75259765482,4107.405004035407,48663.99456681817,-0.006244440514130618
2021-07-03,42300.477749494836,17930.2207096624,4102.445803286032,48358.31674246283,-0.006301207044987949
2021-07-04,42040.471264639105,17833.495842295088,4097.5693664961545,48051.81404223562,-0.006358330402598917
2021-07-05,41779.79710096206,17736.585402878754,4092.7763502863045,47744.50923893861,-0.006415817369508923
2021-07-06,41518.47464068106,17639.496798739274,4088.067411277011,47436.42510537385,-0.0064736748305911215
2021-07-07,41256.52326601349,17542.237437202533,4083.443206088805,47127.58441434342,-0.006531909775766115
2021-07-08,40993.962359176745,17444.81472559439,4078.9043913422147,46818.0099386494,-0.006590529302791933
2021-07-09,40730.811302388174,17347.23607124073,4074.45162365777,46507.7244510938,-0.006649540620117312
2021-07-10,40467.08947786516,17249.508881467427,4070.0855596560004,46196.75072447875,-0.006708951049805849
2021-07-11,40202.81626782507,17151.64056360036,4065.8068559574376,45885.111531606286,-0.006768768030538603
2021-07-12,39938.01105448527,17053.63852496539,4061.616169182609,45572.82964527846,-0.0068289991206853876
2021-07-13,39672.693220063156,16955.510172888407,4057.5141559520457,45259.92783829737,-0.006889652001455676
2021-07-14,39406.88214677611,16857.262914695282,4053.501472886277,44946.428883465065,-0.0069507344801343724
2021-07-15,39140.597216841474,16758.904157711888,4049.5787766058315,44632.35555358362,-0.007012254493393132
2021-07-16,38873.85781247662,16660.441309264093,4045.7467237312403,44317.730621455084,-0.007074220110695006
2021-07-17,38606.683315898954,16561.88177667779,4042.005970883032,44002.576859881534,-0.007136639537781227
2021-07-18,38339.09310932582,16463.232967278836,4038.357174681738,43686.91704166504,-0.007199521120255317
2021-07-19,38071.10657497461,16364.502288393116,4034.800991747886,43370.77393960765,-0.007262873347258619
2021-07-20,37802.74309506271,16265.69714734651,4031.338078702008,43054.17032651146,-0.0073267048552432676
2021-07-21,37534.022051807464,16166.824951464876,4027.96909216463,42737.12897517851,-0.007391024431851365
2021-07-22,37264.96282742625,16067.89310807411,4024.6946887562863,42419.672658410884,-0.007455841019889382
2021-07-23,36995.584804136466,15968.909024500066,4021.5155250975026,42101.82414901064,-0.007521163721422557
2021-07-24,36725.90736415545,15869.880108068628,4018.4322578088104,41783.60621977981,-0.007587001801970615
2021-07-25,36455.94988970061,15770.813766105683,4015.4455435107393,41465.041643520526,-0.007653364694821862
2021-07-26,36185.73176298929,15671.717405937088,4012.556038823818,41146.153193034814,-0.007720262005474622
2021-07-27,35915.27236623888,15572.598434888723,4009.764400368578,40826.96364112473,-0.007787703516187751
2021-07-28,35644.59108166678,15473.464260286473,4007.0712847655486,40507.49576059237,-0.0078556991906681
2021-07-29,35373.70729149032,15374.322289456202,4004.4773486352587,40187.77232423979,-0.00792425917889176
2021-07-30,35102.64037792688,15275.179929723785,4001.9832485982374,39867.816104869045,-0.007993393822052696
2021-07-31,34831.40972319386,15176.044588415105,3999.589641275016,39547.649875282215,-0.008063113657658478
2021-08-01,34560.03470950859,15076.923672856032,3997.2971832861226,39227.29640828135,-0.008133429424772368
2021-08-02,34288.5347190885,14977.824590372442,3995.1065312520886,38906.77847666852,-0.008204352069400352
2021-08-03,34016.92913415092,14878.754748290208,3993.0183417934422,38586.1188532458,-0.008275892750040599
2021-08-04,33745.23733691325,14779.721553935211,3991.0332715307145,38265.34031081527,-0.00834806284338873
2021-08-05,33473.478709592855,14680.732414633318,3989.151977084434,37944.46562217897,-0.008420873950213017
2021-08-06,33201.6726344071,14581.794737710412,3987.3751150751305,37623.517560138964,-0.008494337901398634
2021-08-07,32929.83849357336,14482.91593049236,3985.7033421233336,37302.51889749734,-0.008568466764171879
2021-08-08,32657.995669309028,14384.103400305044,3984.1373148495745,36981.49240705615,-0.00864327284851064
2021-08-09,32386.163543831437,14285.36455447433,3982.67768987438,36660.460861617445,-0.008718768713739186
2021-08-10,32114.36149935802,14186.70680032611,3981.325123818283,36339.44703398333,-0.008794967175325701
2021-08-11,31842.608918106096,14088.13754518624,3980.08027330181,36018.47369695582,-0.00887188131188378
2021-08-12,31570.925182293075,13989.664196380609,3978.943794945493,35697.563623337024,-0.008949524472376394
2021-08-13,31299.329674136305,13891.294161235082,3977.916345369862,35376.739585929005,-0.00902791028355092
2021-08-14,31027.841775853194,13793.034847075542,3976.9985811954457,35056.02435753382,-0.009107052657589106
2021-08-15,30756.48086966108,13694.893661227861,3976.1911590427735,34735.440710953524,-0.00918696579999498
2021-08-16,30485.266337777342,13596.87801101791,3975.4947355323748,34415.01141899019,-0.00926766421772321
2021-08-17,30214.21756241937,13498.99530377157,3974.9099672847806,34094.75925444587,-0.009349162727558322
2021-08-18,29943.353925804524,13401.252946814717,3974.43751092052,33774.70699012268,-0.009431476464749539
2021-08-19,29672.69481015019,13303.658347473218,3974.0780230601213,33454.877398822624,-0.009514620891921668
2021-08-20,29402.259597673732,13206.218913072953,3973.8321603241166,33135.2932533478,-0.009598611808245797
2021-08-21,29132.06767059253,13108.9420509398,3973.7005793330336,32815.97732650027,-0.009683465358916114
2021-08-22,28862.138411123953,13011.835168399633,3973.6839367074044,32496.952391082108,-0.009769198044909319
2021-08-23,28592.49120148538,12914.905672778323,3973.7828890677565,32178.241219895353,-0.00985582673305671
2021-08-24,28323.145423894177,12818.160971401745,3973.998093034619,31859.866585742104,-0.00994336866642932
2021-08-25,28054.12046056772,12721.608471595784,3974.3302052285244,31541.851261424406,-0.010031841475058784
2021-08-26,27785.435693723393,12625.255580686298,3974.7798822699997,31224.21801974434,-0.01012126318698773
2021-08-27,27517.110505578567,12529.109705999177,3975.347780779577,30906.989633503956,-0.010211652239681616
2021-08-28,27249.164278350596,12433.17825486029,3976.034557377783,30590.18887550532,-0.010303027491795793
2021-08-29,26981.61639425687,12337.468634595509,3976.84086868515,30273.838518550514,-0.010395408235324593
2021-08-30,26714.48623551476,12241.988252530717,3977.7673713222057,29957.96133544159,-0.010488814208139668
2021-08-31,26447.793184341655,12146.744515991784,3978.814721909483,29642.580098980627,-0.01058326560692482
2021-09-01,26181.556622954908,12051.744832304585,3979.9835770675077,29327.71758196967,-0.010678783100537059
2021-09-02,25915.795933571906,11956.996608794998,3981.274593416812,29013.396557210814,-0.010775387843787974
2021-09-03,25650.530498409997,11862.507252788893,3982.6884275779244,28699.639797506097,-0.010873101491682871
2021-09-04,25385.779699686584,11768.28417161215,3984.2257361713746,28386.47007565759,-0.010971946214108191
2021-09-05,25121.562919619035,11674.334772590642,3985.8871758176942,28073.910164467386,-0.01107194471100515
2021-09-06,24857.899540424725,11580.666463050244,3987.67340313741,27761.982836737516,-0.01117312022803575
2021-09-07,24594.808944321,11487.28665031683,3989.585074751052,27450.710865270055,-0.011275496572748558
2021-09-08,24332.310513525277,11394.20274171628,3991.6228472791536,27140.11702286708,-0.011379098131284198
2021-09-09,24070.423630254907,11301.42214457446,3993.78737734224,26830.224082330664,-0.011483949885617408
2021-09-10,23809.16767672726,11208.952266217253,3996.079321560842,26521.054816462845,-0.011590077431363833
2021-09-11,23548.56203515971,11116.800513970533,3998.499336555491,26212.631998065703,-0.011697506996163811
2021-09-12,23288.626087769648,11024.974295160173,4001.0480789467165,25904.97839994131,-0.011806265458672817
2021-09-13,23029.37921677443,10933.481017112048,4003.7262053550467,25598.11679489173,-0.011916380368165815
2021-09-14,22770.84080439143,10842.328087152033,4006.5343724010113,25292.06995571902,-0.012027879964782525
2021-09-15,22513.030232838035,10751.522912606006,4009.473236705142,24986.86065522525,-0.012140793200430216
2021-09-16,22255.966884331614,10661.072900799842,4012.5434548879666,24682.511666212496,-0.012255149760368431
2021-09-17,21999.670141089533,10570.98545905941,4015.745683570015,24379.045761482812,-0.012370980085494782
2021-09-18,21744.159385329174,10481.26799471059,4019.080579371817,24076.485713838276,-0.012488315395348086
2021-09-19,21489.453999267906,10391.927915079254,4022.548798913902,23774.85429608093,-0.012607187711862275
2021-09-20,21235.573365123106,10302.972627491283,4026.1509988168013,23474.17428101287,-0.01272762988387514
2021-09-21,20982.536865112146,10214.409539272548,4029.887835701043,23174.46844143614,-0.012849675612436646
2021-09-22,20730.363881452395,10126.24605774892,4033.7599661871573,22875.759550152812,-0.01297335947691173
2021-09-23,20479.073796361237,10038.489590246283,4037.7680468956746,22578.070379964945,-0.013098716961924273
2021-09-24,20228.685992056042,9951.147544090509,4041.9127344471235,22281.423703674638,-0.01322578448514454
2021-09-25,19979.219850754176,9864.227326607468,4046.1946854620332,21985.842294083915,-0.01335459942595956
2021-09-26,19730.694754673023,9777.736345123038,4050.614556560935,21691.348923994858,-0.013485200155020057
2021-09-27,19483.130086029953,9691.682006963096,4055.1730043643565,21397.966366209545,-0.013617626064719139
2021-09-28,19236.54522704234,9606.071719453514,4059.8706854928305,21105.717393530027,-0.013751917600594268
2021-09-29,18990.959559927556,9520.912889920171,4064.708256566884,20814.62477875837,-0.013888116293678344
2021-09-30,18746.392466902973,9436.21292568894,4069.686374207047,20524.711294696644,-0.014026264793824423
2021-10-01,18502.86333018598,9351.979234085697,4074.8056950338514,20235.999714146925,-0.014166406904009955
2021-10-02,18260.391531993926,9268.219222436312,4080.0668756678233,19948.51280991126,-0.014308587615640963
2021-10-03,18018.996454544194,9184.940298066664,4085.470572729494,19662.27335479172,-0.014452853144856564
2021-10-04,17778.697480054176,9102.149868302633,4091.0174428393957,19377.30412159039,-0.014599250969857324
2021-10-05,17539.513990741223,9019.855340470087,4096.708142618055,19093.627883109304,-0.014747829869254115
2021-10-06,17301.46536882272,8938.064121894902,4102.5433286860025,18811.26741215056,-0.014898639961426692
2021-10-07,17064.570996516035,8856.783619902957,4108.523657663768,18530.2454815162,-0.01505173274492331
2021-10-08,16828.85025603855,8776.021241820124,4114.64978617188,18250.584864008306,-0.015207161139846999
2021-10-09,16594.322529607623,8695.784394972277,4120.922370830871,17972.308332428925,-0.0153649795302587
2021-10-10,16361.007199440644,8616.080486685292,4127.342068261267,17695.438659580144,-0.015525243807538452
2021-10-11,16128.923647754988,8536.916924285048,4133.909535083601,17419.998618264017,-0.01568801141470826
2021-10-12,15898.091256768008,8458.301115097413,4140.6254279184,17146.010981282612,-0.01585334139164983
2021-10-13,15668.529408697097,8380.240466448267,4147.490403386197,16873.498521437992,-0.016021294421189915
2021-10-14,15440.257485759625,8302.742385663485,4154.505118107518,16602.484011532233,-0.016191932875979417
2021-10-15,15213.294870172958,8225.814280068942,4161.670228702895,16332.990224367395,-0.016365320866101908
2021-10-16,14987.660944154479,8149.463556990508,4168.986391792856,16065.039932745534,-0.016541524287311354
2021-10-17,14763.375089921563,8073.697623754066,4176.454263997934,15798.655909468735,-0.01672061086979785
2021-10-18,14540.456689691571,7998.5238876854855,4184.074501938655,15533.860927339047,-0.016902650227359338
2021-10-19,14318.925125681893,7923.949756110642,4191.847762235549,15270.677759158549,-0.017087713906808372
2021-10-20,14098.799780109886,7849.982636355411,4199.774701509149,15009.129177729299,-0.01727587543746339
2021-10-21,13880.100035192936,7776.629935745668,4207.855976379981,14749.237955853361,-0.017467210380493245
2021-10-22,13662.845273148418,7703.899061607293,4216.092243468577,14491.02686633281,-0.017661796377889807
2021-10-23,13447.054876193695,7631.797421266154,4224.484159395465,14234.518681969706,-0.017859713200784718
2021-10-24,13232.748226546148,7560.332422048128,4233.0323807811765,13979.736175566115,-0.018061042796782053
2021-10-25,13019.944706423159,7489.511471279095,4241.73756424624,13726.70211992411,-0.01826586933594217
2021-10-26,12808.66369804208,7419.341976284919,4250.600366411185,13475.439287845742,-0.018474279254985286
2021-10-27,12598.9245836203,7349.831344391485,4259.621443896542,13225.97045213309,-0.01868636129921376
2021-10-28,12390.74674537519,7280.986982924664,4268.80145332284,12978.318385588216,-0.01890220656160643
2021-10-29,12184.149565524125,7212.8162992103325,4278.141051310609,12732.505861013185,-0.019121908518416157
2021-10-30,11979.152426284474,7145.326700574364,4287.640894480379,12488.555651210063,-0.019345563060545364
2021-10-31,11775.774709873616,7078.525594342636,4297.3016394526785,12246.490528980916,-0.019573268519847243
2021-11-01,11574.035798508925,7012.420387841021,4307.123942848039,12006.333267127808,-0.01980512568938887
2021-11-02,11373.955074407777,6947.018488395397,4317.10846128699,11768.106638452815,-0.020041237836570795
2021-11-03,11175.551919787531,6882.3273033316345,4327.255851390059,11531.833415757992,-0.020281710707856202
2021-11-04,10978.845716865584,6818.354239975614,4337.566769777778,11297.536371845408,-0.020526652523661103
2021-11-05,10783.855847859284,6755.1067056532065,4348.041873070675,11065.238279517127,-0.020776173961798462
2021-11-06,10590.601694986022,6692.592107690287,4358.681817889281,10834.96191157522,-0.021030388127601874
2021-11-07,10399.102640463178,6630.8178534127355,4369.487260854126,10606.730040821756,-0.02128941050862976
2021-11-08,10209.3780665081,6569.791350146419,4380.458858585736,10380.565440058781,-0.021553358911545577
2021-11-09,10021.447355338187,6509.520005217221,4391.597267704646,10156.490882088387,-0.021822353378427677
2021-11-10,9835.329889170802,6450.011225951013,4402.9031448313835,9934.529139712628,-0.02209651607944251
2021-11-11,9651.045050223313,6391.272419673666,4414.377146586476,9714.702985733558,-0.022375971178292854
2021-11-12,9468.612220713108,6333.310993711064,4426.019929590458,9497.03519295327,-0.022660844666463037
2021-11-13,9288.050782857546,6276.134355389071,4437.832150463853,9281.548534173804,-0.02295126416169598
2021-11-14,9109.380118874016,6219.749912033572,4449.814465827197,9068.265782197246,-0.023247358665461064
2021-11-15,8932.619610979878,6164.165070970437,4461.967532301014,8857.209709825642,-0.023549258273574177
2021-11-16,8757.788641392517,6109.387239525544,4474.292006505838,8648.40308986108,-0.023857093833179483
2021-11-17,8584.9065923293,6055.423825024765,4486.788545062197,8441.868695105612,-0.02417099653852311
2021-11-18,8413.992846007599,6002.2822347939755,4499.45780459062,8237.629298361302,-0.02449109745675898
2021-11-19,8245.066784644792,5949.969876159051,4512.300441711637,8035.70767243022,-0.024817526973955756
2021-11-20,8078.147790458253,5898.494156445868,4525.3171130457795,7836.126590114438,-0.025150414150024513
2021-11-21,7913.255245665353,5847.862482980299,4538.508475213575,7638.908824216012,-0.025489885969784742
2021-11-22,7750.4085324834705,5798.082263088223,4551.875184835555,7444.077147537017,-0.025836066475588452
2021-11-23,7589.627033129972,5749.16090409551,4565.417898532247,7251.654332879507,-0.026189075764959543
2021-11-24,7430.930129822239,5701.10581332804,4579.137272924182,7061.663153045565,-0.026549028834351812
2021-11-25,7274.337204777638,5653.924398111684,4593.033964631891,6874.126380837243,-0.026916034247606153
2021-11-26,7119.867640213546,5607.624065772319,4607.1086302759,6689.066789056608,-0.027290192604632616
2021-11-27,6967.540818347339,5562.212223635821,4621.361926476741,6506.507150505733,-0.02767159478257071
2021-11-28,6817.376121396387,5517.696279028063,4635.794509854946,6326.47023798668,-0.028060319917778798
2021-11-29,6669.39293157807,5474.083639274921,4650.40703703104,6148.978824301514,-0.028456433092683052
2021-11-30,6523.610631109755,5431.381711702272,4665.200164625557,5974.055682252305,-0.02885998268658807
2021-12-01,6380.048602208817,5389.597903635986,4680.174549259022,5801.723584641111,-0.029270997343954015
2021-12-02,6238.72622709263,5348.739622401943,4695.33084755197,5632.005304270005,-0.029689482507290765
2021-12-03,6099.662887978577,5308.814275326019,4710.669716124928,5464.923613941055,-0.03011541645472584
2021-12-04,5962.877967084012,5269.829269734082,4726.191811598424,5300.501286456316,-0.03054874577418083
2021-12-05,5828.390846626329,5231.7920129520135,4741.897790592989,5138.7610946178675,-0.03098938019705777
2021-12-06,5696.22090882289,5194.709912305686,4757.788309729155,4979.725811227765,-0.03143718670421579
2021-12-07,5566.387535891073,5158.590375120975,4773.864025627448,4823.4182090880795,-0.031891982805584765
2021-12-08,5438.910110048249,5123.440808723755,4790.125594908401,4669.8610610008745,-0.03235352888228883
2021-12-09,5313.8080135117925,5089.268620439903,4806.573674192542,4519.077139768218,-0.03282151946612619
2021-12-10,5191.100628499081,5056.081217595292,4823.2089201004,4371.089218192176,-0.03329557331607086
2021-12-11,5070.807337227484,5023.886007515799,4840.031989252508,4225.920069074813,-0.03377522213482828
2021-12-12,4952.947521914377,4992.690397527297,4857.04353826939,4083.592465218195,-0.034259897750691055
2021-12-13,4837.540564777134,4962.501794955663,4874.2442237715795,3944.1291794243903,-0.03474891757107445
2021-12-14,4724.605848033126,4933.32760712677,4891.634702379608,3807.552984495459,-0.03524146809456347
2021-12-15,4614.162753899731,4905.1752413664935,4909.215630714001,3673.886653233471,-0.03573658624856723
2021-12-16,4506.230664594321,4878.052105000712,4926.98766539529,3543.152958440499,-0.03623313830061719
2021-12-17,4400.828962334266,4851.9656053552935,4944.951463044004,3415.374672918593,-0.03672979607399886
2021-12-18,4297.97702933695,4826.923149756121,4963.107680280675,3290.574569469836,-0.03722501018448368
2021-12-19,4197.694247819734,4802.932145529065,4981.456973725831,3168.775420896281,-0.03771698000677053
2021-12-20,4100.0,4780.0,5000.0,3050.0,-0.03820362007943672
2021-12-21,4004.9064069763517,4758.130886817099,5018.736473162974,2934.262706022215,-0.03868537638531884
2021-12-22,3912.396545372291,4737.316044917717,5037.6623370315865,2821.544443960745,-0.03917180403990123
2021-12-23,3822.446230692564,4717.543479561498,5056.772592861929,2711.8177452525806,-0.03966524545213609
2021-12-24,3735.0312784419098,4698.801196008095,5076.062241910092,2605.0551413347043,-0.0401653222617354
2021-12-25,3650.1275041250724,4681.077199517159,5095.526285432173,2501.229163644098,-0.040671565976292554
2021-12-26,3567.710723246779,4664.359495348333,5115.1597246842575,2400.312343617739,-0.04118340444386663
2021-12-27,3487.756751311782,4648.63608876127,5134.957560922446,2302.2772126926147,-0.04170014646818671
2021-12-28,3410.2414038248153,4633.894985015622,5154.914795402825,2207.0963023057093,-0.04222096433237284
2021-12-29,3335.1404962906176,4620.124189371034,5175.02642938149,2114.7421438939964,-0.04274487397446182
2021-12-30,3262.42984421393,4607.311707087155,5195.287464114534,2025.1872688944654,-0.043270712536012876
2021-12-31,3192.0852630994923,4595.445543423637,5215.692900858049,1938.4042087440955,-0.04379711298477553
2022-01-01,3124.0825684520423,4584.5137036401275,5236.237740868126,1854.3654948798699,-0.04432247549544113
2022-01-02,3058.3975757763224,4574.504192996276,5256.916985400859,1773.043658738774,-0.044844935261772266
2022-01-03,2995.0061005770704,4565.4050167517335,5277.7256357123415,1694.4112317577867,-0.0453623264117767
2022-01-04,2933.8839583590275,4557.204180166146,5298.658693058666,1618.4407453738895,-0.04587214170991371
2022-01-05,2875.0069646269285,4549.8896884991655,5319.711158695924,1545.104731024068,-0.046371487762492614
2022-01-06,2818.3509348855205,4543.4495470104375,5340.878033880208,1474.3757201453036,-0.046857035502109554
2022-01-07,2763.891684639538,4537.871760959616,5362.154319867612,1406.2262441745795,-0.047324965824259636
2022-01-08,2711.605029393722,4533.144335606346,5383.535017914228,1340.6288345488738,-0.04777091039678385
2022-01-09,2661.4667846528114,4529.255276210282,5405.015129276148,1277.5560227051724,-0.04818988787595226
2022-01-10,2613.4527659215446,4526.192588031067,5426.589655209465,1216.9803400804585,-0.048576236060964846
2022-01-11,2567.538788704664,4523.944276328354,5448.253596970273,1158.8743181117113,-0.04892354092334035
2022-01-12,2523.7006685069096,4522.498346361792,5470.001955814661,1103.210488235916,-0.049224563984793114
2022-01-13,2481.914220833016,4521.8428033910295,5491.829732998728,1049.9613818900511,-0.049471170213929744
2022-01-14,2442.1552611877282,4521.965652675715,5513.731929778559,999.0995305111039,-0.04965425949582143
2022-01-15,2404.3996050757833,4522.854899475498,5535.703547410252,950.5974655360513,-0.04976370582358031
2022-01-16,2368.6230680019203,4524.498549050029,5557.739587149898,904.4277184018823,-0.04978830968155152
2022-01-17,2334.801465470881,4526.884606658957,5579.835050253591,860.5628205455732,-0.049715770633611794
2022-01-18,2302.910612987402,4530.001077561929,5601.98493797742,818.9753034041106,-0.04953268886362656
2022-01-19,2272.926326056225,4533.835967018596,5624.1842515774815,779.6376984144717,-0.0492246062617842
2022-01-20,2244.824420182091,4538.377280288609,5646.427992309865,742.5225370136445,-0.04877609946634676
2022-01-21,2218.5807108697345,4543.613022631613,5668.711161430666,707.6023506386093,-0.04817093882857284
2022-01-22,2194.171013623902,4549.53119930726,5691.028760195976,674.8496707263477,-0.04739232823404517
2022-01-23,2171.5711439493266,4556.1198155752,5713.375789861885,644.2370287138415,-0.0464232406368683
2022-01-24,2150.7569173507536,4563.36687669508,5735.74725168449,615.7369560380777,-0.04524686248099909
2022-01-25,2131.704149332917,4571.26038792655,5758.138146919882,589.3219841360303,-0.043847156259743364
2022-01-26,2114.388655400561,4579.78835452926,5780.543476824153,564.9646444446902,-0.04220954367193563
2022-01-27,2098.7862510584205,4588.938781762857,5802.958242653397,542.6374684010322,-0.04032170169535712
2022-01-28,2084.872751811239,4598.699674886993,5825.377445663704,522.3129874420422,-0.03817445028947975
2022-01-29,2072.623973163756,4609.059039161315,5847.796087111169,503.9637330047055,-0.03576269384129648
2022-01-30,2062.0157306207084,4620.0048798454745,5870.209168251884,487.5622365259989,-0.0330863602000699
2022-01-31,2053.0238396868385,4631.525202199119,5892.611690341941,473.08102944290937,-0.03015126353359945
2022-02-01,2045.6241158668847,4643.608011481899,5914.998654637435,460.4926431924174,-0.026969803551905314
2022-02-02,2039.7923746655854,4656.24131295346,5937.365062394454,449.7696092115026,-0.023561407744571966
2022-02-03,2035.5044315876821,4669.413111873458,5959.705914869097,440.88445893715095,-0.019952628883634926
2022-02-04,2032.7361021379152,4683.111413501535,5982.016213317451,433.8097238063458,-0.01617682968948356
2022-02-05,2031.4632018210214,4697.324223097346,6004.290958995611,428.5179352560667,-0.012273420486274774
2022-02-06,2031.6615461417405,4712.039545920536,6026.525153159669,424.98162472329517,-0.00828666102417869
2022-02-07,2033.3069506048141,4727.245387230756,6048.713797065719,423.1733236450162,-0.0042640883524931875
2022-02-08,2036.3752307149819,4742.929752287656,6070.851891969852,423.0655634582108,-0.0002546803013429991
2022-02-09,2040.8422019769814,4759.080646350883,6092.93443912816,424.6308755998623,0.0036931001444257525
2022-02-10,2046.6836798955535,4775.6860746800885,6114.956439796739,427.84179150695167,0.007533217698955878
2022-02-11,2053.875479975437,4792.734042534921,6136.912895231679,432.670842616463,0.011223778971198483
2022-02-12,2062.393417721373,4810.21255517503,6158.798806689074,439.09056036537515,0.014728419443721476
2022-02-13,2072.213308638099,4828.109617860064,6180.609175425016,447.07347619067446,0.018017277721767956
2022-02-14,2083.310968230355,4846.413235849671,6202.339002695594,456.592121529341,0.02106752193161341
2022-02-15,2095.662212002885,4865.111414403505,6223.983289756909,467.6190278183594,0.02386344197908202
2022-02-16,2109.242855460422,4884.192158781208,6245.537037865046,480.1267264947085,0.026396161305683095
2022-02-17,2124.028714107708,4903.643474242434,6266.9952482761,494.0877489953742,0.02866304837181447
2022-02-18,2139.995603449484,4923.453366046833,6288.352922246166,509.4746267573357,0.03066692018374122
2022-02-19,2157.1193389904874,4943.60983945405,6309.605061031332,526.2598912175762,0.0324151293401116
2022-02-20,2175.375736235461,4964.1008997237395,6330.746665887696,544.4160738130809,0.03391861559904041
2022-02-21,2194.7406106891403,4984.914552115548,6351.772738071347,563.9157059808283,0.03519098676552774
2022-02-22,2215.1897778562684,5006.038801889122,6372.678278838379,584.7313191578029,0.0362476753905778
2022-02-23,2236.699053241583,5027.461654304116,6393.458289444883,606.8354447809868,0.037105200155698105
2022-02-24,2259.244252349823,5049.171114620174,6414.107771146953,630.2006142873606,0.03778054567890562
2022-02-25,2282.80119068573,5071.155188096949,6434.621725200683,654.7993591139094,0.038290662673041514
2022-02-26,2307.3456837540443,5093.40187999409,6454.995152862163,680.6042106976147,0.03865208204555175
2022-02-27,2332.8535470595007,5115.899195571244,6475.223055387487,707.5877004754554,0.03888063131324549
2022-02-28,2359.3005961068443,5138.635140088062,6495.300434032749,735.7223598844193,0.03899123903803337
2022-03-01,2386.662646400811,5161.597718804193,6515.222290054037,764.9807203614857,0.03899781222467816
2022-03-02,2414.915513446141,5184.774936979286,6534.98362470745,795.3353133436385,0.03891317215471498
2022-03-03,2444.035012747576,5208.15479987299,6554.579439249075,826.7586702678581,0.03874903545516254
2022-03-04,2473.9969598098537,5231.725312744954,6574.004734935007,859.2233225711274,0.03851602892867754
2022-03-05,2504.7771701377146,5255.474480854828,6593.254513021339,892.7018016904295,0.03822372852610962
2022-03-06,2536.3514592358974,5279.39030946226,6612.323774764165,927.1666390627456,0.03788071464312545
2022-03-07,2568.6956426091415,5303.460803826901,6631.207521419575,962.5903661250594,0.03749463756312231
2022-03-08,2601.785535762188,5327.6739692083975,6649.900754243661,998.9455143143531,0.037072288297288265
2022-03-09,2635.596954199775,5352.017810866403,6668.398474492518,1036.2046150676092,0.0366196712741112
2022-03-10,2670.1057134266425,5376.480334060562,6686.695683422239,1074.3401998218073,0.036142076312277935
2022-03-11,2705.2876289475294,5401.0495440505265,6704.787382288913,1113.3248000139329,0.03564414809342105
2022-03-12,2741.118516267178,5425.713446095945,6722.668572348637,1153.1309470809679,0.03512995196066327
2022-03-13,2777.5741908903246,5450.460045456467,6740.334254857502,1193.7311724598924,0.03460303533343603
2022-03-14,2814.63046832171,5475.277347391741,6757.779431071598,1235.0980075876914,0.03406648437475123
2022-03-15,2852.2631640660757,5500.153357161418,6774.999102247023,1277.2039839013469,0.03352297579807165
2022-03-16,2890.448093628157,5525.0760800251455,6791.988269639865,1320.0216328378385,0.03297482387759968
2022-03-17,2929.1610725126975,5550.033521242571,6808.741934506217,1363.5234858341523,0.0324240228451718
2022-03-18,2968.377916224435,5575.013686073349,6825.255098102177,1407.6820743272683,0.03187228493315991
2022-03-19,3008.0744402681094,5600.004579777125,6841.522761683832,1452.469929754171,0.0313210743670296
2022-03-20,3048.2264601484594,5624.994207613548,6857.539926507273,1497.8595835518388,0.030771637631971632
2022-03-21,3088.8097913702272,5649.970574842268,6873.301593828599,1543.823567157259,0.030225030342568616
2022-03-22,3129.800249438149,5674.921686722933,6888.802764903897,1590.33441200741,0.029682141037399683
2022-03-23,3171.1736498569667,5699.835548515195,6904.038440989264,1637.3646495392754,0.029143712206298314
2022-03-24,3212.9058081314192,5724.700165478702,6919.003623340791,1684.8868111898382,0.028610358838874857
2022-03-25,3254.972539766245,5749.503542873103,6933.693313214569,1732.8734283960805,0.02808258476163098
2022-03-26,3297.3496602661858,5774.233685958046,6948.102511866693,1781.2970325949836,0.027560797008479188
2022-03-27,3340.0129851359798,5798.878599993181,6962.226220553253,1830.1301552235311,0.027045318447084032
2022-03-28,3382.9383298803664,5823.426290238158,6976.059440530345,1879.345327718704,0.02653639886170264
2022-03-29,3426.1015100040872,5847.864761952627,6989.5971730540605,1928.915081517487,0.026034224672644383
2022-03-30,3469.478341011879,5872.182020396234,7002.8344193804905,1978.811948056861,0.025538927453234026
2022-03-31,3513.044638408482,5896.366070828632,7015.766180765728,2029.0084587738068,0.025050591387547314
2022-04-01,3556.776217698637,5920.404918509468,7028.387458465869,2079.4771451053093,0.024569259796028194
2022-04-02,3600.6488943870845,5944.286568698391,7040.693253737001,2130.19053848835,0.024094940841539323
2022-04-03,3644.6384839785596,5967.99902665505,7052.678567835218,2181.1211703599097,0.023627612515304392
2022-04-04,3688.720801977807,5991.530297639096,7064.338402016616,2232.2415721569732,0.023167226990437113
2022-04-05,3732.871663889563,6014.868386910177,7075.667757537284,2283.5242753165217,0.022713714420318165
2022-04-06,3777.0668852185695,6038.001299727945,7086.6616356533195,2334.941811275538,0.02226698624981023
2022-04-07,3821.2822814695646,6060.917041352044,7097.315037620809,2386.4667114710037,0.02182693809904286
2022-04-08,3865.493668147288,6083.603617042127,7107.622964695848,2438.071507339901,0.021393452272270828
2022-04-09,3909.6768607564786,6106.049032057841,7117.580418134528,2489.7287303192124,0.020966399937872224
2022-04-10,3953.8076748018775,6128.241291658836,7127.182399192944,2541.4109118459205,0.020545643019915887
2022-04-11,3997.8619257882237,6150.168401104762,7136.423909127187,2593.090583357008,0.020131035836764948
2022-04-12,4041.8154292202566,6171.818365655269,7145.29994919335,2644.740276289458,0.019722426517803846
2022-04-13,4085.644000602716,6193.179190570006,7153.805520647525,2696.3325220802503,0.01931965822555498
2022-04-14,4129.323455440341,6214.238881108618,7161.935624745804,2747.8398521663685,0.0189225702070766
2022-04-15,4172.829609237872,6234.9854425307585,7169.685262744281,2799.234797984797,0.018530998695574896
2022-04-16,4216.1382775000475,6255.406880096075,7177.049435899051,2850.4898909725152,0.01814477768058489
2022-04-17,4259.225275731608,6275.4911990642195,7184.023145466201,2901.5776625665058,0.01776373956279644
2022-04-18,4302.066419437292,6295.226404694838,7190.601392701828,2952.470644203753,0.017387715707593086
2022-04-19,4344.637524121842,6314.600502247582,7196.779178862025,3003.1413673212382,0.017016536909641417
2022-04-20,4386.914405289995,6333.601496982097,7202.55150520288,3053.562363355943,0.016650033779334165
2022-04-21,4428.872878446489,6352.217394158038,7207.913372980492,3103.7061637448505,0.016288037060518606
2022-04-22,4470.488759096066,6370.436199035048,7212.859783450947,3153.545299924943,0.015930377887788467
2022-04-23,4511.737862743466,6388.245916872779,7217.3857378703415,3203.0523033332015,0.015576887990559956
2022-04-24,4552.596004893428,6405.634552930882,7221.486237494769,3252.1997054066096,0.015227399850246372
2022-04-25,4593.039001050691,6422.590112469004,7225.156283580318,3300.960037582151,0.014881746816038776
2022-04-26,4633.042666719994,6439.100600746793,7228.390877383086,3349.305831296804,0.014539763184091887
2022-04-27,4672.582817406079,6455.154023023904,7231.185020159164,3397.2096179875575,0.014201284244306861
2022-04-28,4711.635268613683,6470.738384559979,7233.533713164641,3444.643929091386,0.013866146298307258
2022-04-29,4750.175835847546,6485.84169061467,7235.431957655615,3491.5812960452786,0.013534186651799047
2022-04-30,4788.180334612411,6500.451946447631,7236.874754888177,3537.994250286214,0.013205243583963936
2022-05-01,4825.624580413013,6514.557157318504,7237.8571061184175,3583.855323251176,0.012879156296277441
2022-05-02,4862.484388754094,6528.145328486941,7238.374012602431,3629.1370463771445,0.012555764842692418
2022-05-03,4898.735575140392,6541.204465212591,7238.42047559631,3673.8119511011046,0.012234910042904891
2022-05-04,4934.353955076648,6553.722572755104,7237.991496356147,3717.8525688600375,0.011916433380102232
2022-05-05,4969.3153440676015,6565.68765637413,7237.082076138035,3761.231431090926,0.01160017688437734
2022-05-06,5003.595557617992,6577.087721329315,7235.6872161980655,3803.921069230752,0.0112859830027543
2022-05-07,5037.170411232558,6587.910772880312,7233.801917792332,3845.8940147164985,0.010973694456583378
2022-05-08,5070.0157204160405,6598.144816286767,7231.421182176926,3887.122798985146,0.010663154086874802
2022-05-09,5102.107300673178,6607.77785680833,7228.540010607941,3927.579953473679,0.010354204687981915
2022-05-10,5133.42096750871,6616.797899704652,7225.153404341471,3967.238009619079,0.010046688829868552
2022-05-11,5163.932536427377,6625.192950235381,7221.256364633607,4006.069498858328,0.009740448669081378
2022-05-12,5193.61782293392,6632.9510136601675,7216.843892740442,4044.0469526284096,0.009435325748377563
2022-05-13,5222.452642533075,6640.060095238657,7211.910989918068,4081.142902366305,0.009131160784846317
2022-05-14,5250.412810729584,6646.508200230503,7206.452657422578,4117.329879508996,0.008827793446227587
2022-05-15,5277.474143028186,6652.283333895352,7200.463896510067,4152.580415493466,0.008525062115007248
2022-05-16,5303.61245493362,6657.373501492854,7193.939708436623,4186.867041756697,0.008222803639737307
2022-05-17,5328.803561950626,6661.766708282659,7186.875094458344,4220.162289735672,0.007920853072912308
2022-05-18,5353.023279583945,6665.450959524416,7179.265055831317,4252.438690867373,0.007619043394597603
2022-05-19,5376.247423338315,6668.4142604777735,7171.104593811639,4283.668776588781,0.0073172052208725046
2022-05-20,5398.451808718474,6670.644616402379,7162.3887096554,4313.82507833688,0.007015166496018885
2022-05-21,5419.612251229164,6672.130032557886,7153.112404618694,4342.880127548651,0.006712752167225582
2022-05-22,5439.704566375125,6672.858514203941,7143.2706799576135,4370.806455661078,0.006409783840447802
2022-05-23,5458.704569661097,6672.818066600195,7132.858536928254,4397.576594111144,0.006106079415859737
2022-05-24,5476.588076591815,6671.9966950062935,7121.8709767867,4423.163074335827,0.00580145270119179
2022-05-25,5493.330902672024,6670.382404681889,7110.303000789053,4447.538427772113,0.005495713001032438
2022-05-26,5508.908863406459,6667.963200886628,7098.149610191398,4470.675185856982,0.005188664679946512
2022-05-27,5523.297774299865,6664.727088880165,7085.405806249835,4492.545880027421,0.004880106697063413
2022-05-28,5536.473450856976,6660.6620739221435,7072.066590220454,4513.123041720408,0.004569832109487197
2022-05-29,5548.4117085825355,6655.756161272215,7058.126963359344,4532.3792023729275,0.00425762754163254
2022-05-30,5559.0883629812815,6649.997356190028,7043.581926922601,4550.286893421959,0.003943272617233393
2022-05-31,5568.479229557953,6643.373663935234,7028.426482166318,4566.818646304487,0.0036265393504545337
2022-06-01,5576.56012381729,6635.8730897674795,7012.655630346587,4581.946992457493,0.0033071914921035074
2022-06-02,5583.3068612640345,6627.483638946416,6996.264372719501,4595.644463317963,0.002984983826528271
2022-06-03,5588.695257402924,6618.193316731691,6979.247710541151,4607.883590322874,0.0026596614142613507
2022-06-04,5592.7011277386955,6607.990128382953,6961.6006450676305,4618.63690490921,0.002330958774932827
2022-06-05,5595.300287776093,6596.862079159853,6943.318177555031,4627.876938513955,0.0019985990043188064
2022-06-06,5596.468553019853,6584.7971743220405,6924.3953092594475,4635.576222574089,0.0016622928187029367
2022-06-07,5596.1817389747175,6571.783419129164,6904.827041436973,4641.707288526597,0.0013217375189079569
2022-06-08,5594.4156611454255,6557.808818840873,6884.608375343698,4646.242667808459,0.0009766158654307253
2022-06-09,5591.1461350367135,6542.861378716815,6863.734312235715,4649.154891856659,0.0006265948550967232
2022-06-10,5586.348976153326,6526.929104016641,6842.199853369118,4650.416492108177,0.00027132438844096026
2022-06-11,5580.0,6510.0,6820.0,4650.0,-8.95641843156893e-05
2022-06-12,5572.101250343245,6492.085262234125,6797.150625088347,4647.903031176772,-0.00045106275076232396
2022-06-13,5562.759683996659,6473.288847516593,6773.751088409736,4644.223538113808,-0.0007919593492061931
2022-06-14,5552.108486035609,6453.737902952559,6749.921621443635,4639.084557494088,-0.0011071443695993138
2022-06-15,5540.280841535459,6433.559575647186,6725.7824556695105,4632.60912600059,-0.001396817618743467
2022-06-16,5527.40993557158,6412.881012705629,6701.453822566837,4624.920280316293,-0.0016611013834875589
2022-06-17,5513.628953219336,6391.829361233051,6677.0559536150795,4616.14105712418,-0.001900047086097613
2022-06-18,5499.071079554095,6370.5317683346075,6652.709080293713,4606.394493107229,-0.002113641653624368
2022-06-19,5483.869499651226,6349.11538111546,6628.533434082201,4595.803624948421,-0.0023018136969255726
2022-06-20,5468.157398586091,6327.707346680766,6604.649246460015,4584.491489330731,-0.00246443958547986
2022-06-21,5452.067961434063,6306.434812135687,6581.176748906629,4572.581122937143,-0.0026013494954936615
2022-06-22,5435.734373270503,6285.424924585379,6558.236172901505,4560.1955624506345,-0.002712333500818021
2022-06-23,5419.289819170783,6264.804831135002,6535.9477499241175,4547.4578445541865,-0.0027971477684207587
2022-06-24,5402.867484210267,6244.701678889717,6514.431711453934,4534.491005930778,-0.002855520912492623
2022-06-25,5386.600553464325,6225.24261495468,6493.808288970426,4521.418083263387,-0.002887160553318804
2022-06-26,5370.6222120083185,6206.554786435051,6474.197713953059,4508.3621132349945,-0.002891760118721549
2022-06-27,5355.06564491762,6188.765340435992,6455.720217881308,4495.44613252858,-0.0028690059169100028
2022-06-28,5340.064037267593,6172.001424062657,6438.496032234637,4482.793177827123,-0.002818584499871568
2022-06-29,5325.750574133608,6156.39018442021,6422.6453884925195,4470.526285813605,-0.0027401903258284575
2022-06-30,5312.2584405910275,6142.058768613805,6408.288518134421,4458.768493171002,-0.0026335337177552996
2022-07-01,5299.720821715223,6129.134323748605,6395.545652639817,4447.642836582296,-0.002498349102404601
2022-07-02,5288.2709025815575,6117.7439969297675,6384.537023488171,4437.272352730464,-0.002334403500834561
2022-07-03,5278.041868265399,6108.014935262451,6375.382862158955,4427.780078298489,-0.002141505227068331
2022-07-04,5269.166903842117,6100.074285851815,6368.203400131639,4419.2890499693485,-0.0019195127365129502
2022-07-05,5261.779194387074,6094.049195803019,6363.118868885692,4411.922304426023,-0.0016683435502552798
2022-07-06,5256.0119249756435,6090.066812221223,6360.249499900583,4405.802878351492,-0.0013879831657501232
2022-07-07,5251.998280683186,6088.254282211584,6359.715524655782,4401.053808428734,-0.0010784938490505452
2022-07-08,5249.871446585072,6088.738752879261,6361.637174630758,4397.798131340729,-0.0007400231891313171
2022-07-09,5249.764607756668,6091.647371329416,6366.134681304983,4396.1588837704585,-0.00037281228153386836
2022-07-10,5251.810949273338,6097.107284667204,6373.328276157921,4396.259102400899,2.2796602846385113e-05
2022-07-11,5256.1436562104545,6105.245639997787,6383.3381906690465,4398.221823915032,0.0004463530168893723
2022-07-12,5262.89591364338,6116.189584426322,6396.284656317827,4402.170084995836,0.0008972921630257439
2022-07-13,5272.200906647484,6130.066265057972,6412.2879045837335,4408.226922326293,0.0013749297062533952
2022-07-14,5284.191820298131,6147.002828997889,6431.468166946232,4416.515372589378,0.001878457732432842
2022-07-15,5299.00183967069,6167.1264233512375,6453.945674884795,4427.158472468075,0.002406942002486708
2022-07-16,5316.764149840527,6190.564195223176,6479.840659878893,4440.279258645363,0.002959320640454276
2022-07-17,5337.61193588301,6217.443291718862,6509.273353407991,4456.000767804218,0.003534404375361353
2022-07-18,5361.678382873505,6247.890859943456,6542.363986951563,4474.446036627624,0.004130878433463729
2022-07-19,5389.09667588738,6282.034047002116,6579.232791989076,4495.738101798558,0.004747306149007886
2022-07-20,5420.0,6320.0,6620.0,4520.0,0.005382134328751677
2022-07-21,5454.392517205138,6361.772736632038,6664.63903624361,4547.24155883839,0.006008804469642989
2022-07-22,5491.762297170189,6406.76375695223,6712.536101098399,4577.01976961401,0.006527282687264435
2022-07-23,5531.468386480947,6454.241431604348,6762.930588722664,4608.778414550599,0.006914754894816164
2022-07-24,5572.86983172321,6503.47413123216,6815.061893274702,4641.961275871899,0.007174129800064954
2022-07-25,5615.3256794827785,6553.73022647944,6868.169408912818,4676.012135801651,0.0073086732487743986
2022-07-26,5658.194976345449,6604.278087989956,6921.492529795304,4710.374776563599,0.007321836313736096
2022-07-27,5700.836768897017,6654.3860864074795,6974.27065008046,4744.49298038148,0.007217097644580342
2022-07-28,5742.610103723281,6703.322592375781,7025.743163926584,4777.8105294790375,0.0069978204380686205
2022-07-29,5782.87402741004,6750.355976538629,7075.149465491976,4809.771206080011,0.006667123341737453
2022-07-30,5820.9875865430895,6794.754609539795,7121.72894893493,4839.818792408143,0.006227763759741756
2022-07-31,5856.309827708229,6835.786862023052,7164.721008413748,4867.397070687175,0.005682031360197236
2022-08-01,5888.199797491255,6872.721104632166,7203.3650380867275,4891.949823140845,0.005031649048227181
2022-08-02,5916.016542477965,6904.8257080109115,7236.9004321121665,4912.920831992899,0.004277678220933011
2022-08-03,5939.119109254158,6931.369042803056,7264.566584648362,4929.7538794670745,0.003420424707487285
2022-08-04,5956.866544405631,6951.619479652373,7285.602889853615,4941.892747787116,0.0024593413635533895
2022-08-05,5968.61789451818,6964.845389202631,7299.248741886221,4948.781219176761,0.0013929227727906772
2022-08-06,5973.732206177604,6970.315142097601,7304.743534904481,4949.863075859752,0.0002185868397839425
2022-08-07,5971.568525969701,6967.297108981051,7301.326663066689,4944.582100059831,-0.001067462845564371
2022-08-08,5961.485900480267,6955.059660496755,7288.237520531147,4932.382074000738,-0.0024704012384175597
2022-08-09,5942.8433762951,6932.871167288479,7264.71550145615,4912.706779906212,-0.003996981760273501
2022-08-10,5915.0,6900.0,7230.0,4885.0,-0.005655783416538429
2022-08-11,5878.018684488023,6856.534127566105,7184.18929358463,4849.343330875899,-0.0073259854078699385
2022-08-12,5834.777807881268,6805.839912085668,7130.8171926865225,4808.3696266079505,-0.008485228394587471
2022-08-13,5788.859614609099,6752.103313948585,7074.276391045797,4765.349555640258,-0.00898717827565983
2022-08-14,5743.846349100871,6699.510293544749,7018.95958240257,4723.553786416919,-0.0088094562708326
2022-08-15,5703.320255785949,6652.246811264057,6969.259460496964,4686.252987382038,-0.007928110599852536
2022-08-16,5670.863579093693,6614.498827496402,6929.568719069097,4656.717826979714,-0.006322455538880745
2022-08-17,5650.058563453462,6590.452302631678,6904.280051859087,4638.218973654049,-0.003980420339955176
2022-08-18,5644.487453294615,6584.293197059782,6897.786152607051,4634.027095849144,-0.0009041774903443972
2022-08-19,5657.732493046517,6600.207471170607,6914.479715053114,4647.4128620091,0.002884417827703533
2022-08-20,5693.375927138525,6642.381085354048,6958.75343293739,4681.646940578018,0.0073392673990721625
2022-08-21,5755.0,6715.0,7035.0,4740.0,0.012387177303445952
2022-08-22,5840.0,6815.0,7140.0,4820.0,0.016736792355523826
2022-08-23,5926.624560722335,6916.881947491838,7246.979479465628,4901.412528651156,0.016749506665223637
2022-08-24,6009.3400375143865,7014.159646073736,7349.127985717818,4979.094318206569,0.015724575955658366
2022-08-25,6088.213955179494,7106.912678583603,7446.528968770933,5053.110564144108,0.014755996278370383
2022-08-26,6163.313838520996,7195.2206278593485,7539.265878639336,5123.526461941643,0.013838957099876857
2022-08-27,6234.707212342238,7279.163076738884,7627.422165337394,5190.407207077048,0.012969189976113297
2022-08-28,6302.46160144656,7358.8196080601265,7711.081278879476,5253.817995028193,0.012142895405208961
2022-08-29,6366.644530637305,7434.26980466098,7790.326669279942,5313.824021272948,0.01135668128928373
2022-08-30,6427.323524717814,7505.593249379359,7865.241786553158,5370.490481289186,0.010607510915332265
2022-08-31,6484.566108491431,7572.869525053176,7935.910080713494,5423.88257055478,0.009892658784690131
2022-09-01,6538.439806761493,7636.178214520339,8002.41500177531,5474.065484547597,0.00920967294762212
2022-09-02,6589.0121443313465,7695.598900618763,8064.839999752975,5521.104418745513,0.008556342756304174
2022-09-03,6636.350646004332,7751.211166186357,8123.268524660853,5565.064568626395,0.00793067115228848
2022-09-04,6680.52283658379,7803.094594061034,8177.784026513309,5606.01112966812,0.0073308507657585675
2022-09-05,6721.596240873066,7851.328767080704,8228.46995532471,5644.009297348553,0.006755243232730225
2022-09-06,6759.638383675498,7895.993268083278,8275.409761109422,5679.12426714557,0.006202361239949079
2022-09-07,6794.716789794429,7937.167679906667,8318.686893881808,5711.4212345370415,0.0056708528908794515
2022-09-08,6826.898984033201,7974.931585388785,8358.38480365623,5740.965395000837,0.0051594880541567184
2022-09-09,6856.252491195156,8009.36456736754,8394.586940447063,5767.8219440148305,0.004667146411266986
2022-09-10,6882.844836083636,8040.546208680847,8427.376754268664,5792.056077056891,0.004192806965632958
2022-09-11,6906.743543501983,8068.556092166614,8456.837695135402,5813.732989604891,0.0037355388126690545
2022-09-12,6928.016138253538,8093.473800662753,8483.053213061643,5832.917877136702,0.0032944930012143527
2022-09-13,6946.730145141644,8115.378917007177,8506.10675806175,5849.675935130196,0.0028688953423877377
2022-09-14,6962.9530889696425,8134.351024037795,8526.081780150093,5864.072359063243,0.0024580400432090074
2022-09-15,6976.752494540875,8150.46970459252,8543.06172934103,5876.172344413715,0.0020612840601495525
2022-09-16,6988.195886658682,8163.814541509263,8557.130055648931,5886.041086659483,0.00167804208269468
2022-09-17,6997.350790126409,8174.465117625935,8568.370209088163,5893.74378127842,0.0013077820695562982
2022-09-18,7004.284729747394,8182.501015780445,8576.865639673088,5899.345623748395,0.0009500212707472172
2022-09-19,7009.065230324981,8188.0018188107115,8582.699797418074,5902.911809547281,0.0006043226776868653
2022-09-20,7011.759816662513,8191.047109554638,8585.956132337484,5904.50753415295,0.00027029185106998356
2022-09-21,7012.436013563329,8191.7164708501405,8586.718094445687,5904.197993043271,-5.242591730945223e-05
2022-09-22,7011.161345830769,8190.089485535127,8585.06913375704,5902.048381696117,-0.0003641481471210174
2022-09-23,7008.003338268183,8186.245736447513,8581.09270028592,5898.12389558936,-0.0006651574501172053
2022-09-24,7003.029515678907,8180.264806425205,8574.872244046686,5892.489730200869,-0.0009557035784814073
2022-09-25,6996.307402866282,8172.226278306117,8566.491215053702,5885.211081008517,-0.0012360052671848054
2022-09-26,6987.904524633652,8162.209734928162,8556.033063321338,5876.353143490176,-0.001506251893710989
2022-09-27,6977.88840578436,8150.294759129249,8543.581238863957,5865.9811131237175,-0.0017666049760278807
2022-09-28,6966.326571121744,8136.560933747288,8529.21919169592,5854.160185387011,-0.0020171995275485117
2022-09-29,6953.286545449149,8121.087841620192,8513.030371831603,5840.95555575793,-0.0022581452860247417
2022-09-30,6938.835853569917,8103.955065585875,8495.098229285364,5826.432419714344,-0.002489527831766879
2022-10-01,6923.042020287388,8085.242188482242,8475.506214071567,5810.655972734125,-0.002711409609266165
2022-10-02,6905.972570404907,8065.028793147213,8454.337776204584,5793.691410295146,-0.002923830865201824
2022-10-03,6887.6950287258105,8043.394462418689,8431.676365698771,5775.603927875275,-0.0031268105148780714
2022-10-04,6868.276920053444,8020.418779134589,8407.605432568502,5756.458720952387,-0.003320346948343598
2022-10-05,6847.7857691911495,7996.181326132821,8382.20842682814,5736.32098500435,-0.00350441878683316
2022-10-06,6826.289100942268,7970.761686251297,8355.568798492048,5715.255915509039,-0.003678985599597215
2022-10-07,6803.854440110143,7944.239442327931,8327.769997574596,5693.3287079443235,-0.0038439885907998635
2022-10-08,6780.549311498114,7916.694177200631,8298.895474090144,5670.604557788076,-0.003999351265781118
2022-10-09,6756.441239909523,7888.2054737073095,8269.02867805306,5647.148660518165,-0.004144980085741527
2022-10-10,6731.597750147712,7858.8529146858755,8238.253059477709,5623.026211612464,-0.004280765119666528
2022-10-11,6706.086367016026,7828.716082974245,8206.65206837846,5598.302406548844,-0.004406580702169907
2022-10-12,6679.974615317803,7797.874561410326,8174.309154769673,5573.042440805178,-0.004522286105791885
2022-10-13,6653.330019856386,7766.40793283203,8141.307768665716,5547.311509859334,-0.004627726236196398
2022-10-14,6626.220105435117,7734.395780077269,8107.731360080953,5521.174809189187,-0.004722732358624452
2022-10-15,6598.712396857339,7701.917685983955,8073.663379029752,5494.697534272607,-0.004807122863879203
2022-10-16,6570.874418926391,7669.053233389996,8039.187275526476,5467.944880587463,-0.004880704082021984
2022-10-17,6542.773696445619,7635.882005133309,8004.386499585492,5440.98204361163,-0.004943271151842612
2022-10-18,6514.477754218361,7602.483584051799,7969.344501221163,5413.874218822977,-0.00499460895403264
2022-10-19,6486.054117047961,7568.937552983383,7934.144730447857,5386.686601699377,-0.005034493115759018
2022-10-20,6457.570309737759,7535.3234947659685,7898.870637279939,5359.4843877186995,-0.005062691094109991
2022-10-21,6429.0938570910985,7501.7209922374695,7863.605671731774,5332.332772358819,-0.005078963345513113
2022-10-22,6400.692283911321,7468.209628235794,7828.433283817725,5305.296951097604,-0.0050830645878152305
2022-10-23,6372.433115001768,7434.868985598854,7793.436923552161,5278.4421194129245,-0.005074745161144976
2022-10-24,6344.383875165783,7401.778647164566,7758.700040949447,5251.833472782658,-0.005053752493040498
2022-10-25,6316.612089206707,7369.018195770836,7724.3060860239475,5225.536206684672,-0.005019832672498327
2022-10-26,6289.18528192788,7336.667214255576,7690.338508790029,5199.615516596836,-0.00497273213664024
2022-10-27,6262.170978132646,7304.805285456698,7656.880759262053,5174.136597997023,-0.004912199472585746
2022-10-28,6235.636702624346,7273.511992212114,7624.016287454389,5149.164646363106,-0.004837987335802174
2022-10-29,6209.649980206321,7242.8669173597345,7591.828543381402,5124.764857172955,-0.004749854484715268
2022-10-30,6184.2783356819145,7212.949643737472,7560.400977057456,5101.002425904441,-0.004647567929690074
2022-10-31,6159.589293854469,7183.8397541832355,7529.817038496918,5077.9425480354375,-0.00453090519261283
2022-11-01,6135.650379527324,7155.616831534938,7500.1601777141495,5055.650419043814,-0.004399656671242768
2022-11-02,6112.529117503823,7128.360458630492,7471.513844723522,5034.191234407441,-0.004253628100246397
2022-11-03,6090.293032587305,7102.150218307804,7443.961489539396,5013.630189604191,-0.004092643098419441
2022-11-04,6069.009649581116,7077.06569340479,7417.586562176139,4994.032480111937,-0.003916545789031177
2022-11-05,6048.746493288597,7053.186466759362,7392.472512648117,4975.4633014085475,-0.003725203477537951
2022-11-06,6029.571088513086,7030.592121209425,7368.702790969692,4957.987848971895,-0.0035185093681539725
2022-11-07,6011.550960057928,7009.362239592898,7346.3608471552325,4941.671318279852,-0.0032963852979597513
2022-11-08,5994.753632726468,6989.576404747688,7325.530131219106,4926.57890481029,-0.0030587844644438342
2022-11-09,5979.246631322043,6971.314199511709,7306.294093175673,4912.775804041079,-0.00280569411966292
2022-11-10,5965.097480647995,6954.655206722868,7288.736183039301,4900.3272114500905,-0.00253713820165583
2022-11-11,5952.373705507668,6939.6790092190795,7272.939850824357,4889.298322515196,-0.002253179871406226
2022-11-12,5941.1428307044025,6926.465189838254,7258.988546545203,4879.754332714267,-0.001953923921631295
2022-11-13,5931.472381041542,6915.093331418304,7246.965720216207,4871.760437525176,-0.0016395190220363685
2022-11-14,5923.429881322426,6905.643016797138,7236.954821851734,4865.381832425792,-0.0013101597645306061
2022-11-15,5917.082856350398,6898.193828812671,7229.0393014661495,4860.683712893988,-0.0009660884712978921
2022-11-16,5912.4988309288,6892.825350302814,7223.3026090738185,4857.731274407636,-0.0006075967286928292
2022-11-17,5909.745329860973,6889.617164105473,7219.828194689106,4856.589712444606,-0.00023502661067701988
2022-11-18,5908.889877950258,6888.648853058565,7218.699508326376,4857.32422248277,0.00015122844292917936
2022-11-19,5910.0,6890.0,7220.0,4860.0,0.0005507231257485432
2022-11-20,5913.101438438565,6893.701045117107,7223.761695425989,4864.641198976829,0.0009545235107916992
2022-11-21,5918.052806194429,6899.585857994905,7229.8109231269855,4871.107807404446,0.0013284256556645284
2022-11-22,5924.670933821092,6907.43916556782,7237.922587327271,4879.218771776701,0.0016637322201096497
2022-11-23,5932.772651872059,6917.0456947702905,7247.871592251137,4888.793038587444,0.0019603313474013343
2022-11-24,5942.174790900829,6928.190172536748,7259.432842122872,4899.649554330526,0.002218232388185975
2022-11-25,5952.694181460906,6940.657325801628,7272.381241166764,4911.607265499798,0.0024375505217263346
2022-11-26,5964.14765410579,6954.23188149936,7286.4916936070995,4924.485118589109,0.002618491153706682
2022-11-27,5976.352039388985,6968.69856656438,7301.539103668171,4938.102060092312,0.002761334304862758
2022-11-28,5989.124167863989,6983.842107931119,7317.298375574262,4952.277036503256,0.0028664191691861692
2022-11-29,6002.280870084309,6999.447232534017,7333.5444135496655,4966.828994315792,0.002934128984461987
2022-11-30,6015.638976603442,7015.298667307499,7350.052121818664,4981.57688002377,0.0029648763224359655
2022-12-01,6029.015317974892,7031.181139186004,7366.5964046055515,4996.33964012104,0.0029590888718324586
2022-12-02,6042.2267247521595,7046.87937510396,7382.952166134611,5010.936221101454,0.002917195755224348
2022-12-03,6055.090027488749,7062.178101995808,7398.894310630137,5025.185569458863,0.0028396143908239724
2022-12-04,6067.422056738163,7076.862046795977,7414.197742316414,5038.906631687116,0.0027267378826565537
2022-12-05,6079.039643053897,7090.715936438898,7428.637365417729,5051.918354280064,0.0025789228973090196
2022-12-06,6089.759616989459,7103.524497859009,7441.9880841583745,5064.039683731557,0.002396477962268985
2022-12-07,6099.398809098348,7115.072457990742,7454.024802762637,5075.089566535448,0.0021796520994789514
2022-12-08,6107.774049934068,7125.14454376853,7464.522425454803,5084.886949185585,0.0019286236876294924
2022-12-09,6114.7021700501155,7133.525482126803,7473.25585645916,5093.250778175819,0.0016434894274121978
2022-12-10,6120.0,7140.0,7480.0,5100.0,0.0013242532647080793
2022-12-11,6123.552538309928,7144.432333338218,7484.612907200818,5105.017407830705,0.0009833218375780671
2022-12-12,6125.517455396952,7147.004754154216,7487.285216781923,5108.441181555393,0.0006704435765752226
2022-12-13,6126.120589650833,7147.979043476422,7488.290714362835,5110.473347740252,0.00039772643284605494
2022-12-14,6125.587779461331,7147.61698233326,7487.903185563074,5111.315932951468,0.0001648606109923143
2022-12-15,6124.1448632182055,7146.180351753158,7486.396416002158,5111.170963755227,-2.836280402533902e-05
2022-12-16,6122.01767931122,7143.930932764539,7484.0441912996075,5110.240466717714,-0.0001820682097403254
2022-12-17,6119.432066130135,7141.1305063958325,7481.120297074942,5108.72646840512,-0.000296311424292533
2022-12-18,6116.613862064711,7138.040853675463,7477.898518947677,5106.830995383625,-0.00037109537095082496
2022-12-19,6113.788905504708,7134.923755631855,7474.652642537335,5104.756074219418,-0.00040638564380244977
2022-12-20,6111.183034839889,7132.040993293439,7471.656453463436,5102.703731478687,-0.00040212605436708423
2022-12-21,6109.022088460011,7129.6543476886345,7469.1837373454955,5100.875993727614,-0.0003582542244672674
2022-12-22,6107.531904754839,7128.025599845872,7467.5082798030335,5099.4748875323885,-0.00027471725636637003
2022-12-23,6106.938322114129,7127.416530793575,7466.903866455569,5098.702439459194,-0.0001514874766155728
2022-12-24,6107.467178927648,7128.088921560173,7467.6442829226235,5098.760676074219,1.1421784882437321e-05
2022-12-25,6109.344313585152,7130.304553174089,7470.003314823713,5099.851623943649,0.00021394045415165712
2022-12-26,6112.795564476404,7134.325206663748,7474.254747778357,5102.17730963367,0.0004559261192943719
2022-12-27,6118.046769991163,7140.412663057578,7480.672367406074,5105.939759710468,0.0007371487261778217
2022-12-28,6125.323768519193,7148.828703384007,7489.529959326386,5111.34100074023,0.0010572757389243073
2022-12-29,6134.852398450253,7159.8351086714565,7501.101309158809,5118.583059289141,0.0014158579704467856
2022-12-30,6146.8584981741005,7173.693659948355,7515.660202522864,5127.867961923387,0.0018123163144727476
2022-12-31,6161.5679060805005,7190.6661382431275,7533.480425038067,5139.397735209154,0.0022459296315916364
2023-01-01,6179.206460559216,7211.014324584202,7554.835762323942,5153.374405712631,0.002715824056485757
2023-01-02,6200.0,7235.0,7580.0,5170.0,0.003220964000266518
2023-01-03,6224.045418073753,7262.736310943046,7609.091412662591,5189.36678719724,0.0037389948937054255
2023-01-04,6250.923829575893,7293.741865562238,7641.606230815338,5211.128006669483,0.004184656914739538
2023-01-05,6280.087404582969,7327.386637430561,7676.8851739386855,5234.827140341649,0.004537483456501478
2023-01-06,6310.988313171537,7363.04060012101,7714.268961513089,5260.007670138665,0.00479866116453835
2023-01-07,6343.078725418148,7400.073727206577,7753.098313018993,5286.2130779854515,0.00496964029224353
2023-01-08,6375.810811399352,7437.855992260246,7792.713947936844,5312.986845806929,0.005052046373294699
2023-01-09,6408.6367411917045,7475.757368855016,7832.456585747093,5339.872455528022,0.005047596338917898
2023-01-10,6441.008684871757,7513.147830563875,7871.66694593019,5366.413389073654,0.004958019671780623
2023-01-11,6472.378812516059,7549.397350959807,7909.685747966578,5392.153128368744,0.0047849847588770965
2023-01-12,6502.1992942011675,7583.875903615817,7945.853711336715,5416.635155338217,0.004530030229757404
2023-01-13,6529.922300003631,7615.953462104883,7979.511555521039,5439.402951906996,0.004194500742337747
2023-01-14,6555.0,7645.0,8010.0,5460.0,0.0037794863997821283
2023-01-15,6576.996576069274,7670.513922589021,8036.79392357002,5478.062958017158,0.0033027739017756847
2023-01-16,6595.924257300211,7692.507362019221,8059.904842291365,5493.601190258399,0.0028324313284514486
2023-01-17,6611.907284584016,7711.120882152743,8079.478431540278,5506.717237498656,0.002384667960644151
2023-01-18,6625.069898811894,7726.495046851724,8095.660366692998,5517.51364051286,0.0019586684250837046
2023-01-19,6635.536340875047,7738.770419978303,8108.596323125764,5526.092940075949,0.0015537136761203103
2023-01-20,6643.430851664679,7748.08756539462,8118.431976214817,5532.557676962852,0.001169172957388723
2023-01-21,6648.877672071994,7754.587046962815,8125.313001336396,5537.010391948504,0.0008044966520983433
2023-01-22,6652.001042988198,7758.409428545028,8129.385073866742,5539.553625807837,0.0004592098957669382
2023-01-23,6652.925205304492,7759.695274003395,8130.793869182091,5540.2899193157855,0.00013290684223706486
2023-01-24,6651.774399912083,7758.585147200059,8129.685062658687,5539.321813247283,-0.00017475451204139125
2023-01-25,6648.672867702173,7755.219611997153,8126.204329672767,5536.751848377259,-0.00046405702862887225
2023-01-26,6643.744849565965,7749.739232256825,8120.497345600571,5532.682565480652,-0.0007352287258364797
2023-01-27,6637.114586394663,7742.284571841206,8112.7097858183415,5527.216505332391,-0.00098844674048184
2023-01-28,6628.906319079472,7732.996194612437,8102.987325702311,5520.456208707409,-0.0012238410104565012
2023-01-29,6619.244288511598,7722.014664432664,8091.47564062873,5512.504216380644,-0.0014414977299560176
2023-01-30,6608.252735582239,7709.480545164015,8078.320405973826,5503.463069127022,-0.001641462624086521
2023-01-31,6596.055901182605,7695.53440066864,8063.6672971138505,5493.435307721482,-0.00182374408515915
2023-02-01,6582.778026203898,7680.316794808671,8047.661989425034,5482.523472938954,-0.001988316209178822
2023-02-02,6568.543351537318,7663.968291446246,8030.450158283618,5470.830105554372,-0.002135121767601575
2023-02-03,6553.476118074073,7646.629454443511,8012.177479065847,5458.4577463426685,-0.0022640751464244615
2023-02-04,6537.700566705367,7628.4408476626,7992.989627147956,5445.508936078778,-0.002375065281832739
2023-02-05,6521.340938322403,7609.543034965656,7973.032277906186,5432.086215537633,-0.002467958618977963
2023-02-06,6504.521473816384,7590.076580214814,7952.451106716776,5418.292125494166,-0.0025426021178759236
2023-02-07,6487.366414078515,7570.182047272216,7931.391788955967,5404.22920672331,-0.002598826327826378
2023-02-08,6470.0,7550.0,7910.0,5390.0,-0.002636448549109862
2023-02-09,6452.559266655176,7529.687339610808,7888.439559844786,5375.717371781684,-0.0026533552952529697
2023-02-10,6435.232425850926,7509.466316719297,7866.946866964962,5361.53549125589,-0.002641623319048903
2023-02-11,6418.220483577265,7489.57551929062,7845.776464454831,5347.618853292654,-0.002599018624492485
2023-02-12,6401.724445824209,7470.253535289943,7825.1828954087005,5334.131952762024,-0.0025252241776460654
2023-02-13,6385.945318581773,7451.738952682417,7805.420702920876,5321.239284534038,-0.0024199390584521883
2023-02-14,6371.084107839971,7434.270359433202,7786.744430085667,5309.105343478737,-0.0022828886079715705
2023-02-15,6357.3418195888235,7418.086343507461,7769.40861999738,5297.894624466166,-0.0021138348677012227
2023-02-16,6344.919459818345,7403.425492870348,7753.667815750321,5287.771622366365,-0.0019125872570655762
2023-02-17,6334.018034518546,7390.52639548702,7739.776560438797,5278.900832049375,-0.001679013414907736
2023-02-18,6324.838549679448,7379.627639322638,7727.989397157116,5271.446748385238,-0.001413050109982088
2023-02-19,6317.582011291064,7370.967812342356,7718.560868999583,5265.573866243996,-0.0011147141045199486
2023-02-20,6312.44942534341,7364.785502511336,7711.745519060507,5261.446680495692,-0.0007841128344797271
2023-02-21,6309.6417978265035,7361.319297794737,7707.797890434195,5259.229686010366,-0.0004214547507990438
2023-02-22,6309.360134730358,7360.807786157713,7706.972526214952,5259.08737765806,-2.7059148617309207e-05
2023-02-23,6311.805442044991,7363.489555565427,7709.523969497085,5261.184250308817,0.000398634703109899
2023-02-24,6317.1787257604165,7369.603193983032,7715.706763374903,5265.684798832677,0.0008550593299975775
2023-02-25,6325.680991866654,7379.387289375691,7725.775450942714,5272.753518099685,0.001341511923214267
2023-02-26,6337.513246353714,7393.080429708558,7739.984575294822,5282.5549029798785,0.0018571485183136339
2023-02-27,6352.876495211615,7410.9212029467935,7758.588679525534,5295.253448343301,0.0024009796816014846
2023-02-28,6371.971744430373,7433.148197055557,7781.84230672916,5311.013649059996,0.0029718678912127702
2023-03-01,6395.0,7460.0,7810.0,5330.0,0.0035685267803347294
2023-03-02,6422.028553662201,7491.557564531937,7843.149323129214,5352.267288001951,0.0041690251055291625
2023-03-03,6452.589840165402,7527.2713025497615,7880.709922695327,5377.431467778834,0.004690574542134618
2023-03-04,6486.08258000971,7566.433990738511,7921.934465973709,5404.998786012229,0.00511338866114654
2023-03-05,6521.905493695237,7608.33840578323,7966.07562023973,5434.47548938371,0.005438783336442947
2023-03-06,6559.457301722099,7652.27732436897,8012.386052768767,5465.367824574864,0.005668415043758995
2023-03-07,6598.1367245904,7697.543523180764,8060.118430836188,5497.182038267261,0.005804179393446951
2023-03-08,6637.342482800256,7743.42977890366,8108.525421717369,5529.4243771424835,0.0058481149235509525
2023-03-09,6676.473296851775,7789.228868222702,8156.859692687676,5561.601087882108,0.005802313071058908
2023-03-10,6714.927887245069,7834.233567822929,8204.373911022487,5593.218417167715,0.00566883470263807
2023-03-11,6752.1049744802485,7877.736654389388,8250.320743997172,5623.782611680882,0.0054496331197770274
2023-03-12,6787.403279057422,7919.030904607118,8293.9528588871,5652.799918103185,0.005146483057674727
2023-03-13,6820.221521476707,7957.40909516117,8334.522922967648,5679.776583116208,0.0047609148661336585
2023-03-14,6849.958422238208,7992.164002736578,8371.283603514183,5704.218853401524,0.004294152783302597
2023-03-15,6876.012701842036,8022.588404018388,8403.487567802078,5725.632975640712,0.0037470559749618283
2023-03-16,6897.783080788307,8047.975075691646,8430.387483106708,5743.525196515353,0.0031200607962335956
2023-03-17,6914.668279577127,8067.616794441394,8451.236016703444,5757.401762707023,0.0024131225204124425
2023-03-18,6926.067018708609,8080.8063369526735,8465.285835867657,5766.768920897302,0.00162565454996759
2023-03-19,6931.378018682863,8086.836479910528,8471.789607874718,5771.132917767769,0.0007564628542679672
2023-03-20,6930.0,8085.0,8470.0,5770.0,-0.00019632696018316985
2023-03-21,6921.819864300568,8075.165555999852,8459.774687800746,5763.279677578759,-0.0011653793837815656
2023-03-22,6908.677237786868,8059.505335063709,8443.391379961682,5752.49451370155,-0.0018731119334957078
2023-03-23,6892.899927801627,8040.7674064389075,8423.732793449397,5739.570334869058,-0.0022492362254267024
2023-03-24,6876.815741687586,8021.699839372795,8403.681645230492,5726.432967581969,-0.0022915348425056677
2023-03-25,6862.752486787478,8005.050703112714,8386.120652271562,5715.008238340973,-0.0019970793595846716
2023-03-26,6853.037970444038,7993.568066906,8373.9325315392,5707.221973646754,-0.0013633529977525529
2023-03-27,6850.0,7990.0,8370.0,5705.0,-0.0003894024634225473
2023-03-28,6855.208919090239,7996.199544972381,8376.270579792948,5709.639671052387,0.0008129334681790482
2023-03-29,6867.205216518208,8010.43963772214,8390.95101374659,5719.924449059551,0.0017996803158870887
2023-03-30,6883.771917379494,8030.0981874785975,8411.312849861863,5734.0093234281185,0.0024593963520053263
2023-03-31,6902.692046769691,8052.553103471072,8434.627636139694,5750.049283564715,0.002793432377150217
2023-04-01,6921.748629784388,8075.182294928889,8458.166920581023,5766.199318875963,0.0028047407547177
2023-04-02,6938.724691519176,8095.363671081369,8479.202251186782,5780.6144187684895,0.0024968112777733467
2023-04-03,6951.403257069647,8110.475141157833,8495.00517595791,5791.449572648923,0.0018726403612780067
2023-04-04,6957.567351531391,8117.894614387601,8502.847242895337,5796.8597699238835,0.0009337337325233742
2023-04-05,6955.0,8115.0,8500.0,5795.0,-0.0003208751618382526
2023-04-06,6942.384162966103,8100.231342439322,8484.838264495886,5784.773235843309,-0.0017663155585611213
2023-04-07,6922.002542500477,8076.277227009771,8460.149930499174,5768.074384657497,-0.0028908652418608285
2023-04-08,6897.037776068939,8046.888374230517,8429.826161349109,5747.546337205658,-0.003565256218847664
2023-04-09,6870.672501137305,8015.815504620739,8397.75812038492,5725.831984250893,-0.0037851761307808726
2023-04-10,6846.089355171393,7986.8093386996115,8367.83697094585,5705.574216556295,-0.0035442339366759277
2023-04-11,6826.4709756370185,7963.620596986305,8343.95387637113,5689.4159248849655,-0.0028360362406625295
2023-04-12,6815.0,7950.0,8330.0,5680.0,-0.0016563607312661092
2023-04-13,6813.9771336608355,7948.660083970873,8328.78921132426,5679.237406572193,-0.00013426841990483375
2023-04-14,6822.175353758769,7958.160647973126,8338.826204445977,5686.111404903131,0.001209641566334714
2023-04-15,6837.485705367727,7976.02330679196,8357.53837961978,5698.873329202097,0.0022418878799054676
2023-04-16,6857.799233561634,7999.76967521258,8382.353137100297,5715.774513678374,0.002961317258319292
2023-04-17,6881.006983414416,8026.921368020191,8410.69787714216,5735.066292541248,0.0033694987890952317
2023-04-18,6905.0,8055.0,8440.0,5755.0,0.0034697323670361403
2023-04-19,6928.024735255102,8081.944844624292,8468.12044005872,5774.1217023197805,0.0033171164893428195
2023-04-20,6949.749268567616,8107.365810113705,8494.65426822432,5792.1563939892085,0.003118497780342624
2023-04-21,6970.197086188222,8131.290463375956,8519.630089533064,5809.123801552767,0.0029250943646871807
2023-04-22,6989.391674367601,8153.746371318771,8543.076509021234,5825.043651554943,0.0027367424446416663
2023-04-23,7007.356519356436,8174.761100849865,8565.022131725098,5839.935670540221,0.0025532882081508433
2023-04-24,7024.115107405411,8194.362218876962,8585.495562680926,5853.819585053086,0.0023745872447806134
2023-04-25,7039.690924765207,8212.577292307784,8604.525406924993,5866.715121638022,0.0022005040062133513
2023-04-26,7054.107457686506,8229.433888050049,8622.140269493568,5878.642006839517,0.0020309113074215893
2023-04-27,7067.388192419991,8244.959573011478,8638.368755422925,5889.619967202056,0.0018656898650103327
2023-04-28,7079.556615216344,8259.181914099792,8653.239469749338,5899.66872927012,0.0017047278695664922
2023-04-29,7090.636212326249,8272.128478222714,8666.781017509076,5908.8080195882,0.0015479205891344614
2023-04-30,7100.650470000383,8283.826832287963,8679.022003738412,5917.057564700775,0.0013951700012013206
2023-05-01,7109.622874489435,8294.304543203258,8689.991033473614,5924.437091152335,0.0012463844508406455
2023-05-02,7117.5769120440855,8303.589177876323,8699.71671175096,5930.966325487362,0.0011014783328246874
2023-05-03,7124.536068915012,8311.708303214873,8708.227643606719,5936.664994250342,0.00096037179575995
2023-05-04,7130.523831352902,8318.689486126637,8715.552434077163,5941.55282398576,0.0008229904664312598
2023-05-05,7135.563685608435,8324.56029351933,8721.719688198562,5945.649541238103,0.000689265192711576
2023-05-06,7139.6791179322945,8329.348292300672,8726.75801100719,5948.974872551852,0.0005591318035273468
2023-05-07,7142.893614575164,8333.081049378387,8730.696007539322,5951.548544471498,0.00043253088449667006
2023-05-08,7145.230661787724,8335.786131660196,8733.562282831226,5953.390283541521,0.0003094075679553841
2023-05-09,7146.713745820656,8337.491106053812,8735.385441919174,5954.519816306407,0.00018971133621301117
2023-05-10,7147.366352924648,8338.223539466971,8736.194089839442,5954.956869310645,7.339583694093437e-05
2023-05-11,7147.211969350373,8338.01099880738,8736.016831628298,5954.721169098713,-3.958129030898873e-05
2023-05-12,7146.274081348519,8336.881050982762,8734.882272322011,5953.832442215102,-0.00014925857736696916
2023-05-13,7144.576175169768,8334.861262900842,8732.819016956857,5952.310415204295,-0.0002556708813802099
2023-05-14,7142.141737064803,8331.97920146934,8729.855670569112,5950.1748146107775,-0.00035884953019485976
2023-05-15,7138.994253284304,8328.262433595974,8726.020838195042,5947.445366979035,-0.00045882245994872056
2023-05-16,7135.157210078954,8323.738526188465,8721.343124870917,5944.141798853551,-0.000555614345570545
2023-05-17,7130.654093699435,8318.435046154535,8715.851135633016,5940.283836778813,-0.0006492467248378663
2023-05-18,7125.508390396432,8312.379560401905,8709.573475517607,5935.8912072993035,-0.0007397381166098821
2023-05-19,7119.7435864206245,8305.599635838294,8702.53874956096,5930.98363695951,-0.0008271041338134371
2023-05-20,7113.383168022694,8298.122839371426,8694.775562799352,5925.580852303916,-0.0009113575917267393
2023-05-21,7106.450621453328,8289.976737909019,8686.312520269053,5919.702579877006,-0.0009925086120748934
2023-05-22,7098.969432963202,8281.188898358794,8677.178227006332,5913.368546223269,-0.0010705647234257628
2023-05-23,7090.9630888030015,8271.78688762847,8667.401288047464,5906.598477887184,-0.0011455309583528817
2023-05-24,7082.455075223408,8261.798272625772,8657.010308428717,5899.4121014132415,-0.001217409947796001
2023-05-25,7073.468878475106,8251.250620258417,8646.033893186368,5891.829143345924,-0.0012862020130528665
2023-05-26,7064.027984808776,8240.171497434128,8634.500647356688,5883.869330229717,-0.0013519052557910472
2023-05-27,7054.1558804751,8228.588471060624,8622.43917597595,5875.552388609107,-0.0014145156464684659
2023-05-28,7043.876051724763,8216.529108045628,8609.878084080421,5866.898045028576,-0.001474027111533802
2023-05-29,7033.211984808441,8204.020975296857,8596.845976706374,5857.92602603261,-0.0015304316197484815
2023-05-30,7022.187165976824,8191.0916397220335,8583.371458890082,5848.656058165698,-0.0015837192679794706
2023-05-31,7010.825081480591,8177.768668228881,8569.48313566782,5839.107867972321,-0.0016338783667839386
2023-06-01,6999.149217570422,8164.079627725117,8555.209612075858,5829.301181996964,-0.001680895526091436
2023-06-02,6987.183060497,8150.052085118459,8540.579493150466,5819.255726784114,-0.0017247557412937557
2023-06-03,6974.95009651101,8135.713607316636,8525.621383927919,5808.991228878256,-0.0017654424800258722
2023-06-04,6962.473811863137,8121.091761227365,8510.363889444488,5798.527414823875,-0.0018029377699113126
2023-06-05,6949.777692804053,8106.214113758363,8494.835614736443,5787.8840111654545,-0.0018372222875403254
2023-06-06,6936.8852255844495,8091.108231817355,8479.065164840056,5777.080744447481,-0.0018682754489308434
2023-06-07,6923.819896455004,8075.80168231206,8463.0811447916,5766.137341214439,-0.0018960755017163608
2023-06-08,6910.605191666403,8060.322032150199,8446.912159627349,5755.073528010815,-0.0019205996192820376
2023-06-09,6897.264597469325,8044.696848239494,8430.586814383574,5743.909031381093,-0.0019418239970716068
2023-06-10,6883.821600114454,8028.953697487665,8414.133714096542,5732.663577869757,-0.0019597239512607425
2023-06-11,6870.299685852473,8013.12014680243,8397.581463802533,5721.356894021295,-0.0019742740199860573
2023-06-12,6856.722340934062,7997.223763091513,8380.958668537814,5710.008706380189,-0.001985448067305345
2023-06-13,6843.113051609903,7981.292113262632,8364.293933338655,5698.638741490924,-0.0019932193900373115
2023-06-14,6829.4953041306835,7965.352764223514,8347.615863241335,5687.266725897991,-0.0019975608276277647
2023-06-15,6815.892584747081,7949.433282881873,8330.953063282119,5675.912386145869,-0.0019984448751641103
2023-06-16,6802.3283797097765,7933.561236145428,8314.334138497281,5664.595448779042,-0.001995843799626749
2023-06-17,6788.826175269457,7917.764190921907,8297.787693923096,5653.335640342,-0.0019897297594762766
2023-06-18,6775.409457676801,7902.069714119026,8281.34233459583,5642.152687379225,-0.0019800749276287204
2023-06-19,6762.101713182494,7886.505372644508,8265.026665551763,5631.066316435206,-0.001966851617846065
2023-06-20,6748.926428037215,7871.098733406071,8248.86929182716,5620.096254054423,-0.0019500324145720086
2023-06-21,6735.907088491648,7855.877363311438,8232.898818458294,5609.262226781362,-0.001929590306177385
2023-06-22,6723.067180796477,7840.86882926833,8217.14385048144,5598.583961160512,-0.0019054988215910572
2023-06-23,6710.43019120238,7826.100698184465,8201.632992932868,5588.081183736354,-0.001877732170236378
2023-06-24,6698.019605960044,7811.600536967566,8186.394850848851,5577.773621053377,-0.0018462653851636407
2023-06-25,6685.858911320149,7797.395912525354,8171.45802926566,5567.680999656062,-0.0018110744692644521
2023-06-26,6673.971593533375,7783.514391765548,8156.851133219566,5557.823046088895,-0.0017721365443787304
2023-06-27,6662.381138850408,7769.983541595868,8142.602767746841,5548.2194868963625,-0.001729430003106832
2023-06-28,6651.11103352193,7756.830928924038,8128.741537883761,5538.8900486229495,-0.0016829346630844286
2023-06-29,6640.18476379862,7744.084120657775,8115.296048666591,5529.85445781314,-0.001632631923444731
2023-06-30,6629.625815931164,7731.770683704803,8102.29490513161,5521.132441011419,-0.001578504923155037
2023-07-01,6619.457676170243,7719.918184972843,8089.766712315086,5512.743724762276,-0.0015205387008814912
2023-07-02,6609.703830766538,7708.554191369611,8077.7400752532885,5504.708035610188,-0.0014587203559893783
2023-07-03,6600.387765970734,7697.706269802832,8066.243598982498,5497.045100099648,-0.0013930392102445889
2023-07-04,6591.532968033511,7687.401987180225,8055.305888538976,5489.774644775135,-0.001323486969768366
2023-07-05,6583.162923205551,7677.668910409511,8044.955548959002,5482.916396181138,-0.0012500578867082983
2023-07-06,6575.301117737537,7668.534606398411,8035.221185278846,5476.4900808621405,-0.0011727489201152715
2023-07-07,6567.971037880156,7660.026642054647,8026.131402534779,5470.51542536263,-0.0010915598954159148
2023-07-08,6561.196169884081,7652.172584285937,8017.714805763075,5465.012156227088,-0.001006493661885663
2023-07-09,6555.0,7645.0,8010.0,5460.0,-0.0009175562474553855
2023-07-10,6549.40145569126,7638.53105750877,8003.010146382827,5455.494764289668,-0.0008254753565357369
2023-07-11,6544.401229271861,7632.766330740986,7996.746630452798,5451.49658095963,-0.0007331414104154
2023-07-12,6539.99545426847,7627.700995029608,7991.205393852154,5448.001662937251,-0.0006412989045827288
2023-07-13,6536.1802642077555,7623.33022570759,7986.382378223135,5445.006223149887,-0.0005499747901024226
2023-07-14,6532.9517926163835,7619.649198107886,7982.27352520798,5442.506474524897,-0.0004591955460035086
2023-07-15,6530.306173021018,7616.653087563444,7978.874776448926,5440.498629989637,-0.0003689871572710965
2023-07-16,6528.239538948327,7614.337069407225,7976.182073588217,5438.978902471467,-0.0002793750937984136
2023-07-17,6526.748023924981,7612.69631897218,7974.191358268089,5437.943504897747,-0.00019038429034789404
2023-07-18,6525.82776147764,7611.726011591261,7972.898572130783,5437.38865019583,-0.000102039127538295
2023-07-19,6525.474885132975,7611.421322597427,7972.29965681854,5437.31055129308,-1.4363413884793135e-05
2023-07-20,6525.685528417653,7611.777427323629,7972.390553973598,5437.7054211168515,7.261963107867016e-05
2023-07-21,6526.455824858336,7612.789501102823,7973.167205238197,5438.569472594506,0.0001588873925891852
2023-07-22,6527.781907981696,7614.452719267957,7974.625552254576,5439.898918653397,0.00024441787532877477
2023-07-23,6529.659911314397,7616.762257151991,7976.761536664977,5441.689972220886,0.0003291897169842225
2023-07-24,6532.085968383107,7619.71329008788,7979.571100111637,5443.938846224333,0.00041318220066999733
2023-07-25,6535.056212714488,7623.300993408571,7983.050184236796,5446.641753591091,0.0004963752662188453
2023-07-26,6538.566777835213,7627.520542447024,7987.194730682693,5449.7949072485235,0.0005787495203411537
2023-07-27,6542.6137972719425,7632.367112536191,7992.000681091569,5453.394520123985,0.0006602862456381889
2023-07-28,6547.193404551348,7637.835879009027,7997.463977105665,5457.4368051448355,0.0007409674084933385
2023-07-29,6552.301733200094,7643.922017198482,8003.580560367217,5461.917975238432,0.0008207756658326065
2023-07-30,6557.934916744849,7650.620702437515,8010.346372518469,5466.834243332135,0.0008996943707759738
2023-07-31,6564.089088712278,7657.9271100590795,8017.757355201657,5472.1818223533,0.0009777075771785567
2023-08-01,6570.760382629045,7665.836415396126,8025.809450059021,5477.956925229288,0.0010548000430975057
2023-08-02,6577.944932021822,7674.343793781611,8034.498598732803,5484.155764887456,0.0011309572331770464
2023-08-03,6585.638870417271,7683.444420548489,8043.820742865241,5490.774554255161,0.0012061653199926024
2023-08-04,6593.838331342061,7693.13347102971,8053.771824098573,5497.809506259763,0.001280411184367812
2023-08-05,6602.539448322857,7703.406120558232,8064.347784075041,5505.256833828619,0.0013536824146855226
2023-08-06,6611.738354886327,7714.257544467007,8075.544564436883,5513.112749889087,0.001425967305226421
2023-08-07,6621.431184559139,7725.682918088993,8087.358106826341,5521.373467368528,0.0014972548535591443
2023-08-08,6631.614070867956,7737.6774167571375,8099.784352885652,5530.035199194297,0.0015675347570098669
2023-08-09,6642.283147339447,7750.236215804398,8112.819244257056,5539.094158293754,0.0016367974082479439
2023-08-10,6653.434547500279,7763.35449056373,8126.458722582796,5548.546557594258,0.00170503389001659
2023-08-11,6665.064404877116,7777.027416368084,8140.698729505107,5558.388610023163,0.0017722359690383993
2023-08-12,6677.168852996629,7791.250168550418,8155.5352066662335,5568.616528507834,0.0018383960891438492
2023-08-13,6689.7440253854775,7806.017922443681,8170.9640957084075,5579.226525975622,0.001903507363634292
2023-08-14,6702.786055570335,7821.32585338083,8186.981338273878,5590.214815353891,0.001967563566949178
2023-08-15,6716.291077077864,7837.16913669482,8203.582876004877,5601.577609569998,0.0020305591256373707
2023-08-16,6730.255223434734,7853.542947718602,8220.764650543648,5613.311121551297,0.0020924891086997388
2023-08-17,6744.67462816761,7870.442461785131,8238.522603532429,5625.411564225152,0.0021533492173258246
2023-08-18,6759.545424803158,7887.862854227364,8256.85267661346,5637.8751505189175,0.0022131357740613027
2023-08-19,6774.863746868048,7905.799300378252,8275.750811428985,5650.698093359953,0.0022718457114541757
2023-08-20,6790.625727888941,7924.246975570745,8295.212949621233,5663.876605675617,0.002329476560206355
2023-08-21,6806.827501392507,7943.201055137804,8315.235032832454,5677.406900393267,0.0023860264368744857
2023-08-22,6823.465200905412,7962.656714412381,8335.813002704883,5691.285190440261,0.0024414940311560905
2023-08-23,6840.534959954324,7982.60912872743,8356.94280088076,5705.507688743961,0.0024958785927966117
2023-08-24,6858.032912065908,8003.053473415903,8378.620369002327,5720.070608231719,0.002549179918152449
2023-08-25,6875.95519076683,8023.984923810756,8400.84164871182,5734.970161830898,0.002601398336453476
2023-08-26,6894.2979295837595,8045.398655244942,8423.60258165148,5750.202562468854,0.002652534695784768
2023-08-27,6913.0572620433595,8067.289843051416,8446.899109463548,5765.764023072947,0.0027025903488404773
2023-08-28,6932.229321672299,8089.653662563131,8470.727173790263,5781.650756570533,0.0027515671384659907
2023-08-29,6951.810241997244,8112.4852891130395,8495.082716273862,5797.858975888972,0.0027994673830350368
2023-08-30,6971.79615654486,8135.779898034098,8519.961678556587,5814.384893955621,0.0028462938616833603
2023-08-31,6992.183198841815,8159.532664659258,8545.360002280679,5831.224723697839,0.0028920497994340726
2023-09-01,7012.967502414776,8183.738764321477,8571.273629088375,5848.374678042985,0.0029367388522435604
2023-09-02,7034.145200790408,8208.393372353707,8597.698500621915,5865.830969918414,0.002980365091997254
2023-09-03,7055.712427495377,8233.491664088899,8624.630558523539,5883.589812251488,0.003022932991482125
2023-09-04,7077.665316056355,8259.028814860016,8652.06574443549,5901.647417969565,0.003064447409358318
2023-09-05,7100.0,8285.0,8680.0,5920.0,0.0031049135751627295
2023-09-06,7122.655065358315,8311.333736338502,8708.356866359665,5938.59652769476,0.0031363817624893812
2023-09-07,7145.3389081846135,8337.691906691894,8736.770282658474,5957.196996104222,0.00312723712479164
2023-09-08,7167.702377037538,8363.669735373256,8764.801787540762,5975.514156703376,0.0030700776632845645
2023-09-09,7189.396320475733,8388.862446695653,8792.012919650871,5993.260760967208,0.00296548600694133
2023-09-10,7210.071587057844,8412.865264972152,8817.96521763314,6010.149560370701,0.0028140020370904972
2023-09-11,7229.379025342516,8435.273414515825,8842.220220131907,6025.893306388841,0.0026161015163521538
2023-09-12,7246.969483888392,8455.682119639743,8864.339465791516,6040.204750496619,0.002372175454142686
2023-09-13,7262.493811254116,8473.686604656972,8883.884493256299,6052.796644169016,0.002082510009254003
2023-09-14,7275.602855998332,8488.88209388058,8900.4168411706,6063.3817388810185,0.0017472666826666098
2023-09-15,7285.947466679688,8500.863811623642,8913.498048178757,6071.672786107616,0.0013664625073789493
2023-09-16,7293.1784918568255,8509.226982199225,8922.689652925108,6077.382537323793,0.0009399498947951591
2023-09-17,7296.946780088387,8513.566829920394,8927.553194053991,6080.223744004533,0.0004673957466160836
2023-09-18,7296.9031799330205,8513.478579100223,8927.650210209751,6079.909157624826,-5.174061538996802e-05
2023-09-19,7292.698539949369,8508.55745405178,8922.542240036722,6076.151529659655,-0.0006182312151146444
2023-09-20,7283.983708696077,8498.398679088134,8911.790822179246,6068.663611584007,-0.001233105475443847
2023-09-21,7270.409534731789,8482.597478522357,8894.957495281662,6057.15815487287,-0.0018976792477255718
2023-09-22,7251.626866615148,8460.749076667513,8871.603797988304,6041.347911001229,-0.002613587625666766
2023-09-23,7227.2865529047995,8432.448697836677,8841.291268943518,6020.945631444067,-0.0033828225024484897
2023-09-24,7197.03944215939,8397.291566342916,8803.581446791643,5995.664067676375,-0.0042077760204144495
2023-09-25,7160.53638293756,8354.872906499297,8758.035870177013,5965.215971173136,-0.005091291305550649
2023-09-26,7117.428223797956,8304.787942618892,8704.21607774397,5929.314093409335,-0.006036722190261233
2023-09-27,7067.365813299222,8246.63189901477,8641.683608136853,5887.671185859963,-0.007048004029310657
2023-09-28,7010.0,8180.0,8570.0,5840.0,-0.008129738234255664
2023-09-29,6947.236437554603,8107.026278263803,8491.548601638448,5787.835312398403,-0.00897244175863023
2023-09-30,6890.0,8040.0,8420.0,5740.0,-0.008299144750030381
2023-10-01,6848.815380822851,7990.812820824377,8368.523443367423,5705.03192510586,-0.0061106310460891395
2023-10-02,6823.587330925934,7959.610720535952,8336.995586720519,5683.040791066172,-0.003862139261483832
2023-10-03,6811.565615566048,7943.60325997955,8321.969936713356,5672.029261493396,-0.0019394918699012864
2023-10-04,6810.0,7940.0,8320.0,5670.0,-0.0003578304143401164
2023-10-05,6816.386603978995,7946.21973495324,8327.950480532645,5675.097374900777,0.0008986040534232155
2023-10-06,6829.206965231841,7960.518193239668,8343.930871455997,5686.032573319851,0.0019250201072945523
2023-10-07,6847.188975981761,7981.360336770803,8366.361863212904,5701.658487083676,0.0027443532649631844
2023-10-08,6869.060528451969,8007.211127458154,8393.664146246194,5720.8280080187105,0.003356456396760034
2023-10-09,6893.549514865681,8036.5355272132365,8424.258410998711,5742.394027951403,0.0037626498568180426
2023-10-10,6919.383827446112,8067.798497947561,8456.56534791329,5765.209438708213,0.0039652809931553104
2023-10-11,6945.291358416482,8099.465001572647,8489.005647432778,5788.127132115595,0.00396729089057648
2023-10-12,6970.0,8130.0,8520.0,5810.0,0.00377179756116832
2023-10-13,6992.528214467859,8158.179014829229,8548.313912470257,5829.92935523731,0.0034243119701573275
2023-10-14,7013.056744283121,8184.019806412279,8574.092157348645,5848.010194901087,0.0030965829261198254
2023-10-15,7032.056901956823,8207.850694789191,8597.82432355271,5864.585937114321,0.0028304148956278612
2023-10-16,7050.0,8230.0,8620.0,5880.0,0.002624881254810563
2023-10-17,7067.2879267906965,8250.768575969194,8641.047748900792,5894.553651839418,0.002472052815122428
2023-10-18,7084.044874174965,8270.34741215901,8661.152025636213,5908.3795615470735,0.002342793233093462
2023-10-19,7100.325609865876,8288.90003191615,8680.436258880125,5921.568248195778,0.0022297126453822277
2023-10-20,7116.184901576492,8306.589958587307,8699.02387730639,5934.210230858338,0.002132628823373774
2023-10-21,7131.677517019879,8323.580715519169,8717.038309588857,5946.396028607559,0.002051377136215643
2023-10-22,7146.858223909102,8340.035826058434,8734.602984401392,5958.216160516252,0.001985807786971259
2023-10-23,7161.781789957224,8356.11881355179,8751.841330417843,5969.7611456572195,0.0019357831507878943
2023-10-24,7176.5029828773095,8371.993201345931,8768.876776312072,5981.121503103271,0.0019011752021567314
2023-10-25,7191.076570382425,8387.822512787554,8785.832750757938,5992.387751927214,0.0018818630209142127
2023-10-26,7205.557320185632,8403.770271223344,8802.832682429293,6003.650411201854,0.0018777303690947276
2023-10-27,7220.0,8420.0,8820.0,6015.0,0.0018886633329945062
2023-10-28,7234.435635917896,8436.619341014923,8837.413682274511,6026.4982393495275,0.0019097694681662327
2023-10-29,7248.800287548906,8453.512410368348,8854.974908579676,6038.091658098595,0.001921892483066038
2023-10-30,7263.006272881921,8470.507442711227,8872.540408372948,6049.697987050423,0.0019203399230582321
2023-10-31,7276.965909905831,8487.432672694498,8889.966911111775,6061.234957008239,0.0019052163034662664
2023-11-01,7290.591516609527,8504.116334969118,8907.111146253608,6072.620298775267,0.001876624513537539
2023-11-02,7303.795410981903,8520.386664186031,8923.829843255899,6083.771743154732,0.001834664013627274
2023-11-03,7316.489911011846,8536.071894996187,8939.979731576095,6094.607020949859,0.0017794290790337955
2023-11-04,7328.587334688247,8551.000262050526,8955.417540671644,6105.043862963873,0.0017110070869273185
2023-11-05,7340.0,8565.0,8970.0,6115.0,0.0016294768416107934
2023-11-06,7350.6698256066,8577.949525099122,8983.626072545865,6124.415815505182,0.0015386056825955302
2023-11-07,7360.657132849973,8589.927980016675,8996.363655402962,6133.3223035012425,0.0014532027812934245
2023-11-08,7370.051843742649,8601.06468902501,9008.322879192272,6141.773110653728,0.0013769031038033156
2023-11-09,7378.943880297161,8611.488976396473,9019.613874534769,6149.821883628177,0.0013096386805130761
2023-11-10,7387.423164526036,8621.330166403413,9030.346772051427,6157.52226909013,0.0012513481984772889
2023-11-11,7395.579618441809,8630.71758331818,9040.631702363225,6164.9279137051335,0.0012019761324658985
2023-11-12,7403.503164057009,8639.780551413125,9050.578796091148,6172.092464138727,0.0011614718983337861
2023-11-13,7411.283723384167,8648.648394960595,9060.298183856163,6179.0695670564555,0.0011297890258829045
2023-11-14,7419.011218435816,8657.450438232938,9069.899996279251,6185.912869123858,0.0011068843488327936
2023-11-15,7426.775571224487,8666.316005502507,9079.494363981392,6192.676017006481,0.0010927172099803165
2023-11-16,7434.6667037627085,8675.374421041648,9089.191417583559,6199.412657369863,0.0010872486800280858
2023-11-17,7442.774538063015,8684.755009122713,9099.101287706733,6206.17643687955,0.0010904407889883623
2023-11-18,7451.188996137935,8694.587094018045,9109.334104971886,6213.021002201081,0.0011022557694406916
2023-11-19,7460.0,8705.0,9120.0,6220.0,0.0011226553113174312
2023-11-20,7469.427693941255,8716.254198363735,9131.36642581811,6227.292081566151,0.0011716737026161801
2023-11-21,7480.213111371795,8729.134748495644,9144.330125077491,6235.575916686578,0.0013293627665036541
2023-11-22,7493.227507981224,8744.557856804933,9159.945162835467,6245.65517977263,0.0016151075481571496
2023-11-23,7509.342139459151,8763.439729700807,9179.265604149376,6258.33354523565,0.0020278920729480403
2023-11-24,7529.428261495186,8786.696573592475,9203.345514076547,6274.4146874869875,0.002566260931470394
2023-11-25,7554.357129778935,8815.244594889138,9233.238957674313,6294.7022809379905,0.0032281680757949393
2023-11-26,7585.0,8850.0,9270.0,6320.0,0.0040108363101876215
2023-11-27,7621.100993253472,8890.638064290999,9313.326433333938,6350.137056262727,0.004757188176331999
2023-11-28,7657.895692256324,8931.87033895496,9357.4909588484,6381.044810029304,0.004855450941327702
2023-11-29,7689.4925451310155,8967.16744414144,9395.410004938665,6407.6801587812315,0.004165448444513905
2023-11-30,7710.0,8990.0,9420.0,6425.0,0.002699335060343935
2023-12-01,7715.091640023024,8995.581038918122,9426.061056037528,6429.297137680086,0.0006685916459116833
2023-12-02,7706.701588508997,8986.093242235002,9415.928019495757,6422.208001867873,-0.0011032383295609344
2023-12-03,7688.329103804113,8965.461703527755,9393.819420429047,6406.70492912272,-0.0024168969538060393
2023-12-04,7663.473444254574,8937.611516373512,9363.953788891758,6385.760256003996,-0.0032745356787302507
2023-12-05,7635.633868206578,8906.46777434939,9330.54965493825,6362.34631907106,-0.003673324053680795
2023-12-06,7608.309634006319,8875.955571032515,9297.825548622877,6339.435454883273,-0.0036075078981138526
2023-12-07,7585.0,8850.0,9270.0,6320.0,-0.0030705113545371377
2023-12-08,7568.505993485174,8831.742681341026,9250.447269125181,6306.414488376276,-0.0021519199894528525
2023-12-09,7558.83571756483,8821.191341192927,9239.164536058795,6298.662243549825,-0.001230019613321591
2023-12-10,7555.299044293308,8817.570232205113,9235.304710862407,6296.128786454048,-0.00040230236832206534
2023-12-11,7557.205845724952,8820.103607026967,9238.02070359759,6298.199638022345,0.0003288546268072831
2023-12-12,7563.865993914108,8828.015718307894,9246.465424325921,6304.260319188115,0.0009618251759703616
2023-12-13,7574.589360915117,8840.530818697282,9259.791783108967,6313.696350884755,0.0014956515864463016
2023-12-14,7588.685818782325,8856.873160844529,9277.152690008304,6325.893254045665,0.0019299530013204096
2023-12-15,7605.465239570073,8876.266997399027,9297.701055085503,6340.236549604248,0.002264827838025702
2023-12-16,7624.237495332706,8897.936581010177,9320.589788402138,6356.111758493897,0.0025007532524677
2023-12-17,7644.312458124567,8921.10616432737,9344.971800019779,6372.904401648015,0.0026384840249741672
2023-12-18,7665.0,8945.0,9370.0,6390.0,0.0026789526957620388
2023-12-19,7685.733408536262,8968.980625576234,9394.98330711297,6406.902015124282,0.002641580740831587
2023-12-20,7706.4396334022595,8992.963718199306,9419.85467496323,6423.585671159413,0.0026006284166374648
2023-12-21,7727.169039789812,9017.003239911217,9444.703065863923,6440.144132884969,0.002574443201660718
2023-12-22,7747.97199289074,9041.153152753966,9469.617442128188,6456.670565080533,0.0025628717832268874
2023-12-23,7768.898857896861,9065.467418769558,9494.686766069168,6473.258132525682,0.002565764581221057
2023-12-24,7790.0,9090.0,9520.0,6490.0,0.002582973602977672
2023-12-25,7811.312206539616,9114.789758029696,9545.624631986804,6506.969230661683,0.0026112611337061127
2023-12-26,7832.817953445748,9139.81515261269,9571.5422531076,6524.1584811833945,0.0026381846409005896
2023-12-27,7854.4861387960755,9165.039543045423,9597.712980193388,6541.540306616416,0.0026606821371715785
2023-12-28,7876.285660668279,9190.426288624341,9624.096930075166,6559.087262012033,0.0026787977593762335
2023-12-29,7898.185417140037,9215.938748645893,9650.654219583934,6576.771902421521,0.0026925762331238543
2023-12-30,7920.154306289033,9241.54028240653,9677.344965550696,6594.566782896173,0.002702062672095879
2023-12-31,7942.161226192947,9267.194249202688,9704.129284806442,6612.444458487259,0.002707302384142795
2024-01-01,7964.175074929459,9292.864008330824,9730.967294182183,6630.377484246072,0.0027083406841963346
2024-01-02,7986.164750576246,9318.512919087374,9757.819110508908,6648.338415223885,0.0027052227138993127
2024-01-03,8008.099151210992,9344.104340768792,9784.64485061762,6666.299806471985,0.0026979932679151992
2024-01-04,8029.947174911378,9369.601632671522,9811.404631339321,6684.234213041654,0.0026866966267425746
2024-01-05,8051.67771975508,9394.968154092008,9838.058569505003,6702.114189984172,0.0026713763958926846
2024-01-06,8073.259683819782,9420.167264326697,9864.566781945674,6719.912292350823,0.0026520753512134848
2024-01-07,8094.661965183165,9445.16232267204,9890.889385492328,6737.601075192888,0.0026288352901300094
2024-01-08,8115.853461922905,9469.916688424475,9916.98649697596,6755.153093561647,0.0026016968885346813
2024-01-09,8136.803072116688,9494.39372088046,9942.818233227583,6772.540902508388,0.002570699563044157
2024-01-10,8157.479693842189,9518.556779336428,9968.344711078182,6789.737057084388,0.002535881338297378
2024-01-11,8177.852225177091,9542.369223088835,9993.526047358764,6806.714112340932,0.0024972787189788902
2024-01-12,8197.889564199073,9565.794411434119,10018.322358900326,6823.444623329297,0.0024549265661905576
2024-01-13,8217.560608985817,9588.795703668737,10042.693762533869,6839.901145100773,0.0024088579778235074
2024-01-14,8236.834257615003,9611.336459089125,10066.60037509039,6856.056232706635,0.0023591041725145936
2024-01-15,8255.679408164311,9633.380036991735,10090.002313400888,6871.882441198168,0.002305694376815025
2024-01-16,8274.06495871142,9654.889796673011,10112.859694296363,6887.352325626654,0.0022486557151197768
2024-01-17,8291.959807334013,9675.829097429401,10135.132634607819,6902.438441043378,0.0021880131019526585
2024-01-18,8309.332852109768,9696.16129855735,10156.781251166243,6917.113342499615,0.0021237891361450796
2024-01-19,8326.152991116369,9715.849759353307,10177.76566080265,6931.349585046653,0.002056003996460474
2024-01-20,8342.38912243149,9734.857839113716,10198.04598034803,6945.119723735773,0.0019846753381825826
2024-01-21,8358.010144132815,9753.14889713502,10217.582326633381,6958.3963136182565,0.0019098181901957565
2024-01-22,8372.984954298026,9770.68629271367,10236.334816489707,6971.151909745384,0.0018314448520481282
2024-01-23,8387.282451004801,9787.43338514611,10254.263566748003,6983.359067168439,0.0017495647904922972
2024-01-24,8400.87153233082,9803.353533728789,10271.328694239271,6994.990340938705,0.0016641845349681626
2024-01-25,8413.721096353765,9818.410097758151,10287.490315794512,7006.018286107461,0.0015753075714883586
2024-01-26,8425.800041151315,9832.566436530642,10302.708548244722,7016.415457725992,0.0014829342343609451
2024-01-27,8437.077264801152,9845.785909342709,10316.943508420898,7026.154410845578,0.0013870615951589672
2024-01-28,8447.521665380953,9858.0318754908,10330.155313154046,7035.207700517503,0.0012876833483392775
2024-01-29,8457.102140968404,9869.267694271357,10342.304079275162,7043.547881793049,0.0011847896928668757
2024-01-30,8465.787589641179,9879.456724980831,10353.349923615244,7051.147509723494,0.001078367209194395
2024-01-31,8473.546909476961,9888.562326915668,10363.252963005292,7057.979139360126,0.0009683987308974715
2024-02-01,8480.348998553432,9896.54785937231,10371.973314276309,7064.015325754223,0.0008548632102367164
2024-02-02,8486.162754948267,9903.376681647202,10379.471094259283,7069.228623957068,0.0007377355768910326
2024-02-03,8490.957076739154,9909.012153036798,10385.706419785227,7073.591589019944,0.0006169865890366825
2024-02-04,8494.70086200377,9913.41763283754,10390.639407685136,7077.076775994133,0.0004925826759216432
2024-02-05,8497.363008819793,9916.556480345875,10394.230174790002,7079.656739930916,0.0003644857710210659
2024-02-06,8498.912415264906,9918.392054858246,10396.438837930833,7081.304035881576,0.00023265313479343177
2024-02-07,8499.317979416788,9918.887715671106,10397.225513938625,7081.991218897394,9.70371659977711e-05
2024-02-08,8498.548599353118,9918.006822080895,10396.550319644375,7081.690844029652,-4.241479954899877e-05
2024-02-09,8496.57317315158,9915.712733384062,10394.373371879088,7080.375466329635,-0.00018576070397827732
2024-02-10,8493.360598889854,9911.968808877053,10390.654787473759,7078.017640848621,-0.00033306399744110425
2024-02-11,8488.879774645617,9906.738407856317,10385.35468325939,7074.589922637897,-0.000484393884642261
2024-02-12,8483.09959849655,9899.984889618292,10378.433176066974,7070.0648667487385,-0.0006398255893703163
2024-02-13,8475.988968520336,9891.671613459435,10369.85038272752,7064.415028232434,-0.0007994406386631589
2024-02-14,8467.516782794653,9881.761938676183,10359.566420072017,7057.6129621402615,-0.0009633271684259586
2024-02-15,8457.651939397181,9870.21922456499,10347.54140493147,7049.631223523505,-0.001131580252444948
2024-02-16,8446.363336405604,9857.006830422295,10333.735454136879,7040.442367433445,-0.0013043022569638857
2024-02-17,8433.619871897597,9842.08811554455,10318.10868451924,7030.018948921364,-0.001481603223159478
2024-02-18,8419.390443950844,9825.4264392282,10300.621212909557,7018.333523038547,-0.001663601280101658
2024-02-19,8403.643950643025,9806.98516076969,10281.233156138824,7005.358644836272,-0.0018504230910363982
2024-02-20,8386.349290051821,9786.727639465467,10259.904631038042,6991.0668693658245,-0.002042204336107196
2024-02-21,8367.475360254908,9764.617234611977,10236.59575443821,6975.430751678483,-0.0022390902349710066
2024-02-22,8346.991059329972,9740.617305505664,10211.266643170331,6958.422846825531,-0.002441236113104651
2024-02-23,8324.86528535469,9714.69121144298,10183.8774140654,6940.015709858253,-0.0026488080160266543
2024-02-24,8301.066936406742,9686.802311720365,10154.388183954416,6920.181895827927,-0.0028619833761003867
2024-02-25,8275.56491056381,9656.91396563427,10122.759069668382,6898.893959785839,-0.003080951737110969
2024-02-26,8248.328105903573,9624.98953248114,10088.950188038294,6876.124456783268,-0.0033059155423924382
2024-02-27,8219.325420503712,9590.99237155742,10052.921655895154,6851.845941871499,-0.0035370909929326893
2024-02-28,8188.525752441907,9554.885842159556,10014.633590069956,6826.03097010181,-0.0037747089826463934
2024-02-29,8155.8979997958395,9516.633303583996,9974.046107393706,6798.652096525488,-0.0040190161188348745
2024-03-01,8121.411060643188,9476.198115127187,9931.1193246974,6769.68187619381,-0.0042702758368409295
2024-03-02,8085.033833061636,9433.543636085573,9885.813358812036,6739.092864158064,-0.0045287696189721316
2024-03-03,8046.735215128858,9388.633225755599,9838.088326568612,6706.857615469524,-0.004794798329053169
2024-03-04,8006.4841049225415,9341.430243433717,9787.904344798135,6672.948685179482,-0.005068683675357266
2024-03-05,7964.249400520363,9291.89804841637,9735.221530331599,6637.338628339214,-0.00535076981635238
2024-03-06,7920.0,9240.0,9680.0,6600.0,-0.005641425125513713
2024-03-07,7873.970272203058,9186.011230833361,9622.532232574982,6561.131160597755,-0.00590662792329576
2024-03-08,7827.456469026807,9131.453966974408,9564.440154590739,6521.833692106901,-0.00600744359070262
2024-03-09,7782.020313132441,9078.162207833397,9507.678054522103,6483.43498188649,-0.005905117804865658
2024-03-10,7739.223527181151,9027.969952820582,9454.20022084391,6447.262417295572,-0.005594850429389976
2024-03-11,7700.627833834133,8982.711201346227,9405.960942030995,6414.643385693202,-0.005072203456492391
2024-03-12,7667.794955752579,8944.219952820584,9364.914506558194,6386.905274438429,-0.00433356235261452
2024-03-13,7642.286615597683,8914.33020665391,9333.01520290034,6365.375470890307,-0.0033766232777083364
2024-03-14,7625.664536030634,8894.875962256467,9312.217319532268,6351.381362407885,-0.002200893563468212
2024-03-15,7619.490439712629,8887.691219038508,9304.475144928814,6346.250336350219,-0.0008081863545391278
2024-03-16,7625.32604930486,8894.609976410293,9311.742967564809,6351.309780076357,0.0007969159346373688
2024-03-17,7644.733087468521,8917.466233782077,9335.975075915094,6367.887080945353,0.002606659907316223
2024-03-18,7679.2732768648,8958.093990564117,9379.125758454495,6397.309626316257,0.00460981497567338
2024-03-19,7730.508340154896,9018.327246166675,9443.149303657852,6440.904803548122,0.006791496595850723
2024-03-20,7800.0,9100.0,9530.0,6500.0,0.009133149208810424
2024-03-21,7889.309979061302,9204.946251474357,9641.63213595577,6575.922603030942,0.011612711170941842
2024-03-22,8000.0,9335.0,9780.0,6670.0,0.014204971854999107
2024-04-04,8000.0,9335.0,9780.0,6670.0,0.0
2024-04-05,8000.0,9335.0,9780.0,6670.0,0.0
2024-04-06,8000.0,9335.0,9780.0,6670.0,0.0
2024-04-07,8125.0,9480.0,9930.0,6770.0,0.014881226996651334
2024-04-08,8250.0,9620.0,10080.0,6875.0,0.01539055662845145
2024-04-09,8250.0,9620.0,10080.0,6875.0,0.0
2024-04-10,8250.0,9620.0,10080.0,6875.0,0.0
2024-04-11,8250.0,9620.0,10080.0,6875.0,0.0
2024-04-12,8250.0,9620.0,10080.0,6875.0,0.0
2024-04-13,8250.0,9620.0,10080.0,6875.0,0.0
2024-04-14,8250.0,9620.0,10080.0,6875.0,0.0
2024-04-15,8250.0,9620.0,10080.0,6875.0,0.0
2024-04-16,8250.0,9620.0,10080.0,6875.0,0.0
2024-04-17,8250.0,9620.0,10080.0,6875.0,0.0
2024-04-18,8392.0,9791.0,10257.0,6756.0,-0.017460644607081383
2024-04-19,8392.0,9791.0,10257.0,6756.0,0.0
2024-04-20,8333.0,9722.0,10185.0,6708.0,-0.007130154984591191
2024-04-21,8377.0,9774.0,10239.0,6744.0,0.005352376738591839
2024-04-22,8377.0,9774.0,10239.0,6744.0,0.0
2024-04-23,8157.0,9516.0,9970.0,6566.0,-0.026748401620153402
2024-04-24,8010.0,9345.0,9790.0,6448.0,-0.018134813875073704
2024-04-25,7966.0,9294.0,9736.0,6413.0,-0.005442825037601314
2024-04-26,7966.0,9294.0,9736.0,6413.0,0.0
2024-04-27,7922.0,9242.0,9682.0,6588.0,0.02692263214866802
2024-04-28,7900.0,9216.0,9655.0,6570.0,-0.0027359798188747488
2024-04-29,7819.0,9122.0,9556.0,6502.0,-0.01040401061480559
2024-04-30,7790.0,9088.0,9520.0,6478.0,-0.0036980011325760715
2024-05-01,7790.0,9088.0,9520.0,6478.0,0.0
2024-05-02,7790.0,9088.0,9520.0,6478.0,0.0
2024-05-03,7657.0,8933.0,9359.0,6368.0,-0.01712637220705567
2024-05-04,7657.0,8933.0,9359.0,6368.0,0.0
2024-05-05,7731.0,9019.0,9449.0,6429.0,0.009533556617467707
2024-05-06,7782.0,9079.0,9512.0,6472.0,0.006666174596640979
2024-05-07,7782.0,9079.0,9512.0,6472.0,0.0
2024-05-08,8098.0,9448.0,9898.0,6695.0,0.033875799386945245
2024-05-09,8098.0,9448.0,9898.0,6695.0,0.0
2024-05-10,8098.0,9448.0,9898.0,6695.0,0.0
2024-05-11,8098.0,9448.0,9898.0,6695.0,0.0
2024-05-12,8227.0,9598.0,10055.0,6802.0,0.015855707441867976
2024-05-13,8227.0,9598.0,10055.0,6802.0,0.0
2024-05-14,8227.0,9598.0,10055.0,6802.0,0.0
2024-05-15,8227.0,9598.0,10055.0,6802.0,0.0
2024-05-16,8227.0,9598.0,10055.0,6802.0,0.0
2024-05-17,8227.0,9598.0,10055.0,6802.0,0.0
2024-05-18,8227.0,9598.0,10055.0,6802.0,0.0
2024-05-19,8309.0,9695.0,10156.0,6870.0,0.009947419649254276
2024-05-20,8385.0,9783.0,10249.0,6933.0,0.009128513726095449
2024-05-21,8385.0,9783.0,10249.0,6933.0,0.0
2024-05-22,8385.0,9783.0,10249.0,6933.0,0.0
2024-05-23,8310.0,9695.0,10156.0,6870.0,-0.009128513726095364
2024-05-24,8310.0,9695.0,10156.0,6870.0,0.0
2024-05-25,8310.0,9695.0,10156.0,6870.0,0.0
2024-05-28,8219.0,9589.0,10046.0,6795.0,-0.010977058631150907
2024-05-29,8219.0,9589.0,10046.0,6795.0,0.0
2024-05-30,8219.0,9589.0,10046.0,6795.0,0.0
2024-05-31,8219.0,9589.0,10046.0,6795.0,0.0
2024-06-01,8219.0,9589.0,10046.0,6795.0,0.0
2024-06-02,8219.0,9589.0,10046.0,6795.0,0.0
2024-06-03,8219.0,9589.0,10046.0,6795.0,0.0
2024-06-04,8219.0,9589.0,10046.0,6795.0,0.0
2024-06-05,8219.0,9589.0,10046.0,6795.0,0.0
2024-06-06,8219.0,9589.0,10046.0,6795.0,0.0
2024-06-07,8219.0,9589.0,10046.0,6795.0,0.0
2024-06-08,8219.0,9589.0,10046.0,6795.0,0.0
2024-06-09,8129.0,9483.0,9935.0,6720.0,-0.011098893068048803
2024-06-10,8129.0,9483.0,9935.0,6720.0,0.0
2024-06-11,8204.0,9571.0,10027.0,6783.0,0.009331327428884222
2024-06-12,8204.0,9571.0,10027.0,6783.0,0.0
2024-06-13,8204.0,9571.0,10027.0,6783.0,0.0
2024-06-14,8204.0,9571.0,10027.0,6783.0,0.0
2024-06-15,8204.0,9571.0,10027.0,6783.0,0.0
2024-06-16,8204.0,9571.0,10027.0,6783.0,0.0
2024-06-17,8204.0,9571.0,10027.0,6783.0,0.0
2024-06-18,8204.0,9571.0,10027.0,6783.0,0.0
2024-06-19,8204.0,9571.0,10027.0,6783.0,0.0
2024-06-20,8204.0,9571.0,10027.0,6783.0,0.0
2024-06-21,8204.0,9571.0,10027.0,6783.0,0.0
2024-06-22,8204.0,9571.0,10027.0,6783.0,0.0
2024-06-23,8204.0,9571.0,10027.0,6783.0,0.0
2024-06-24,8204.0,9571.0,10027.0,6783.0,0.0
2024-06-25,8302.0,9686.0,10147.0,6864.0,0.011870880221718746
2024-06-26,8302.0,9686.0,10147.0,6864.0,0.0
2024-06-27,8302.0,9686.0,10147.0,6864.0,0.0
2024-06-28,8302.0,9686.0,10147.0,6864.0,0.0
2024-06-29,8302.0,9686.0,10147.0,6864.0,0.0
2024-06-30,8302.0,9686.0,10147.0,6864.0,0.0
2024-07-01,8227.0,9598.0,10055.0,6802.0,-0.0090736756006574
2024-07-02,8227.0,9598.0,10055.0,6802.0,0.0
2024-07-03,8227.0,9598.0,10055.0,6802.0,0.0
2024-07-05,8227.0,9598.0,10055.0,6802.0,0.0
2024-07-07,8227.0,9598.0,10055.0,6802.0,0.0
2024-07-08,8340.0,9730.0,10193.0,6895.0,0.013579824660261414
2024-07-09,8340.0,9730.0,10193.0,6895.0,0.0
2024-07-10,8340.0,9730.0,10193.0,6895.0,0.0
2024-07-11,8340.0,9730.0,10193.0,6895.0,0.0
2024-07-12,8340.0,9730.0,10193.0,6895.0,0.0
2024-07-13,8340.0,9730.0,10193.0,6895.0,0.0
2024-07-15,8423.0,9827.0,10295.0,6964.0,0.009957510660677557
2024-07-16,8423.0,9827.0,10295.0,6964.0,0.0
2024-07-17,8423.0,9827.0,10295.0,6964.0,0.0
2024-07-18,8423.0,9827.0,10295.0,6964.0,0.0
2024-07-23,8423.0,9827.0,10295.0,6964.0,0.0
2024-07-24,8423.0,9827.0,10295.0,6964.0,0.0
2024-07-25,8423.0,9827.0,10295.0,6964.0,0.0
2024-07-26,8423.0,9827.0,10295.0,6964.0,0.0
2024-07-27,8423.0,9827.0,10295.0,6964.0,0.0
2024-07-28,8423.0,9827.0,10295.0,6964.0,0.0
2024-07-29,8423.0,9827.0,10295.0,6964.0,0.0
2024-07-30,8423.0,9827.0,10295.0,6964.0,0.0
2024-07-31,8423.0,9827.0,10295.0,6964.0,0.0
2024-08-01,8423.0,9827.0,10295.0,6964.0,0.0
2024-08-03,8423.0,9827.0,10295.0,6964.0,0.0
2024-08-04,8423.0,9827.0,10295.0,6964.0,0.0
2024-08-05,8423.0,9827.0,10295.0,6964.0,0.0
2024-08-06,8423.0,9827.0,10295.0,6964.0,0.0
2024-08-07,8423.0,9827.0,10295.0,6964.0,0.0
2024-08-08,8423.0,9827.0,10295.0,6964.0,0.0
2024-08-09,8423.0,9827.0,10295.0,6964.0,0.0
2024-08-10,8423.0,9827.0,10295.0,6964.0,0.0
2024-08-11,8423.0,9827.0,10295.0,6964.0,0.0
2024-08-12,8423.0,9827.0,10295.0,6964.0,0.0
2024-08-13,8423.0,9827.0,10295.0,6964.0,0.0
2024-08-14,8423.0,9827.0,10295.0,6964.0,0.0
2024-08-15,8423.0,9827.0,10295.0,6964.0,0.0
2024-08-16,8423.0,9827.0,10295.0,6964.0,0.0
2024-08-17,8423.0,9827.0,10295.0,6964.0,0.0
2024-08-18,8423.0,9827.0,10295.0,6964.0,0.0
2024-08-19,8627.0,10065.0,10544.0,7133.0,0.023977881389958565
2024-08-20,8627.0,10065.0,10544.0,7133.0,0.0
2024-08-21,8733.0,10188.0,10674.0,7220.0,0.012123049608833819
2024-08-22,8733.0,10188.0,10674.0,7220.0,0.0
2024-08-23,8839.0,10312.0,10803.0,7308.0,0.01211468561102548
2024-08-24,8839.0,10312.0,10803.0,7308.0,0.0
2024-08-25,8839.0,10312.0,10803.0,7308.0,0.0
2024-08-26,8975.0,10470.0,10969.0,7420.0,0.015209418663528708
2024-08-27,8975.0,10470.0,10969.0,7420.0,0.0
2024-08-28,8975.0,10470.0,10969.0,7420.0,0.0
2024-08-29,8975.0,10470.0,10969.0,7420.0,0.0
2024-08-30,8975.0,10470.0,10969.0,7420.0,0.0
2024-08-31,8975.0,10470.0,10969.0,7420.0,0.0
2024-09-01,8975.0,10470.0,10969.0,7420.0,0.0
2024-09-02,8861.0,10338.0,10830.0,7326.0,-0.012749392822666418
2024-09-03,8861.0,10338.0,10830.0,7326.0,0.0
2024-09-04,8861.0,10338.0,10830.0,7326.0,0.0
2024-09-05,8861.0,10338.0,10830.0,7326.0,0.0
2024-09-06,8861.0,10338.0,10830.0,7326.0,0.0
2024-09-09,8861.0,10338.0,10830.0,7326.0,0.0
2024-09-10,8861.0,10338.0,10830.0,7326.0,0.0
2024-09-11,8861.0,10338.0,10830.0,7326.0,0.0
2024-09-12,8861.0,10338.0,10830.0,7326.0,0.0
2024-09-13,8861.0,10338.0,10830.0,7326.0,0.0
2024-09-14,9112.0,10631.0,11137.0,7460.0,0.018125749859046875
2024-09-15,9112.0,10631.0,11137.0,7460.0,0.0
2024-09-16,9112.0,10631.0,11137.0,7460.0,0.0
2024-09-17,9112.0,10631.0,11137.0,7460.0,0.0
2024-09-18,9112.0,10631.0,11137.0,7460.0,0.0
2024-09-19,9112.0,10631.0,11137.0,7460.0,0.0
2024-09-20,9112.0,10631.0,11137.0,7460.0,0.0
2024-09-21,9112.0,10631.0,11137.0,7460.0,0.0
2024-09-22,9333.0,10888.0,11407.0,7649.0,0.025019506124059437
2024-09-23,9333.0,10888.0,11407.0,7649.0,0.0
2024-09-24,9333.0,10888.0,11407.0,7649.0,0.0
2024-09-25,9516.0,11103.0,11631.0,7805.0,0.020189633627666403
2024-09-26,9730.0,11351.0,11892.0,7987.0,0.023050665967856442
2024-09-27,9730.0,11351.0,11892.0,7987.0,0.0
2024-09-28,9730.0,11351.0,11892.0,7987.0,0.0
2024-09-29,9641.0,11248.0,11784.0,7912.0,-0.009434625614840882
2024-09-30,9641.0,11248.0,11784.0,7912.0,0.0
2024-10-01,9641.0,11248.0,11784.0,7912.0,0.0
2024-10-02,9641.0,11248.0,11784.0,7912.0,0.0
2024-10-03,9641.0,11248.0,11784.0,7912.0,0.0
2024-10-04,9641.0,11248.0,11784.0,7912.0,0.0
2024-10-05,9641.0,11248.0,11784.0,7912.0,0.0
2024-10-06,9641.0,11248.0,11784.0,7912.0,0.0
2024-10-07,9641.0,11248.0,11784.0,7912.0,0.0
2024-10-08,9641.0,11248.0,11784.0,7912.0,0.0
2024-10-09,9641.0,11248.0,11784.0,7912.0,0.0
2024-10-10,9641.0,11248.0,11784.0,7912.0,0.0
2024-10-11,9641.0,11248.0,11784.0,7912.0,0.0
2024-10-12,9641.0,11248.0,11784.0,7912.0,0.0
2024-10-13,9641.0,11248.0,11784.0,7912.0,0.0
2024-10-14,9641.0,11248.0,11784.0,7912.0,0.0
2024-10-15,9641.0,11248.0,11784.0,7912.0,0.0
2024-10-16,9641.0,11248.0,11784.0,7912.0,0.0
2024-10-17,9641.0,11248.0,11784.0,7912.0,0.0
2024-10-18,9641.0,11248.0,11784.0,7912.0,0.0
2024-10-19,9641.0,11248.0,11784.0,7912.0,0.0
2024-10-20,9825.0,11463.0,12008.0,8069.0,0.019648964545958575
2024-10-21,9825.0,11463.0,12008.0,8069.0,0.0
2024-10-22,9957.0,11617.0,12170.0,8181.0,0.013784833665191598
2024-10-23,9957.0,11617.0,12170.0,8181.0,0.0
2024-10-24,9957.0,11617.0,12170.0,8181.0,0.0
2024-10-25,9957.0,11617.0,12170.0,8181.0,0.0
2024-10-26,9957.0,11617.0,12170.0,8181.0,0.0
2024-10-27,9957.0,11617.0,12170.0,8181.0,0.0
2024-10-28,9957.0,11617.0,12170.0,8181.0,0.0
2024-10-29,9957.0,11617.0,12170.0,8181.0,0.0
2024-10-30,9957.0,11617.0,12170.0,8181.0,0.0
2024-10-31,10068.0,11746.0,12305.0,8275.0,0.011424528731565384
2024-11-01,10068.0,11746.0,12305.0,8275.0,0.0
2024-11-02,10068.0,11746.0,12305.0,8275.0,0.0
2024-11-03,10068.0,11746.0,12305.0,8275.0,0.0
2024-11-04,9972.0,11634.0,12188.0,8194.0,-0.009836742138447218
2024-11-05,9972.0,11634.0,12188.0,8194.0,0.0
2024-11-06,9972.0,11634.0,12188.0,8194.0,0.0
2024-11-07,9972.0,11634.0,12188.0,8194.0,0.0
2024-11-08,9730.0,11351.0,11892.0,7987.0,-0.025586959189427463
2024-11-09,9730.0,11351.0,11892.0,7987.0,0.0
2024-11-10,9730.0,11351.0,11892.0,7987.0,0.0
2024-11-11,9730.0,11351.0,11892.0,7987.0,0.0
2024-11-12,9730.0,11351.0,11892.0,7987.0,0.0
2024-11-13,9553.0,11145.0,11676.0,7837.0,-0.018959111864524304
2024-11-14,9553.0,11145.0,11676.0,7837.0,0.0
2024-11-15,9436.0,11008.0,11532.0,7736.0,-0.012971349919734363
2024-11-16,9436.0,11008.0,11532.0,7736.0,0.0
2024-11-17,9436.0,11008.0,11532.0,7736.0,0.0
2024-11-18,9436.0,11008.0,11532.0,7736.0,0.0
2024-11-19,9641.0,11248.0,11784.0,7912.0,0.02249583616941782
2024-11-20,9641.0,11248.0,11784.0,7912.0,0.0
2024-11-21,9781.0,11411.0,11955.0,8031.0,0.014928458885914164
2024-11-22,9781.0,11411.0,11955.0,8031.0,0.0
2024-11-23,9979.0,11643.0,12197.0,8200.0,0.02082510106388218
2024-11-24,9979.0,11643.0,12197.0,8200.0,0.0
2024-11-25,9979.0,11643.0,12197.0,8200.0,0.0
2024-11-26,9847.0,11488.0,12035.0,8087.0,-0.01387632015652235
2024-11-27,9730.0,11351.0,11892.0,7987.0,-0.012442614178433248
2024-11-28,9730.0,11351.0,11892.0,7987.0,0.0
2024-11-29,9730.0,11351.0,11892.0,7987.0,0.0
2024-11-30,9730.0,11351.0,11892.0,7987.0,0.0
2024-12-01,9730.0,11351.0,11892.0,7987.0,0.0
2024-12-02,9627.0,11231.0,11765.0,7899.0,-0.011079050752969895
2024-12-03,9627.0,11231.0,11765.0,7899.0,0.0
2024-12-04,9627.0,11231.0,11765.0,7899.0,0.0
2024-12-05,9627.0,11231.0,11765.0,7899.0,0.0
2024-12-06,9627.0,11231.0,11765.0,7899.0,0.0
2024-12-07,9627.0,11231.0,11765.0,7899.0,0.0
2024-12-08,9627.0,11231.0,11765.0,7899.0,0.0
2024-12-09,9627.0,11231.0,11765.0,7899.0,0.0
2024-12-10,9708.0,11325.0,11865.0,7968.0,0.00869735110001505
2024-12-11,9708.0,11325.0,11865.0,7968.0,0.0
2024-12-12,9840.0,11480.0,12026.0,8081.0,0.014082106969013485
2024-12-15,9715.0,11334.0,11874.0,7975.0,-0.0132039785804023
2024-12-16,9715.0,11334.0,11874.0,7975.0,0.0
2024-12-17,9715.0,11334.0,11874.0,7975.0,0.0
2024-12-18,9715.0,11334.0,11874.0,7975.0,0.0
2024-12-19,9862.0,11505.0,12053.0,8100.0,0.015552413007484785
2024-12-20,9862.0,11505.0,12053.0,8100.0,0.0
2024-12-21,9862.0,11505.0,12053.0,8100.0,0.0
2024-12-22,9862.0,11505.0,12053.0,8100.0,0.0
2024-12-23,9774.0,11403.0,11946.0,8025.0,-0.009302392662313561
2024-12-24,9774.0,11403.0,11946.0,8025.0,0.0
2024-12-25,9774.0,11403.0,11946.0,8025.0,0.0
2024-12-26,9774.0,11403.0,11946.0,8025.0,0.0
2024-12-27,9774.0,11403.0,11946.0,8025.0,0.0
2024-12-28,9774.0,11403.0,11946.0,8025.0,0.0
2024-12-29,9774.0,11403.0,11946.0,8025.0,0.0
2024-12-30,9700.0,11317.0,11856.0,7962.0,-0.007881444437954088
2024-12-31,9700.0,11317.0,11856.0,7962.0,0.0
2025-01-01,9700.0,11317.0,11856.0,7962.0,0.0
2025-01-02,9700.0,11317.0,11856.0,7962.0,0.0
2025-01-03,9700.0,11317.0,11856.0,7962.0,0.0
2025-01-04,9700.0,11317.0,11856.0,7962.0,0.0
2025-01-05,9700.0,11317.0,11856.0,7962.0,0.0
2025-01-06,9700.0,11317.0,11856.0,7962.0,0.0
2025-01-07,9700.0,11317.0,11856.0,7962.0,0.0
2025-01-08,9700.0,11317.0,11856.0,7962.0,0.0
2025-01-09,9700.0,11317.0,11856.0,7962.0,0.0
2025-01-10,9700.0,11317.0,11856.0,7962.0,0.0
2025-01-11,9700.0,11317.0,11856.0,7962.0,0.0
2025-01-12,9700.0,11317.0,11856.0,7962.0,0.0
2025-01-13,9700.0,11317.0,11856.0,7962.0,0.0
2025-01-14,9700.0,11317.0,11856.0,7962.0,0.0
2025-01-15,9781.0,11411.0,11955.0,8031.0,0.008628828628199737
2025-01-16,9781.0,11411.0,11955.0,8031.0,0.0
2025-01-17,9781.0,11411.0,11955.0,8031.0,0.0
2025-01-18,9781.0,11411.0,11955.0,8031.0,0.0
2025-01-19,9781.0,11411.0,11955.0,8031.0,0.0
2025-01-20,9781.0,11411.0,11955.0,8031.0,0.0
2025-01-21,9781.0,11411.0,11955.0,8031.0,0.0
2025-01-22,9781.0,11411.0,11955.0,8031.0,0.0
2025-01-23,9921.0,11574.0,12125.0,8150.0,0.014708874046446151
2025-01-24,9921.0,11574.0,12125.0,8150.0,0.0
2025-01-25,9921.0,11574.0,12125.0,8150.0,0.0
2025-01-26,9921.0,11574.0,12125.0,8150.0,0.0
2025-01-27,9921.0,11574.0,12125.0,8150.0,0.0
2025-01-28,9921.0,11574.0,12125.0,8150.0,0.0
2025-01-29,9921.0,11574.0,12125.0,8150.0,0.0
2025-01-30,10016.0,11686.0,12242.0,8232.0,0.010011071278977173
2025-01-31,10016.0,11686.0,12242.0,8232.0,0.0
2025-02-01,10016.0,11686.0,12242.0,8232.0,0.0
2025-02-02,10163.0,11857.0,12422.0,8357.0,0.015070512487550697
2025-02-03,10163.0,11857.0,12422.0,8357.0,0.0
2025-02-04,10163.0,11857.0,12422.0,8357.0,0.0
2025-02-05,10163.0,11857.0,12422.0,8357.0,0.0
2025-02-06,10369.0,12097.0,12673.0,8533.0,0.0208414885351486
2025-02-07,10369.0,12097.0,12673.0,8533.0,0.0
2025-02-08,10369.0,12097.0,12673.0,8533.0,0.0
2025-02-09,10369.0,12097.0,12673.0,8533.0,0.0
2025-02-10,10369.0,12097.0,12673.0,8533.0,0.0
2025-02-11,10509.0,12260.0,12844.0,8652.0,0.0138495085363646
2025-02-12,10509.0,12260.0,12844.0,8652.0,0.0
2025-02-13,10509.0,12260.0,12844.0,8652.0,0.0
2025-02-14,10509.0,12260.0,12844.0,8652.0,0.0
2025-02-15,10509.0,12260.0,12844.0,8652.0,0.0
2025-02-16,10509.0,12260.0,12844.0,8652.0,0.0
2025-02-17,10611.0,12380.0,12970.0,8739.0,0.010005258554595014
2025-02-18,10611.0,12380.0,12970.0,8739.0,0.0
2025-02-19,10611.0,12380.0,12970.0,8739.0,0.0
2025-02-20,10611.0,12380.0,12970.0,8739.0,0.0
2025-02-21,10839.0,12646.0,13248.0,8934.0,0.022068456284519703
2025-02-22,10839.0,12646.0,13248.0,8934.0,0.0
2025-02-23,10758.0,12551.0,13149.0,8865.0,-0.007753283403755703
2025-02-24,10758.0,12551.0,13149.0,8865.0,0.0
2025-02-25,10758.0,12551.0,13149.0,8865.0,0.0
2025-02-26,10758.0,12551.0,13149.0,8865.0,0.0
2025-02-27,10758.0,12551.0,13149.0,8865.0,0.0
2025-02-28,10589.0,12354.0,12943.0,8721.0,-0.016377029281322654
2025-03-01,10589.0,12354.0,12943.0,8721.0,0.0
2025-03-02,10406.0,12140.0,12718.0,8564.0,-0.018166539517412202
2025-03-03,10406.0,12140.0,12718.0,8564.0,0.0
2025-03-04,10406.0,12140.0,12718.0,8564.0,0.0
2025-03-05,10655.0,12431.0,13023.0,8777.0,0.024567292882544094
2025-03-06,10655.0,12431.0,13023.0,8777.0,0.0
2025-03-08,10655.0,12431.0,13023.0,8777.0,0.0
2025-03-09,10582.0,12346.0,12934.0,8714.0,-0.0072037359147301425
2025-03-10,10582.0,12346.0,12934.0,8714.0,0.0
2025-03-11,10582.0,12346.0,12934.0,8714.0,0.0
2025-03-12,10582.0,12346.0,12934.0,8714.0,0.0
2025-03-13,10582.0,12346.0,12934.0,8714.0,0.0
2025-03-14,10582.0,12346.0,12934.0,8714.0,0.0
2025-03-15,10582.0,12346.0,12934.0,8714.0,0.0
2025-03-16,10582.0,12346.0,12934.0,8714.0,0.0
2025-03-17,10766.0,12560.0,13158.0,8871.0,0.01785660184319953
2025-03-18,10766.0,12560.0,13158.0,8871.0,0.0
2025-03-19,10869.0,12680.0,13284.0,8959.0,0.009871084076991504
2025-03-20,10869.0,12680.0,13284.0,8959.0,0.0
2025-03-21,10869.0,12680.0,13284.0,8959.0,0.0
2025-03-22,10869.0,12680.0,13284.0,8959.0,0.0
2025-03-23,10869.0,12680.0,13284.0,8959.0,0.0
2025-03-24,10869.0,12680.0,13284.0,8959.0,0.0
2025-03-25,10869.0,12680.0,13284.0,8959.0,0.0
2025-03-26,10949.0,12774.0,13383.0,9028.0,0.007672245339847902
2025-03-28,10949.0,12774.0,13383.0,9028.0,0.0
2025-03-29,11074.0,12920.0,13535.0,9134.0,0.011672855807517984
2025-03-30,11074.0,12920.0,13535.0,9134.0,0.0
2025-03-31,11074.0,12920.0,13535.0,9134.0,0.0
2025-04-01,11074.0,12920.0,13535.0,9134.0,0.0
2025-04-02,11074.0,12920.0,13535.0,9134.0,0.0
2025-04-03,11074.0,12920.0,13535.0,9134.0,0.0
2025-04-04,11074.0,12920.0,13535.0,9134.0,0.0
2025-04-05,11074.0,12920.0,13535.0,9134.0,0.0
2025-04-06,11074.0,12920.0,13535.0,9134.0,0.0
2025-04-07,11074.0,12920.0,13535.0,9134.0,0.0
2025-04-08,11074.0,12920.0,13535.0,9134.0,0.0
2025-04-09,10986.0,12817.0,13428.0,9059.0,-0.008244976075656477
2025-04-10,10986.0,12817.0,13428.0,9059.0,0.0
2025-04-12,11155.0,13014.0,13634.0,9203.0,0.015770779169569156
2025-04-13,11449.0,13357.0,13993.0,9454.0,0.026908414514324845
2025-04-14,11376.0,13272.0,13904.0,9391.0,-0.0066861485485681296
2025-04-15,11376.0,13272.0,13904.0,9391.0,0.0
2025-04-16,11376.0,13272.0,13904.0,9391.0,0.0
2025-04-17,11589.0,13520.0,14164.0,9573.0,0.019194852141739712
2025-04-18,11589.0,13520.0,14164.0,9573.0,0.0
2025-04-19,11772.0,13735.0,14389.0,9730.0,0.0162672602336975
2025-04-20,11772.0,13735.0,14389.0,9730.0,0.0
2025-04-21,11772.0,13735.0,14389.0,9730.0,0.0
2025-04-25,12103.0,14120.0,14793.0,10012.0,0.028570477371614052
2025-04-26,12103.0,14120.0,14793.0,10012.0,0.0
2025-04-27,12103.0,14120.0,14793.0,10012.0,0.0
2025-04-28,12103.0,14120.0,14793.0,10012.0,0.0
2025-04-29,12103.0,14120.0,14793.0,10012.0,0.0
2025-04-30,12103.0,14120.0,14793.0,10012.0,0.0
2025-05-01,12103.0,14120.0,14793.0,10012.0,0.0
2025-05-02,12103.0,14120.0,14793.0,10012.0,0.0
2025-05-03,12103.0,14120.0,14793.0,10012.0,0.0
2025-05-04,11853.0,13829.0,14487.0,9799.0,-0.02150403391584633
2025-05-05,11853.0,13829.0,14487.0,9799.0,0.0
2025-05-06,12015.0,14017.0,14685.0,9937.0,0.01398482459554493
2025-05-07,12272.0,14318.0,14999.0,10156.0,0.021799499593205686
2025-05-08,12272.0,14318.0,14999.0,10156.0,0.0
2025-05-09,12052.0,14060.0,14730.0,9968.0,-0.01868470179733469
2025-05-10,12052.0,14060.0,14730.0,9968.0,0.0
2025-05-11,11978.0,13975.0,14640.0,9905.0,-0.0063402818945830506
2025-05-12,11978.0,13975.0,14640.0,9905.0,0.0
2025-05-13,11758.0,13717.0,14371.0,9717.0,-0.019162751293212352
2025-05-14,11868.0,13846.0,14505.0,9811.0,0.009627276323951795
2025-05-15,11868.0,13846.0,14505.0,9811.0,0.0
2025-05-16,11626.0,13563.0,14209.0,9605.0,-0.021220408960733773
2025-05-17,11626.0,13563.0,14209.0,9605.0,0.0
2025-05-18,11721.0,13675.0,14326.0,9686.0,0.008397747760517379
2025-05-19,11721.0,13675.0,14326.0,9686.0,0.0
2025-05-20,11721.0,13675.0,14326.0,9686.0,0.0
2025-05-21,11721.0,13675.0,14326.0,9686.0,0.0
2025-05-22,11919.0,13906.0,14568.0,9855.0,0.017297396623646027
2025-05-24,11919.0,13906.0,14568.0,9855.0,0.0
2025-05-25,11919.0,13906.0,14568.0,9855.0,0.0
2025-05-26,11919.0,13906.0,14568.0,9855.0,0.0
2025-05-27,11919.0,13906.0,14568.0,9855.0,0.0
2025-05-28,11919.0,13906.0,14568.0,9855.0,0.0
2025-05-29,11919.0,13906.0,14568.0,9855.0,0.0
2025-05-30,11919.0,13906.0,14568.0,9855.0,0.0
2025-05-31,11919.0,13906.0,14568.0,9855.0,0.0
2025-06-01,11919.0,13906.0,14568.0,9855.0,0.0
2025-06-02,11919.0,13906.0,14568.0,9855.0,0.0
2025-06-03,11919.0,13906.0,14568.0,9855.0,0.0
2025-06-04,11919.0,13906.0,14568.0,9855.0,0.0
2025-06-05,11919.0,13906.0,14568.0,9855.0,0.0
2025-06-06,12088.0,14103.0,14775.0,10000.0,0.014606152389362102
2025-06-07,12088.0,14103.0,14775.0,10000.0,0.0
2025-06-08,12088.0,14103.0,14775.0,10000.0,0.0
2025-06-09,12088.0,14103.0,14775.0,10000.0,0.0
2025-06-10,12088.0,14103.0,14775.0,10000.0,0.0
2025-06-12,12088.0,14103.0,14775.0,10000.0,0.0
2025-06-13,12088.0,14103.0,14775.0,10000.0,0.0
2025-06-14,12088.0,14103.0,14775.0,10000.0,0.0
2025-06-15,12243.0,14283.0,14963.0,10131.0,0.013014937077494544
2025-06-16,12243.0,14283.0,14963.0,10131.0,0.0
2025-06-17,12243.0,14283.0,14963.0,10131.0,0.0
2025-06-18,12243.0,14283.0,14963.0,10131.0,0.0
2025-06-19,12243.0,14283.0,14963.0,10131.0,0.0
2025-06-20,12243.0,14283.0,14963.0,10131.0,0.0
2025-06-21,12243.0,14283.0,14963.0,10131.0,0.0
2025-06-22,12243.0,14283.0,14963.0,10131.0,0.0
2025-06-23,12243.0,14283.0,14963.0,10131.0,0.0
2025-06-24,12243.0,14283.0,14963.0,10131.0,0.0
2025-06-25,12125.0,14146.0,14820.0,10031.0,-0.00991973217019228
2025-06-26,12125.0,14146.0,14820.0,10031.0,0.0
2025-06-27,12125.0,14146.0,14820.0,10031.0,0.0
2025-06-28,12125.0,14146.0,14820.0,10031.0,0.0
2025-06-29,11942.0,13932.0,14595.0,9874.0,-0.015775258064676938
2025-06-30,11942.0,13932.0,14595.0,9874.0,0.0
2025-07-01,12074.0,14086.0,14757.0,9987.0,0.011379207424326524
2025-07-02,12074.0,14086.0,14757.0,9987.0,0.0
2025-07-03,12074.0,14086.0,14757.0,9987.0,0.0
2025-07-06,12074.0,14086.0,14757.0,9987.0,0.0
2025-07-07,12074.0,14086.0,14757.0,9987.0,0.0
2025-07-08,11964.0,13957.0,14622.0,9893.0,-0.009456810919912103
2025-07-09,11964.0,13957.0,14622.0,9893.0,0.0
2025-07-10,11964.0,13957.0,14622.0,9893.0,0.0
2025-07-11,11964.0,13957.0,14622.0,9893.0,0.0
2025-07-12,11964.0,13957.0,14622.0,9893.0,0.0
2025-07-13,11964.0,13957.0,14622.0,9893.0,0.0
2025-07-14,11964.0,13957.0,14622.0,9893.0,0.0
2025-07-15,11964.0,13957.0,14622.0,9893.0,0.0
2025-07-16,11964.0,13957.0,14622.0,9893.0,0.0
2025-07-17,11964.0,13957.0,14622.0,9893.0,0.0
2025-07-18,11964.0,13957.0,14622.0,9893.0,0.0
2025-07-19,11964.0,13957.0,14622.0,9893.0,0.0
2025-07-20,11964.0,13957.0,14622.0,9893.0,0.0
2025-07-21,11964.0,13957.0,14622.0,9893.0,0.0
2025-07-22,11964.0,13957.0,14622.0,9893.0,0.0
2025-07-23,12037.0,14043.0,14712.0,9956.0,0.006347948164260022
2025-07-24,12147.0,14172.0,14847.0,10050.0,0.00939724999973917
2025-07-25,12037.0,14043.0,14712.0,9956.0,-0.009397249999739158
2025-07-26,12037.0,14043.0,14712.0,9956.0,0.0
2025-07-27,12037.0,14043.0,14712.0,9956.0,0.0
2025-07-28,12037.0,14043.0,14712.0,9956.0,0.0
2025-07-29,12037.0,14043.0,14712.0,9956.0,0.0
2025-07-30,12037.0,14043.0,14712.0,9956.0,0.0
2025-07-31,12037.0,14043.0,14712.0,9956.0,0.0
2025-08-01,12037.0,14043.0,14712.0,9956.0,0.0
2025-08-02,12037.0,14043.0,14712.0,9956.0,0.0
2025-08-03,12037.0,14043.0,14712.0,9956.0,0.0
2025-08-04,12037.0,14043.0,14712.0,9956.0,0.0
2025-08-05,12037.0,14043.0,14712.0,9956.0,0.0
2025-08-06,12037.0,14043.0,14712.0,9956.0,0.0
2025-08-07,12037.0,14043.0,14712.0,9956.0,0.0
2025-08-08,12037.0,14043.0,14712.0,9956.0,0.0
2025-08-09,12037.0,14043.0,14712.0,9956.0,0.0
2025-08-10,12037.0,14043.0,14712.0,9956.0,0.0
2025-08-11,12037.0,14043.0,14712.0,9956.0,0.0
2025-08-12,12037.0,14043.0,14712.0,9956.0,0.0
2025-08-13,12037.0,14043.0,14712.0,9956.0,0.0
2025-08-14,12037.0,14043.0,14712.0,9956.0,0.0
2025-08-15,12037.0,14043.0,14712.0,9956.0,0.0
2025-08-16,12037.0,14043.0,14712.0,9956.0,0.0
2025-08-17,12037.0,14043.0,14712.0,9956.0,0.0
2025-08-18,12037.0,14043.0,14712.0,9956.0,0.0
2025-08-19,12037.0,14043.0,14712.0,9956.0,0.0
2025-08-20,12037.0,14043.0,14712.0,9956.0,0.0
2025-08-21,12037.0,14043.0,14712.0,9956.0,0.0
2025-08-22,12037.0,14043.0,14712.0,9956.0,0.0
2025-08-23,12037.0,14043.0,14712.0,9956.0,0.0
2025-08-24,12037.0,14043.0,14712.0,9956.0,0.0
2025-08-25,12037.0,14043.0,14712.0,9956.0,0.0
2025-08-26,12111.0,14129.0,14802.0,10018.0,0.006208090430079546
2025-08-27,12111.0,14129.0,14802.0,10018.0,0.0
2025-08-28,12111.0,14129.0,14802.0,10018.0,0.0
2025-08-29,12111.0,14129.0,14802.0,10018.0,0.0
2025-08-30,12111.0,14129.0,14802.0,10018.0,0.0
2025-08-31,12228.0,14266.0,14945.0,10119.0,0.010031369812197863
2025-09-01,12228.0,14266.0,14945.0,10119.0,0.0
2025-09-02,12331.0,14386.0,15071.0,10206.0,0.008560937894156736
2025-09-03,12331.0,14386.0,15071.0,10206.0,0.0
2025-09-04,12544.0,14635.0,15332.0,10388.0,0.0176755111587224
2025-09-05,12544.0,14635.0,15332.0,10388.0,0.0
2025-09-06,12544.0,14635.0,15332.0,10388.0,0.0
2025-09-07,12544.0,14635.0,15332.0,10388.0,0.0
2025-09-08,12735.0,14858.0,15565.0,10551.0,0.015569348359453053
2025-09-09,12823.0,14961.0,15673.0,10626.0,0.007083185868796456
2025-09-10,13044.0,15218.0,15942.0,10815.0,0.0176302313762705
2025-09-11,13044.0,15218.0,15942.0,10815.0,0.0
2025-09-12,13044.0,15218.0,15942.0,10815.0,0.0
2025-09-13,13044.0,15218.0,15942.0,10815.0,0.0
2025-09-14,13044.0,15218.0,15942.0,10815.0,0.0
2025-09-15,13044.0,15218.0,15942.0,10815.0,0.0
2025-09-16,13044.0,15218.0,15942.0,10815.0,0.0
2025-09-17,13198.0,15398.0,16131.0,10946.0,0.012040033316704257
2025-09-18,13198.0,15398.0,16131.0,10946.0,0.0
2025-09-19,13198.0,15398.0,16131.0,10946.0,0.0
2025-09-20,13279.0,15492.0,16230.0,11015.0,0.006283887532580132
2025-09-21,13279.0,15492.0,16230.0,11015.0,0.0
2025-09-22,13279.0,15492.0,16230.0,11015.0,0.0
2025-09-23,13411.0,15646.0,16706.0,11128.0,0.010206474366835357
2025-09-24,13668.0,15947.0,16706.0,11347.0,0.019488937187710553
2025-09-25,13668.0,15947.0,16706.0,11347.0,0.0
2025-09-26,13668.0,15947.0,16706.0,11347.0,0.0
2025-09-27,13668.0,15947.0,16706.0,11347.0,0.0
2025-09-28,13536.0,15792.0,16544.0,11235.0,-0.00991948617155981
2025-09-29,13536.0,15792.0,16544.0,11235.0,0.0
2025-09-30,13705.0,15989.0,16751.0,11379.0,0.012735645737579017
2025-10-01,13705.0,15989.0,16751.0,11379.0,0.0
2025-10-02,13705.0,15989.0,16751.0,11379.0,0.0
2025-10-03,13705.0,15989.0,16751.0,11379.0,0.0
2025-10-04,13859.0,15169.0,16939.0,11510.0,0.011446671358919717
2025-10-05,13859.0,16169.0,16939.0,11510.0,0.0
2025-10-06,13859.0,16169.0,16939.0,11510.0,0.0
2025-10-07,14080.0,16427.0,17209.0,11698.0,0.016201664287042793
2025-10-08,14668.0,17112.0,17927.0,12200.0,0.04201806471837676
2025-10-09,14668.0,17112.0,17927.0,12200.0,0.0
2025-10-10,14668.0,17112.0,17927.0,12200.0,0.0
2025-10-11,14668.0,17112.0,17927.0,12200.0,0.0
2025-10-12,14668.0,17112.0,17927.0,12200.0,0.0
2025-10-13,14991.0,17490.0,18323.0,12476.0,0.02237084700634585
2025-10-14,14991.0,17490.0,18323.0,12476.0,0.0
2025-10-15,15175.0,17704.0,18547.0,12633.0,0.012505639102343629
2025-10-16,15175.0,17704.0,18547.0,12633.0,0.0
2025-10-17,15175.0,17704.0,18547.0,12633.0,0.0
2025-10-18,15175.0,17704.0,18547.0,12633.0,0.0
2025-10-19,15175.0,17704.0,18547.0,12633.0,0.0
2025-10-20,15248.0,17790.0,18637.0,12695.0,0.004895777308741343
2025-10-21,15248.0,17790.0,18637.0,12695.0,0.0
2025-10-22,15248.0,17790.0,18637.0,12695.0,0.0
2025-10-23,14660.0,17104.0,17918.0,12193.0,-0.040346198578514084
2025-10-24,14660.0,17104.0,17918.0,12193.0,0.0
2025-10-25,14660.0,17104.0,17918.0,12193.0,0.0
2025-10-26,14660.0,17104.0,17918.0,12193.0,0.0
2025-10-27,14587.0,17018.0,17829.0,12131.0,-0.0050978567893453465
2025-10-28,13595.0,15861.0,16616.0,11285.0,-0.07228974951928328
2025-10-29,13595.0,15861.0,16616.0,11285.0,0.0
2025-10-30,14036.0,16375.0,17155.0,11661.0,0.03277553026869671
2025-10-31,14036.0,16375.0,17155.0,11661.0,0.0
2025-11-01,14036.0,16375.0,17155.0,11661.0,0.0
2025-11-02,14153.0,16512.0,17299.0,11761.0,0.008539032330703742
2025-11-03,14153.0,16512.0,17299.0,11761.0,0.0
2025-11-04,14153.0,16512.0,17299.0,11761.0,0.0
2025-11-05,14153.0,16512.0,17299.0,11761.0,0.0
2025-11-06,14153.0,16512.0,17299.0,11761.0,0.0
2025-11-07,14153.0,16512.0,17299.0,11761.0,0.0
2025-11-08,14153.0,16512.0,17299.0,11761.0,0.0
2025-11-09,14153.0,16512.0,17299.0,11761.0,0.0
2025-11-10,14330.0,16718.0,17514.0,11912.0,0.012757322512808287
2025-11-11,14330.0,16718.0,17514.0,11912.0,0.0
2025-11-12,14623.0,17061.0,17873.0,12162.0,0.020770041316210044
2025-11-13,14623.0,17061.0,17873.0,12162.0,0.0
2025-11-14,14991.0,17490.0,18323.0,12476.0,0.02549046204763884
2025-11-18,14609.0,17044.0,17856.0,12150.0,-0.02647762895899933
2025-11-19,14514.0,16932.0,17739.0,12068.0,-0.006771848489742831
2025-11-20,14697.0,17147.0,17963.0,12225.0,0.01292571406412098
2025-11-21,14602.0,17035.0,17847.0,12144.0,-0.0066478147076616395
2025-11-22,14602.0,17035.0,17847.0,12144.0,0.0
2025-11-23,14602.0,17035.0,17847.0,12144.0,0.0
2025-11-24,14602.0,17035.0,17847.0,12144.0,0.0
2025-11-25,14602.0,17035.0,17847.0,12144.0,0.0
2025-11-26,14602.0,17035.0,17847.0,12144.0,0.0
2025-11-27,14602.0,17035.0,17847.0,12144.0,0.0
2025-11-28,14602.0,17035.0,17847.0,12144.0,0.0
2025-11-29,14602.0,17035.0,17847.0,12144.0,0.0
2025-11-30,14771.0,17233.0,18053.0,12288.0,0.011787955752042173
2025-12-01,14771.0,17233.0,18053.0,12288.0,0.0
2025-12-02,14881.0,17361.0,18188.0,12382.0,0.0076206286917239645
2025-12-03,14807.0,17275.0,18098.0,12319.0,-0.00510101911720334
2025-12-04,14807.0,17275.0,18098.0,12319.0,0.0
2025-12-05,14807.0,17275.0,18098.0,12319.0,0.0
2025-12-06,14807.0,17275.0,18098.0,12319.0,0.0
2025-12-07,14807.0,17275.0,18098.0,12319.0,0.0
2025-12-08,14807.0,17275.0,18098.0,12319.0,0.0
2025-12-09,14807.0,17275.0,18098.0,12319.0,0.0
2025-12-10,14807.0,17275.0,18098.0,12319.0,0.0
2025-12-11,14881.0,17361.0,18188.0,12382.0,0.005101019117203388
2025-12-12,14881.0,17361.0,18188.0,12382.0,0.0
2025-12-13,14881.0,17361.0,18188.0,12382.0,0.0
2025-12-14,15123.0,17644.0,18484.0,12589.0,0.016579611687081754
2025-12-15,15123.0,17644.0,18484.0,12589.0,0.0
2025-12-16,15230.0,17765.0,18610.0,12680.0,0.007202532224957587
2025-12-17,15230.0,17765.0,18610.0,12680.0,0.0
2025-12-18,15230.0,17765.0,18610.0,12680.0,0.0
2025-12-19,15230.0,17765.0,18610.0,12680.0,0.0
2025-12-20,15230.0,17765.0,18610.0,12680.0,0.0
2025-12-21,15230.0,17765.0,18610.0,12680.0,0.0
2025-12-22,15580.0,18175.0,19040.0,12980.0,0.023383762266864144
2025-12-23,15580.0,18175.0,19040.0,12980.0,0.0
2025-12-24,15875.0,18520.0,19400.0,13230.0,0.01907726685092039
2025-12-25,15875.0,18520.0,19400.0,13230.0,0.0
2025-12-26,15875.0,18520.0,19400.0,13230.0,0.0
2025-12-27,15875.0,18520.0,19400.0,13230.0,0.0
2025-12-28,15985.0,18650.0,19535.0,13325.0,0.007154991925043917
2025-12-29,16095.0,18775.0,19670.0,13420.0,0.00710416149162752
2025-12-30,15920.0,18570.0,19455.0,13265.0,-0.011617143953832787
2025-12-31,15920.0,18570.0,19455.0,13265.0,0.0
2026-01-01,15725.0,18350.0,19220.0,13105.0,-0.012135150814333275
2026-01-02,15625.0,18230.0,19095.0,13015.0,-0.006891298328841021
2026-01-03,15625.0,18230.0,19095.0,13015.0,0.0
2026-01-04,15625.0,18230.0,19095.0,13015.0,0.0
2026-01-05,15780.0,18410.0,19285.0,13145.0,0.009938919735315917
2026-01-17,16460.0,19205.0,20120.0,13480.0,0.025165647302316393
2026-01-18,16460.0,19205.0,20120.0,13480.0,0.0
2026-01-19,16460.0,19205.0,20120.0,13480.0,0.0
2026-01-20,16755.0,19550.0,20480.0,13730.0,0.01837611429571871
2026-01-21,17125.0,19975.0,20930.0,14045.0,0.02268324077632734
2026-01-22,17490.0,20405.0,21375.0,14355.0,0.021831853016820255
2026-01-23,17930.0,20920.0,21915.0,14735.0,0.02612730261663071
2026-01-24,17930.0,20920.0,21915.0,14735.0,0.0
2026-01-25,17930.0,20920.0,21915.0,14735.0,0.0
2026-01-26,18040.0,21050.0,22050.0,14825.0,0.006089328694131188
2026-01-27,18410.0,21475.0,22500.0,15140.0,0.02102530312551355
2026-01-28,18925.0,22075.0,23130.0,15580.0,0.028647792433299395
2026-01-29,20060.0,23405.0,24520.0,16550.0,0.06039806138046972
2026-01-30,19035.0,22205.0,23265.0,15675.0,-0.05431901530408746
2026-01-31,17930.0,20920.0,21915.0,14735.0,-0.06184147032932634
2026-02-01,18220.0,21255.0,22265.0,14910.0,0.011806512586989044
2026-02-02,17240.0,20110.0,21070.0,14105.0,-0.055502784322687446
2026-02-03,18385.0,21450.0,22470.0,15045.0,0.06451636562804884
2026-02-04,18385.0,21450.0,22470.0,15045.0,0.0
2026-02-05,18385.0,21450.0,22470.0,15045.0,0.0
2026-02-06,17850.0,20825.0,21815.0,14610.0,-0.029339484319400384
2026-02-07,18385.0,21450.0,22470.0,15045.0,0.0293394843194004
2026-02-08,18155.0,21180.0,22190.0,14860.0,-0.012372670792395436
2026-02-09,18310.0,21360.0,22380.0,14985.0,0.008376661479013319
2026-02-10,18310.0,21360.0,22380.0,14985.0,0.0
2026-02-11,18310.0,21360.0,22380.0,14985.0,0.0
2026-02-12,18310.0,21360.0,22380.0,14985.0,0.0
2026-02-13,18310.0,21360.0,22380.0,14985.0,0.0
2026-02-14,18310.0,21360.0,22380.0,14985.0,0.0
2026-02-15,18310.0,21360.0,22380.0,14985.0,0.0
2026-02-16,18310.0,21360.0,22380.0,14985.0,0.0
2026-02-17,18155.0,21180.0,22190.0,14860.0,-0.008376661479013461
2026-02-18,17925.0,20915.0,21910.0,14670.0,-0.012868447134722806
2026-02-19,17925.0,20915.0,21910.0,14670.0,0.0
