Date,Inflation_Rate,Daily_Inflation_Scaled
1987-01-01,9.874696091,0.09874696091
1987-01-02,9.866877647294315,0.09866877647294314
1987-01-03,9.85906394030035,0.0985906394030035
1987-01-04,9.851254979615247,0.09851254979615247
1987-01-05,9.843450774836125,0.09843450774836125
1987-01-06,9.835651335560133,0.09835651335560133
1987-01-07,9.827856671384403,0.09827856671384402
1987-01-08,9.820066791906068,0.09820066791906068
1987-01-09,9.812281706722265,0.09812281706722265
1987-01-10,9.804501425430127,0.09804501425430127
1987-01-11,9.796725957626787,0.09796725957626787
1987-01-12,9.788955312909387,0.09788955312909386
1987-01-13,9.781189500875053,0.09781189500875052
1987-01-14,9.77342853112093,0.0977342853112093
1987-01-15,9.765672413244145,0.09765672413244145
1987-01-16,9.757921156841835,0.09757921156841835
1987-01-17,9.750174771511135,0.09750174771511136
1987-01-18,9.742433266849183,0.09742433266849183
1987-01-19,9.734696652453106,0.09734696652453106
1987-01-20,9.726964937920053,0.09726964937920053
1987-01-21,9.719238132847146,0.09719238132847145
1987-01-22,9.711516246831524,0.09711516246831524
1987-01-23,9.703799289470327,0.09703799289470327
1987-01-24,9.696087270360682,0.09696087270360682
1987-01-25,9.68838019909973,0.09688380199099729
1987-01-26,9.6806780852846,0.096806780852846
1987-01-27,9.67298093851243,0.0967298093851243
1987-01-28,9.66528876838036,0.0966528876838036
1987-01-29,9.65760158448552,0.09657601584485519
1987-01-30,9.649919396425043,0.09649919396425043
1987-01-31,9.642242213796067,0.09642242213796066
1987-02-01,9.634570046195725,0.09634570046195724
1987-02-02,9.626902903221156,0.09626902903221156
1987-02-03,9.619240794469494,0.09619240794469494
1987-02-04,9.611583729537868,0.09611583729537868
1987-02-05,9.60393171802342,0.0960393171802342
1987-02-06,9.596284769523283,0.09596284769523283
1987-02-07,9.58864289363459,0.0958864289363459
1987-02-08,9.58100609995448,0.09581006099954481
1987-02-09,9.573374398080084,0.09573374398080084
1987-02-10,9.565747797608536,0.09565747797608536
1987-02-11,9.558126308136975,0.09558126308136976
1987-02-12,9.550509939262534,0.09550509939262534
1987-02-13,9.54289870058235,0.0954289870058235
1987-02-14,9.535292601693554,0.09535292601693554
1987-02-15,9.527691652193287,0.09527691652193288
1987-02-16,9.52009586167868,0.0952009586167868
1987-02-17,9.512505239746863,0.09512505239746863
1987-02-18,9.504919795994983,0.09504919795994983
1987-02-19,9.497339540020164,0.09497339540020164
1987-02-20,9.489764481419547,0.09489764481419546
1987-02-21,9.482194629790264,0.09482194629790264
1987-02-22,9.474629994729455,0.09474629994729454
1987-02-23,9.467070585834247,0.09467070585834246
1987-02-24,9.45951641270178,0.0945951641270178
1987-02-25,9.45196748492919,0.0945196748492919
1987-02-26,9.444423812113609,0.09444423812113609
1987-02-27,9.436885403852171,0.09436885403852172
1987-02-28,9.429352269742017,0.09429352269742017
1987-03-01,9.421824419380277,0.09421824419380277
1987-03-02,9.414301862364086,0.09414301862364086
1987-03-03,9.406784608290584,0.09406784608290585
1987-03-04,9.399272666756897,0.09399272666756897
1987-03-05,9.391766047360168,0.09391766047360167
1987-03-06,9.384264759697531,0.09384264759697532
1987-03-07,9.376768813366116,0.09376768813366115
1987-03-08,9.36927821796306,0.0936927821796306
1987-03-09,9.361792983085502,0.09361792983085503
1987-03-10,9.354313118330573,0.09354313118330573
1987-03-11,9.34683863329541,0.09346838633295411
1987-03-12,9.339369537577149,0.09339369537577148
1987-03-13,9.331905840772919,0.0933190584077292
1987-03-14,9.324447552479864,0.09324447552479864
1987-03-15,9.316994682295109,0.09316994682295109
1987-03-16,9.309547239815792,0.09309547239815792
1987-03-17,9.302105234639058,0.09302105234639058
1987-03-18,9.29466867636203,0.09294668676362029
1987-03-19,9.287237574581845,0.09287237574581844
1987-03-20,9.279811938895643,0.09279811938895642
1987-03-21,9.272391778900554,0.09272391778900553
1987-03-22,9.264977104193722,0.09264977104193722
1987-03-23,9.257567924372264,0.09257567924372263
1987-03-24,9.250164249033332,0.09250164249033332
1987-03-25,9.242766087774054,0.09242766087774054
1987-03-26,9.235373450191569,0.09235373450191568
1987-03-27,9.227986345883002,0.09227986345883002
1987-03-28,9.2206047844455,0.092206047844455
1987-03-29,9.213228775476193,0.09213228775476193
1987-03-30,9.205858328572214,0.09205858328572214
1987-03-31,9.1984934533307,0.091984934533307
1987-04-01,9.191134159348787,0.09191134159348786
1987-04-02,9.183780456223609,0.09183780456223609
1987-04-03,9.1764323535523,0.09176432353552301
1987-04-04,9.169089860931997,0.09169089860931998
1987-04-05,9.161752987959833,0.09161752987959833
1987-04-06,9.154421744232943,0.09154421744232943
1987-04-07,9.147096139348465,0.09147096139348465
1987-04-08,9.139776182903532,0.09139776182903532
1987-04-09,9.132461884495275,0.09132461884495274
1987-04-10,9.125153253720836,0.09125153253720836
1987-04-11,9.117850300177347,0.09117850300177346
1987-04-12,9.11055303346194,0.0911055303346194
1987-04-13,9.103261463171757,0.09103261463171756
1987-04-14,9.095975598903927,0.09095975598903927
1987-04-15,9.088695450255587,0.09088695450255586
1987-04-16,9.081421026823872,0.09081421026823872
1987-04-17,9.074152338205913,0.09074152338205912
1987-04-18,9.066889393998851,0.0906688939399885
1987-04-19,9.059632203799822,0.09059632203799822
1987-04-20,9.052380777205952,0.09052380777205953
1987-04-21,9.045135123814388,0.09045135123814388
1987-04-22,9.037895253222253,0.09037895253222253
1987-04-23,9.03066117502669,0.0903066117502669
1987-04-24,9.023432898824833,0.09023432898824833
1987-04-25,9.016210434213813,0.09016210434213813
1987-04-26,9.008993790790772,0.09008993790790772
1987-04-27,9.001782978152834,0.09001782978152834
1987-04-28,8.994578005897145,0.08994578005897144
1987-04-29,8.987378883620835,0.08987378883620835
1987-04-30,8.980185620921038,0.08980185620921038
1987-05-01,8.972998227394893,0.08972998227394893
1987-05-02,8.965816712639532,0.08965816712639532
1987-05-03,8.95864108625209,0.0895864108625209
1987-05-04,8.951471357829703,0.08951471357829703
1987-05-05,8.944307536969504,0.08944307536969504
1987-05-06,8.93714963326863,0.0893714963326863
1987-05-07,8.929997656324218,0.08929997656324218
1987-05-08,8.922851615733398,0.08922851615733399
1987-05-09,8.915711521093309,0.08915711521093309
1987-05-10,8.908577382001084,0.08908577382001084
1987-05-11,8.90144920805386,0.0890144920805386
1987-05-12,8.89432700884877,0.0889432700884877
1987-05-13,8.887210793982948,0.08887210793982948
1987-05-14,8.880100573053529,0.08880100573053529
1987-05-15,8.872996355657651,0.08872996355657652
1987-05-16,8.86589815139245,0.0886589815139245
1987-05-17,8.858805969855055,0.08858805969855055
1987-05-18,8.851719820642606,0.08851719820642606
1987-05-19,8.844639713352235,0.08844639713352236
1987-05-20,8.83756565758108,0.08837565657581081
1987-05-21,8.830497662926271,0.08830497662926272
1987-05-22,8.823435738984953,0.08823435738984953
1987-05-23,8.81637989535425,0.08816379895354251
1987-05-24,8.809330141631301,0.08809330141631301
1987-05-25,8.802286487413243,0.08802286487413243
1987-05-26,8.795248942297208,0.08795248942297208
1987-05-27,8.788217515880334,0.08788217515880334
1987-05-28,8.781192217759752,0.08781192217759752
1987-05-29,8.7741730575326,0.087741730575326
1987-05-30,8.767160044796016,0.08767160044796016
1987-05-31,8.760153189147125,0.08760153189147125
1987-06-01,8.753152500183074,0.08753152500183074
1987-06-02,8.74615798750099,0.0874615798750099
1987-06-03,8.73916966069801,0.08739169660698011
1987-06-04,8.732187529371268,0.08732187529371269
1987-06-05,8.725211603117902,0.08725211603117902
1987-06-06,8.718241891535046,0.08718241891535046
1987-06-07,8.711278404219831,0.08711278404219831
1987-06-08,8.704321150769399,0.087043211507694
1987-06-09,8.69737014078088,0.0869737014078088
1987-06-10,8.690425383851409,0.08690425383851409
1987-06-11,8.683486889578123,0.08683486889578124
1987-06-12,8.676554667558156,0.08676554667558156
1987-06-13,8.669628727388645,0.08669628727388645
1987-06-14,8.66270907866672,0.08662709078666721
1987-06-15,8.655795730989519,0.08655795730989518
1987-06-16,8.64888869395418,0.0864888869395418
1987-06-17,8.641987977157832,0.08641987977157832
1987-06-18,8.635093590197615,0.08635093590197615
1987-06-19,8.62820554267066,0.0862820554267066
1987-06-20,8.621323844174109,0.08621323844174109
1987-06-21,8.614448504305088,0.08614448504305088
1987-06-22,8.607579532660738,0.08607579532660738
1987-06-23,8.60071693883819,0.08600716938838189
1987-06-24,8.593860732434583,0.08593860732434583
1987-06-25,8.587010923047051,0.08587010923047052
1987-06-26,8.580167520272726,0.08580167520272726
1987-06-27,8.573330533708745,0.08573330533708745
1987-06-28,8.566499972952242,0.08566499972952242
1987-06-29,8.559675847600355,0.08559675847600355
1987-06-30,8.552858167250214,0.08552858167250214
1987-07-01,8.54604694149896,0.0854604694149896
1987-07-02,8.539242179943725,0.08539242179943725
1987-07-03,8.532443892181643,0.08532443892181643
1987-07-04,8.52565208780985,0.08525652087809849
1987-07-05,8.518866776425481,0.08518866776425481
1987-07-06,8.51208796762567,0.0851208796762567
1987-07-07,8.505315671007557,0.08505315671007557
1987-07-08,8.498549896168269,0.08498549896168268
1987-07-09,8.491790652704946,0.08491790652704946
1987-07-10,8.485037950214721,0.08485037950214722
1987-07-11,8.47829179829473,0.0847829179829473
1987-07-12,8.471552206542109,0.08471552206542109
1987-07-13,8.46481918455399,0.0846481918455399
1987-07-14,8.45809274192751,0.0845809274192751
1987-07-15,8.451372888259806,0.08451372888259806
1987-07-16,8.444659633148008,0.08444659633148008
1987-07-17,8.437952986189256,0.08437952986189255
1987-07-18,8.431252956980684,0.08431252956980684
1987-07-19,8.424559555119423,0.08424559555119422
1987-07-20,8.417872790202614,0.08417872790202613
1987-07-21,8.411192671827385,0.08411192671827385
1987-07-22,8.404519209590877,0.08404519209590877
1987-07-23,8.397852413090224,0.08397852413090223
1987-07-24,8.391192291922556,0.08391192291922556
1987-07-25,8.384538855685012,0.08384538855685011
1987-07-26,8.377892113974731,0.08377892113974732
1987-07-27,8.37125207638884,0.08371252076388841
1987-07-28,8.364618752524478,0.08364618752524479
1987-07-29,8.357992151978781,0.08357992151978781
1987-07-30,8.351372284348884,0.08351372284348883
1987-07-31,8.344759159231916,0.08344759159231917
1987-08-01,8.338152786225022,0.08338152786225023
1987-08-02,8.331553174925325,0.08331553174925325
1987-08-03,8.324960334929974,0.08324960334929975
1987-08-04,8.318374275836092,0.08318374275836092
1987-08-05,8.31179500724082,0.0831179500724082
1987-08-06,8.305222538741292,0.08305222538741291
1987-08-07,8.298656879934644,0.08298656879934643
1987-08-08,8.292098040418006,0.08292098040418006
1987-08-09,8.28554602978852,0.08285546029788521
1987-08-10,8.279000857643313,0.08279000857643312
1987-08-11,8.27246253357953,0.0827246253357953
1987-08-12,8.265931067194298,0.08265931067194299
1987-08-13,8.259406468084755,0.08259406468084755
1987-08-14,8.252888745848034,0.08252888745848035
1987-08-15,8.246377910081272,0.08246377910081272
1987-08-16,8.239873970381606,0.08239873970381606
1987-08-17,8.233376936346167,0.08233376936346166
1987-08-18,8.22688681757209,0.0822688681757209
1987-08-19,8.22040362365651,0.08220403623656511
1987-08-20,8.213927364196568,0.08213927364196567
1987-08-21,8.207458048789393,0.08207458048789393
1987-08-22,8.20099568703212,0.08200995687032121
1987-08-23,8.194540288521885,0.08194540288521886
1987-08-24,8.188091862855828,0.08188091862855827
1987-08-25,8.181650419631076,0.08181650419631076
1987-08-26,8.175215968444768,0.08175215968444767
1987-08-27,8.168788518894038,0.08168788518894038
1987-08-28,8.162368080576021,0.08162368080576021
1987-08-29,8.155954663087853,0.08155954663087853
1987-08-30,8.149548276026666,0.08149548276026666
1987-08-31,8.1431489289896,0.081431489289896
1987-09-01,8.136756631573787,0.08136756631573787
1987-09-02,8.130371393376361,0.08130371393376361
1987-09-03,8.123993223994464,0.08123993223994465
1987-09-04,8.117622133025217,0.08117622133025217
1987-09-05,8.111258130065766,0.08111258130065765
1987-09-06,8.104901224713245,0.08104901224713246
1987-09-07,8.09855142656479,0.08098551426564789
1987-09-08,8.09220874521753,0.0809220874521753
1987-09-09,8.085873190268602,0.08085873190268603
1987-09-10,8.079544771315144,0.08079544771315143
1987-09-11,8.073223497954288,0.08073223497954288
1987-09-12,8.066909379783171,0.08066909379783171
1987-09-13,8.060602426398926,0.08060602426398926
1987-09-14,8.054302647398691,0.08054302647398691
1987-09-15,8.048010052379599,0.08048010052379599
1987-09-16,8.041724650938784,0.08041724650938784
1987-09-17,8.035446452673384,0.08035446452673384
1987-09-18,8.029175467180531,0.08029175467180531
1987-09-19,8.022911704057362,0.08022911704057362
1987-09-20,8.016655172901011,0.0801665517290101
1987-09-21,8.01040588330861,0.0801040588330861
1987-09-22,8.004163844877302,0.08004163844877303
1987-09-23,7.997929067204213,0.07997929067204212
1987-09-24,7.991701559886484,0.07991701559886484
1987-09-25,7.98548133252125,0.07985481332521249
1987-09-26,7.979268394705642,0.07979268394705642
1987-09-27,7.973062756036796,0.07973062756036796
1987-09-28,7.966864426111849,0.07966864426111848
1987-09-29,7.960673414527934,0.07960673414527934
1987-09-30,7.954489730882189,0.07954489730882189
1987-10-01,7.9483133847717475,0.07948313384771748
1987-10-02,7.942144385793743,0.07942144385793742
1987-10-03,7.935982743545312,0.07935982743545311
1987-10-04,7.929828467623588,0.07929828467623588
1987-10-05,7.923681567625708,0.07923681567625708
1987-10-06,7.9175420531488045,0.07917542053148804
1987-10-07,7.911409933790016,0.07911409933790016
1987-10-08,7.905285219146474,0.07905285219146474
1987-10-09,7.899167918815316,0.07899167918815315
1987-10-10,7.8930580423936725,0.07893058042393672
1987-10-11,7.886955599478687,0.07886955599478687
1987-10-12,7.880860599667487,0.07880860599667487
1987-10-13,7.8747730525572095,0.0787477305255721
1987-10-14,7.868692967744991,0.0786869296774499
1987-10-15,7.862620354827965,0.07862620354827965
1987-10-16,7.856555223403265,0.07856555223403265
1987-10-17,7.850497583068031,0.0785049758306803
1987-10-18,7.8444474434193925,0.07844447443419393
1987-10-19,7.838404814054489,0.07838404814054489
1987-10-20,7.8323697045704535,0.07832369704570454
1987-10-21,7.826342124564419,0.07826342124564419
1987-10-22,7.820322083633522,0.07820322083633523
1987-10-23,7.814309591374899,0.07814309591374899
1987-10-24,7.808304657385685,0.07808304657385685
1987-10-25,7.802307291263011,0.07802307291263011
1987-10-26,7.796317502604016,0.07796317502604017
1987-10-27,7.790335301005833,0.07790335301005834
1987-10-28,7.784360696065599,0.077843606960656
1987-10-29,7.778393697380447,0.07778393697380447
1987-10-30,7.772434314547514,0.07772434314547513
1987-10-31,7.766482557163932,0.07766482557163931
1987-11-01,7.76053843482684,0.0776053843482684
1987-11-02,7.754601957133368,0.07754601957133368
1987-11-03,7.748673133680654,0.07748673133680654
1987-11-04,7.742751974065834,0.07742751974065834
1987-11-05,7.736838487886042,0.07736838487886043
1987-11-06,7.730932684738413,0.07730932684738413
1987-11-07,7.72503457422008,0.0772503457422008
1987-11-08,7.71914416592818,0.0771914416592818
1987-11-09,7.713261469459849,0.07713261469459849
1987-11-10,7.707386494412218,0.07707386494412219
1987-11-11,7.701519250382427,0.07701519250382427
1987-11-12,7.695659746967609,0.07695659746967609
1987-11-13,7.689807993764896,0.07689807993764897
1987-11-14,7.683964000371428,0.07683964000371428
1987-11-15,7.678127776384336,0.07678127776384336
1987-11-16,7.672299331400756,0.07672299331400756
1987-11-17,7.666478675017828,0.07666478675017828
1987-11-18,7.660665816832678,0.07660665816832678
1987-11-19,7.654860766442446,0.07654860766442445
1987-11-20,7.6490635334442665,0.07649063533444267
1987-11-21,7.6432741274352765,0.07643274127435276
1987-11-22,7.6374925580126085,0.07637492558012608
1987-11-23,7.631718834773396,0.07631718834773396
1987-11-24,7.625952967314777,0.07625952967314777
1987-11-25,7.620194965233885,0.07620194965233885
1987-11-26,7.614444838127857,0.07614444838127857
1987-11-27,7.6087025955938286,0.07608702595593829
1987-11-28,7.602968247228927,0.07602968247228926
1987-11-29,7.597241802630298,0.07597241802630297
1987-11-30,7.591523271395068,0.07591523271395068
1987-12-01,7.585812663120375,0.07585812663120375
1987-12-02,7.580109987403356,0.07580109987403355
1987-12-03,7.574415253841145,0.07574415253841145
1987-12-04,7.568728472030877,0.07568728472030876
1987-12-05,7.563049651569684,0.07563049651569684
1987-12-06,7.557378802054704,0.07557378802054704
1987-12-07,7.551715933083072,0.07551715933083072
1987-12-08,7.54606105425192,0.07546061054251921
1987-12-09,7.540414175158389,0.07540414175158389
1987-12-10,7.534775305399608,0.07534775305399607
1987-12-11,7.529144454572716,0.07529144454572716
1987-12-12,7.523521632274846,0.07523521632274846
1987-12-13,7.517906848103131,0.07517906848103131
1987-12-14,7.512300111654711,0.07512300111654711
1987-12-15,7.506701432526717,0.07506701432526718
1987-12-16,7.501110820316285,0.07501110820316285
1987-12-17,7.495528284620549,0.07495528284620549
1987-12-18,7.489953835036649,0.07489953835036649
1987-12-19,7.484387481161714,0.07484387481161714
1987-12-20,7.478829232592881,0.07478829232592882
1987-12-21,7.473279098927286,0.07473279098927285
1987-12-22,7.467737089762063,0.07467737089762064
1987-12-23,7.462203214694348,0.07462203214694348
1987-12-24,7.456677483321275,0.07456677483321275
1987-12-25,7.451159905239978,0.07451159905239978
1987-12-26,7.4456504900475915,0.07445650490047591
1987-12-27,7.440149247341256,0.07440149247341256
1987-12-28,7.4346561867181,0.074346561867181
1987-12-29,7.4291713177752605,0.0742917131777526
1987-12-30,7.423694650109876,0.07423694650109876
1987-12-31,7.418226193319077,0.07418226193319077
1988-01-01,7.412765957,0.07412765957
1988-01-02,7.407313950749781,0.07407313950749782
1988-01-03,7.4018701841655545,0.07401870184165554
1988-01-04,7.396434666844453,0.07396434666844452
1988-01-05,7.391007408383615,0.07391007408383615
1988-01-06,7.385588418380174,0.07385588418380175
1988-01-07,7.3801777064312635,0.07380177706431264
1988-01-08,7.374775282134021,0.0737477528213402
1988-01-09,7.369381155085582,0.07369381155085582
1988-01-10,7.363995334883078,0.07363995334883078
1988-01-11,7.358617831123646,0.07358617831123646
1988-01-12,7.353248653404421,0.0735324865340442
1988-01-13,7.347887811322539,0.07347887811322538
1988-01-14,7.3425353144751355,0.07342535314475135
1988-01-15,7.337191172459342,0.07337191172459341
1988-01-16,7.331855394872296,0.07331855394872296
1988-01-17,7.326527991311129,0.07326527991311128
1988-01-18,7.321208971372982,0.07321208971372982
1988-01-19,7.315898344654986,0.07315898344654986
1988-01-20,7.310596120754277,0.07310596120754277
1988-01-21,7.305302309267991,0.07305302309267991
1988-01-22,7.300016919793261,0.07300016919793262
1988-01-23,7.294739961927224,0.07294739961927224
1988-01-24,7.2894714452670115,0.07289471445267011
1988-01-25,7.284211379409762,0.07284211379409762
1988-01-26,7.27895977395261,0.0727895977395261
1988-01-27,7.273716638492689,0.07273716638492689
1988-01-28,7.268481982627136,0.07268481982627135
1988-01-29,7.263255815953084,0.07263255815953083
1988-01-30,7.2580381480676674,0.07258038148067668
1988-01-31,7.252828988568026,0.07252828988568026
1988-02-01,7.247628347051286,0.07247628347051287
1988-02-02,7.242436233114592,0.07242436233114592
1988-02-03,7.237252656355075,0.07237252656355075
1988-02-04,7.232077626369868,0.07232077626369868
1988-02-05,7.226911152756109,0.07226911152756109
1988-02-06,7.221753245110929,0.07221753245110929
1988-02-07,7.21660391303147,0.0721660391303147
1988-02-08,7.211463166114859,0.07211463166114859
1988-02-09,7.206331013958237,0.07206331013958236
1988-02-10,7.201207466158737,0.07201207466158736
1988-02-11,7.196092532313493,0.07196092532313493
1988-02-12,7.190986222019639,0.0719098622201964
1988-02-13,7.185888544874313,0.07185888544874314
1988-02-14,7.180799510474649,0.07180799510474649
1988-02-15,7.175719128417782,0.07175719128417782
1988-02-16,7.170647408300845,0.07170647408300845
1988-02-17,7.165584359720976,0.07165584359720975
1988-02-18,7.160529992275307,0.07160529992275307
1988-02-19,7.155484315560975,0.07155484315560975
1988-02-20,7.150447339175116,0.07150447339175116
1988-02-21,7.145419072714862,0.07145419072714862
1988-02-22,7.14039952577735,0.0714039952577735
1988-02-23,7.1353887079597165,0.07135388707959717
1988-02-24,7.130386628859093,0.07130386628859094
1988-02-25,7.125393298072615,0.07125393298072616
1988-02-26,7.120408725197421,0.0712040872519742
1988-02-27,7.115432919830642,0.07115432919830642
1988-02-28,7.110465891569413,0.07110465891569413
1988-02-29,7.105507650010873,0.07105507650010873
1988-03-01,7.100558204752153,0.07100558204752154
1988-03-02,7.095617565390391,0.07095617565390391
1988-03-03,7.090685741522719,0.07090685741522719
1988-03-04,7.085762742746275,0.07085762742746275
1988-03-05,7.08084857865819,0.0708084857865819
1988-03-06,7.075943258855604,0.07075943258855605
1988-03-07,7.071046792935649,0.07071046792935648
1988-03-08,7.066159190495459,0.0706615919049546
1988-03-09,7.061280461132172,0.07061280461132172
1988-03-10,7.056410614442919,0.07056410614442919
1988-03-11,7.05154966002484,0.0705154966002484
1988-03-12,7.046697607475066,0.07046697607475066
1988-03-13,7.041854466390734,0.07041854466390735
1988-03-14,7.037020246368977,0.07037020246368977
1988-03-15,7.032194957006934,0.07032194957006933
1988-03-16,7.027378607901736,0.07027378607901735
1988-03-17,7.0225712086505165,0.07022571208650516
1988-03-18,7.017772768850417,0.07017772768850417
1988-03-19,7.012983298098568,0.07012983298098568
1988-03-20,7.008202805992104,0.07008202805992104
1988-03-21,7.003431302128163,0.07003431302128163
1988-03-22,6.998668796103877,0.06998668796103877
1988-03-23,6.9939152975163825,0.06993915297516383
1988-03-24,6.989170815962814,0.06989170815962814
1988-03-25,6.984435361040308,0.06984435361040309
1988-03-26,6.979708942345997,0.06979708942345997
1988-03-27,6.974991569477018,0.06974991569477018
1988-03-28,6.970283252030504,0.06970283252030504
1988-03-29,6.965583999603594,0.06965583999603595
1988-03-30,6.960893821793418,0.06960893821793418
1988-03-31,6.956212728197113,0.06956212728197113
1988-04-01,6.951540728411815,0.06951540728411815
1988-04-02,6.946877832034657,0.06946877832034656
1988-04-03,6.942224048662776,0.06942224048662776
1988-04-04,6.937579387893307,0.06937579387893307
1988-04-05,6.932943859323383,0.06932943859323383
1988-04-06,6.92831747255014,0.0692831747255014
1988-04-07,6.9237002371707135,0.06923700237170713
1988-04-08,6.919092162782239,0.0691909216278224
1988-04-09,6.9144932589818495,0.06914493258981849
1988-04-10,6.909903535366681,0.06909903535366681
1988-04-11,6.905323001533869,0.0690532300153387
1988-04-12,6.900751667080548,0.06900751667080547
1988-04-13,6.896189541603851,0.06896189541603852
1988-04-14,6.891636634700919,0.06891636634700919
1988-04-15,6.887092955968881,0.0688709295596888
1988-04-16,6.882558515004874,0.06882558515004873
1988-04-17,6.878033321406034,0.06878033321406034
1988-04-18,6.873517384769492,0.06873517384769492
1988-04-19,6.869010714692388,0.06869010714692388
1988-04-20,6.864513320771857,0.06864513320771856
1988-04-21,6.860025212605028,0.06860025212605028
1988-04-22,6.855546399789043,0.06855546399789043
1988-04-23,6.851076891921032,0.06851076891921032
1988-04-24,6.846616698598134,0.06846616698598135
1988-04-25,6.84216582941748,0.0684216582941748
1988-04-26,6.837724293976207,0.06837724293976206
1988-04-27,6.833292101871452,0.06833292101871452
1988-04-28,6.828869262700344,0.06828869262700345
1988-04-29,6.8244557860600255,0.06824455786060026
1988-04-30,6.8200516815476275,0.06820051681547627
1988-05-01,6.815656958760284,0.06815656958760284
1988-05-02,6.811271627295132,0.06811271627295132
1988-05-03,6.806895696749306,0.06806895696749306
1988-05-04,6.802529176719939,0.06802529176719939
1988-05-05,6.79817207680417,0.06798172076804171
1988-05-06,6.793824406599133,0.06793824406599133
1988-05-07,6.789486175701959,0.06789486175701959
1988-05-08,6.7851573937097855,0.06785157393709786
1988-05-09,6.78083807021975,0.0678083807021975
1988-05-10,6.776528214828985,0.06776528214828985
1988-05-11,6.772227837134626,0.06772227837134626
1988-05-12,6.767936946733805,0.06767936946733805
1988-05-13,6.7636555532236615,0.06763655553223662
1988-05-14,6.75938366620133,0.0675938366620133
1988-05-15,6.755121295263944,0.06755121295263944
1988-05-16,6.750868450008637,0.06750868450008637
1988-05-17,6.746625140032547,0.06746625140032547
1988-05-18,6.742391374932806,0.06742391374932806
1988-05-19,6.738167164306553,0.06738167164306554
1988-05-20,6.733952517750918,0.06733952517750919
1988-05-21,6.729747444863042,0.06729747444863042
1988-05-22,6.7255519552400544,0.06725551955240054
1988-05-23,6.721366058479092,0.06721366058479092
1988-05-24,6.717189764177293,0.06717189764177293
1988-05-25,6.7130230819317855,0.06713023081931785
1988-05-26,6.708866021339712,0.06708866021339711
1988-05-27,6.704718591998205,0.06704718591998204
1988-05-28,6.700580803504395,0.06700580803504395
1988-05-29,6.696452665455423,0.06696452665455423
1988-05-30,6.69233418744842,0.0669233418744842
1988-05-31,6.688225379080523,0.06688225379080523
1988-06-01,6.684126249948866,0.06684126249948866
1988-06-02,6.680036809650586,0.06680036809650586
1988-06-03,6.675957067782816,0.06675957067782816
1988-06-04,6.671887033942692,0.06671887033942692
1988-06-05,6.667826717727348,0.06667826717727347
1988-06-06,6.663776128733919,0.06663776128733918
1988-06-07,6.659735276559541,0.0665973527655954
1988-06-08,6.655704170801349,0.06655704170801349
1988-06-09,6.6516828210564745,0.06651682821056475
1988-06-10,6.64767123692206,0.06647671236922059
1988-06-11,6.643669427995234,0.06643669427995234
1988-06-12,6.639677403873132,0.06639677403873132
1988-06-13,6.635695174152892,0.06635695174152892
1988-06-14,6.631722748431647,0.06631722748431647
1988-06-15,6.627760136306533,0.06627760136306532
1988-06-16,6.623807347374684,0.06623807347374684
1988-06-17,6.619864391233235,0.06619864391233235
1988-06-18,6.615931277479321,0.06615931277479321
1988-06-19,6.612008015710077,0.06612008015710077
1988-06-20,6.60809461552264,0.0660809461552264
1988-06-21,6.604191086514143,0.06604191086514143
1988-06-22,6.600297438281721,0.06600297438281721
1988-06-23,6.59641368042251,0.06596413680422511
1988-06-24,6.592539822533643,0.06592539822533644
1988-06-25,6.5886758742122575,0.06588675874212258
1988-06-26,6.584821845055486,0.06584821845055486
1988-06-27,6.580977744660468,0.06580977744660468
1988-06-28,6.577143582624332,0.06577143582624333
1988-06-29,6.573319368544216,0.06573319368544216
1988-06-30,6.569505112017257,0.06569505112017257
1988-07-01,6.565700822640586,0.06565700822640587
1988-07-02,6.561906510011343,0.06561906510011344
1988-07-03,6.558122183726661,0.06558122183726661
1988-07-04,6.554347853383671,0.06554347853383671
1988-07-05,6.550583528579513,0.06550583528579514
1988-07-06,6.546829218911317,0.06546829218911317
1988-07-07,6.543084933976225,0.06543084933976225
1988-07-08,6.539350683371367,0.06539350683371367
1988-07-09,6.5356264766938805,0.0653562647669388
1988-07-10,6.531912323540896,0.06531912323540895
1988-07-11,6.528208233509554,0.06528208233509554
1988-07-12,6.524514216196987,0.06524514216196987
1988-07-13,6.52083028120033,0.0652083028120033
1988-07-14,6.517156438116717,0.06517156438116717
1988-07-15,6.513492696543285,0.06513492696543284
1988-07-16,6.509839066077168,0.06509839066077168
1988-07-17,6.506195556315501,0.06506195556315501
1988-07-18,6.502562176855418,0.06502562176855417
1988-07-19,6.498938937294057,0.06498938937294058
1988-07-20,6.49532584722855,0.0649532584722855
1988-07-21,6.491722916256034,0.06491722916256033
1988-07-22,6.488130153973642,0.06488130153973642
1988-07-23,6.484547569978511,0.0648454756997851
1988-07-24,6.480975173867774,0.06480975173867774
1988-07-25,6.477412975238567,0.06477412975238567
1988-07-26,6.473860983688026,0.06473860983688026
1988-07-27,6.470319208813286,0.06470319208813285
1988-07-28,6.4667876602114776,0.06466787660211477
1988-07-29,6.463266347479743,0.06463266347479743
1988-07-30,6.459755280215209,0.06459755280215208
1988-07-31,6.456254468015018,0.06456254468015019
1988-08-01,6.4527639204763,0.064527639204763
1988-08-02,6.449283647196194,0.06449283647196194
1988-08-03,6.445813657771831,0.06445813657771832
1988-08-04,6.442353961800349,0.0644235396180035
1988-08-05,6.438904568878882,0.06438904568878882
1988-08-06,6.435465488604565,0.06435465488604565
1988-08-07,6.432036730574533,0.06432036730574534
1988-08-08,6.42861830438592,0.0642861830438592
1988-08-09,6.42521021963586,0.0642521021963586
1988-08-10,6.421812485921493,0.06421812485921494
1988-08-11,6.418425112839951,0.06418425112839951
1988-08-12,6.4150481099883665,0.06415048109988367
1988-08-13,6.411681486963878,0.06411681486963877
1988-08-14,6.40832525336362,0.0640832525336362
1988-08-15,6.404979418784725,0.06404979418784724
1988-08-16,6.40164399282433,0.0640164399282433
1988-08-17,6.398318985079572,0.06398318985079572
1988-08-18,6.395004405147583,0.06395004405147584
1988-08-19,6.391700262625497,0.06391700262625497
1988-08-20,6.388406567110451,0.06388406567110451
1988-08-21,6.385123328199581,0.06385123328199581
1988-08-22,6.38185055549002,0.0638185055549002
1988-08-23,6.378588258578903,0.06378588258578903
1988-08-24,6.3753364470633676,0.06375336447063368
1988-08-25,6.372095130540545,0.06372095130540545
1988-08-26,6.368864318607574,0.06368864318607574
1988-08-27,6.365644020861587,0.06365644020861587
1988-08-28,6.36243424689972,0.0636243424689972
1988-08-29,6.359235006319106,0.06359235006319106
1988-08-30,6.356046308716882,0.06356046308716883
1988-08-31,6.352868163690185,0.06352868163690185
1988-09-01,6.349700580836145,0.06349700580836144
1988-09-02,6.3465435697518995,0.063465435697519
1988-09-03,6.343397140034585,0.06343397140034585
1988-09-04,6.340261301281334,0.06340261301281334
1988-09-05,6.337136063089284,0.06337136063089284
1988-09-06,6.334021435055567,0.06334021435055566
1988-09-07,6.330917426777321,0.06330917426777322
1988-09-08,6.327824047851678,0.06327824047851678
1988-09-09,6.324741307875774,0.06324741307875774
1988-09-10,6.321669216446747,0.06321669216446747
1988-09-11,6.318607783161729,0.0631860778316173
1988-09-12,6.315557017617854,0.06315557017617854
1988-09-13,6.31251692941226,0.0631251692941226
1988-09-14,6.309487528142078,0.06309487528142078
1988-09-15,6.306468823404448,0.06306468823404449
1988-09-16,6.303460824796502,0.06303460824796502
1988-09-17,6.300463541915376,0.06300463541915376
1988-09-18,6.2974769843582035,0.06297476984358204
1988-09-19,6.2945011617221205,0.0629450116172212
1988-09-20,6.291536083604261,0.06291536083604261
1988-09-21,6.2885817596017635,0.06288581759601763
1988-09-22,6.285638199311758,0.06285638199311758
1988-09-23,6.2827054123313815,0.06282705412331381
1988-09-24,6.279783408257772,0.06279783408257772
1988-09-25,6.27687219668806,0.0627687219668806
1988-09-26,6.273971787219383,0.06273971787219383
1988-09-27,6.271082189448875,0.06271082189448875
1988-09-28,6.26820341297367,0.0626820341297367
1988-09-29,6.265335467390908,0.06265335467390908
1988-09-30,6.262478362297717,0.06262478362297717
1988-10-01,6.259632107291235,0.06259632107291235
1988-10-02,6.2567967119686,0.062567967119686
1988-10-03,6.253972185926942,0.06253972185926943
1988-10-04,6.2511585387634,0.062511585387634
1988-10-05,6.248355780075107,0.06248355780075107
1988-10-06,6.245563919459198,0.06245563919459198
1988-10-07,6.242782966512808,0.062427829665128075
1988-10-08,6.24001293083307,0.0624001293083307
1988-10-09,6.237253822017125,0.062372538220171254
1988-10-10,6.234505649662102,0.062345056496621025
1988-10-11,6.231768423365141,0.06231768423365141
1988-10-12,6.229042152723371,0.06229042152723371
1988-10-13,6.226326847333931,0.062263268473339316
1988-10-14,6.223622516793955,0.06223622516793955
1988-10-15,6.220929170700579,0.06220929170700579
1988-10-16,6.218246818650936,0.06218246818650936
1988-10-17,6.215575470242163,0.06215575470242163
1988-10-18,6.212915135071394,0.06212915135071394
1988-10-19,6.210265822735764,0.06210265822735764
1988-10-20,6.207627542832408,0.06207627542832408
1988-10-21,6.205000304958462,0.06205000304958462
1988-10-22,6.202384118711059,0.062023841187110594
1988-10-23,6.199778993687335,0.061997789936873354
1988-10-24,6.197184939484426,0.061971849394844264
1988-10-25,6.194601965699467,0.061946019656994665
1988-10-26,6.19203008192959,0.0619203008192959
1988-10-27,6.189469297771932,0.06189469297771932
1988-10-28,6.18691962282363,0.0618691962282363
1988-10-29,6.184381066681816,0.061843810666818155
1988-10-30,6.1818536389436245,0.06181853638943625
1988-10-31,6.179337349206194,0.06179337349206194
1988-11-01,6.176832207066655,0.06176832207066654
1988-11-02,6.174338222122149,0.061743382221221485
1988-11-03,6.171855403969804,0.06171855403969804
1988-11-04,6.16938376220676,0.0616938376220676
1988-11-05,6.166923306430148,0.06166923306430148
1988-11-06,6.164474046237106,0.06164474046237106
1988-11-07,6.1620359912247675,0.06162035991224767
1988-11-08,6.159609150990265,0.061596091509902653
1988-11-09,6.157193535130741,0.06157193535130741
1988-11-10,6.154789153243324,0.06154789153243324
1988-11-11,6.152396014925151,0.061523960149251516
1988-11-12,6.150014129773357,0.06150014129773357
1988-11-13,6.147643507385077,0.06147643507385077
1988-11-14,6.145284157357446,0.06145284157357447
1988-11-15,6.142936089287598,0.061429360892875984
1988-11-16,6.14059931277267,0.061405993127726696
1988-11-17,6.138273837409796,0.06138273837409795
1988-11-18,6.135959672796108,0.06135959672796108
1988-11-19,6.133656828528748,0.06133656828528748
1988-11-20,6.131365314204843,0.06131365314204843
1988-11-21,6.129085139421535,0.06129085139421535
1988-11-22,6.126816313775954,0.06126816313775954
1988-11-23,6.124558846865236,0.061245588468652364
1988-11-24,6.122312748286519,0.06122312748286519
1988-11-25,6.120078027636934,0.06120078027636934
1988-11-26,6.1178546945136185,0.061178546945136185
1988-11-27,6.115642758513705,0.061156427585137056
1988-11-28,6.113442229234331,0.06113442229234331
1988-11-29,6.111253116272632,0.06111253116272632
1988-11-30,6.109075429225742,0.06109075429225742
1988-12-01,6.106909177690795,0.061069091776907954
1988-12-02,6.104754371264925,0.061047543712649255
1988-12-03,6.102611019545272,0.06102611019545272
1988-12-04,6.1004791321289655,0.06100479132128966
1988-12-05,6.098358718613142,0.060983587186131415
1988-12-06,6.096249788594937,0.060962497885949374
1988-12-07,6.094152351671488,0.06094152351671488
1988-12-08,6.092066417439926,0.06092066417439926
1988-12-09,6.089991995497387,0.060899919954973875
1988-12-10,6.087929095441008,0.06087929095441008
1988-12-11,6.085877726867922,0.06085877726867922
1988-12-12,6.083837899375263,0.060838378993752634
1988-12-13,6.081809622560172,0.06081809622560172
1988-12-14,6.079792906019774,0.06079792906019774
1988-12-15,6.077787759351212,0.06077787759351212
1988-12-16,6.07579419215162,0.0607579419215162
1988-12-17,6.0738122140181305,0.0607381221401813
1988-12-18,6.071841834547879,0.06071841834547879
1988-12-19,6.069883063338001,0.06069883063338002
1988-12-20,6.067935909985633,0.06067935909985633
1988-12-21,6.066000384087907,0.06066000384087907
1988-12-22,6.0640764952419595,0.060640764952419594
1988-12-23,6.0621642530449265,0.060621642530449264
1988-12-24,6.06026366709394,0.0606026366709394
1988-12-25,6.058374746986137,0.060583747469861365
1988-12-26,6.0564975023186545,0.06056497502318654
1988-12-27,6.054631942688625,0.06054631942688624
1988-12-28,6.0527780776931825,0.06052778077693183
1988-12-29,6.050935916929465,0.060509359169294646
1988-12-30,6.049105469994605,0.06049105469994605
1988-12-31,6.047286746485737,0.06047286746485737
1989-01-01,6.045479756,0.060454797559999995
1989-01-02,6.0436845056392565,0.06043684505639257
1989-01-03,6.041900992524311,0.06041900992524311
1989-01-04,6.040129211280689,0.06040129211280689
1989-01-05,6.038369156533922,0.06038369156533922
1989-01-06,6.036620822909544,0.06036620822909544
1989-01-07,6.034884205033086,0.060348842050330864
1989-01-08,6.0331592975300765,0.06033159297530077
1989-01-09,6.031446095026047,0.060314460950260475
1989-01-10,6.029744592146531,0.06029744592146531
1989-01-11,6.0280547835170575,0.060280547835170575
1989-01-12,6.026376663763158,0.06026376663763158
1989-01-13,6.024710227510364,0.06024710227510364
1989-01-14,6.023055469384207,0.06023055469384207
1989-01-15,6.021412384010216,0.06021412384010216
1989-01-16,6.019780966013924,0.06019780966013924
1989-01-17,6.01816121002086,0.0601816121002086
1989-01-18,6.016553110656557,0.06016553110656557
1989-01-19,6.014956662546546,0.060149566625465466
1989-01-20,6.013371860316358,0.06013371860316358
1989-01-21,6.011798698591525,0.06011798698591525
1989-01-22,6.010237171997575,0.060102371719975754
1989-01-23,6.008687275160042,0.06008687275160043
1989-01-24,6.007149002704456,0.060071490027044566
1989-01-25,6.005622349256348,0.06005622349256348
1989-01-26,6.004107309441249,0.06004107309441249
1989-01-27,6.002603877884689,0.060026038778846894
1989-01-28,6.001112049212203,0.06001112049212203
1989-01-29,5.999631818049317,0.05999631818049317
1989-01-30,5.998163179021566,0.059981631790215664
1989-01-31,5.9967061267544794,0.059967061267544794
1989-02-01,5.9952606558735875,0.059952606558735876
1989-02-02,5.9938267610044225,0.05993826761004423
1989-02-03,5.9924044367725156,0.05992404436772516
1989-02-04,5.990993677803399,0.05990993677803399
1989-02-05,5.989594478722599,0.059895944787225985
1989-02-06,5.988206834155652,0.05988206834155652
1989-02-07,5.986830738728086,0.05986830738728086
1989-02-08,5.985466187065434,0.05985466187065434
1989-02-09,5.984113173793227,0.05984113173793227
1989-02-10,5.982771693536994,0.05982771693536994
1989-02-11,5.981441740922267,0.05981441740922267
1989-02-12,5.9801233105745775,0.059801233105745775
1989-02-13,5.9788163971194574,0.059788163971194574
1989-02-14,5.977520995182436,0.059775209951824365
1989-02-15,5.976237099389047,0.059762370993890465
1989-02-16,5.974964704364819,0.059749647043648185
1989-02-17,5.973703804735282,0.05973703804735282
1989-02-18,5.972454395125972,0.05972454395125972
1989-02-19,5.971216470162413,0.05971216470162413
1989-02-20,5.9699900244701425,0.059699900244701426
1989-02-21,5.9687750526746886,0.05968775052674689
1989-02-22,5.967571549401583,0.05967571549401583
1989-02-23,5.966379509276358,0.05966379509276358
1989-02-24,5.9651989269245425,0.05965198926924543
1989-02-25,5.964029796971668,0.059640297969716684
1989-02-26,5.962872114043266,0.05962872114043266
1989-02-27,5.961725872764866,0.05961725872764866
1989-02-28,5.960591067762003,0.05960591067762003
1989-03-01,5.959467693660205,0.05959467693660205
1989-03-02,5.9583557450850035,0.05958355745085003
1989-03-03,5.95725521666193,0.0595725521666193
1989-03-04,5.956166103016516,0.05956166103016516
1989-03-05,5.955088398774291,0.05955088398774291
1989-03-06,5.954022098560788,0.05954022098560788
1989-03-07,5.952967197001536,0.05952967197001536
1989-03-08,5.951923688722068,0.059519236887220675
1989-03-09,5.950891568347914,0.05950891568347914
1989-03-10,5.949870830504605,0.059498708305046055
1989-03-11,5.948861469817674,0.059488614698176734
1989-03-12,5.94786348091265,0.0594786348091265
1989-03-13,5.946876858415064,0.05946876858415064
1989-03-14,5.945901596950447,0.059459015969504474
1989-03-15,5.944937691144333,0.059449376911443336
1989-03-16,5.94398513562225,0.0594398513562225
1989-03-17,5.9430439250097296,0.0594304392500973
1989-03-18,5.942114053932302,0.05942114053932302
1989-03-19,5.9411955170155,0.059411955170155004
1989-03-20,5.940288308884855,0.05940288308884855
1989-03-21,5.939392424165897,0.05939392424165897
1989-03-22,5.938507857484157,0.05938507857484157
1989-03-23,5.937634603465166,0.05937634603465166
1989-03-24,5.936772656734455,0.05936772656734455
1989-03-25,5.935922011917557,0.059359220119175576
1989-03-26,5.935082663640001,0.05935082663640001
1989-03-27,5.934254606527319,0.05934254606527319
1989-03-28,5.9334378352050425,0.059334378352050424
1989-03-29,5.932632344298699,0.05932632344298699
1989-03-30,5.9318381284338235,0.05931838128433824
1989-03-31,5.931055182235948,0.059310551822359475
1989-04-01,5.9302835003306,0.059302835003306
1989-04-02,5.929523077343311,0.05929523077343311
1989-04-03,5.928773907899616,0.059287739078996156
1989-04-04,5.928035986625042,0.059280359866250416
1989-04-05,5.92730930814512,0.059273093081451206
1989-04-06,5.9265938670853835,0.059265938670853835
1989-04-07,5.925889658071361,0.05925889658071361
1989-04-08,5.925196675728587,0.059251966757285876
1989-04-09,5.92451491468259,0.0592451491468259
1989-04-10,5.9238443695589025,0.059238443695589026
1989-04-11,5.923185034983052,0.05923185034983052
1989-04-12,5.922536905580577,0.05922536905580577
1989-04-13,5.921899975976999,0.059218999759769984
1989-04-14,5.921274240797857,0.059212742407978566
1989-04-15,5.920659694668678,0.05920659694668678
1989-04-16,5.920056332214994,0.059200563322149936
1989-04-17,5.919464148062337,0.059194641480623374
1989-04-18,5.918883136836238,0.05918883136836237
1989-04-19,5.9183132931622255,0.05918313293162226
1989-04-20,5.917754611665834,0.05917754611665834
1989-04-21,5.917207086972592,0.05917207086972592
1989-04-22,5.916670713708032,0.05916670713708032
1989-04-23,5.916145486497686,0.059161454864976856
1989-04-24,5.915631399967082,0.05915631399967082
1989-04-25,5.915128448741752,0.05915128448741752
1989-04-26,5.914636627447231,0.05914636627447231
1989-04-27,5.914155930709045,0.05914155930709045
1989-04-28,5.913686353152726,0.05913686353152726
1989-04-29,5.9132278894038075,0.059132278894038076
1989-04-30,5.912780534087818,0.05912780534087818
1989-05-01,5.912344281830293,0.05912344281830293
1989-05-02,5.911919127256758,0.05911919127256758
1989-05-03,5.911505064992745,0.059115050649927454
1989-05-04,5.911102089663787,0.05911102089663787
1989-05-05,5.910710195895417,0.05910710195895417
1989-05-06,5.910329378313163,0.05910329378313163
1989-05-07,5.909959631542557,0.059099596315425565
1989-05-08,5.909600950209127,0.05909600950209127
1989-05-09,5.909253328938409,0.05909253328938409
1989-05-10,5.908916762355932,0.05908916762355932
1989-05-11,5.908591245087226,0.05908591245087227
1989-05-12,5.908276771757825,0.05908276771757825
1989-05-13,5.9079733369932566,0.059079733369932566
1989-05-14,5.907680935419053,0.05907680935419053
1989-05-15,5.907399561660749,0.05907399561660749
1989-05-16,5.90712921034387,0.0590712921034387
1989-05-17,5.906869876093948,0.05906869876093948
1989-05-18,5.9066215535365165,0.05906621553536517
1989-05-19,5.906384237297108,0.05906384237297108
1989-05-20,5.906157922001248,0.05906157922001248
1989-05-21,5.905942602274473,0.059059426022744735
1989-05-22,5.905738272742311,0.059057382727423106
1989-05-23,5.905544928030294,0.059055449280302943
1989-05-24,5.905362562763954,0.059053625627639536
1989-05-25,5.905191171568819,0.05905191171568819
1989-05-26,5.905030749070423,0.059050307490704224
1989-05-27,5.904881289894297,0.05904881289894297
1989-05-28,5.9047427886659705,0.059047427886659704
1989-05-29,5.904615240010975,0.059046152400109755
1989-05-30,5.904498638554843,0.05904498638554843
1989-05-31,5.904392978923105,0.05904392978923105
1989-06-01,5.904298255741291,0.05904298255741291
1989-06-02,5.904214463634932,0.05904214463634932
1989-06-03,5.904141597229559,0.05904141597229559
1989-06-04,5.904079651150706,0.05904079651150706
1989-06-05,5.904028620023902,0.05904028620023902
1989-06-06,5.903988498474676,0.05903988498474676
1989-06-07,5.903959281128561,0.05903959281128561
1989-06-08,5.903940962611089,0.05903940962611089
1989-06-09,5.9039335375477915,0.05903933537547792
1989-06-10,5.903937000564198,0.059039370005641974
1989-06-11,5.9039513462858375,0.05903951346285838
1989-06-12,5.903976569338244,0.05903976569338244
1989-06-13,5.904012664346949,0.05904012664346949
1989-06-14,5.904059625937484,0.05904059625937484
1989-06-15,5.904117448735375,0.059041174487353756
1989-06-16,5.9041861273661596,0.059041861273661594
1989-06-17,5.904265656455367,0.059042656564553674
1989-06-18,5.9043560306285245,0.05904356030628524
1989-06-19,5.9044572445111685,0.05904457244511169
1989-06-20,5.904569292728825,0.05904569292728825
1989-06-21,5.904692169907028,0.059046921699070276
1989-06-22,5.90482587067131,0.0590482587067131
1989-06-23,5.9049703896471994,0.059049703896471996
1989-06-24,5.905125721460227,0.05905125721460227
1989-06-25,5.905291860735925,0.059052918607359256
1989-06-26,5.905468802099826,0.05905468802099825
1989-06-27,5.905656540177459,0.05905656540177459
1989-06-28,5.905855069594355,0.05905855069594355
1989-06-29,5.906064384976047,0.05906064384976047
1989-06-30,5.906284480948064,0.05906284480948064
1989-07-01,5.906515352135937,0.05906515352135937
1989-07-02,5.906756993165199,0.059067569931651985
1989-07-03,5.90700939866138,0.0590700939866138
1989-07-04,5.907272563250011,0.05907272563250011
1989-07-05,5.907546481556623,0.05907546481556623
1989-07-06,5.907831148206748,0.05907831148206748
1989-07-07,5.908126557825914,0.059081265578259136
1989-07-08,5.908432705039656,0.05908432705039656
1989-07-09,5.9087495844735045,0.05908749584473504
1989-07-10,5.909077190752988,0.059090771907529885
1989-07-11,5.909415518503639,0.05909415518503639
1989-07-12,5.909764562350989,0.05909764562350989
1989-07-13,5.9101243169205695,0.059101243169205696
1989-07-14,5.9104947768379095,0.059104947768379094
1989-07-15,5.9108759367285435,0.059108759367285435
1989-07-16,5.911267791217998,0.05911267791217998
1989-07-17,5.911670334931808,0.059116703349318074
1989-07-18,5.912083562495503,0.05912083562495503
1989-07-19,5.912507468534614,0.05912507468534614
1989-07-20,5.9129420476746715,0.059129420476746714
1989-07-21,5.913387294541209,0.05913387294541209
1989-07-22,5.913843203759756,0.059138432037597555
1989-07-23,5.914309769955841,0.05914309769955841
1989-07-24,5.914786987755001,0.05914786987755001
1989-07-25,5.91527485178276,0.0591527485178276
1989-07-26,5.915773356664656,0.05915773356664656
1989-07-27,5.916282497026216,0.05916282497026216
1989-07-28,5.916802267492971,0.0591680226749297
1989-07-29,5.917332662690452,0.05917332662690452
1989-07-30,5.917873677244192,0.059178736772441926
1989-07-31,5.918425305779723,0.05918425305779723
1989-08-01,5.918987542922573,0.059189875429225734
1989-08-02,5.919560383298272,0.05919560383298272
1989-08-03,5.920143821532355,0.05920143821532355
1989-08-04,5.920737852250352,0.05920737852250352
1989-08-05,5.921342470077793,0.05921342470077793
1989-08-06,5.921957669640211,0.059219576696402106
1989-08-07,5.922583445563133,0.059225834455631336
1989-08-08,5.923219792472095,0.059232197924720946
1989-08-09,5.923866704992625,0.059238667049926245
1989-08-10,5.924524177750254,0.059245241777502546
1989-08-11,5.9251922053705135,0.059251922053705136
1989-08-12,5.925870782478937,0.059258707824789376
1989-08-13,5.926559903701054,0.059265599037010536
1989-08-14,5.927259563662393,0.059272595636623925
1989-08-15,5.927969756988487,0.05927969756988487
1989-08-16,5.928690478304868,0.05928690478304868
1989-08-17,5.929421722237067,0.059294217222370674
1989-08-18,5.930163483410615,0.05930163483410615
1989-08-19,5.930915756451042,0.05930915756451042
1989-08-20,5.931678535983878,0.05931678535983878
1989-08-21,5.932451816634658,0.05932451816634658
1989-08-22,5.933235593028909,0.05933235593028909
1989-08-23,5.934029859792164,0.05934029859792164
1989-08-24,5.934834611549954,0.059348346115499544
1989-08-25,5.935649842927812,0.05935649842927812
1989-08-26,5.9364755485512655,0.059364755485512656
1989-08-27,5.9373117230458465,0.05937311723045847
1989-08-28,5.938158361037087,0.05938158361037087
1989-08-29,5.939015457150519,0.059390154571505184
1989-08-30,5.939883006011671,0.05939883006011671
1989-08-31,5.9407610022460755,0.059407610022460755
1989-09-01,5.941649440479265,0.059416494404792644
1989-09-02,5.942548315336767,0.05942548315336767
1989-09-03,5.943457621444116,0.05943457621444116
1989-09-04,5.944377353426841,0.05944377353426841
1989-09-05,5.945307505910473,0.05945307505910473
1989-09-06,5.946248073520547,0.059462480735205464
1989-09-07,5.947199050882588,0.05947199050882588
1989-09-08,5.948160432622132,0.059481604326221314
1989-09-09,5.949132213364707,0.05949132213364707
1989-09-10,5.9501143877358444,0.05950114387735844
1989-09-11,5.951106950361077,0.05951106950361077
1989-09-12,5.952109895865936,0.05952109895865936
1989-09-13,5.95312321887595,0.0595312321887595
1989-09-14,5.954146914016652,0.059541469140166524
1989-09-15,5.955180975913572,0.05955180975913572
1989-09-16,5.956225399192243,0.05956225399192243
1989-09-17,5.957280178478192,0.05957280178478192
1989-09-18,5.9583453083969555,0.059583453083969555
1989-09-19,5.9594207835740605,0.059594207835740605
1989-09-20,5.96050659863504,0.059605065986350396
1989-09-21,5.961602748205424,0.05961602748205424
1989-09-22,5.962709226910746,0.05962709226910746
1989-09-23,5.963826029376532,0.05963826029376532
1989-09-24,5.964953150228317,0.05964953150228317
1989-09-25,5.966090584091632,0.05966090584091632
1989-09-26,5.9672383255920085,0.059672383255920086
1989-09-27,5.968396369354974,0.059683963693549745
1989-09-28,5.969564710006065,0.059695647100060645
1989-09-29,5.970743342170808,0.059707433421708075
1989-09-30,5.971932260474736,0.059719322604747355
1989-10-01,5.973131459543378,0.05973131459543378
1989-10-02,5.974340934002268,0.05974340934002268
1989-10-03,5.975560678476937,0.05975560678476936
1989-10-04,5.976790687592914,0.059767906875929144
1989-10-05,5.978030955975732,0.05978030955975732
1989-10-06,5.97928147825092,0.0597928147825092
1989-10-07,5.980542249044011,0.05980542249044011
1989-10-08,5.981813262980534,0.05981813262980534
1989-10-09,5.983094514686022,0.05983094514686022
1989-10-10,5.984385998786008,0.059843859987860085
1989-10-11,5.985687709906017,0.05985687709906017
1989-10-12,5.986999642671585,0.05986999642671585
1989-10-13,5.98832179170824,0.059883217917082406
1989-10-14,5.989654151641516,0.05989654151641516
1989-10-15,5.9909967170969445,0.05990996717096944
1989-10-16,5.992349482700053,0.05992349482700053
1989-10-17,5.993712443076374,0.05993712443076374
1989-10-18,5.995085592851441,0.059950855928514415
1989-10-19,5.996468926650783,0.05996468926650783
1989-10-20,5.997862439099928,0.059978624390999276
1989-10-21,5.999266124824412,0.059992661248244115
1989-10-22,6.0006799784497655,0.060006799784497654
1989-10-23,6.0021039946015176,0.060021039946015174
1989-10-24,6.0035381679052,0.060035381679052
1989-10-25,6.004982492986345,0.06004982492986345
1989-10-26,6.00643696447048,0.0600643696447048
1989-10-27,6.007901576983142,0.06007901576983141
1989-10-28,6.009376325149856,0.06009376325149856
1989-10-29,6.010861203596157,0.06010861203596157
1989-10-30,6.012356206947575,0.06012356206947575
1989-10-31,6.013861329829641,0.060138613298296416
1989-11-01,6.015376566867887,0.06015376566867887
1989-11-02,6.0169019126878425,0.06016901912687842
1989-11-03,6.018437361915037,0.06018437361915037
1989-11-04,6.019982909175006,0.06019982909175006
1989-11-05,6.021538549093279,0.06021538549093279
1989-11-06,6.023104276295386,0.06023104276295386
1989-11-07,6.0246800854068585,0.06024680085406858
1989-11-08,6.026265971053227,0.06026265971053227
1989-11-09,6.027861927860024,0.06027861927860024
1989-11-10,6.029467950452777,0.06029467950452777
1989-11-11,6.031084033457023,0.06031084033457023
1989-11-12,6.03271017149829,0.0603271017149829
1989-11-13,6.034346359202107,0.06034346359202107
1989-11-14,6.035992591194009,0.06035992591194009
1989-11-15,6.037648862099525,0.06037648862099525
1989-11-16,6.039315166544184,0.06039315166544184
1989-11-17,6.04099149915352,0.0604099149915352
1989-11-18,6.042677854553065,0.06042677854553065
1989-11-19,6.044374227368348,0.06044374227368347
1989-11-20,6.046080612224899,0.060460806122248995
1989-11-21,6.047797003748251,0.06047797003748251
1989-11-22,6.049523396563934,0.06049523396563934
1989-11-23,6.051259785297481,0.06051259785297481
1989-11-24,6.053006164574423,0.06053006164574423
1989-11-25,6.054762529020289,0.06054762529020289
1989-11-26,6.056528873260611,0.06056528873260611
1989-11-27,6.058305191920917,0.06058305191920917
1989-11-28,6.060091479626746,0.06060091479626746
1989-11-29,6.061887731003621,0.06061887731003621
1989-11-30,6.063693940677078,0.060636939406770785
1989-12-01,6.065510103272645,0.06065510103272645
1989-12-02,6.067336213415855,0.06067336213415855
1989-12-03,6.069172265732238,0.06069172265732238
1989-12-04,6.071018254847326,0.06071018254847326
1989-12-05,6.072874175386649,0.060728741753866486
1989-12-06,6.07474002197574,0.0607474002197574
1989-12-07,6.076615789240128,0.06076615789240128
1989-12-08,6.078501471805344,0.06078501471805344
1989-12-09,6.080397064296921,0.06080397064296921
1989-12-10,6.082302561340389,0.060823025613403886
1989-12-11,6.084217957561277,0.06084217957561277
1989-12-12,6.086143247585121,0.06086143247585121
1989-12-13,6.088078426037449,0.06088078426037449
1989-12-14,6.090023487543791,0.06090023487543791
1989-12-15,6.09197842672968,0.0609197842672968
1989-12-16,6.093943238220648,0.060939432382206477
1989-12-17,6.095917916642222,0.06095917916642222
1989-12-18,6.097902456619935,0.06097902456619935
1989-12-19,6.099896852779321,0.06099896852779321
1989-12-20,6.101901099745907,0.06101901099745907
1989-12-21,6.103915192145228,0.06103915192145228
1989-12-22,6.105939124602813,0.061059391246028126
1989-12-23,6.10797289174419,0.0610797289174419
1989-12-24,6.110016488194895,0.06110016488194895
1989-12-25,6.112069908580458,0.06112069908580458
1989-12-26,6.114133147526407,0.06114133147526407
1989-12-27,6.1162061996582775,0.06116206199658278
1989-12-28,6.118289059601596,0.06118289059601596
1989-12-29,6.1203817219818974,0.061203817219818976
1989-12-30,6.12248418142471,0.0612248418142471
1989-12-31,6.124596432555568,0.06124596432555568
1990-01-01,6.12671847,0.061267184700000005
1990-01-02,6.128850264658946,0.061288502646589464
1990-01-03,6.130991692534981,0.06130991692534981
1990-01-04,6.1331426059060865,0.06133142605906086
1990-01-05,6.135302857050244,0.06135302857050244
1990-01-06,6.137472298245439,0.06137472298245439
1990-01-07,6.1396507817696495,0.0613965078176965
1990-01-08,6.141838159900862,0.06141838159900862
1990-01-09,6.144034284917057,0.06144034284917057
1990-01-10,6.146239009096216,0.06146239009096216
1990-01-11,6.148452184716325,0.06148452184716325
1990-01-12,6.150673664055364,0.06150673664055364
1990-01-13,6.152903299391314,0.06152903299391314
1990-01-14,6.155140943002162,0.06155140943002162
1990-01-15,6.157386447165885,0.06157386447165884
1990-01-16,6.159639664160471,0.06159639664160471
1990-01-17,6.161900446263897,0.061619004462638974
1990-01-18,6.164168645754148,0.06164168645754148
1990-01-19,6.166444114909207,0.061664441149092065
1990-01-20,6.168726706007058,0.06168726706007058
1990-01-21,6.171016271325677,0.06171016271325677
1990-01-22,6.173312663143054,0.061733126631430546
1990-01-23,6.175615733737168,0.061756157337371685
1990-01-24,6.177925335386003,0.061779253353860024
1990-01-25,6.180241320367538,0.06180241320367538
1990-01-26,6.182563540959758,0.06182563540959758
1990-01-27,6.184891849440646,0.06184891849440646
1990-01-28,6.187226098088183,0.061872260980881826
1990-01-29,6.189566139180351,0.06189566139180351
1990-01-30,6.191911824995135,0.061919118249951346
1990-01-31,6.194263007810516,0.06194263007810516
1990-02-01,6.196619539904475,0.06196619539904475
1990-02-02,6.198981273554997,0.06198981273554997
1990-02-03,6.201348061040063,0.06201348061040063
1990-02-04,6.203719754637657,0.06203719754637657
1990-02-05,6.206096206625757,0.06206096206625757
1990-02-06,6.208477269282351,0.06208477269282351
1990-02-07,6.21086279488542,0.0621086279488542
1990-02-08,6.213252635712945,0.06213252635712945
1990-02-09,6.2156466440429075,0.062156466440429076
1990-02-10,6.218044672153294,0.06218044672153294
1990-02-11,6.220446572322081,0.06220446572322081
1990-02-12,6.222852196827257,0.062228521968272575
1990-02-13,6.225261397946801,0.062252613979468005
1990-02-14,6.227674027958697,0.06227674027958697
1990-02-15,6.230089939140926,0.062300899391409266
1990-02-16,6.232508983771472,0.062325089837714724
1990-02-17,6.234931014128316,0.06234931014128316
1990-02-18,6.2373558824894415,0.06237355882489441
1990-02-19,6.23978344113283,0.0623978344113283
1990-02-20,6.242213542336465,0.06242213542336465
1990-02-21,6.2446460383783275,0.06244646038378328
1990-02-22,6.247080781536401,0.062470807815364016
1990-02-23,6.24951762408867,0.0624951762408867
1990-02-24,6.251956418313115,0.06251956418313115
1990-02-25,6.254397016487714,0.06254397016487714
1990-02-26,6.25683927089046,0.0625683927089046
1990-02-27,6.259283033799324,0.06259283033799325
1990-02-28,6.261728157492296,0.06261728157492297
1990-03-01,6.264174494247356,0.06264174494247356
1990-03-02,6.266621896342486,0.06266621896342486
1990-03-03,6.2690702160556695,0.0626907021605567
1990-03-04,6.271519305664889,0.06271519305664888
1990-03-05,6.273969017448126,0.06273969017448126
1990-03-06,6.276419203683363,0.06276419203683363
1990-03-07,6.278869716648583,0.06278869716648583
1990-03-08,6.28132040862177,0.0628132040862177
1990-03-09,6.283771131880902,0.06283771131880903
1990-03-10,6.286221738703968,0.06286221738703968
1990-03-11,6.288672081368943,0.06288672081368943
1990-03-12,6.2911220121538145,0.06291122012153814
1990-03-13,6.293571383336563,0.06293571383336563
1990-03-14,6.296020047195173,0.06296020047195172
1990-03-15,6.298467856007625,0.06298467856007625
1990-03-16,6.300914662051902,0.06300914662051901
1990-03-17,6.303360317605986,0.06303360317605985
1990-03-18,6.305804674947859,0.06305804674947858
1990-03-19,6.308247586355506,0.06308247586355506
1990-03-20,6.310688904106907,0.06310688904106908
1990-03-21,6.313128480480046,0.06313128480480046
1990-03-22,6.315566167752904,0.06315566167752903
1990-03-23,6.318001818203464,0.06318001818203464
1990-03-24,6.32043528410971,0.0632043528410971
1990-03-25,6.322866417749621,0.06322866417749622
1990-03-26,6.325295071401182,0.06325295071401182
1990-03-27,6.327721097342377,0.06327721097342377
1990-03-28,6.330144347851185,0.06330144347851185
1990-03-29,6.33256467520559,0.0633256467520559
1990-03-30,6.334981931683573,0.06334981931683573
1990-03-31,6.337395969563119,0.06337395969563119
1990-04-01,6.339806641122211,0.0633980664112221
1990-04-02,6.342213798638826,0.06342213798638827
1990-04-03,6.344617294390953,0.06344617294390953
1990-04-04,6.347016980656571,0.06347016980656571
1990-04-05,6.349412709713664,0.06349412709713664
1990-04-06,6.351804333840213,0.06351804333840212
1990-04-07,6.354191705314199,0.063541917053142
1990-04-08,6.356574676413608,0.06356574676413608
1990-04-09,6.3589530994164205,0.0635895309941642
1990-04-10,6.361326826600619,0.06361326826600619
1990-04-11,6.36369571024419,0.0636369571024419
1990-04-12,6.366059602625107,0.06366059602625107
1990-04-13,6.368418356021361,0.0636841835602136
1990-04-14,6.370771822710931,0.06370771822710931
1990-04-15,6.373119854971797,0.06373119854971797
1990-04-16,6.375462305081946,0.06375462305081946
1990-04-17,6.377799025319359,0.06377799025319358
1990-04-18,6.380129867962018,0.06380129867962019
1990-04-19,6.382454685287906,0.06382454685287905
1990-04-20,6.384773329575002,0.06384773329575003
1990-04-21,6.387085653101293,0.06387085653101293
1990-04-22,6.38939150814476,0.0638939150814476
1990-04-23,6.391690746983387,0.06391690746983386
1990-04-24,6.3939832218951524,0.06393983221895153
1990-04-25,6.396268785158041,0.06396268785158041
1990-04-26,6.398547289050037,0.06398547289050037
1990-04-27,6.4008185858491204,0.0640081858584912
1990-04-28,6.4030825278332735,0.06403082527833273
1990-04-29,6.40533896728048,0.0640533896728048
1990-04-30,6.407587756468722,0.06407587756468722
1990-05-01,6.409828747675982,0.06409828747675982
1990-05-02,6.412061793180244,0.06412061793180243
1990-05-03,6.414286745259487,0.06414286745259487
1990-05-04,6.416503456191695,0.06416503456191695
1990-05-05,6.418711778254852,0.06418711778254851
1990-05-06,6.420911563726938,0.06420911563726939
1990-05-07,6.423102664885938,0.06423102664885938
1990-05-08,6.425284934009833,0.06425284934009833
1990-05-09,6.427458223376604,0.06427458223376604
1990-05-10,6.429622385264236,0.06429622385264236
1990-05-11,6.43177727195071,0.0643177727195071
1990-05-12,6.43392273571401,0.0643392273571401
1990-05-13,6.436058628832115,0.06436058628832116
1990-05-14,6.438184803583013,0.06438184803583014
1990-05-15,6.440301112244684,0.06440301112244684
1990-05-16,6.442407407095106,0.06442407407095106
1990-05-17,6.444503540412267,0.06444503540412266
1990-05-18,6.446589364474148,0.06446589364474148
1990-05-19,6.44866473155873,0.0644866473155873
1990-05-20,6.450729493943997,0.06450729493943996
1990-05-21,6.4527835039079315,0.06452783503907931
1990-05-22,6.454826613728517,0.06454826613728516
1990-05-23,6.4568586756837325,0.06456858675683733
1990-05-24,6.4588795420515615,0.06458879542051561
1990-05-25,6.46088906510999,0.0646088906510999
1990-05-26,6.462887097136995,0.06462887097136995
1990-05-27,6.464873490410563,0.06464873490410562
1990-05-28,6.4668480972086755,0.06466848097208676
1990-05-29,6.468810769809315,0.06468810769809315
1990-05-30,6.470761360490463,0.06470761360490462
1990-05-31,6.472699721530102,0.06472699721530102
1990-06-01,6.474625705206216,0.06474625705206216
1990-06-02,6.4765391637967875,0.06476539163796788
1990-06-03,6.478439949579796,0.06478439949579796
1990-06-04,6.480327914833227,0.06480327914833227
1990-06-05,6.482202911835062,0.06482202911835061
1990-06-06,6.484064792863283,0.06484064792863282
1990-06-07,6.485913410195874,0.06485913410195873
1990-06-08,6.487748616110813,0.06487748616110812
1990-06-09,6.4895702628860885,0.06489570262886088
1990-06-10,6.49137820279968,0.0649137820279968
1990-06-11,6.4931722881295695,0.0649317228812957
1990-06-12,6.494952371153737,0.06494952371153737
1990-06-13,6.496718304150172,0.06496718304150172
1990-06-14,6.498469939396854,0.06498469939396853
1990-06-15,6.50020712917176,0.0650020712917176
1990-06-16,6.5019297257528805,0.06501929725752881
1990-06-17,6.503637581418194,0.06503637581418194
1990-06-18,6.505330548445681,0.06505330548445681
1990-06-19,6.507008479113327,0.06507008479113327
1990-06-20,6.508671225699116,0.06508671225699116
1990-06-21,6.5103186404810245,0.06510318640481025
1990-06-22,6.511950575737042,0.06511950575737041
1990-06-23,6.513566883745147,0.06513566883745148
1990-06-24,6.515167416783321,0.06515167416783321
1990-06-25,6.516752027129548,0.06516752027129548
1990-06-26,6.518320567061811,0.06518320567061811
1990-06-27,6.519872888858092,0.06519872888858093
1990-06-28,6.5214088447963725,0.06521408844796373
1990-06-29,6.522928287154637,0.06522928287154638
1990-06-30,6.524431068210868,0.06524431068210867
1990-07-01,6.525917040243045,0.06525917040243046
1990-07-02,6.527386055529152,0.06527386055529152
1990-07-03,6.52883796634717,0.0652883796634717
1990-07-04,6.530272624975088,0.06530272624975088
1990-07-05,6.53168988369088,0.06531689883690879
1990-07-06,6.53308959477253,0.0653308959477253
1990-07-07,6.534471610498025,0.06534471610498026
1990-07-08,6.535835783145346,0.06535835783145347
1990-07-09,6.537181964992473,0.06537181964992472
1990-07-10,6.538510008317392,0.06538510008317391
1990-07-11,6.5398197653980805,0.0653981976539808
1990-07-12,6.541111088512523,0.06541111088512523
1990-07-13,6.5423838299387045,0.06542383829938704
1990-07-14,6.543637841954606,0.06543637841954605
1990-07-15,6.54487297683821,0.0654487297683821
1990-07-16,6.546089086867497,0.06546089086867496
1990-07-17,6.547286024320451,0.0654728602432045
1990-07-18,6.548463641475054,0.06548463641475054
1990-07-19,6.54962179060929,0.0654962179060929
1990-07-20,6.550760324001139,0.0655076032400114
1990-07-21,6.551879093928589,0.06551879093928589
1990-07-22,6.552977952669614,0.06552977952669614
1990-07-23,6.554056752502202,0.06554056752502202
1990-07-24,6.555115345704335,0.06555115345704335
1990-07-25,6.556153584553995,0.06556153584553995
1990-07-26,6.557171321329161,0.06557171321329161
1990-07-27,6.558168408307821,0.06558168408307821
1990-07-28,6.559144697767954,0.06559144697767955
1990-07-29,6.560100041987544,0.06560100041987545
1990-07-30,6.561034293244573,0.06561034293244573
1990-07-31,6.561947303817023,0.06561947303817023
1990-08-01,6.562838925982876,0.06562838925982876
1990-08-02,6.5637090120201185,0.06563709012020119
1990-08-03,6.564557414206727,0.06564557414206727
1990-08-04,6.565383984820686,0.06565383984820686
1990-08-05,6.566188576139981,0.06566188576139981
1990-08-06,6.56697104044259,0.0656697104044259
1990-08-07,6.5677312300065,0.065677312300065
1990-08-08,6.568468997109691,0.06568468997109692
1990-08-09,6.569184194030142,0.06569184194030142
1990-08-10,6.569876673045841,0.06569876673045841
1990-08-11,6.57054628643477,0.0657054628643477
1990-08-12,6.571192886474908,0.06571192886474908
1990-08-13,6.57181632544424,0.0657181632544424
1990-08-14,6.572416455620747,0.06572416455620747
1990-08-15,6.572993129282413,0.06572993129282413
1990-08-16,6.573546198707219,0.0657354619870722
1990-08-17,6.5740755161731474,0.06574075516173147
1990-08-18,6.574580933958182,0.06574580933958182
1990-08-19,6.575062304340308,0.06575062304340308
1990-08-20,6.5755194795975,0.065755194795975
1990-08-21,6.575952312007746,0.06575952312007746
1990-08-22,6.576360653849027,0.06576360653849027
1990-08-23,6.576744357399327,0.06576744357399326
1990-08-24,6.5771032749366265,0.06577103274936627
1990-08-25,6.577437258738909,0.0657743725873891
1990-08-26,6.577746161084158,0.06577746161084158
1990-08-27,6.578029834250352,0.06578029834250353
1990-08-28,6.578288130515481,0.0657828813051548
1990-08-29,6.578520902157518,0.06578520902157518
1990-08-30,6.578728001454451,0.06578728001454451
1990-08-31,6.578909280684262,0.06578909280684261
1990-09-01,6.579064592124934,0.06579064592124934
1990-09-02,6.579193788054447,0.06579193788054447
1990-09-03,6.579296720750785,0.06579296720750785
1990-09-04,6.579373242491929,0.06579373242491929
1990-09-05,6.579423205555864,0.06579423205555864
1990-09-06,6.579446462220571,0.06579446462220571
1990-09-07,6.579442864764035,0.06579442864764035
1990-09-08,6.579412265464234,0.06579412265464234
1990-09-09,6.579354516599151,0.06579354516599151
1990-09-10,6.579269470446773,0.06579269470446773
1990-09-11,6.579156979285079,0.0657915697928508
1990-09-12,6.5790168953920505,0.06579016895392051
1990-09-13,6.5788490710456715,0.06578849071045671
1990-09-14,6.578653358523926,0.06578653358523927
1990-09-15,6.578429610104794,0.06578429610104794
1990-09-16,6.5781776780662575,0.06578177678066258
1990-09-17,6.577897414686302,0.06577897414686303
1990-09-18,6.577588672242908,0.06577588672242908
1990-09-19,6.577251303014058,0.06577251303014058
1990-09-20,6.576885159277736,0.06576885159277736
1990-09-21,6.57649009331192,0.0657649009331192
1990-09-22,6.576065957394597,0.06576065957394597
1990-09-23,6.57561260380375,0.0657561260380375
1990-09-24,6.575129884817354,0.06575129884817354
1990-09-25,6.574617652713402,0.06574617652713402
1990-09-26,6.574075759769869,0.06574075759769869
1990-09-27,6.5735040582647395,0.0657350405826474
1990-09-28,6.572902400475998,0.06572902400475998
1990-09-29,6.572270638681625,0.06572270638681625
1990-09-30,6.5716086251596035,0.06571608625159603
1990-10-01,6.570916212187915,0.06570916212187915
1990-10-02,6.57019325204454,0.0657019325204454
1990-10-03,6.569439597007467,0.06569439597007466
1990-10-04,6.568655099354673,0.06568655099354673
1990-10-05,6.5678396113641435,0.06567839611364143
1990-10-06,6.566992985313859,0.06566992985313859
1990-10-07,6.566115073481804,0.06566115073481804
1990-10-08,6.565205728145958,0.06565205728145958
1990-10-09,6.564264801584308,0.06564264801584307
1990-10-10,6.563292146074832,0.06563292146074833
1990-10-11,6.562287613895514,0.06562287613895515
1990-10-12,6.561251057324337,0.06561251057324337
1990-10-13,6.560182328639284,0.06560182328639284
1990-10-14,6.559081280118333,0.06559081280118333
1990-10-15,6.557947764039475,0.06557947764039475
1990-10-16,6.556781632680683,0.06556781632680683
1990-10-17,6.555582738319948,0.06555582738319948
1990-10-18,6.554350933235247,0.06554350933235246
1990-10-19,6.553086069704562,0.06553086069704561
1990-10-20,6.551788000005878,0.06551788000005879
1990-10-21,6.550456576417177,0.06550456576417177
1990-10-22,6.549091651216441,0.06549091651216442
1990-10-23,6.547693076681654,0.06547693076681654
1990-10-24,6.546260705090794,0.06546260705090794
1990-10-25,6.544794388721851,0.0654479438872185
1990-10-26,6.543293979852799,0.06543293979852799
1990-10-27,6.541759330761627,0.06541759330761626
1990-10-28,6.540190293726312,0.06540190293726311
1990-10-29,6.538586721024842,0.06538586721024842
1990-10-30,6.536948464935195,0.06536948464935195
1990-10-31,6.535275377735357,0.06535275377735357
1990-11-01,6.533567311703307,0.06533567311703307
1990-11-02,6.531824119117033,0.06531824119117033
1990-11-03,6.5300456522545085,0.06530045652254508
1990-11-04,6.528231763393725,0.06528231763393726
1990-11-05,6.5263823048126595,0.0652638230481266
1990-11-06,6.524497128789297,0.06524497128789297
1990-11-07,6.522576087601617,0.06522576087601617
1990-11-08,6.5206190335276055,0.06520619033527605
1990-11-09,6.518625818845242,0.06518625818845242
1990-11-10,6.516596295832512,0.06516596295832512
1990-11-11,6.514530316767395,0.06514530316767395
1990-11-12,6.5124277339278756,0.06512427733927875
1990-11-13,6.510288399591936,0.06510288399591936
1990-11-14,6.508112166037555,0.06508112166037555
1990-11-15,6.505898885542722,0.06505898885542721
1990-11-16,6.503648410385414,0.06503648410385414
1990-11-17,6.501360592843614,0.06501360592843614
1990-11-18,6.499035285195306,0.06499035285195305
1990-11-19,6.496672339718471,0.06496672339718472
1990-11-20,6.494271608691095,0.06494271608691095
1990-11-21,6.491832944391155,0.06491832944391156
1990-11-22,6.4893561990966395,0.0648935619909664
1990-11-23,6.4868412250855245,0.06486841225085524
1990-11-24,6.4842878746357995,0.064842878746358
1990-11-25,6.4816960000254396,0.0648169600002544
1990-11-26,6.4790654535324315,0.06479065453532432
1990-11-27,6.4763960874347575,0.06476396087434758
1990-11-28,6.4736877540104,0.064736877540104
1990-11-29,6.47094030553734,0.0647094030553734
1990-11-30,6.468153594293562,0.06468153594293562
1990-12-01,6.465327472557048,0.06465327472557048
1990-12-02,6.462461792605778,0.06462461792605778
1990-12-03,6.459556406717736,0.06459556406717736
1990-12-04,6.456611167170904,0.06456611167170904
1990-12-05,6.4536259262432685,0.06453625926243269
1990-12-06,6.450600536212809,0.06450600536212808
1990-12-07,6.447534849357504,0.06447534849357504
1990-12-08,6.444428717955344,0.06444428717955344
1990-12-09,6.441281994284303,0.06441281994284304
1990-12-10,6.438094530622369,0.06438094530622368
1990-12-11,6.434866179247523,0.06434866179247523
1990-12-12,6.4315967924377455,0.06431596792437745
1990-12-13,6.428286222471024,0.06428286222471023
1990-12-14,6.4249343216253365,0.06424934321625336
1990-12-15,6.421540942178668,0.06421540942178668
1990-12-16,6.418105936408999,0.06418105936408999
1990-12-17,6.414629156594311,0.06414629156594312
1990-12-18,6.411110455012588,0.06411110455012588
1990-12-19,6.407549683941816,0.06407549683941816
1990-12-20,6.40394669565997,0.0640394669565997
1990-12-21,6.40030134244504,0.0640030134244504
1990-12-22,6.396613476575003,0.06396613476575003
1990-12-23,6.392882950327843,0.06392882950327844
1990-12-24,6.389109615981545,0.06389109615981545
1990-12-25,6.385293325814089,0.0638529332581409
1990-12-26,6.381433932103456,0.06381433932103456
1990-12-27,6.377531287127631,0.06377531287127632
1990-12-28,6.373585243164596,0.06373585243164596
1990-12-29,6.3695956524923325,0.06369595652492333
1990-12-30,6.365562367388824,0.06365562367388825
1990-12-31,6.361485240132051,0.06361485240132052
1991-01-01,6.357364123,0.06357364123
1991-01-02,6.353198928448967,0.06353198928448968
1991-01-03,6.348989809648522,0.06348989809648523
1991-01-04,6.344736979946545,0.06344736979946546
1991-01-05,6.3404406526909245,0.06340440652690925
1991-01-06,6.3361010412295435,0.06336101041229543
1991-01-07,6.331718358910283,0.06331718358910284
1991-01-08,6.327292819081034,0.06327292819081035
1991-01-09,6.322824635089676,0.06322824635089676
1991-01-10,6.3183140202840935,0.06318314020284094
1991-01-11,6.313761188012174,0.06313761188012174
1991-01-12,6.3091663516217995,0.06309166351621799
1991-01-13,6.304529724460853,0.06304529724460853
1991-01-14,6.2998515198772225,0.06299851519877223
1991-01-15,6.2951319512187895,0.0629513195121879
1991-01-16,6.290371231833439,0.06290371231833439
1991-01-17,6.285569575069056,0.06285569575069055
1991-01-18,6.280727194273522,0.06280727194273522
1991-01-19,6.275844302794725,0.06275844302794725
1991-01-20,6.270921113980547,0.06270921113980547
1991-01-21,6.265957841178874,0.06265957841178875
1991-01-22,6.260954697737591,0.06260954697737592
1991-01-23,6.255911897004579,0.06255911897004579
1991-01-24,6.250829652327726,0.06250829652327726
1991-01-25,6.245708177054914,0.06245708177054914
1991-01-26,6.240547684534026,0.062405476845340264
1991-01-27,6.23534838811295,0.0623534838811295
1991-01-28,6.230110501139568,0.06230110501139568
1991-01-29,6.224834236961764,0.06224834236961765
1991-01-30,6.2195198089274255,0.062195198089274255
1991-01-31,6.214167430384434,0.06214167430384434
1991-02-01,6.208777314680671,0.06208777314680671
1991-02-02,6.203349675164029,0.06203349675164029
1991-02-03,6.197884725182384,0.061978847251823836
1991-02-04,6.192382678083626,0.06192382678083626
1991-02-05,6.186843747215636,0.061868437472156354
1991-02-06,6.181268145926301,0.061812681459263004
1991-02-07,6.175656087563501,0.06175656087563501
1991-02-08,6.170007785475126,0.06170007785475126
1991-02-09,6.164323453009056,0.06164323453009055
1991-02-10,6.158603303513177,0.061586033035131764
1991-02-11,6.152847550335373,0.06152847550335373
1991-02-12,6.14705640682353,0.0614705640682353
1991-02-13,6.14123008632553,0.061412300863255304
1991-02-14,6.135368802189255,0.061353688021892554
1991-02-15,6.129472767762598,0.06129472767762598
1991-02-16,6.1235421963934344,0.06123542196393435
1991-02-17,6.117577301429653,0.061175773014296525
1991-02-18,6.111578296219136,0.06111578296219136
1991-02-19,6.105545394109768,0.06105545394109768
1991-02-20,6.099478808449438,0.06099478808449438
1991-02-21,6.093378752586023,0.060933787525860234
1991-02-22,6.087245439867411,0.060872454398674114
1991-02-23,6.081079083641487,0.06081079083641487
1991-02-24,6.074879897256135,0.06074879897256135
1991-02-25,6.06864809405924,0.0606864809405924
1991-02-26,6.062383887398682,0.06062383887398682
1991-02-27,6.05608749062235,0.0605608749062235
1991-02-28,6.049759117078126,0.06049759117078126
1991-03-01,6.043398980113895,0.06043398980113895
1991-03-02,6.0370072930775445,0.06037007293077545
1991-03-03,6.030584269316952,0.06030584269316952
1991-03-04,6.024130122180007,0.06024130122180007
1991-03-05,6.017645065014593,0.06017645065014593
1991-03-06,6.011129311168592,0.06011129311168592
1991-03-07,6.004583073989892,0.060045830739898914
1991-03-08,5.9980065668263745,0.05998006566826374
1991-03-09,5.991400003025925,0.05991400003025925
1991-03-10,5.9847635959364265,0.059847635959364265
1991-03-11,5.978097558905765,0.05978097558905765
1991-03-12,5.971402105281824,0.059714021052818235
1991-03-13,5.9646774484124885,0.059646774484124886
1991-03-14,5.957923801645643,0.05957923801645643
1991-03-15,5.951141378329171,0.059511413783291715
1991-03-16,5.944330391810956,0.059443303918109563
1991-03-17,5.937491055438884,0.05937491055438884
1991-03-18,5.930623582560839,0.05930623582560839
1991-03-19,5.923728186524705,0.05923728186524704
1991-03-20,5.916805080678366,0.05916805080678366
1991-03-21,5.909854478369707,0.05909854478369707
1991-03-22,5.902876592946611,0.05902876592946611
1991-03-23,5.895871637756965,0.05895871637756965
1991-03-24,5.888839826148651,0.05888839826148651
1991-03-25,5.881781371469554,0.05881781371469554
1991-03-26,5.874696487067559,0.058746964870675586
1991-03-27,5.867585386290548,0.05867585386290548
1991-03-28,5.860448282486408,0.058604482824864086
1991-03-29,5.853285389003021,0.05853285389003021
1991-03-30,5.846096919188275,0.05846096919188275
1991-03-31,5.838883086390051,0.05838883086390051
1991-04-01,5.831644103956235,0.05831644103956234
1991-04-02,5.824380185234708,0.05824380185234708
1991-04-03,5.817091543573359,0.05817091543573359
1991-04-04,5.809778392320071,0.05809778392320071
1991-04-05,5.802440944822727,0.058024409448227274
1991-04-06,5.795079414429212,0.05795079414429212
1991-04-07,5.78769401448741,0.057876940144874094
1991-04-08,5.780284958345204,0.05780284958345204
1991-04-09,5.7728524593504815,0.05772852459350482
1991-04-10,5.7653967308511245,0.057653967308511245
1991-04-11,5.7579179861950225,0.05757917986195023
1991-04-12,5.750416438730051,0.05750416438730051
1991-04-13,5.742892301804098,0.05742892301804098
1991-04-14,5.735345788765053,0.05735345788765053
1991-04-15,5.727777112960792,0.05727777112960793
1991-04-16,5.720186487739205,0.057201864877392046
1991-04-17,5.712574126448172,0.05712574126448172
1991-04-18,5.704940242435584,0.05704940242435584
1991-04-19,5.697285049049319,0.05697285049049319
1991-04-20,5.689608759637264,0.05689608759637264
1991-04-21,5.681911587547304,0.05681911587547304
1991-04-22,5.67419374612732,0.0567419374612732
1991-04-23,5.666455448725198,0.05666455448725198
1991-04-24,5.658696908688827,0.056586969086888275
1991-04-25,5.650918339366083,0.056509183393660824
1991-04-26,5.643119954104858,0.056431199541048575
1991-04-27,5.635301966253029,0.056353019662530285
1991-04-28,5.627464589158486,0.05627464589158486
1991-04-29,5.619608036169114,0.056196080361691145
1991-04-30,5.611732520632792,0.05611732520632792
1991-05-01,5.60383825589741,0.056038382558974094
1991-05-02,5.595925455310848,0.05595925455310848
1991-05-03,5.5879943322209895,0.05587994332220989
1991-05-04,5.580045099975724,0.05580045099975724
1991-05-05,5.572077971922932,0.05572077971922931
1991-05-06,5.564093161410498,0.05564093161410498
1991-05-07,5.556090881786307,0.055560908817863075
1991-05-08,5.548071346398247,0.05548071346398247
1991-05-09,5.540034768594196,0.05540034768594196
1991-05-10,5.531981361722041,0.05531981361722041
1991-05-11,5.523911339129668,0.05523911339129668
1991-05-12,5.515824914164961,0.05515824914164961
1991-05-13,5.507722300175798,0.055077223001757984
1991-05-14,5.4996037105100735,0.05499603710510073
1991-05-15,5.4914693585156655,0.05491469358515665
1991-05-16,5.4833194575404605,0.05483319457540461
1991-05-17,5.47515422093234,0.0547515422093234
1991-05-18,5.466973862039191,0.05466973862039191
1991-05-19,5.458778594208897,0.05458778594208897
1991-05-20,5.450568630789343,0.05450568630789343
1991-05-21,5.442344185128413,0.054423441851284136
1991-05-22,5.434105470573992,0.05434105470573992
1991-05-23,5.4258527004739605,0.054258527004739605
1991-05-24,5.417586088176208,0.05417586088176208
1991-05-25,5.409305847028616,0.05409305847028616
1991-05-26,5.401012190379069,0.05401012190379069
1991-05-27,5.392705331575453,0.05392705331575453
1991-05-28,5.38438548396565,0.0538438548396565
1991-05-29,5.376052860897545,0.05376052860897545
1991-05-30,5.367707675719024,0.05367707675719024
1991-05-31,5.35935014177797,0.0535935014177797
1991-06-01,5.3509804724222665,0.05350980472422266
1991-06-02,5.342598880999799,0.05342598880999799
1991-06-03,5.334205580858454,0.05334205580858454
1991-06-04,5.325800785346111,0.05325800785346111
1991-06-05,5.317384707810658,0.05317384707810658
1991-06-06,5.308957561599977,0.053089575615999765
1991-06-07,5.300519560061953,0.05300519560061953
1991-06-08,5.292070916544471,0.05292070916544471
1991-06-09,5.283611844395416,0.052836118443954166
1991-06-10,5.275142556962671,0.05275142556962671
1991-06-11,5.2666632675941205,0.052666632675941204
1991-06-12,5.25817418963765,0.0525817418963765
1991-06-13,5.249675536441142,0.052496755364411424
1991-06-14,5.241167521352482,0.05241167521352482
1991-06-15,5.232650357719552,0.052326503577195524
1991-06-16,5.2241242588902415,0.05224124258890241
1991-06-17,5.21558943821243,0.052155894382124306
1991-06-18,5.207046109034005,0.05207046109034005
1991-06-19,5.198494484702848,0.05198494484702848
1991-06-20,5.189934778566846,0.05189934778566846
1991-06-21,5.181367203973881,0.051813672039738815
1991-06-22,5.172791974271838,0.05172791974271838
1991-06-23,5.164209302808602,0.05164209302808602
1991-06-24,5.155619402932058,0.05155619402932058
1991-06-25,5.147022487990088,0.05147022487990088
1991-06-26,5.138418771330577,0.051384187713305766
1991-06-27,5.129808466301411,0.05129808466301412
1991-06-28,5.121191786250473,0.05121191786250473
1991-06-29,5.112568944525649,0.05112568944525649
1991-06-30,5.103940154474821,0.05103940154474821
1991-07-01,5.095305629445876,0.05095305629445876
1991-07-02,5.0866655827866945,0.050866655827866945
1991-07-03,5.078020227845164,0.05078020227845163
1991-07-04,5.069369777969167,0.050693697779691675
1991-07-05,5.060714446506589,0.05060714446506589
1991-07-06,5.052054446805314,0.05052054446805314
1991-07-07,5.043389992213227,0.050433899922132264
1991-07-08,5.03472129607821,0.0503472129607821
1991-07-09,5.026048571748151,0.05026048571748151
1991-07-10,5.01737203257093,0.0501737203257093
1991-07-11,5.008691891894435,0.05008691891894435
1991-07-12,5.0000083630665495,0.05000008363066549
1991-07-13,4.991321659435158,0.04991321659435158
1991-07-14,4.982631994348142,0.04982631994348142
1991-07-15,4.973939581153388,0.04973939581153388
1991-07-16,4.965244633198781,0.04965244633198781
1991-07-17,4.956547363832206,0.04956547363832206
1991-07-18,4.947847986401543,0.04947847986401543
1991-07-19,4.939146714254682,0.04939146714254682
1991-07-20,4.930443760739501,0.04930443760739501
1991-07-21,4.921739339203891,0.04921739339203891
1991-07-22,4.913033662995733,0.04913033662995733
1991-07-23,4.904326945462912,0.04904326945462912
1991-07-24,4.895619399953311,0.04895619399953311
1991-07-25,4.886911239814816,0.04886911239814815
1991-07-26,4.87820267839531,0.048782026783953096
1991-07-27,4.869493929042676,0.04869493929042676
1991-07-28,4.8607852051048015,0.04860785205104801
1991-07-29,4.8520767199295705,0.048520767199295704
1991-07-30,4.843368686864866,0.048433686868648664
1991-07-31,4.834661319258573,0.04834661319258573
1991-08-01,4.825954830458575,0.04825954830458575
1991-08-02,4.817249433812756,0.04817249433812756
1991-08-03,4.808545342669004,0.04808545342669004
1991-08-04,4.799842770375198,0.047998427703751984
1991-08-05,4.791141930279225,0.047911419302792246
1991-08-06,4.782443035728971,0.047824430357289706
1991-08-07,4.773746300072317,0.04773746300072317
1991-08-08,4.765051936657149,0.04765051936657149
1991-08-09,4.7563601588313515,0.04756360158831351
1991-08-10,4.747671179942809,0.047476711799428084
1991-08-11,4.738985213339404,0.04738985213339404
1991-08-12,4.730302472369023,0.04730302472369023
1991-08-13,4.72162317037955,0.0472162317037955
1991-08-14,4.712947520718869,0.04712947520718869
1991-08-15,4.7042757367348615,0.047042757367348614
1991-08-16,4.695608031775418,0.04695608031775418
1991-08-17,4.686944619188418,0.046869446191884184
1991-08-18,4.678285712321745,0.046782857123217454
1991-08-19,4.669631524523289,0.046696315245232885
1991-08-20,4.660982269140928,0.04660982269140928
1991-08-21,4.65233815952255,0.0465233815952255
1991-08-22,4.64369940901604,0.0464369940901604
1991-08-23,4.635066230969279,0.04635066230969279
1991-08-24,4.626438838730153,0.046264388387301535
1991-08-25,4.617817445646548,0.04617817445646548
1991-08-26,4.6092022650663464,0.046092022650663464
1991-08-27,4.600593510337433,0.04600593510337433
1991-08-28,4.591991394807692,0.045919913948076915
1991-08-29,4.583396131825007,0.04583396131825007
1991-08-30,4.574807934737263,0.045748079347372635
1991-08-31,4.566227016892345,0.04566227016892345
1991-09-01,4.557653591638138,0.045576535916381375
1991-09-02,4.549087872322523,0.04549087872322523
1991-09-03,4.540530072293387,0.04540530072293387
1991-09-04,4.531980404898614,0.04531980404898614
1991-09-05,4.523439083486087,0.045234390834860874
1991-09-06,4.514906321403692,0.045149063214036916
1991-09-07,4.506382331999314,0.04506382331999314
1991-09-08,4.497867328620836,0.04497867328620836
1991-09-09,4.489361524616141,0.044893615246161415
1991-09-10,4.480865133333116,0.04480865133333116
1991-09-11,4.472378368119643,0.04472378368119643
1991-09-12,4.463901442323608,0.044639014423236076
1991-09-13,4.455434569292895,0.04455434569292895
1991-09-14,4.446977962375388,0.044469779623753876
1991-09-15,4.438531834918971,0.044385318349189705
1991-09-16,4.430096400271528,0.04430096400271528
1991-09-17,4.421671871780945,0.04421671871780945
1991-09-18,4.413258462795105,0.044132584627951055
1991-09-19,4.404856386661894,0.04404856386661894
1991-09-20,4.396465856729193,0.04396465856729193
1991-09-21,4.38808708634489,0.0438808708634489
1991-09-22,4.379720288856868,0.04379720288856868
1991-09-23,4.371365677613009,0.043713656776130094
1991-09-24,4.3630234659612,0.043630234659612
1991-09-25,4.354693867249325,0.04354693867249325
1991-09-26,4.346377094825269,0.04346377094825269
1991-09-27,4.338073362036913,0.04338073362036913
1991-09-28,4.329782882232146,0.04329782882232146
1991-09-29,4.32150586875885,0.0432150586875885
1991-09-30,4.313242534964908,0.043132425349649076
1991-10-01,4.304993094198207,0.04304993094198207
1991-10-02,4.296757759806628,0.04296757759806628
1991-10-03,4.2885367451380585,0.042885367451380586
1991-10-04,4.280330263540382,0.042803302635403814
1991-10-05,4.272138528361482,0.04272138528361482
1991-10-06,4.263961752949242,0.04263961752949242
1991-10-07,4.255800150651549,0.04255800150651549
1991-10-08,4.247653934816286,0.04247653934816286
1991-10-09,4.2395233187913375,0.04239523318791338
1991-10-10,4.2314085159245876,0.042314085159245875
1991-10-11,4.223309739563921,0.042233097395639206
1991-10-12,4.21522720305722,0.0421522720305722
1991-10-13,4.207161119752373,0.04207161119752373
1991-10-14,4.199111702997261,0.04199111702997261
1991-10-15,4.191079166139769,0.04191079166139769
1991-10-16,4.1830637225277805,0.04183063722527781
1991-10-17,4.1750655855091825,0.04175065585509183
1991-10-18,4.167084968431857,0.04167084968431858
1991-10-19,4.159122084643689,0.04159122084643689
1991-10-20,4.151177147492564,0.041511771474925636
1991-10-21,4.143250370326364,0.041432503703263644
1991-10-22,4.135341966492975,0.04135341966492975
1991-10-23,4.127452149340282,0.04127452149340282
1991-10-24,4.119581132216167,0.04119581132216167
1991-10-25,4.111729128468516,0.041117291284685165
1991-10-26,4.103896351445213,0.04103896351445213
1991-10-27,4.096083014494142,0.040960830144941424
1991-10-28,4.088289330963187,0.04088289330963187
1991-10-29,4.0805155142002345,0.04080515514200234
1991-10-30,4.072761777553166,0.04072761777553166
1991-10-31,4.065028334369867,0.04065028334369867
1991-11-01,4.057315397998222,0.04057315397998222
1991-11-02,4.0496231817861155,0.040496231817861154
1991-11-03,4.041951899081432,0.040419518990814314
1991-11-04,4.034301763232055,0.040343017632320545
1991-11-05,4.026672987585868,0.04026672987585868
1991-11-06,4.019065785490758,0.04019065785490758
1991-11-07,4.011480370294608,0.04011480370294608
1991-11-08,4.003916955345302,0.04003916955345302
1991-11-09,3.9963757539907228,0.039963757539907226
1991-11-10,3.988856979578758,0.03988856979578758
1991-11-11,3.9813608454572904,0.03981360845457291
1991-11-12,3.9738875649742034,0.03973887564974203
1991-11-13,3.9664373514773827,0.03966437351477383
1991-11-14,3.9590104183147123,0.03959010418314712
1991-11-15,3.9516069788340777,0.039516069788340775
1991-11-16,3.944227246383361,0.03944227246383361
1991-11-17,3.936871434310446,0.03936871434310446
1991-11-18,3.9295397559632197,0.0392953975596322
1991-11-19,3.9222324246895655,0.03922232424689565
1991-11-20,3.914949653837366,0.03914949653837366
1991-11-21,3.9076916567545097,0.0390769165675451
1991-11-22,3.900458646788876,0.03900458646788876
1991-11-23,3.893250837288352,0.03893250837288352
1991-11-24,3.886068441600822,0.03886068441600822
1991-11-25,3.8789116730741684,0.03878911673074168
1991-11-26,3.8717807450562782,0.03871780745056278
1991-11-27,3.8646758708950344,0.038646758708950346
1991-11-28,3.8575972639383203,0.0385759726393832
1991-11-29,3.850545137534022,0.03850545137534022
1991-11-30,3.843519705030023,0.03843519705030023
1991-12-01,3.836521179774208,0.03836521179774208
1991-12-02,3.829549775114461,0.03829549775114461
1991-12-03,3.822605704398667,0.03822605704398667
1991-12-04,3.8156891809747093,0.038156891809747094
1991-12-05,3.808800418190473,0.03808800418190473
1991-12-06,3.801939629393842,0.03801939629393842
1991-12-07,3.7951070279327004,0.037951070279327
1991-12-08,3.788302827154933,0.03788302827154933
1991-12-09,3.781527240408424,0.03781527240408424
1991-12-10,3.774780481041058,0.03774780481041058
1991-12-11,3.7680627624007186,0.03768062762400719
1991-12-12,3.7613742978352906,0.037613742978352904
1991-12-13,3.7547153006926584,0.037547153006926584
1991-12-14,3.748085984320707,0.037480859843207065
1991-12-15,3.7414865620673203,0.037414865620673206
1991-12-16,3.734917247280381,0.03734917247280381
1991-12-17,3.7283782533077754,0.03728378253307776
1991-12-18,3.721869793497387,0.03721869793497387
1991-12-19,3.7153920811971,0.037153920811971004
1991-12-20,3.7089453297548,0.037089453297548
1991-12-21,3.702529752518369,0.037025297525183694
1991-12-22,3.696145562835694,0.03696145562835694
1991-12-23,3.689792974054657,0.03689792974054657
1991-12-24,3.6834721995231434,0.03683472199523143
1991-12-25,3.6771834525890394,0.0367718345258904
1991-12-26,3.6709269466002254,0.03670926946600225
1991-12-27,3.6647028949045883,0.03664702894904588
1991-12-28,3.658511510850012,0.03658511510850012
1991-12-29,3.6523530077843813,0.03652353007784381
1991-12-30,3.6462275990555777,0.03646227599055578
1991-12-31,3.6401354980114897,0.036401354980114896
1992-01-01,3.634076918,0.036340769179999996
1992-01-02,3.628052023197542,0.03628052023197542
1992-01-03,3.622060781094752,0.03622060781094752
1992-01-04,3.6161031100108154,0.036161031100108154
1992-01-05,3.6101789282649164,0.03610178928264916
1992-01-06,3.6042881541762424,0.036042881541762425
1992-01-07,3.598430706063977,0.03598430706063977
1992-01-08,3.592606502247307,0.035926065022473065
1992-01-09,3.5868154610454175,0.03586815461045417
1992-01-10,3.581057500777492,0.03581057500777492
1992-01-11,3.5753325397627185,0.035753325397627184
1992-01-12,3.569640496320282,0.03569640496320282
1992-01-13,3.563981288769367,0.03563981288769367
1992-01-14,3.5583548354291588,0.03558354835429159
1992-01-15,3.5527610546188435,0.035527610546188436
1992-01-16,3.5471998646576073,0.035471998646576075
1992-01-17,3.5416711838646333,0.035416711838646336
1992-01-18,3.5361749305591084,0.035361749305591085
1992-01-19,3.5307110230602174,0.03530711023060217
1992-01-20,3.525279379687146,0.03525279379687146
1992-01-21,3.5198799187590804,0.03519879918759081
1992-01-22,3.5145125585952064,0.035145125585952064
1992-01-23,3.509177217514706,0.03509177217514706
1992-01-24,3.503873813836769,0.03503873813836769
1992-01-25,3.498602265880578,0.03498602265880578
1992-01-26,3.4933624919653194,0.0349336249196532
1992-01-27,3.488154410410178,0.03488154410410178
1992-01-28,3.4829779395343397,0.034829779395343395
1992-01-29,3.47783299765699,0.034778329976569905
1992-01-30,3.4727195030973137,0.034727195030973136
1992-01-31,3.467637374174497,0.03467637374174497
1992-02-01,3.462586529207725,0.03462586529207725
1992-02-02,3.457566886516183,0.03457566886516183
1992-02-03,3.452578364419056,0.03452578364419056
1992-02-04,3.4476208812355313,0.034476208812355316
1992-02-05,3.442694355284792,0.03442694355284792
1992-02-06,3.4377987048860232,0.034377987048860234
1992-02-07,3.4329338483584135,0.03432933848358413
1992-02-08,3.428099704021145,0.03428099704021145
1992-02-09,3.4232961901934047,0.03423296190193405
1992-02-10,3.4185232251943787,0.03418523225194379
1992-02-11,3.4137807273432497,0.0341378072734325
1992-02-12,3.4090686149592067,0.03409068614959207
1992-02-13,3.404386806361432,0.03404386806361432
1992-02-14,3.3997352198691124,0.03399735219869113
1992-02-15,3.3951137738014343,0.03395113773801434
1992-02-16,3.390522386477581,0.03390522386477581
1992-02-17,3.385960976216739,0.03385960976216739
1992-02-18,3.3814294613380933,0.03381429461338093
1992-02-19,3.37692776016083,0.0337692776016083
1992-02-20,3.3724557910041337,0.033724557910041336
1992-02-21,3.3680134721871906,0.0336801347218719
1992-02-22,3.3636007220291866,0.033636007220291864
1992-02-23,3.359217458849306,0.033592174588493055
1992-02-24,3.3548636009667336,0.033548636009667336
1992-02-25,3.350539066700656,0.03350539066700656
1992-02-26,3.3462437743702584,0.03346243774370258
1992-02-27,3.3419776422947267,0.033419776422947266
1992-02-28,3.3377405887932454,0.033377405887932456
1992-02-29,3.3335325321849996,0.03333532532185
1992-03-01,3.3293533907891764,0.03329353390789176
1992-03-02,3.325203082924959,0.03325203082924959
1992-03-03,3.3210815269115352,0.03321081526911535
1992-03-04,3.3169886410680878,0.03316988641068088
1992-03-05,3.3129243437138047,0.03312924343713805
1992-03-06,3.3088885531678702,0.0330888855316787
1992-03-07,3.3048811877494693,0.03304881187749469
1992-03-08,3.3009021657777877,0.03300902165777788
1992-03-09,3.296951405572012,0.03296951405572012
1992-03-10,3.293028825451326,0.03293028825451326
1992-03-11,3.289134343734914,0.03289134343734914
1992-03-12,3.2852678787419656,0.032852678787419654
1992-03-13,3.2814293487916624,0.032814293487916625
1992-03-14,3.2776186722031917,0.03277618672203192
1992-03-15,3.273835767295737,0.03273835767295737
1992-03-16,3.2700805523884866,0.032700805523884865
1992-03-17,3.266352945800623,0.032663529458006234
1992-03-18,3.262652865851334,0.032626528658513336
1992-03-19,3.258980230859803,0.03258980230859803
1992-03-20,3.2553349591452165,0.03255334959145217
1992-03-21,3.25171696902676,0.032517169690267606
1992-03-22,3.248126178823619,0.03248126178823619
1992-03-23,3.244562506854978,0.03244562506854978
1992-03-24,3.2410258714400237,0.03241025871440024
1992-03-25,3.23751619089794,0.0323751619089794
1992-03-26,3.2340333835479145,0.03234033383547914
1992-03-27,3.23057736770913,0.0323057736770913
1992-03-28,3.2271480617007735,0.032271480617007735
1992-03-29,3.22374538384203,0.0322374538384203
1992-03-30,3.220369252452085,0.03220369252452085
1992-03-31,3.217019585850124,0.03217019585850124
1992-04-01,3.2136963023553315,0.03213696302355332
1992-04-02,3.210399320286894,0.03210399320286894
1992-04-03,3.207128557963997,0.03207128557963997
1992-04-04,3.203883933705826,0.032038839337058256
1992-04-05,3.2006653658315662,0.03200665365831566
1992-04-06,3.197472772660401,0.03197472772660401
1992-04-07,3.194306072511518,0.031943060725115185
1992-04-08,3.191165183704103,0.031911651837041026
1992-04-09,3.18805002455734,0.0318805002455734
1992-04-10,3.184960513390416,0.03184960513390416
1992-04-11,3.181896568522514,0.03181896568522514
1992-04-12,3.178858108272821,0.03178858108272821
1992-04-13,3.1758450509605223,0.03175845050960522
1992-04-14,3.172857314904804,0.03172857314904804
1992-04-15,3.1698948184248508,0.03169894818424851
1992-04-16,3.1669574798398474,0.03166957479839847
1992-04-17,3.16404521746898,0.0316404521746898
1992-04-18,3.1611579496314337,0.03161157949631434
1992-04-19,3.1582955946463938,0.03158295594646394
1992-04-20,3.1554580708330464,0.03155458070833046
1992-04-21,3.1526452965105767,0.03152645296510577
1992-04-22,3.1498571899981695,0.031498571899981696
1992-04-23,3.147093669615011,0.03147093669615011
1992-04-24,3.144354653680286,0.03144354653680286
1992-04-25,3.1416400605131796,0.031416400605131796
1992-04-26,3.138949808432878,0.03138949808432878
1992-04-27,3.136283815758567,0.03136283815758567
1992-04-28,3.1336420008094312,0.031336420008094314
1992-04-29,3.131024281904656,0.03131024281904656
1992-04-30,3.128430577363427,0.03128430577363427
1992-05-01,3.1258608055049293,0.03125860805504929
1992-05-02,3.1233148846483494,0.031233148846483493
1992-05-03,3.120792733112871,0.03120792733112871
1992-05-04,3.118294269217681,0.03118294269217681
1992-05-05,3.115819411281964,0.031158194112819643
1992-05-06,3.113368077624906,0.03113368077624906
1992-05-07,3.1109401865656916,0.031109401865656916
1992-05-08,3.1085356564235074,0.031085356564235073
1992-05-09,3.106154405517537,0.03106154405517537
1992-05-10,3.1037963521669676,0.031037963521669674
1992-05-11,3.1014614146909834,0.031014614146909834
1992-05-12,3.0991495114087715,0.030991495114087716
1992-05-13,3.0968605606395148,0.03096860560639515
1992-05-14,3.0945944807024013,0.030945944807024013
1992-05-15,3.0923511899166143,0.03092351189916614
1992-05-16,3.09013060660134,0.0309013060660134
1992-05-17,3.087932649075764,0.03087932649075764
1992-05-18,3.085757235659072,0.03085757235659072
1992-05-19,3.083604284670449,0.03083604284670449
1992-05-20,3.081473714429079,0.03081473714429079
1992-05-21,3.0793654432541504,0.030793654432541503
1992-05-22,3.077279389464847,0.03077279389464847
1992-05-23,3.0752154713803534,0.030752154713803534
1992-05-24,3.073173607319856,0.030731736073198557
1992-05-25,3.07115371560254,0.0307115371560254
1992-05-26,3.0691557145475903,0.030691557145475903
1992-05-27,3.0671795224741953,0.030671795224741952
1992-05-28,3.065225057701536,0.030652250577015358
1992-05-29,3.0632922385488,0.030632922385488
1992-05-30,3.0613809833351726,0.030613809833351727
1992-05-31,3.05949121037984,0.030594912103798402
1992-06-01,3.057622838001986,0.03057622838001986
1992-06-02,3.055775784520797,0.030557757845207967
1992-06-03,3.053949968255457,0.03053949968255457
1992-06-04,3.0521453075251532,0.03052145307525153
1992-06-05,3.0503617206490703,0.030503617206490703
1992-06-06,3.0485991259463954,0.030485991259463954
1992-06-07,3.0468574417363103,0.030468574417363104
1992-06-08,3.0451365863380033,0.03045136586338003
1992-06-09,3.0434364780706584,0.030434364780706585
1992-06-10,3.0417570352534615,0.030417570352534614
1992-06-11,3.040098176205599,0.03040098176205599
1992-06-12,3.038459819246254,0.03038459819246254
1992-06-13,3.036841882694614,0.03036841882694614
1992-06-14,3.035244284869864,0.030352442848698643
1992-06-15,3.0336669440911885,0.030336669440911887
1992-06-16,3.032109778677774,0.03032109778677774
1992-06-17,3.030572706948805,0.030305727069488052
1992-06-18,3.0290556472234673,0.030290556472234675
1992-06-19,3.0275585178209465,0.030275585178209465
1992-06-20,3.0260812370604273,0.030260812370604274
1992-06-21,3.024623723261097,0.030246237232610967
1992-06-22,3.023185894742138,0.030231858947421378
1992-06-23,3.0217676698227383,0.03021767669822738
1992-06-24,3.0203689668220823,0.030203689668220825
1992-06-25,3.018989704059355,0.030189897040593553
1992-06-26,3.017629799853743,0.03017629799853743
1992-06-27,3.016289172524431,0.030162891725244313
1992-06-28,3.0149677403906043,0.030149677403906044
1992-06-29,3.013665421771448,0.03013665421771448
1992-06-30,3.0123821349861477,0.03012382134986148
1992-07-01,3.01111779835389,0.030111177983538902
1992-07-02,3.0098723301938586,0.030098723301938586
1992-07-03,3.00864564882524,0.0300864564882524
1992-07-04,3.007437672567219,0.030074376725672192
1992-07-05,3.0062483197389818,0.030062483197389817
1992-07-06,3.005077508659714,0.030050775086597138
1992-07-07,3.003925157648599,0.030039251576485987
1992-07-08,3.0027911850248237,0.030027911850248237
1992-07-09,3.001675509107574,0.03001675509107574
1992-07-10,3.000578048216034,0.03000578048216034
1992-07-11,2.99949872066939,0.0299949872066939
1992-07-12,2.9984374447868265,0.029984374447868264
1992-07-13,2.9973941388875307,0.029973941388875307
1992-07-14,2.996368721290686,0.02996368721290686
1992-07-15,2.99536111031548,0.0299536111031548
1992-07-16,2.994371224281095,0.029943712242810953
1992-07-17,2.99339898150672,0.0299339898150672
1992-07-18,2.9924443003115373,0.029924443003115375
1992-07-19,2.9915070990147337,0.029915070990147338
1992-07-20,2.9905872959354953,0.029905872959354953
1992-07-21,2.9896848093930064,0.029896848093930065
1992-07-22,2.9887995577064523,0.02988799557706452
1992-07-23,2.98793145919502,0.029879314591950198
1992-07-24,2.9870804321778928,0.029870804321778927
1992-07-25,2.9862463949742573,0.02986246394974257
1992-07-26,2.9854292659032997,0.029854292659032996
1992-07-27,2.984628963284203,0.02984628963284203
1992-07-28,2.983845405436155,0.02983845405436155
1992-07-29,2.9830785106783395,0.029830785106783397
1992-07-30,2.9823281973299425,0.029823281973299424
1992-07-31,2.98159438371015,0.0298159438371015
1992-08-01,2.9808769881381476,0.029808769881381477
1992-08-02,2.980175928933119,0.029801759289331188
1992-08-03,2.979491124414251,0.02979491124414251
1992-08-04,2.978822492900727,0.02978822492900727
1992-08-05,2.978169952711736,0.02978169952711736
1992-08-06,2.9775334221664598,0.029775334221664597
1992-08-07,2.9769128195840877,0.029769128195840877
1992-08-08,2.9763080632838004,0.029763080632838005
1992-08-09,2.9757190715847877,0.029757190715847877
1992-08-10,2.975145762806232,0.02975145762806232
1992-08-11,2.9745880552673203,0.0297458805526732
1992-08-12,2.974045867287237,0.02974045867287237
1992-08-13,2.9735191171851683,0.029735191171851683
1992-08-14,2.9730077232802996,0.029730077232802996
1992-08-15,2.972511603891816,0.02972511603891816
1992-08-16,2.9720306773389025,0.029720306773389025
1992-08-17,2.9715648619407458,0.029715648619407457
1992-08-18,2.9711140760165287,0.029711140760165285
1992-08-19,2.9706782378854397,0.029706782378854397
1992-08-20,2.970257265866663,0.02970257265866663
1992-08-21,2.969851078279383,0.02969851078279383
1992-08-22,2.969459593442787,0.02969459593442787
1992-08-23,2.9690827296760585,0.029690827296760584
1992-08-24,2.9687204052983844,0.029687204052983845
1992-08-25,2.96837253862895,0.029683725386289498
1992-08-26,2.9680390479869394,0.029680390479869395
1992-08-27,2.967719851691539,0.029677198516915387
1992-08-28,2.967414868061934,0.02967414868061934
1992-08-29,2.96712401541731,0.029671240154173103
1992-08-30,2.9668472120768534,0.029668472120768535
1992-08-31,2.966584376359747,0.02966584376359747
1992-09-01,2.966335426585178,0.029663354265851778
1992-09-02,2.966100281072331,0.02966100281072331
1992-09-03,2.9658788581403934,0.029658788581403934
1992-09-04,2.9656710761085483,0.029656710761085482
1992-09-05,2.9654768532959817,0.029654768532959817
1992-09-06,2.9652961080218794,0.029652961080218795
1992-09-07,2.9651287586054274,0.029651287586054273
1992-09-08,2.9649747233658093,0.029649747233658093
1992-09-09,2.964833920622213,0.029648339206222132
1992-09-10,2.964706268693821,0.02964706268693821
1992-09-11,2.9645916858998214,0.029645916858998214
1992-09-12,2.9644900905593974,0.029644900905593973
1992-09-13,2.9644014009917363,0.029644014009917362
1992-09-14,2.964325535516022,0.029643255355160218
1992-09-15,2.9642624124514403,0.0296426241245144
1992-09-16,2.964211950117178,0.02964211950117178
1992-09-17,2.9641740668324186,0.029641740668324187
1992-09-18,2.964148680916349,0.029641486809163488
1992-09-19,2.9641357106881525,0.029641357106881525
1992-09-20,2.9641350744670163,0.029641350744670163
1992-09-21,2.964146690572126,0.02964146690572126
1992-09-22,2.964170477322667,0.029641704773226668
1992-09-23,2.9642063530378238,0.029642063530378238
1992-09-24,2.964254236036781,0.029642542360367813
1992-09-25,2.9643140446387264,0.029643140446387262
1992-09-26,2.9643856971628435,0.029643856971628434
1992-09-27,2.964469111928319,0.02964469111928319
1992-09-28,2.964564207254338,0.029645642072543377
1992-09-29,2.9646709014600843,0.02964670901460084
1992-09-30,2.964789112864745,0.02964789112864745
1992-10-01,2.9649187597875053,0.029649187597875052
1992-10-02,2.965059760547551,0.029650597605475507
1992-10-03,2.9652120334640664,0.029652120334640663
1992-10-04,2.9653754968562374,0.029653754968562374
1992-10-05,2.9655500690432492,0.029655500690432494
1992-10-06,2.9657356683442884,0.029657356683442885
1992-10-07,2.9659322130785393,0.02965932213078539
1992-10-08,2.966139621565188,0.029661396215651878
1992-10-09,2.9663578121234173,0.02966357812123417
1992-10-10,2.9665867030724167,0.02966586703072417
1992-10-11,2.9668262127313687,0.029668262127313688
1992-10-12,2.9670762594194597,0.029670762594194596
1992-10-13,2.967336761455875,0.029673367614558754
1992-10-14,2.9676076371598,0.029676076371598
1992-10-15,2.9678888048504213,0.02967888804850421
1992-10-16,2.968180182846923,0.02968180182846923
1992-10-17,2.9684816894684896,0.029684816894684895
1992-10-18,2.968793243034308,0.02968793243034308
1992-10-19,2.969114761863563,0.02969114761863563
1992-10-20,2.9694461642754413,0.029694461642754414
1992-10-21,2.969787368589126,0.02969787368589126
1992-10-22,2.9701382931238047,0.029701382931238047
1992-10-23,2.9704988561986614,0.029704988561986615
1992-10-24,2.970868976132882,0.02970868976132882
1992-10-25,2.971248571245652,0.029712485712456518
1992-10-26,2.971637559856156,0.02971637559856156
1992-10-27,2.972035860283581,0.029720358602835808
1992-10-28,2.9724433908471104,0.029724433908471105
1992-10-29,2.9728600698659315,0.029728600698659315
1992-10-30,2.9732858156592292,0.029732858156592292
1992-10-31,2.973720546546189,0.02973720546546189
1992-11-01,2.974164180845995,0.02974164180845995
1992-11-02,2.974616636877834,0.029746166368778342
1992-11-03,2.9750778329608907,0.029750778329608908
1992-11-04,2.9755476874143514,0.029755476874143514
1992-11-05,2.9760261185574004,0.029760261185574004
1992-11-06,2.9765130447092236,0.029765130447092236
1992-11-07,2.9770083841890065,0.029770083841890064
1992-11-08,2.9775120553159344,0.029775120553159343
1992-11-09,2.9780239764091934,0.029780239764091932
1992-11-10,2.9785440657879674,0.029785440657879674
1992-11-11,2.979072241771443,0.029790722417714428
1992-11-12,2.979608422678805,0.02979608422678805
1992-11-13,2.9801525268292397,0.029801525268292398
1992-11-14,2.9807044725419316,0.029807044725419316
1992-11-15,2.981264178136066,0.029812641781360658
1992-11-16,2.9818315619308287,0.029818315619308287
1992-11-17,2.982406542245406,0.02982406542245406
1992-11-18,2.9829890373989807,0.029829890373989806
1992-11-19,2.9835789657107417,0.029835789657107415
1992-11-20,2.984176245499872,0.02984176245499872
1992-11-21,2.984780795085558,0.02984780795085558
1992-11-22,2.985392532786985,0.02985392532786985
1992-11-23,2.9860113769233374,0.029860113769233376
1992-11-24,2.9866372458138017,0.029866372458138016
1992-11-25,2.9872700577775633,0.02987270057777563
1992-11-26,2.987909731133806,0.02987909731133806
1992-11-27,2.9885561842017188,0.029885561842017187
1992-11-28,2.9892093353004836,0.029892093353004835
1992-11-29,2.9898691027492865,0.029898691027492864
1992-11-30,2.9905354048673143,0.029905354048673144
1992-12-01,2.991208159973751,0.02991208159973751
1992-12-02,2.991887286387783,0.02991887286387783
1992-12-03,2.992572702428595,0.029925727024285947
1992-12-04,2.993264326415373,0.02993264326415373
1992-12-05,2.9939620766673016,0.029939620766673017
1992-12-06,2.994665871503568,0.029946658715035678
1992-12-07,2.9953756292433553,0.029953756292433555
1992-12-08,2.9960912682058503,0.029960912682058503
1992-12-09,2.996812706710238,0.02996812706710238
1992-12-10,2.997539863075703,0.02997539863075703
1992-12-11,2.9982726556214336,0.029982726556214336
1992-12-12,2.9990110026666112,0.029990110026666114
1992-12-13,2.999754822530424,0.02999754822530424
1992-12-14,3.0005040335320565,0.030005040335320567
1992-12-15,3.0012585539906946,0.030012585539906947
1992-12-16,3.0020183022255233,0.030020183022255235
1992-12-17,3.0027831965557277,0.030027831965557278
1992-12-18,3.0035531553004935,0.030035531553004934
1992-12-19,3.0043280967790067,0.030043280967790065
1992-12-20,3.0051079393104514,0.030051079393104516
1992-12-21,3.0058926012140144,0.030058926012140143
1992-12-22,3.00668200080888,0.0300668200080888
1992-12-23,3.0074760564142347,0.030074760564142346
1992-12-24,3.0082746863492633,0.030082746863492632
1992-12-25,3.0090778089331507,0.030090778089331506
1992-12-26,3.0098853424850827,0.030098853424850826
1992-12-27,3.0106972053242456,0.030106972053242455
1992-12-28,3.0115133157698235,0.030115133157698235
1992-12-29,3.012333592141003,0.03012333592141003
1992-12-30,3.013157952756968,0.03013157952756968
1992-12-31,3.0139863159369056,0.030139863159369056
1993-01-01,3.0148186,0.030148186
1993-01-02,3.015654772634532,0.03015654772634532
1993-01-03,3.016494999005164,0.03016494999005164
1993-01-04,3.0173394936456552,0.030173394936456554
1993-01-05,3.0181884710897595,0.030181884710897597
1993-01-06,3.019042145871237,0.030190421458712372
1993-01-07,3.0199007325238445,0.030199007325238444
1993-01-08,3.0207644455813383,0.030207644455813382
1993-01-09,3.021633499577477,0.030216334995774773
1993-01-10,3.0225081090460177,0.03022508109046018
1993-01-11,3.0233884885207187,0.030233884885207188
1993-01-12,3.0242748525353362,0.03024274852535336
1993-01-13,3.025167415623628,0.03025167415623628
1993-01-14,3.0260663923193514,0.030260663923193515
1993-01-15,3.0269719971562647,0.030269719971562647
1993-01-16,3.027884444668124,0.03027884444668124
1993-01-17,3.028803949388688,0.03028803949388688
1993-01-18,3.0297307258517137,0.030297307258517137
1993-01-19,3.0306649885909573,0.030306649885909573
1993-01-20,3.031606952140178,0.030316069521401777
1993-01-21,3.032556831033133,0.03032556831033133
1993-01-22,3.033514839803579,0.03033514839803579
1993-01-23,3.034481192985274,0.03034481192985274
1993-01-24,3.0354561051119746,0.030354561051119746
1993-01-25,3.0364397907174396,0.030364397907174396
1993-01-26,3.0374324643354247,0.030374324643354246
1993-01-27,3.038434340499689,0.03038434340499689
1993-01-28,3.039445633743989,0.03039445633743989
1993-01-29,3.040466558602082,0.03040466558602082
1993-01-30,3.041497329607726,0.03041497329607726
1993-01-31,3.042538161294678,0.03042538161294678
1993-02-01,3.043589268196696,0.030435892681966958
1993-02-02,3.0446508648475366,0.030446508648475364
1993-02-03,3.0457231657809576,0.030457231657809575
1993-02-04,3.046806385530718,0.030468063855307183
1993-02-05,3.0479007386305725,0.030479007386305726
1993-02-06,3.049006439614281,0.03049006439614281
1993-02-07,3.050123703015598,0.03050123703015598
1993-02-08,3.0512527433682837,0.030512527433682837
1993-02-09,3.0523937752060943,0.030523937752060942
1993-02-10,3.0535470130627878,0.03053547013062788
1993-02-11,3.0547126714721213,0.030547126714721214
1993-02-12,3.055890964967851,0.03055890964967851
1993-02-13,3.057082108083737,0.03057082108083737
1993-02-14,3.0582863153535347,0.030582863153535346
1993-02-15,3.0595038013110023,0.03059503801311002
1993-02-16,3.0607347804898977,0.030607347804898977
1993-02-17,3.0619794674239764,0.030619794674239764
1993-02-18,3.063238076646997,0.030632380766469968
1993-02-19,3.064510822692718,0.03064510822692718
1993-02-20,3.0657979200948957,0.030657979200948957
1993-02-21,3.067099583387288,0.03067099583387288
1993-02-22,3.068416027103652,0.030684160271036518
1993-02-23,3.069747465777744,0.03069747465777744
1993-02-24,3.071094113943324,0.03071094113943324
1993-02-25,3.072456186134148,0.030724561861341478
1993-02-26,3.0738338968839733,0.030738338968839735
1993-02-27,3.075227460726557,0.030752274607265567
1993-02-28,3.076637092195657,0.03076637092195657
1993-03-01,3.0780630058250313,0.030780630058250314
1993-03-02,3.0795054161484363,0.030795054161484363
1993-03-03,3.0809645376996304,0.030809645376996306
1993-03-04,3.0824405850123706,0.030824405850123707
1993-03-05,3.083933772620415,0.030839337726204147
1993-03-06,3.08544431505752,0.0308544431505752
1993-03-07,3.0869724268574426,0.030869724268574424
1993-03-08,3.088518322553942,0.030885183225539417
1993-03-09,3.090082216680774,0.03090082216680774
1993-03-10,3.091664323771697,0.03091664323771697
1993-03-11,3.0932648583604685,0.030932648583604685
1993-03-12,3.0948840349808457,0.03094884034980846
1993-03-13,3.0965220681665846,0.030965220681665847
1993-03-14,3.098179172451445,0.03098179172451445
1993-03-15,3.0998555623691826,0.030998555623691824
1993-03-16,3.101551452453556,0.031015514524535562
1993-03-17,3.1032670572383223,0.031032670572383222
1993-03-18,3.1050025912572385,0.031050025912572384
1993-03-19,3.1067582690440627,0.031067582690440628
1993-03-20,3.1085343051325522,0.03108534305132552
1993-03-21,3.1103309140564637,0.031103309140564635
1993-03-22,3.112148310349555,0.031121483103495547
1993-03-23,3.1139867085455837,0.03113986708545584
1993-03-24,3.1158463231783062,0.031158463231783062
1993-03-25,3.1177273687814826,0.031177273687814824
1993-03-26,3.119630059888868,0.03119630059888868
1993-03-27,3.121554611034221,0.03121554611034221
1993-03-28,3.1235012367512978,0.031235012367512978
1993-03-29,3.1254701515738565,0.031254701515738566
1993-03-30,3.127461570035656,0.031274615700356556
1993-03-31,3.1294757066704504,0.0312947570667045
1993-04-01,3.1315127760120003,0.03131512776012
1993-04-02,3.1335729925940616,0.031335729925940616
1993-04-03,3.135656570950392,0.03135656570950392
1993-04-04,3.137763725614749,0.031377637256147485
1993-04-05,3.1398946711208895,0.031398946711208894
1993-04-06,3.1420496220025713,0.03142049622002571
1993-04-07,3.144228792793553,0.03144228792793553
1993-04-08,3.146432398027591,0.031464323980275904
1993-04-09,3.1486606522384424,0.03148660652238442
1993-04-10,3.1509137699598644,0.03150913769959864
1993-04-11,3.1531919657256156,0.03153191965725616
1993-04-12,3.155495454069453,0.03155495454069453
1993-04-13,3.1578244495251333,0.03157824449525133
1993-04-14,3.1601791666264143,0.031601791666264145
1993-04-15,3.1625598199070546,0.03162559819907054
1993-04-16,3.1649666239008103,0.031649666239008105
1993-04-17,3.167399793141439,0.031673997931414385
1993-04-18,3.1698595421626976,0.03169859542162698
1993-04-19,3.1723460854983463,0.03172346085498346
1993-04-20,3.1748596376821387,0.03174859637682139
1993-04-21,3.177400413247835,0.03177400413247835
1993-04-22,3.179968626729191,0.03179968626729191
1993-04-23,3.1825644926599654,0.03182564492659965
1993-04-24,3.1851882255739152,0.03185188225573915
1993-04-25,3.1878400400047977,0.031878400400047975
1993-04-26,3.19052015048637,0.0319052015048637
1993-04-27,3.1932287715523886,0.03193228771552389
1993-04-28,3.1959661177366137,0.031959661177366136
1993-04-29,3.198732403572801,0.03198732403572801
1993-04-30,3.2015278435947088,0.032015278435947085
1993-05-01,3.2043526523360937,0.032043526523360934
1993-05-02,3.2072070443307124,0.03207207044330712
1993-05-03,3.210091234112324,0.03210091234112324
1993-05-04,3.2130054362146843,0.032130054362146845
1993-05-05,3.215949865171553,0.03215949865171553
1993-05-06,3.218924735516685,0.032189247355166845
1993-05-07,3.2219302617838395,0.0322193026178384
1993-05-08,3.2249666585067724,0.03224966658506773
1993-05-09,3.228034140219243,0.03228034140219243
1993-05-10,3.231132921455007,0.03231132921455007
1993-05-11,3.2342632167478236,0.032342632167478236
1993-05-12,3.2374252406314485,0.03237425240631449
1993-05-13,3.2406192076396407,0.03240619207639641
1993-05-14,3.2438453323061562,0.03243845332306156
1993-05-15,3.247103829164754,0.03247103829164754
1993-05-16,3.25039491274919,0.0325039491274919
1993-05-17,3.2537187975932222,0.03253718797593222
1993-05-18,3.257075698230609,0.03257075698230609
1993-05-19,3.260465829195105,0.03260465829195105
1993-05-20,3.2638894050204703,0.0326388940502047
1993-05-21,3.2673466402404623,0.03267346640240462
1993-05-22,3.2708377493888365,0.032708377493888365
1993-05-23,3.2743629469993523,0.03274362946999352
1993-05-24,3.277922447605767,0.03277922447605767
1993-05-25,3.2815164657418365,0.032815164657418364
1993-05-26,3.2851452159413195,0.032851452159413194
1993-05-27,3.2888089127379727,0.03288808912737973
1993-05-28,3.292507770665554,0.032925077706655544
1993-05-29,3.296242004257821,0.03296242004257821
1993-05-30,3.3000118280485307,0.033000118280485304
1993-05-31,3.3038174565714407,0.03303817456571441
1993-06-01,3.3076591043603094,0.033076591043603096
1993-06-02,3.3115369859488912,0.03311536985948891
1993-06-03,3.315451315870948,0.03315451315870948
1993-06-04,3.3194023086602336,0.03319402308660233
1993-06-05,3.3233901788505067,0.03323390178850507
1993-06-06,3.327415140975525,0.033274151409755245
1993-06-07,3.3314774095690445,0.03331477409569045
1993-06-08,3.3355771991648258,0.033355771991648256
1993-06-09,3.3397147242966234,0.03339714724296623
1993-06-10,3.3438901994981958,0.03343890199498196
1993-06-11,3.3481038393033002,0.033481038393033
1993-06-12,3.3523558582456943,0.033523558582456946
1993-06-13,3.3566464708591353,0.03356646470859135
1993-06-14,3.36097589167738,0.0336097589167738
1993-06-15,3.3653443352341865,0.03365344335234186
1993-06-16,3.3697520160633134,0.03369752016063313
1993-06-17,3.374199148698516,0.03374199148698516
1993-06-18,3.378685947673554,0.033786859476735535
1993-06-19,3.383212627522182,0.03383212627522182
1993-06-20,3.3877794027781603,0.0338777940277816
1993-06-21,3.3923864879752443,0.03392386487975244
1993-06-22,3.3970340976471927,0.033970340976471926
1993-06-23,3.4017224463277618,0.034017224463277616
1993-06-24,3.40645174855071,0.0340645174855071
1993-06-25,3.4112222188497934,0.03411222218849794
1993-06-26,3.416034071758772,0.03416034071758772
1993-06-27,3.4208875218114008,0.034208875218114006
1993-06-28,3.425782783541438,0.03425782783541438
1993-06-29,3.430720071482641,0.03430720071482641
1993-06-30,3.4356996001687685,0.034356996001687685
1993-07-01,3.440721584133576,0.03440721584133576
1993-07-02,3.4457862379108217,0.034457862379108216
1993-07-03,3.4508937760342624,0.034508937760342626
1993-07-04,3.4560444130376573,0.03456044413037657
1993-07-05,3.4612383634547625,0.034612383634547626
1993-07-06,3.4664758418193347,0.034664758418193345
1993-07-07,3.471757062665133,0.03471757062665133
1993-07-08,3.477082240525914,0.03477082240525914
1993-07-09,3.4824515899354354,0.034824515899354355
1993-07-10,3.487865325427455,0.03487865325427455
1993-07-11,3.4933236615357295,0.03493323661535729
1993-07-12,3.4988268127940163,0.03498826812794016
1993-07-13,3.5043749937360724,0.03504374993736072
1993-07-14,3.509968418895657,0.03509968418895657
1993-07-15,3.5156073028065267,0.03515607302806527
1993-07-16,3.521291860002437,0.03521291860002437
1993-07-17,3.5270223050171485,0.03527022305017149
1993-07-18,3.5327988523844165,0.03532798852384417
1993-07-19,3.5386217166379987,0.03538621716637999
1993-07-20,3.544491112311654,0.03544491112311654
1993-07-21,3.550407253939139,0.03550407253939139
1993-07-22,3.556370356054211,0.03556370356054211
1993-07-23,3.5623806331906254,0.03562380633190625
1993-07-24,3.5684382998821422,0.03568438299882142
1993-07-25,3.574543570662519,0.03574543570662519
1993-07-26,3.5806966600655126,0.035806966600655125
1993-07-27,3.586897782624879,0.03586897782624879
1993-07-28,3.593147152874379,0.03593147152874379
1993-07-29,3.5994449853477657,0.035994449853477654
1993-07-30,3.6057914945788005,0.03605791494578801
1993-07-31,3.6121868951012384,0.03612186895101238
1993-08-01,3.6186314014488374,0.03618631401448837
1993-08-02,3.625125228155355,0.03625125228155355
1993-08-03,3.631668589754549,0.03631668589754549
1993-08-04,3.6382617007801765,0.036382617007801765
1993-08-05,3.644904775765995,0.03644904775765995
1993-08-06,3.6515980292457617,0.03651598029245762
1993-08-07,3.6583416757532348,0.03658341675753235
1993-08-08,3.665135929822171,0.03665135929822171
1993-08-09,3.6719810059863276,0.03671981005986327
1993-08-10,3.6788771187794618,0.03678877118779462
1993-08-11,3.685824482735333,0.03685824482735333
1993-08-12,3.692823312387697,0.03692823312387697
1993-08-13,3.6998738222703107,0.03699873822270311
1993-08-14,3.7069762269169324,0.037069762269169325
1993-08-15,3.714130740861319,0.03714130740861319
1993-08-16,3.7213375786372285,0.03721337578637229
1993-08-17,3.728596954778419,0.03728596954778419
1993-08-18,3.735909083818647,0.03735909083818647
1993-08-19,3.74327418029167,0.0374327418029167
1993-08-20,3.750692458731245,0.037506924587312446
1993-08-21,3.7581641336711304,0.037581641336711304
1993-08-22,3.7656894196450823,0.037656894196450824
1993-08-23,3.7732685311868606,0.0377326853118686
1993-08-24,3.78090168283022,0.0378090168283022
1993-08-25,3.7885890891089185,0.03788589089108919
1993-08-26,3.7963309645567156,0.037963309645567156
1993-08-27,3.804127523707366,0.03804127523707366
1993-08-28,3.8119789810946285,0.038119789810946283
1993-08-29,3.819885551252261,0.03819885551252261
1993-08-30,3.8278474487140204,0.0382784744871402
1993-08-31,3.8358648880136643,0.038358648880136646
1993-09-01,3.8439380836849493,0.038439380836849495
1993-09-02,3.852067250261635,0.03852067250261635
1993-09-03,3.8602526022774746,0.038602526022774745
1993-09-04,3.8684943542662293,0.038684943542662296
1993-09-05,3.8767927207616553,0.03876792720761655
1993-09-06,3.88514791629751,0.0388514791629751
1993-09-07,3.893560155407552,0.03893560155407552
1993-09-08,3.9020296526255382,0.03902029652625538
1993-09-09,3.910556622485224,0.03910556622485224
1993-09-10,3.9191412795203693,0.03919141279520369
1993-09-11,3.9277838382647294,0.03927783838264729
1993-09-12,3.9364845132520645,0.03936484513252064
1993-09-13,3.94524351901613,0.039452435190161304
1993-09-14,3.9540610700906837,0.039540610700906836
1993-09-15,3.9629373810094837,0.039629373810094834
1993-09-16,3.9718726663062864,0.039718726663062864
1993-09-17,3.980867140514849,0.03980867140514849
1993-09-18,3.989921018168931,0.039899210181689314
1993-09-19,3.999034513802289,0.03999034513802289
1993-09-20,4.008207841948679,0.04008207841948679
1993-09-21,4.017441217141859,0.04017441217141859
1993-09-22,4.026734853915587,0.040267348539155874
1993-09-23,4.036088966803621,0.04036088966803621
1993-09-24,4.045503770339716,0.04045503770339716
1993-09-25,4.054979479057633,0.04054979479057633
1993-09-26,4.064516307491127,0.04064516307491127
1993-09-27,4.0741144701739564,0.04074114470173956
1993-09-28,4.083774181639878,0.040837741816398786
1993-09-29,4.093495656422649,0.040934956564226486
1993-09-30,4.103279109056028,0.04103279109056028
1993-10-01,4.11312475407377,0.04113124754073769
1993-10-02,4.123032806009635,0.041230328060096355
1993-10-03,4.133003479397381,0.04133003479397381
1993-10-04,4.1430369887707625,0.041430369887707624
1993-10-05,4.15313354866354,0.0415313354866354
1993-10-06,4.163293373609468,0.04163293373609468
1993-10-07,4.173516678142306,0.04173516678142306
1993-10-08,4.18380367679581,0.041838036767958095
1993-10-09,4.194154584103739,0.04194154584103739
1993-10-10,4.2045696145998495,0.04204569614599849
1993-10-11,4.215048982817899,0.042150489828179
1993-10-12,4.225592903291645,0.042255929032916445
1993-10-13,4.2362015905548445,0.042362015905548445
1993-10-14,4.246875259141256,0.04246875259141256
1993-10-15,4.257614123584636,0.04257614123584636
1993-10-16,4.268418398418742,0.04268418398418742
1993-10-17,4.279288298177333,0.04279288298177333
1993-10-18,4.2902240373941645,0.04290224037394164
1993-10-19,4.301225830602994,0.04301225830602994
1993-10-20,4.312293892337579,0.04312293892337579
1993-10-21,4.323428437131679,0.043234284371316795
1993-10-22,4.334629679519048,0.043346296795190475
1993-10-23,4.345897834033446,0.04345897834033446
1993-10-24,4.35723311520863,0.0435723311520863
1993-10-25,4.368635737578359,0.04368635737578359
1993-10-26,4.380105915676386,0.043801059156763855
1993-10-27,4.391643864036471,0.04391643864036471
1993-10-28,4.403249797192372,0.044032497971923726
1993-10-29,4.414923929677847,0.04414923929677847
1993-10-30,4.42666647602665,0.0442666647602665
1993-10-31,4.438477650772543,0.04438477650772543
1993-11-01,4.45035766844928,0.044503576684492806
1993-11-02,4.462306743590621,0.04462306743590621
1993-11-03,4.4743250907303205,0.0447432509073032
1993-11-04,4.4864129244021385,0.04486412924402138
1993-11-05,4.498570459139831,0.04498570459139831
1993-11-06,4.510797909477156,0.04510797909477156
1993-11-07,4.523095489947871,0.04523095489947871
1993-11-08,4.535463415085733,0.04535463415085733
1993-11-09,4.547901899424499,0.04547901899424499
1993-11-10,4.560411157497927,0.04560411157497927
1993-11-11,4.572991403839776,0.04572991403839776
1993-11-12,4.585642852983801,0.04585642852983801
1993-11-13,4.598365719463761,0.04598365719463761
1993-11-14,4.6111602178134135,0.046111602178134134
1993-11-15,4.624026562566513,0.04624026562566513
1993-11-16,4.636964968256821,0.04636964968256821
1993-11-17,4.649975649418093,0.04649975649418093
1993-11-18,4.6630588205840855,0.04663058820584085
1993-11-19,4.676214696288557,0.046762146962885574
1993-11-20,4.6894434910652665,0.04689443491065266
1993-11-21,4.702745419447968,0.04702745419447968
1993-11-22,4.716120695970422,0.047161206959704216
1993-11-23,4.729569535166385,0.04729569535166385
1993-11-24,4.7430921515696145,0.047430921515696146
1993-11-25,4.7566887597138665,0.04756688759713867
1993-11-26,4.7703595741329,0.04770359574132901
1993-11-27,4.784104809360471,0.04784104809360471
1993-11-28,4.79792467993034,0.0479792467993034
1993-11-29,4.81181940037626,0.0481181940037626
1993-11-30,4.825789185231994,0.048257891852319934
1993-12-01,4.839834249031292,0.04839834249031292
1993-12-02,4.853954806307919,0.04853954806307919
1993-12-03,4.868151071595627,0.04868151071595627
1993-12-04,4.882423259428176,0.04882423259428176
1993-12-05,4.896771584339324,0.04896771584339324
1993-12-06,4.911196260862828,0.049111962608628275
1993-12-07,4.925697503532443,0.049256975035324425
1993-12-08,4.94027552688193,0.0494027552688193
1993-12-09,4.954930545445043,0.04954930545445043
1993-12-10,4.969662773755541,0.04969662773755541
1993-12-11,4.984472426347184,0.049844724263471835
1993-12-12,4.999359717753723,0.049993597177537236
1993-12-13,5.014324862508923,0.05014324862508923
1993-12-14,5.029368075146536,0.05029368075146536
1993-12-15,5.044489570200323,0.05044489570200323
1993-12-16,5.0596895622040385,0.05059689562204039
1993-12-17,5.074968265691441,0.050749682656914416
1993-12-18,5.090325895196289,0.05090325895196288
1993-12-19,5.105762665252338,0.05105762665252338
1993-12-20,5.1212787903933465,0.051212787903933465
1993-12-21,5.136874485153074,0.051368744851530736
1993-12-22,5.1525499640652725,0.05152549964065273
1993-12-23,5.168305441663705,0.05168305441663705
1993-12-24,5.184141132482126,0.05184141132482126
1993-12-25,5.200057251054295,0.05200057251054295
1993-12-26,5.2160540119139664,0.05216054011913966
1993-12-27,5.2321316295949005,0.05232131629594901
1993-12-28,5.248290318630852,0.05248290318630852
1993-12-29,5.264530293555582,0.052645302935555825
1993-12-30,5.280851768902844,0.05280851768902844
1993-12-31,5.297254959206397,0.05297254959206397
1994-01-01,5.313740079,0.05313740079
1994-01-02,5.330307172984472,0.05330307172984473
1994-01-03,5.346955606528905,0.053469556065289046
1994-01-04,5.363684575169441,0.05363684575169441
1994-01-05,5.380493274442232,0.05380493274442232
1994-01-06,5.39738089988343,0.0539738089988343
1994-01-07,5.414346647029182,0.05414346647029182
1994-01-08,5.431389711415641,0.05431389711415641
1994-01-09,5.448509288578953,0.05448509288578953
1994-01-10,5.4657045740552705,0.054657045740552704
1994-01-11,5.482974763380746,0.054829747633807456
1994-01-12,5.500319052091525,0.05500319052091525
1994-01-13,5.5177366357237565,0.055177366357237564
1994-01-14,5.535226709813595,0.055352267098135954
1994-01-15,5.552788469897188,0.05552788469897188
1994-01-16,5.570421111510685,0.055704211115106844
1994-01-17,5.588123830190237,0.05588123830190237
1994-01-18,5.605895821471991,0.056058958214719914
1994-01-19,5.6237362808921,0.056237362808921
1994-01-20,5.641644403986713,0.05641644403986713
1994-01-21,5.65961938629198,0.0565961938629198
1994-01-22,5.677660423344051,0.05677660423344051
1994-01-23,5.695766710679075,0.056957667106790746
1994-01-24,5.713937443833203,0.05713937443833203
1994-01-25,5.732171818342584,0.05732171818342584
1994-01-26,5.750469029743367,0.057504690297433665
1994-01-27,5.768828273571704,0.05768828273571704
1994-01-28,5.787248745363742,0.05787248745363742
1994-01-29,5.805729640655635,0.058057296406556345
1994-01-30,5.82427015498353,0.0582427015498353
1994-01-31,5.842869483883578,0.05842869483883578
1994-02-01,5.861526822891929,0.05861526822891929
1994-02-02,5.880241367544731,0.058802413675447314
1994-02-03,5.899012313378137,0.058990123133781366
1994-02-04,5.917838855928293,0.05917838855928293
1994-02-05,5.936720190731351,0.05936720190731351
1994-02-06,5.955655513323461,0.059556555133234615
1994-02-07,5.974644019240774,0.05974644019240774
1994-02-08,5.993684904019437,0.05993684904019437
1994-02-09,6.012777363195601,0.06012777363195601
1994-02-10,6.031920592305418,0.06031920592305418
1994-02-11,6.051113786885036,0.06051113786885036
1994-02-12,6.070356142470605,0.06070356142470605
1994-02-13,6.089646854598274,0.06089646854598274
1994-02-14,6.108985118804195,0.061089851188041944
1994-02-15,6.128370130624516,0.06128370130624516
1994-02-16,6.147801085595387,0.06147801085595387
1994-02-17,6.1672771792529595,0.06167277179252959
1994-02-18,6.18679760713338,0.061867976071333805
1994-02-19,6.206361564772803,0.062063615647728027
1994-02-20,6.225968247707375,0.062259682477073745
1994-02-21,6.245616851473248,0.062456168514732485
1994-02-22,6.26530657160657,0.0626530657160657
1994-02-23,6.2850366036434915,0.06285036603643492
1994-02-24,6.304806143120164,0.06304806143120163
1994-02-25,6.324614385572734,0.06324614385572734
1994-02-26,6.344460526537355,0.06344460526537354
1994-02-27,6.364343761550174,0.06364343761550174
1994-02-28,6.384263286147342,0.06384263286147342
1994-03-01,6.404218295865009,0.06404218295865009
1994-03-02,6.424207986239326,0.06424207986239326
1994-03-03,6.444231552806439,0.0644423155280644
1994-03-04,6.464288191102503,0.06464288191102503
1994-03-05,6.484377096663667,0.06484377096663667
1994-03-06,6.504497465026076,0.06504497465026077
1994-03-07,6.524648491725884,0.06524648491725885
1994-03-08,6.544829372299241,0.0654482937229924
1994-03-09,6.565039302282296,0.06565039302282295
1994-03-10,6.585277477211198,0.06585277477211199
1994-03-11,6.605543092622097,0.06605543092622096
1994-03-12,6.625835344051146,0.06625835344051147
1994-03-13,6.64615342703449,0.0664615342703449
1994-03-14,6.666496537108283,0.06666496537108282
1994-03-15,6.686863869808673,0.06686863869808674
1994-03-16,6.707254620671809,0.06707254620671808
1994-03-17,6.727667985233844,0.06727667985233844
1994-03-18,6.748103159030923,0.06748103159030923
1994-03-19,6.7685593375992,0.067685593375992
1994-03-20,6.789035716474825,0.06789035716474826
1994-03-21,6.809531491193945,0.06809531491193944
1994-03-22,6.830045857292712,0.06830045857292712
1994-03-23,6.850578010307275,0.06850578010307275
1994-03-24,6.871127145773784,0.06871127145773784
1994-03-25,6.891692459228388,0.06891692459228388
1994-03-26,6.912273146207239,0.06912273146207239
1994-03-27,6.932868402246485,0.06932868402246485
1994-03-28,6.953477422882279,0.06953477422882279
1994-03-29,6.974099403650765,0.06974099403650764
1994-03-30,6.994733540088098,0.06994733540088098
1994-03-31,7.015379027730426,0.07015379027730426
1994-04-01,7.036035062113902,0.07036035062113902
1994-04-02,7.056700838774668,0.07056700838774668
1994-04-03,7.077375553248881,0.07077375553248881
1994-04-04,7.098058401072689,0.07098058401072689
1994-04-05,7.118748577782243,0.07118748577782243
1994-04-06,7.139445278913689,0.07139445278913689
1994-04-07,7.16014770000318,0.0716014770000318
1994-04-08,7.180855036586865,0.07180855036586865
1994-04-09,7.201566484200895,0.07201566484200896
1994-04-10,7.222281238381418,0.07222281238381419
1994-04-11,7.242998494664589,0.07242998494664589
1994-04-12,7.263717448586549,0.07263717448586549
1994-04-13,7.284437295683453,0.07284437295683453
1994-04-14,7.305157231491452,0.07305157231491452
1994-04-15,7.3258764515466925,0.07325876451546692
1994-04-16,7.346594151385328,0.07346594151385327
1994-04-17,7.367309526543506,0.07367309526543506
1994-04-18,7.388021772557378,0.07388021772557378
1994-04-19,7.408730084963094,0.07408730084963094
1994-04-20,7.429433659296799,0.07429433659296798
1994-04-21,7.450131691094647,0.07450131691094647
1994-04-22,7.470823375892789,0.07470823375892789
1994-04-23,7.491507909227376,0.07491507909227377
1994-04-24,7.512184486634553,0.07512184486634553
1994-04-25,7.532852303650471,0.07532852303650471
1994-04-26,7.5535105558112825,0.07553510555811283
1994-04-27,7.574158438653136,0.07574158438653136
1994-04-28,7.594795147712179,0.07594795147712179
1994-04-29,7.615419878524566,0.07615419878524567
1994-04-30,7.636031826626443,0.07636031826626442
1994-05-01,7.6566301875539615,0.07656630187553962
1994-05-02,7.677214156843274,0.07677214156843273
1994-05-03,7.697782930030524,0.07697782930030524
1994-05-04,7.718335702651866,0.07718335702651866
1994-05-05,7.738871670243451,0.07738871670243451
1994-05-06,7.759390028341426,0.07759390028341426
1994-05-07,7.779889972481941,0.0777988997248194
1994-05-08,7.800370698201144,0.07800370698201144
1994-05-09,7.82083140103519,0.0782083140103519
1994-05-10,7.841271276520227,0.07841271276520227
1994-05-11,7.861689520192403,0.07861689520192403
1994-05-12,7.88208532758787,0.07882085327587869
1994-05-13,7.902457894242775,0.07902457894242775
1994-05-14,7.9228064156932705,0.0792280641569327
1994-05-15,7.9431300874755095,0.0794313008747551
1994-05-16,7.963428105125634,0.07963428105125633
1994-05-17,7.983699664179796,0.07983699664179796
1994-05-18,8.003943960174151,0.08003943960174151
1994-05-19,8.024160188644844,0.08024160188644844
1994-05-20,8.044347545128026,0.08044347545128026
1994-05-21,8.064505225159847,0.08064505225159847
1994-05-22,8.084632424276458,0.08084632424276458
1994-05-23,8.104728338014006,0.08104728338014006
1994-05-24,8.124792161908644,0.08124792161908644
1994-05-25,8.14482309149652,0.0814482309149652
1994-05-26,8.164820322313782,0.08164820322313782
1994-05-27,8.184783049896584,0.08184783049896584
1994-05-28,8.204710469781075,0.08204710469781075
1994-05-29,8.224601777503402,0.08224601777503401
1994-05-30,8.244456168599717,0.08244456168599718
1994-05-31,8.264272838606171,0.08264272838606171
1994-06-01,8.284050983058913,0.08284050983058913
1994-06-02,8.303789797494092,0.08303789797494092
1994-06-03,8.323488477447857,0.08323488477447856
1994-06-04,8.343146218456361,0.08343146218456361
1994-06-05,8.362762216055751,0.08362762216055751
1994-06-06,8.382335665782177,0.08382335665782177
1994-06-07,8.401865763171793,0.08401865763171794
1994-06-08,8.421351703760742,0.08421351703760742
1994-06-09,8.440792683085181,0.08440792683085181
1994-06-10,8.460187896681253,0.08460187896681254
1994-06-11,8.479536540085114,0.08479536540085114
1994-06-12,8.49883780883291,0.0849883780883291
1994-06-13,8.518090898460791,0.08518090898460791
1994-06-14,8.53729500450491,0.0853729500450491
1994-06-15,8.556449322501413,0.08556449322501412
1994-06-16,8.575553047986453,0.08575553047986453
1994-06-17,8.59460537649618,0.0859460537649618
1994-06-18,8.613605503566738,0.08613605503566739
1994-06-19,8.632552624734284,0.08632552624734284
1994-06-20,8.651445935534968,0.08651445935534968
1994-06-21,8.67028463150493,0.0867028463150493
1994-06-22,8.689067908180334,0.08689067908180334
1994-06-23,8.70779496109732,0.0870779496109732
1994-06-24,8.726464985792042,0.08726464985792041
1994-06-25,8.745077177800647,0.08745077177800648
1994-06-26,8.763630732659287,0.08763630732659287
1994-06-27,8.78212484590411,0.0878212484590411
1994-06-28,8.800558713071268,0.08800558713071269
1994-06-29,8.81893152969691,0.08818931529696909
1994-06-30,8.83724249131719,0.08837242491317189
1994-07-01,8.85549079346825,0.08855490793468251
1994-07-02,8.873675631686243,0.08873675631686244
1994-07-03,8.89179620150732,0.08891796201507321
1994-07-04,8.909851698467634,0.08909851698467634
1994-07-05,8.927841318103328,0.08927841318103327
1994-07-06,8.945764255950554,0.08945764255950554
1994-07-07,8.963619707545465,0.08963619707545466
1994-07-08,8.981406868424209,0.08981406868424209
1994-07-09,8.999124934122937,0.08999124934122937
1994-07-10,9.016773100177797,0.09016773100177797
1994-07-11,9.03435056212494,0.0903435056212494
1994-07-12,9.051856515500514,0.09051856515500514
1994-07-13,9.06929015584067,0.0906929015584067
1994-07-14,9.086650678681558,0.09086650678681557
1994-07-15,9.103937279559332,0.09103937279559332
1994-07-16,9.121149154010135,0.09121149154010136
1994-07-17,9.13828549757012,0.0913828549757012
1994-07-18,9.155345505775436,0.09155345505775436
1994-07-19,9.172328374162236,0.09172328374162236
1994-07-20,9.189233298266666,0.09189233298266666
1994-07-21,9.20605947362488,0.0920605947362488
1994-07-22,9.22280609577302,0.0922280609577302
1994-07-23,9.239472360247243,0.09239472360247243
1994-07-24,9.256057462583701,0.09256057462583701
1994-07-25,9.272560598318536,0.09272560598318537
1994-07-26,9.288980962987901,0.09288980962987901
1994-07-27,9.30531775212795,0.09305317752127949
1994-07-28,9.321570161274828,0.09321570161274828
1994-07-29,9.337737385964683,0.09337737385964683
1994-07-30,9.353818621733673,0.09353818621733673
1994-07-31,9.369813064117942,0.09369813064117942
1994-08-01,9.38571990865364,0.09385719908653639
1994-08-02,9.401538350876919,0.09401538350876919
1994-08-03,9.417267586323927,0.09417267586323927
1994-08-04,9.432906810530811,0.09432906810530811
1994-08-05,9.44845521903373,0.0944845521903373
1994-08-06,9.463912007368828,0.09463912007368828
1994-08-07,9.479276371072254,0.09479276371072254
1994-08-08,9.494547505680162,0.09494547505680162
1994-08-09,9.509724606728692,0.09509724606728692
1994-08-10,9.524806869754007,0.09524806869754007
1994-08-11,9.53979349029225,0.0953979349029225
1994-08-12,9.554683663879569,0.09554683663879569
1994-08-13,9.56947658605212,0.09569476586052121
1994-08-14,9.584171452346045,0.09584171452346045
1994-08-15,9.598767458297502,0.09598767458297502
1994-08-16,9.613263799442635,0.09613263799442634
1994-08-17,9.627659671317598,0.09627659671317598
1994-08-18,9.641954269458536,0.09641954269458536
1994-08-19,9.656146789401609,0.09656146789401608
1994-08-20,9.670236426682955,0.09670236426682954
1994-08-21,9.684222376838726,0.09684222376838726
1994-08-22,9.698103835405073,0.09698103835405072
1994-08-23,9.711879997918151,0.09711879997918152
1994-08-24,9.725550059914108,0.09725550059914108
1994-08-25,9.739113216929088,0.09739113216929088
1994-08-26,9.752568664499249,0.09752568664499249
1994-08-27,9.765915598160731,0.0976591559816073
1994-08-28,9.779153213449696,0.09779153213449696
1994-08-29,9.792280705902282,0.09792280705902283
1994-08-30,9.805297271054648,0.09805297271054648
1994-08-31,9.81820210444294,0.09818202104442941
1994-09-01,9.830994401603308,0.09830994401603307
1994-09-02,9.843673358071902,0.09843673358071901
1994-09-03,9.856238169384874,0.09856238169384873
1994-09-04,9.868688031078367,0.09868688031078367
1994-09-05,9.881022138688538,0.09881022138688537
1994-09-06,9.893239687751533,0.09893239687751533
1994-09-07,9.905339873803507,0.09905339873803508
1994-09-08,9.917321892380606,0.09917321892380607
1994-09-09,9.929184939018977,0.09929184939018977
1994-09-10,9.940928209254777,0.09940928209254776
1994-09-11,9.952550898624146,0.09952550898624146
1994-09-12,9.964052202663243,0.09964052202663243
1994-09-13,9.975431316908217,0.09975431316908218
1994-09-14,9.986687436895215,0.09986687436895215
1994-09-15,9.997819758160388,0.09997819758160388
1994-09-16,10.008827476239881,0.10008827476239882
1994-09-17,10.019709786669852,0.10019709786669852
1994-09-18,10.030465884986445,0.10030465884986445
1994-09-19,10.041094966725812,0.10041094966725811
1994-09-20,10.051596227424106,0.10051596227424106
1994-09-21,10.061968862617471,0.10061968862617471
1994-09-22,10.07221206784206,0.1007221206784206
1994-09-23,10.082325038634025,0.10082325038634025
1994-09-24,10.092306970529505,0.10092306970529505
1994-09-25,10.102157059064666,0.10102157059064666
1994-09-26,10.111874499775647,0.10111874499775647
1994-09-27,10.121458488198604,0.10121458488198604
1994-09-28,10.13090821986968,0.10130908219869679
1994-09-29,10.140222890325035,0.10140222890325035
1994-09-30,10.149401695100805,0.10149401695100804
1994-10-01,10.158443829733153,0.10158443829733153
1994-10-02,10.167348489758218,0.10167348489758218
1994-10-03,10.17611487071216,0.10176114870712161
1994-10-04,10.184742168131121,0.10184742168131121
1994-10-05,10.193229577551255,0.10193229577551255
1994-10-06,10.201576294508712,0.10201576294508712
1994-10-07,10.20978151453964,0.10209781514539641
1994-10-08,10.21784443318019,0.1021784443318019
1994-10-09,10.225764245966511,0.10225764245966511
1994-10-10,10.233540148434754,0.10233540148434754
1994-10-11,10.241171336121067,0.10241171336121066
1994-10-12,10.2486570045616,0.10248657004561601
1994-10-13,10.25599634929251,0.1025599634929251
1994-10-14,10.263188565849932,0.10263188565849932
1994-10-15,10.270232849770032,0.10270232849770032
1994-10-16,10.277128396588946,0.10277128396588946
1994-10-17,10.283874401842837,0.10283874401842837
1994-10-18,10.290470061067847,0.10290470061067847
1994-10-19,10.296914569800125,0.10296914569800125
1994-10-20,10.303207123575826,0.10303207123575825
1994-10-21,10.309346917931093,0.10309346917931092
1994-10-22,10.315333148402079,0.10315333148402078
1994-10-23,10.32116501052494,0.1032116501052494
1994-10-24,10.32684169983582,0.10326841699835819
1994-10-25,10.332362411870868,0.10332362411870868
1994-10-26,10.337726342166235,0.10337726342166235
1994-10-27,10.342932686258072,0.10342932686258072
1994-10-28,10.347980639682525,0.10347980639682525
1994-10-29,10.352869397975752,0.10352869397975752
1994-10-30,10.357598156673895,0.10357598156673894
1994-10-31,10.362166111313106,0.10362166111313106
1994-11-01,10.366572457429536,0.10366572457429536
1994-11-02,10.37081639055934,0.1037081639055934
1994-11-03,10.374897106238652,0.10374897106238652
1994-11-04,10.378813800003641,0.10378813800003642
1994-11-05,10.382565667390445,0.10382565667390445
1994-11-06,10.386151903935218,0.10386151903935219
1994-11-07,10.389571705174108,0.10389571705174108
1994-11-08,10.392824266643267,0.10392824266643266
1994-11-09,10.39590878387884,0.10395908783878839
1994-11-10,10.398824452416983,0.10398824452416983
1994-11-11,10.401570467793844,0.10401570467793844
1994-11-12,10.404146025545572,0.10404146025545571
1994-11-13,10.406550321208316,0.10406550321208316
1994-11-14,10.408782550318229,0.10408782550318228
1994-11-15,10.410841908411461,0.10410841908411461
1994-11-16,10.412727591024154,0.10412727591024154
1994-11-17,10.414438793692467,0.10414438793692467
1994-11-18,10.415974711952543,0.10415974711952543
1994-11-19,10.417334541340537,0.10417334541340537
1994-11-20,10.418517477392603,0.10418517477392603
1994-11-21,10.419522715644877,0.10419522715644877
1994-11-22,10.420349451633523,0.10420349451633523
1994-11-23,10.420996880894682,0.10420996880894683
1994-11-24,10.42146419896451,0.10421464198964508
1994-11-25,10.421750601379149,0.10421750601379148
1994-11-26,10.421855283674754,0.10421855283674754
1994-11-27,10.421777441387476,0.10421777441387477
1994-11-28,10.421516270053464,0.10421516270053464
1994-11-29,10.421070965208868,0.10421070965208867
1994-11-30,10.420440722389834,0.10420440722389834
1994-12-01,10.419624737132517,0.10419624737132517
1994-12-02,10.418622204973065,0.10418622204973066
1994-12-03,10.417432321447626,0.10417432321447626
1994-12-04,10.41605428209235,0.1041605428209235
1994-12-05,10.414487282443393,0.10414487282443392
1994-12-06,10.4127305180369,0.104127305180369
1994-12-07,10.410783184409018,0.10410783184409018
1994-12-08,10.408644477095905,0.10408644477095905
1994-12-09,10.4063135916337,0.104063135916337
1994-12-10,10.403789723558562,0.10403789723558562
1994-12-11,10.401072068406636,0.10401072068406636
1994-12-12,10.398159821714072,0.10398159821714073
1994-12-13,10.395052179017025,0.10395052179017025
1994-12-14,10.39174833585164,0.1039174833585164
1994-12-15,10.38824748775407,0.1038824748775407
1994-12-16,10.384548830260462,0.10384548830260462
1994-12-17,10.380651558906967,0.10380651558906967
1994-12-18,10.37655486922973,0.1037655486922973
1994-12-19,10.372257956764914,0.10372257956764913
1994-12-20,10.367760017048653,0.10367760017048652
1994-12-21,10.36306024561711,0.1036306024561711
1994-12-22,10.358157838006425,0.10358157838006425
1994-12-23,10.353051989752755,0.10353051989752755
1994-12-24,10.34774189639225,0.1034774189639225
1994-12-25,10.342226753461054,0.10342226753461053
1994-12-26,10.336505756495319,0.10336505756495319
1994-12-27,10.330578101031195,0.10330578101031195
1994-12-28,10.324442982604834,0.10324442982604834
1994-12-29,10.318099596752383,0.10318099596752382
1994-12-30,10.311547139009994,0.10311547139009994
1994-12-31,10.304784804913815,0.10304784804913815
1995-01-01,10.29781179,0.10297811790000001
1995-01-02,10.290627603834613,0.10290627603834614
1995-01-03,10.283233012103409,0.10283233012103409
1995-01-04,10.275629094522047,0.10275629094522047
1995-01-05,10.267816930806202,0.10267816930806202
1995-01-06,10.259797600671535,0.10259797600671534
1995-01-07,10.251572183833717,0.10251572183833718
1995-01-08,10.243141760008418,0.10243141760008419
1995-01-09,10.234507408911302,0.10234507408911302
1995-01-10,10.22567021025804,0.1022567021025804
1995-01-11,10.216631243764297,0.10216631243764297
1995-01-12,10.207391589145743,0.10207391589145744
1995-01-13,10.197952326118038,0.10197952326118039
1995-01-14,10.18831453439686,0.1018831453439686
1995-01-15,10.178479293697869,0.10178479293697869
1995-01-16,10.168447683736742,0.10168447683736742
1995-01-17,10.158220784229139,0.10158220784229138
1995-01-18,10.147799674890724,0.10147799674890724
1995-01-19,10.137185435437171,0.10137185435437171
1995-01-20,10.126379145584147,0.10126379145584147
1995-01-21,10.115381885047318,0.10115381885047318
1995-01-22,10.104194733542357,0.10104194733542357
1995-01-23,10.092818770784922,0.10092818770784921
1995-01-24,10.081255076490688,0.10081255076490687
1995-01-25,10.069504730375323,0.10069504730375323
1995-01-26,10.057568812154488,0.10057568812154488
1995-01-27,10.045448401543858,0.10045448401543858
1995-01-28,10.033144578259092,0.10033144578259093
1995-01-29,10.020658422015867,0.10020658422015867
1995-01-30,10.007991012529846,0.10007991012529846
1995-01-31,9.9951434295167,0.09995143429516701
1995-02-01,9.98211675269209,0.0998211675269209
1995-02-02,9.968912061771691,0.09968912061771691
1995-02-03,9.955530436471165,0.09955530436471165
1995-02-04,9.94197295650618,0.0994197295650618
1995-02-05,9.928240701592406,0.09928240701592406
1995-02-06,9.914334751445514,0.09914334751445514
1995-02-07,9.900256185781165,0.09900256185781166
1995-02-08,9.886006084315028,0.09886006084315029
1995-02-09,9.871585526762773,0.09871585526762773
1995-02-10,9.856995592840068,0.09856995592840068
1995-02-11,9.842237362262578,0.09842237362262578
1995-02-12,9.827311914745971,0.09827311914745972
1995-02-13,9.812220330005914,0.09812220330005914
1995-02-14,9.79696368775808,0.0979696368775808
1995-02-15,9.781543067718133,0.09781543067718132
1995-02-16,9.765959549601737,0.09765959549601737
1995-02-17,9.750214213124563,0.09750214213124563
1995-02-18,9.73430813800228,0.0973430813800228
1995-02-19,9.718242403950553,0.09718242403950553
1995-02-20,9.702018090685051,0.09702018090685051
1995-02-21,9.685636277921443,0.09685636277921443
1995-02-22,9.669098045375392,0.09669098045375392
1995-02-23,9.652404472762571,0.09652404472762571
1995-02-24,9.635556639798647,0.09635556639798647
1995-02-25,9.618555626199285,0.09618555626199285
1995-02-26,9.601402511680153,0.09601402511680153
1995-02-27,9.584098375956918,0.09584098375956918
1995-02-28,9.56664429874525,0.09566644298745249
1995-03-01,9.549041359760816,0.09549041359760815
1995-03-02,9.531290638719284,0.09531290638719284
1995-03-03,9.513393215336318,0.09513393215336319
1995-03-04,9.49535016932759,0.0949535016932759
1995-03-05,9.477162580408768,0.09477162580408768
1995-03-06,9.458831528295514,0.09458831528295514
1995-03-07,9.440358092703502,0.09440358092703502
1995-03-08,9.421743353348397,0.09421743353348397
1995-03-09,9.402988389945865,0.09402988389945864
1995-03-10,9.384094282211576,0.09384094282211576
1995-03-11,9.365062109861196,0.09365062109861196
1995-03-12,9.345892952610393,0.09345892952610393
1995-03-13,9.326587890174835,0.09326587890174835
1995-03-14,9.307148002270193,0.09307148002270192
1995-03-15,9.287574368612129,0.09287574368612128
1995-03-16,9.267868068916313,0.09267868068916313
1995-03-17,9.248030182898415,0.09248030182898415
1995-03-18,9.228061790274095,0.09228061790274095
1995-03-19,9.207963970759028,0.09207963970759028
1995-03-20,9.187737804068881,0.09187737804068881
1995-03-21,9.167384369919318,0.09167384369919318
1995-03-22,9.14690474802601,0.09146904748026011
1995-03-23,9.126300018104624,0.09126300018104624
1995-03-24,9.105571259870828,0.09105571259870829
1995-03-25,9.084719553040285,0.09084719553040285
1995-03-26,9.06374597732867,0.0906374597732867
1995-03-27,9.042651612451644,0.09042651612451644
1995-03-28,9.021437538124882,0.09021437538124882
1995-03-29,9.000104834064045,0.09000104834064045
1995-03-30,8.9786545799848,0.089786545799848
1995-03-31,8.957087855602818,0.08957087855602819
1995-04-01,8.935405740633769,0.08935405740633769
1995-04-02,8.913609314793314,0.08913609314793314
1995-04-03,8.891699657797128,0.08891699657797128
1995-04-04,8.869677849360873,0.08869677849360873
1995-04-05,8.847544969200218,0.08847544969200218
1995-04-06,8.825302097030836,0.08825302097030835
1995-04-07,8.802950312568383,0.08802950312568383
1995-04-08,8.780490695528536,0.08780490695528537
1995-04-09,8.757924325626957,0.08757924325626958
1995-04-10,8.735252282579319,0.08735252282579319
1995-04-11,8.712475646101293,0.08712475646101293
1995-04-12,8.689595495908538,0.08689595495908538
1995-04-13,8.666612911716722,0.08666612911716723
1995-04-14,8.643528973241516,0.08643528973241515
1995-04-15,8.620344760198586,0.08620344760198587
1995-04-16,8.597061352303603,0.08597061352303603
1995-04-17,8.573679829272226,0.08573679829272227
1995-04-18,8.550201270820141,0.0855020127082014
1995-04-19,8.526626756662992,0.08526626756662992
1995-04-20,8.502957366516464,0.08502957366516464
1995-04-21,8.479194180096217,0.08479194180096217
1995-04-22,8.455338277117919,0.08455338277117919
1995-04-23,8.431390737297239,0.08431390737297238
1995-04-24,8.407352640349847,0.08407352640349847
1995-04-25,8.383225065991404,0.08383225065991404
1995-04-26,8.359009093937587,0.08359009093937587
1995-04-27,8.334705803904054,0.08334705803904054
1995-04-28,8.31031627560648,0.0831031627560648
1995-04-29,8.28584158876053,0.0828584158876053
1995-04-30,8.261282823081869,0.08261282823081868
1995-05-01,8.236641058286166,0.08236641058286166
1995-05-02,8.211917374089095,0.08211917374089095
1995-05-03,8.187112850206312,0.08187112850206311
1995-05-04,8.162228566353496,0.08162228566353497
1995-05-05,8.137265602246307,0.08137265602246307
1995-05-06,8.112225037600414,0.08112225037600414
1995-05-07,8.087107952131486,0.08087107952131486
1995-05-08,8.061915425555194,0.08061915425555194
1995-05-09,8.036648537587196,0.08036648537587196
1995-05-10,8.01130836794317,0.08011308367943171
1995-05-11,7.985895996338777,0.07985895996338777
1995-05-12,7.9604125024896915,0.07960412502489692
1995-05-13,7.9348589661115705,0.0793485896611157
1995-05-14,7.909236466920092,0.07909236466920092
1995-05-15,7.883546084630917,0.07883546084630917
1995-05-16,7.8577888989597175,0.07857788898959718
1995-05-17,7.831965989622156,0.07831965989622156
1995-05-18,7.806078436333905,0.07806078436333905
1995-05-19,7.780127318810627,0.07780127318810627
1995-05-20,7.754113716767999,0.07754113716767999
1995-05-21,7.728038709921681,0.07728038709921681
1995-05-22,7.701903377987342,0.07701903377987342
1995-05-23,7.6757088006806455,0.07675708800680646
1995-05-24,7.649456057717267,0.07649456057717267
1995-05-25,7.62314622881287,0.0762314622881287
1995-05-26,7.596780393683124,0.07596780393683124
1995-05-27,7.570359632043693,0.07570359632043692
1995-05-28,7.543885023610251,0.07543885023610251
1995-05-29,7.5173576480984545,0.07517357648098455
1995-05-30,7.490778585223985,0.07490778585223985
1995-05-31,7.4641489147025,0.07464148914702501
1995-06-01,7.43746971624967,0.0743746971624967
1995-06-02,7.410742069581164,0.07410742069581164
1995-06-03,7.383967054412651,0.07383967054412652
1995-06-04,7.357145750459793,0.07357145750459793
1995-06-05,7.330279237438263,0.07330279237438263
1995-06-06,7.303368595063727,0.07303368595063726
1995-06-07,7.276414903051852,0.07276414903051852
1995-06-08,7.2494192411183045,0.07249419241118304
1995-06-09,7.222382688978754,0.07222382688978754
1995-06-10,7.195306326348869,0.07195306326348869
1995-06-11,7.168191232944315,0.07168191232944315
1995-06-12,7.141038488480761,0.07141038488480761
1995-06-13,7.113849172673874,0.07113849172673875
1995-06-14,7.086624365239321,0.0708662436523932
1995-06-15,7.0593651458927695,0.0705936514589277
1995-06-16,7.032072594349888,0.07032072594349888
1995-06-17,7.004747790326346,0.07004747790326346
1995-06-18,6.977391813537808,0.06977391813537807
1995-06-19,6.9500057436999425,0.06950005743699943
1995-06-20,6.922590660528419,0.06922590660528419
1995-06-21,6.895147643738902,0.06895147643738903
1995-06-22,6.8676777730470615,0.06867677773047061
1995-06-23,6.840182128168565,0.06840182128168565
1995-06-24,6.812661788819079,0.06812661788819079
1995-06-25,6.78511783471427,0.0678511783471427
1995-06-26,6.757551345569809,0.06757551345569808
1995-06-27,6.72996340110136,0.0672996340110136
1995-06-28,6.702355081024593,0.06702355081024593
1995-06-29,6.674727465055178,0.06674727465055179
1995-06-30,6.647081632908777,0.06647081632908777
1995-07-01,6.619418664301063,0.06619418664301063
1995-07-02,6.591739638947698,0.06591739638947698
1995-07-03,6.564045636564355,0.06564045636564356
1995-07-04,6.536337736866698,0.06536337736866699
1995-07-05,6.508617019570396,0.06508617019570397
1995-07-06,6.480884564391117,0.06480884564391116
1995-07-07,6.453141451044527,0.06453141451044526
1995-07-08,6.425388759246297,0.06425388759246296
1995-07-09,6.397627568712091,0.0639762756871209
1995-07-10,6.369858959157577,0.06369858959157577
1995-07-11,6.342084010298426,0.06342084010298427
1995-07-12,6.314303801850302,0.06314303801850302
1995-07-13,6.286519413528875,0.06286519413528875
1995-07-14,6.25873192504981,0.0625873192504981
1995-07-15,6.230942416128777,0.06230942416128778
1995-07-16,6.2031519664814425,0.062031519664814426
1995-07-17,6.175361655823476,0.06175361655823476
1995-07-18,6.147572563870542,0.06147572563870542
1995-07-19,6.119785770338312,0.06119785770338312
1995-07-20,6.092002354942446,0.06092002354942446
1995-07-21,6.064223397398624,0.06064223397398624
1995-07-22,6.036449977422502,0.06036449977422502
1995-07-23,6.008683174729754,0.06008683174729754
1995-07-24,5.980924069036045,0.05980924069036045
1995-07-25,5.9531737400570455,0.05953173740057045
1995-07-26,5.925433267508419,0.05925433267508419
1995-07-27,5.8977037311058345,0.05897703731105834
1995-07-28,5.869986210564962,0.05869986210564962
1995-07-29,5.842281785601468,0.058422817856014685
1995-07-30,5.81459153593102,0.0581459153593102
1995-07-31,5.786916541269284,0.057869165412692845
1995-08-01,5.759257881331929,0.05759257881331929
1995-08-02,5.731616635834623,0.05731616635834623
1995-08-03,5.703993884493033,0.05703993884493033
1995-08-04,5.676390707022827,0.05676390707022828
1995-08-05,5.648808183139672,0.056488081831396725
1995-08-06,5.621247392559237,0.05621247392559237
1995-08-07,5.593709414997189,0.05593709414997189
1995-08-08,5.566195330169195,0.05566195330169195
1995-08-09,5.538706217790922,0.055387062177909216
1995-08-10,5.511243157578039,0.05511243157578039
1995-08-11,5.483807229246212,0.05483807229246212
1995-08-12,5.456399512511112,0.05456399512511112
1995-08-13,5.429021087088404,0.05429021087088404
1995-08-14,5.401673032693755,0.05401673032693755
1995-08-15,5.374356429042834,0.05374356429042834
1995-08-16,5.347072355851309,0.053470723558513095
1995-08-17,5.319821892834848,0.05319821892834848
1995-08-18,5.2926061197091165,0.052926061197091166
1995-08-19,5.2654261161897855,0.05265426116189786
1995-08-20,5.238282961992516,0.05238282961992516
1995-08-21,5.2111777368329815,0.052111777368329816
1995-08-22,5.1841115204268515,0.05184111520426851
1995-08-23,5.157085392489787,0.051570853924897866
1995-08-24,5.13010043273746,0.0513010043273746
1995-08-25,5.1031577208855365,0.051031577208855365
1995-08-26,5.076258336649686,0.05076258336649686
1995-08-27,5.0494033597455745,0.050494033597455745
1995-08-28,5.02259386988887,0.0502259386988887
1995-08-29,4.995830946795238,0.049958309467952385
1995-08-30,4.96911567018035,0.0496911567018035
1995-08-31,4.942449119759872,0.04942449119759872
1995-09-01,4.91583237524947,0.049158323752494695
1995-09-02,4.889266516364814,0.04889266516364814
1995-09-03,4.862752622821572,0.048627526228215714
1995-09-04,4.836291774335408,0.048362917743354085
1995-09-05,4.809885050621994,0.04809885050621994
1995-09-06,4.783533531396994,0.04783533531396994
1995-09-07,4.757238296376079,0.04757238296376079
1995-09-08,4.731000425274914,0.04731000425274914
1995-09-09,4.704820997809168,0.047048209978091685
1995-09-10,4.6787010936945075,0.046787010936945074
1995-09-11,4.652641792646601,0.04652641792646601
1995-09-12,4.6266441743811155,0.04626644174381116
1995-09-13,4.60070931861372,0.046007093186137195
1995-09-14,4.57483830506008,0.0457483830506008
1995-09-15,4.549032213435866,0.045490322134358656
1995-09-16,4.5232921234567405,0.0452329212345674
1995-09-17,4.497619114838378,0.04497619114838378
1995-09-18,4.472014267296442,0.04472014267296442
1995-09-19,4.4464786605466,0.044464786605465996
1995-09-20,4.42101337430452,0.0442101337430452
1995-09-21,4.395619488285873,0.04395619488285873
1995-09-22,4.370298082206322,0.04370298082206322
1995-09-23,4.3450502357815335,0.043450502357815335
1995-09-24,4.319877028727181,0.04319877028727181
1995-09-25,4.294779540758928,0.042947795407589286
1995-09-26,4.269758851592444,0.042697588515924444
1995-09-27,4.244816040943396,0.042448160409433965
1995-09-28,4.219952188527451,0.04219952188527451
1995-09-29,4.195168374060278,0.04195168374060278
1995-09-30,4.170465677257543,0.04170465677257543
1995-10-01,4.145845177834914,0.04145845177834914
1995-10-02,4.121307955508059,0.04121307955508059
1995-10-03,4.096855089992646,0.04096855089992646
1995-10-04,4.072487661004342,0.04072487661004342
1995-10-05,4.048206748258815,0.040482067482588154
1995-10-06,4.024013431471731,0.04024013431471731
1995-10-07,3.9999087903587625,0.039999087903587624
1995-10-08,3.9758939046355732,0.03975893904635573
1995-10-09,3.951969854017829,0.03951969854017829
1995-10-10,3.9281377182212007,0.03928137718221201
1995-10-11,3.9043985769613565,0.039043985769613564
1995-10-12,3.8807535099539616,0.03880753509953962
1995-10-13,3.857203596914684,0.038572035969146844
1995-10-14,3.833749917559193,0.038337499175591934
1995-10-15,3.8103935516031564,0.03810393551603156
1995-10-16,3.787135578762238,0.03787135578762238
1995-10-17,3.7639770787521085,0.037639770787521086
1995-10-18,3.7409191312884356,0.03740919131288436
1995-10-19,3.7179628160868865,0.037179628160868866
1995-10-20,3.6951092128631293,0.03695109212863129
1995-10-21,3.6723594013328307,0.03672359401332831
1995-10-22,3.6497144612116577,0.036497144612116575
1995-10-23,3.6271754722152814,0.03627175472215281
1995-10-24,3.6047435140593636,0.03604743514059364
1995-10-25,3.5824196664595775,0.03582419666459578
1995-10-26,3.5602050091315895,0.035602050091315895
1995-10-27,3.538100621791065,0.03538100621791065
1995-10-28,3.516107584153672,0.03516107584153672
1995-10-29,3.4942269759350815,0.034942269759350816
1995-10-30,3.472459876850956,0.03472459876850956
1995-10-31,3.450807366616966,0.03450807366616966
1995-11-01,3.42927052494878,0.0342927052494878
1995-11-02,3.4078504315620646,0.03407850431562064
1995-11-03,3.3865481661724868,0.033865481661724865
1995-11-04,3.3653648084957157,0.03365364808495716
1995-11-05,3.3443014382474168,0.03344301438247417
1995-11-06,3.32335913514326,0.0332335913514326
1995-11-07,3.3025389788989115,0.03302538978898911
1995-11-08,3.28184204923004,0.0328184204923004
1995-11-09,3.2612694258523116,0.03261269425852312
1995-11-10,3.240822188481394,0.03240822188481394
1995-11-11,3.2205014168329575,0.032205014168329577
1995-11-12,3.2003081906226667,0.032003081906226666
1995-11-13,3.18024358956619,0.0318024358956619
1995-11-14,3.1603086933791964,0.03160308693379196
1995-11-15,3.1405045817773525,0.03140504581777352
1995-11-16,3.1208323344763262,0.031208323344763263
1995-11-17,3.1012930311917835,0.031012930311917833
1995-11-18,3.0818877516393943,0.030818877516393943
1995-11-19,3.0626175755348246,0.030626175755348248
1995-11-20,3.043483582593743,0.030434835825937433
1995-11-21,3.0244868525318194,0.030244868525318193
1995-11-22,3.005628465064716,0.030056284650647157
1995-11-23,2.9869094999081045,0.029869094999081046
1995-11-24,2.968331036777651,0.02968331036777651
1995-11-25,2.949894155389024,0.02949894155389024
1995-11-26,2.931599935457891,0.02931599935457891
1995-11-27,2.9134494566999183,0.029134494566999184
1995-11-28,2.895443798830775,0.02895443798830775
1995-11-29,2.8775840415661285,0.028775840415661284
1995-11-30,2.8598712646216455,0.028598712646216454
1995-12-01,2.842306547712995,0.02842306547712995
1995-12-02,2.8248909705558436,0.028248909705558437
1995-12-03,2.80762561286586,0.028076256128658602
1995-12-04,2.7905115543587105,0.027905115543587104
1995-12-05,2.773549874750064,0.02773549874750064
1995-12-06,2.756741653755587,0.02756741653755587
1995-12-07,2.740087971090947,0.027400879710909473
1995-12-08,2.7235899064718128,0.027235899064718128
1995-12-09,2.707248539613851,0.027072485396138508
1995-12-10,2.6910649502327306,0.026910649502327307
1995-12-11,2.675040218044117,0.026750402180441172
1995-12-12,2.65917542276368,0.0265917542276368
1995-12-13,2.643471644107086,0.026434716441070857
1995-12-14,2.627929961790004,0.02627929961790004
1995-12-15,2.6125514555281004,0.026125514555281004
1995-12-16,2.597337205037043,0.025973372050370428
1995-12-17,2.5822882900324986,0.025822882900324987
1995-12-18,2.567405790230136,0.02567405790230136
1995-12-19,2.5526907853456233,0.025526907853456234
1995-12-20,2.538144355094627,0.02538144355094627
1995-12-21,2.5237675791928154,0.025237675791928153
1995-12-22,2.509561537355855,0.02509561537355855
1995-12-23,2.495527309299415,0.02495527309299415
1995-12-24,2.4816659747391623,0.024816659747391622
1995-12-25,2.4679786133907653,0.024679786133907654
1995-12-26,2.4544663049698894,0.024544663049698892
1995-12-27,2.4411301291922043,0.024411301291922042
1995-12-28,2.4279711657733776,0.024279711657733776
1995-12-29,2.414990494429076,0.02414990494429076
1995-12-30,2.4021891948749667,0.024021891948749666
1995-12-31,2.389568346826719,0.02389568346826719
1996-01-01,2.37712903,0.023771290299999998
1996-01-02,2.3648720466010515,0.023648720466010516
1996-01-03,2.352797088798418,0.02352797088798418
1996-01-04,2.34090357125122,0.0234090357125122
1996-01-05,2.3291909086185743,0.023291909086185742
1996-01-06,2.3176585155596015,0.023176585155596015
1996-01-07,2.306305806733422,0.02306305806733422
1996-01-08,2.2951321967991523,0.022951321967991524
1996-01-09,2.284137100415914,0.02284137100415914
1996-01-10,2.273319932242824,0.022733199322428243
1996-01-11,2.262680106939004,0.022626801069390037
1996-01-12,2.25221703916357,0.0225221703916357
1996-01-13,2.241930143575645,0.02241930143575645
1996-01-14,2.231818834834346,0.02231818834834346
1996-01-15,2.2218825275987917,0.022218825275987918
1996-01-16,2.212120636528103,0.022121206365281032
1996-01-17,2.202532576281398,0.022025325762813977
1996-01-18,2.1931177615177955,0.021931177615177953
1996-01-19,2.183875606896416,0.021838756068964158
1996-01-20,2.1748055270763773,0.021748055270763775
1996-01-21,2.1659069367167993,0.021659069367167993
1996-01-22,2.157179250476802,0.021571792504768022
1996-01-23,2.1486218830155033,0.021486218830155033
1996-01-24,2.140234248992023,0.02140234248992023
1996-01-25,2.13201576306548,0.021320157630654802
1996-01-26,2.1239658398949937,0.021239658398949937
1996-01-27,2.116083894139683,0.02116083894139683
1996-01-28,2.1083693404586676,0.021083693404586677
1996-01-29,2.100821593511067,0.021008215935110666
1996-01-30,2.0934400679559984,0.020934400679559984
1996-01-31,2.086224178452583,0.02086224178452583
1996-02-01,2.0791733396599397,0.020791733396599395
1996-02-02,2.0722869662371877,0.020722869662371877
1996-02-03,2.065564472843445,0.02065564472843445
1996-02-04,2.0590052741378333,0.02059005274137833
1996-02-05,2.0526087847794683,0.020526087847794684
1996-02-06,2.046374419427472,0.02046374419427472
1996-02-07,2.040301592740962,0.02040301592740962
1996-02-08,2.0343897193790585,0.020343897193790584
1996-02-09,2.0286382140008814,0.020286382140008816
1996-02-10,2.0230464912655486,0.020230464912655486
1996-02-11,2.017613965832178,0.02017613965832178
1996-02-12,2.012340052359891,0.02012340052359891
1996-02-13,2.0072241655078065,0.020072241655078066
1996-02-14,2.002265719935043,0.02002265719935043
1996-02-15,1.9974641303007206,0.019974641303007204
1996-02-16,1.9928188112639575,0.019928188112639574
1996-02-17,1.9883291774838738,0.01988329177483874
1996-02-18,1.9839946436195877,0.019839946436195875
1996-02-19,1.9798146243302193,0.019798146243302193
1996-02-20,1.9757885342748864,0.019757885342748863
1996-02-21,1.9719157881127098,0.0197191578811271
1996-02-22,1.9681958005028086,0.019681958005028085
1996-02-23,1.964627986104301,0.01964627986104301
1996-02-24,1.9612117595763063,0.019612117595763062
1996-02-25,1.9579465355779444,0.019579465355779445
1996-02-26,1.9548317287683346,0.019548317287683345
1996-02-27,1.9518667538065952,0.019518667538065953
1996-02-28,1.9490510253518463,0.019490510253518462
1996-02-29,1.9463839580632054,0.019463839580632053
1996-03-01,1.9438649665997942,0.019438649665997943
1996-03-02,1.9414934656207306,0.019414934656207306
1996-03-03,1.9392688697851335,0.019392688697851334
1996-03-04,1.9371905937521214,0.019371905937521215
1996-03-05,1.935258052180816,0.01935258052180816
1996-03-06,1.9334706597303342,0.019334706597303342
1996-03-07,1.9318278310597967,0.01931827831059797
1996-03-08,1.9303289808283213,0.019303289808283212
1996-03-09,1.9289735236950278,0.019289735236950278
1996-03-10,1.9277608743190362,0.01927760874319036
1996-03-11,1.926690447359464,0.01926690447359464
1996-03-12,1.9257616574754326,0.019257616574754326
1996-03-13,1.9249739193260593,0.019249739193260593
1996-03-14,1.9243266475704641,0.01924326647570464
1996-03-15,1.9238192568677654,0.019238192568677655
1996-03-16,1.9234511618770833,0.019234511618770832
1996-03-17,1.9232217772575375,0.019232217772575375
1996-03-18,1.9231305176682458,0.019231305176682457
1996-03-19,1.923176797768328,0.019231767977683282
1996-03-20,1.923360032216903,0.01923360032216903
1996-03-21,1.9236796356730912,0.019236796356730913
1996-03-22,1.9241350227960103,0.019241350227960103
1996-03-23,1.9247256082447803,0.019247256082447803
1996-03-24,1.92545080667852,0.019254508066785202
1996-03-25,1.9263100327563485,0.019263100327563485
1996-03-26,1.9273027011373867,0.019273027011373865
1996-03-27,1.9284282264807509,0.01928428226480751
1996-03-28,1.9296860234455622,0.01929686023445562
1996-03-29,1.931075506690939,0.01931075506690939
1996-03-30,1.9325960908760011,0.01932596090876001
1996-03-31,1.934247190659868,0.019342471906598678
1996-04-01,1.936028220701658,0.01936028220701658
1996-04-02,1.9379385956604902,0.019379385956604902
1996-04-03,1.9399777301954846,0.019399777301954847
1996-04-04,1.9421450389657602,0.0194214503896576
1996-04-05,1.9444399366304363,0.019444399366304363
1996-04-06,1.9468618378486306,0.019468618378486305
1996-04-07,1.9494101572794644,0.019494101572794645
1996-04-08,1.952084309582056,0.01952084309582056
1996-04-09,1.9548837094155245,0.019548837094155246
1996-04-10,1.9578077714389899,0.019578077714389897
1996-04-11,1.9608559103115693,0.019608559103115694
1996-04-12,1.9640275406923835,0.019640275406923834
1996-04-13,1.967322077240552,0.01967322077240552
1996-04-14,1.9707389346151936,0.019707389346151936
1996-04-15,1.9742775274754272,0.019742775274754272
1996-04-16,1.9779372704803722,0.019779372704803722
1996-04-17,1.9817175782891476,0.019817175782891477
1996-04-18,1.9856178655608723,0.019856178655608722
1996-04-19,1.9896375469546665,0.019896375469546666
1996-04-20,1.9937760371296487,0.019937760371296485
1996-04-21,1.9980327507449385,0.019980327507449384
1996-04-22,2.0024071024596544,0.020024071024596544
1996-04-23,2.006898506932916,0.02006898506932916
1996-04-24,2.011506378823843,0.020115063788238432
1996-04-25,2.016230132791554,0.02016230132791554
1996-04-26,2.0210691834951677,0.020210691834951677
1996-04-27,2.0260229455938044,0.020260229455938042
1996-04-28,2.0310908337465823,0.02031090833746582
1996-04-29,2.0362722626126213,0.020362722626126213
1996-04-30,2.0415666468510407,0.020415666468510407
1996-05-01,2.046973401120959,0.020469734011209592
1996-05-02,2.0524919400814956,0.020524919400814957
1996-05-03,2.058121678391771,0.02058121678391771
1996-05-04,2.0638620307109017,0.020638620307109015
1996-05-05,2.069712411698009,0.02069712411698009
1996-05-06,2.075672236012212,0.020756722360122118
1996-05-07,2.0817409183126285,0.020817409183126287
1996-05-08,2.0879178732583794,0.020879178732583794
1996-05-09,2.0942025155085826,0.020942025155085826
1996-05-10,2.1005942597223584,0.021005942597223583
1996-05-11,2.1070925205588247,0.021070925205588245
1996-05-12,2.113696712677102,0.021136967126771017
1996-05-13,2.1204062507363086,0.021204062507363085
1996-05-14,2.127220549395564,0.02127220549395564
1996-05-15,2.134139023313988,0.021341390233139877
1996-05-16,2.141161087150698,0.021411610871506982
1996-05-17,2.1482861555648154,0.021482861555648155
1996-05-18,2.1555136432154574,0.021555136432154575
1996-05-19,2.1628429647617446,0.021628429647617447
1996-05-20,2.1702735348627957,0.021702735348627957
1996-05-21,2.17780476817773,0.0217780476817773
1996-05-22,2.185436079365667,0.02185436079365667
1996-05-23,2.193166883085725,0.021931668830857252
1996-05-24,2.2009965939970244,0.022009965939970243
1996-05-25,2.208924626758683,0.022089246267586828
1996-05-26,2.2169503960298202,0.022169503960298202
1996-05-27,2.2250733164695573,0.02225073316469557
1996-05-28,2.2332928027370107,0.022332928027370108
1996-05-29,2.2416082694913015,0.022416082694913016
1996-05-30,2.2500191313915474,0.022500191313915473
1996-05-31,2.2585248030968694,0.022585248030968695
1996-06-01,2.267124699266385,0.022671246992663853
1996-06-02,2.2758182345592135,0.022758182345592137
1996-06-03,2.2846048236344756,0.022846048236344757
1996-06-04,2.293483881151289,0.02293483881151289
1996-06-05,2.3024548217687735,0.023024548217687735
1996-06-06,2.3115170601460493,0.023115170601460493
1996-06-07,2.3206700109422336,0.023206700109422336
1996-06-08,2.329913088816447,0.02329913088816447
1996-06-09,2.339245708427807,0.023392457084278073
1996-06-10,2.348667284435434,0.02348667284435434
1996-06-11,2.3581772314984484,0.023581772314984484
1996-06-12,2.3677749642759687,0.023677749642759687
1996-06-13,2.3774598974271126,0.023774598974271127
1996-06-14,2.3872314456110004,0.023872314456110003
1996-06-15,2.3970890234867515,0.023970890234867516
1996-06-16,2.407032045713484,0.024070320457134843
1996-06-17,2.417059926950319,0.024170599269503188
1996-06-18,2.427172081856374,0.024271720818563738
1996-06-19,2.437367925090768,0.02437367925090768
1996-06-20,2.447646871312622,0.02447646871312622
1996-06-21,2.458008335181054,0.02458008335181054
1996-06-22,2.4684517313551826,0.024684517313551826
1996-06-23,2.4789764744941283,0.02478976474494128
1996-06-24,2.48958197925701,0.0248958197925701
1996-06-25,2.500267660302946,0.02500267660302946
1996-06-26,2.5110329322910574,0.025110329322910574
1996-06-27,2.521877209880461,0.02521877209880461
1996-06-28,2.5327999077302774,0.025327999077302776
1996-06-29,2.543800440499625,0.02543800440499625
1996-06-30,2.5548782228476234,0.025548782228476234
1996-07-01,2.5660326694333926,0.025660326694333924
1996-07-02,2.577263194916051,0.02577263194916051
1996-07-03,2.588569213954717,0.02588569213954717
1996-07-04,2.5999501412085118,0.025999501412085117
1996-07-05,2.6114053913365534,0.026114053913365534
1996-07-06,2.622934378997961,0.026229343789979608
1996-07-07,2.6345365188518537,0.026345365188518537
1996-07-08,2.6462112255573507,0.026462112255573506
1996-07-09,2.6579579137735716,0.026579579137735718
1996-07-10,2.669775998159635,0.02669775998159635
1996-07-11,2.68166489337466,0.0268166489337466
1996-07-12,2.6936240140777667,0.026936240140777667
1996-07-13,2.7056527749280743,0.027056527749280742
1996-07-14,2.717750590584701,0.02717750590584701
1996-07-15,2.729916875706767,0.027299168757067668
1996-07-16,2.74215104495339,0.027421510449533903
1996-07-17,2.7544525129836916,0.027544525129836916
1996-07-18,2.7668206944567886,0.027668206944567886
1996-07-19,2.779255004031801,0.027792550040318012
1996-07-20,2.7917548563678483,0.027917548563678483
1996-07-21,2.8043196661240506,0.028043196661240506
1996-07-22,2.816948847959525,0.02816948847959525
1996-07-23,2.829641816533392,0.02829641816533392
1996-07-24,2.8423979865047704,0.028423979865047702
1996-07-25,2.8552167725327795,0.028552167725327794
1996-07-26,2.8680975892765392,0.028680975892765394
1996-07-27,2.881039851395167,0.02881039851395167
1996-07-28,2.894042973547785,0.02894042973547785
1996-07-29,2.907106370393508,0.02907106370393508
1996-07-30,2.9202294565914593,0.029202294565914593
1996-07-31,2.9334116468007556,0.029334116468007557
1996-08-01,2.946652355680518,0.029466523556805183
1996-08-02,2.9599509978898646,0.029599509978898646
1996-08-03,2.973306988087914,0.02973306988087914
1996-08-04,2.9867197409337862,0.029867197409337864
1996-08-05,3.0001886710866006,0.030001886710866007
1996-08-06,3.0137131932054757,0.030137131932054757
1996-08-07,3.027292721949532,0.03027292721949532
1996-08-08,3.040926671977886,0.03040926671977886
1996-08-09,3.05461445794966,0.0305461445794966
1996-08-10,3.0683554945239715,0.030683554945239715
1996-08-11,3.082149196359941,0.03082149196359941
1996-08-12,3.0959949781166856,0.030959949781166854
1996-08-13,3.1098922544533254,0.031098922544533253
1996-08-14,3.1238404400289803,0.031238404400289802
1996-08-15,3.1378389495027696,0.0313783894950277
1996-08-16,3.151887197533811,0.03151887197533811
1996-08-17,3.1659845987812254,0.031659845987812255
1996-08-18,3.18013056790413,0.0318013056790413
1996-08-19,3.1943245195616465,0.03194324519561646
1996-08-20,3.2085658684128924,0.03208565868412892
1996-08-21,3.2228540291169865,0.032228540291169866
1996-08-22,3.2371884163330504,0.032371884163330505
1996-08-23,3.251568444720199,0.032515684447201994
1996-08-24,3.265993528937557,0.032659935289375566
1996-08-25,3.280463083644239,0.03280463083644239
1996-08-26,3.2949765234993666,0.03294976523499367
1996-08-27,3.309533263162058,0.03309533263162058
1996-08-28,3.324132717291433,0.03324132717291433
1996-08-29,3.338774300546611,0.03338774300546611
1996-08-30,3.3534574275867106,0.033534574275867104
1996-08-31,3.3681815130708506,0.0336818151307085
1996-09-01,3.3829459716581507,0.03382945971658151
1996-09-02,3.3977502180077295,0.03397750218007729
1996-09-03,3.4125936667787085,0.034125936667787085
1996-09-04,3.4274757326302043,0.034274757326302044
1996-09-05,3.4423958302213364,0.03442395830221336
1996-09-06,3.4573533742112246,0.03457353374211224
1996-09-07,3.472347779258989,0.03472347779258989
1996-09-08,3.4873784600237476,0.034873784600237476
1996-09-09,3.50244483116462,0.0350244483116462
1996-09-10,3.5175463073407247,0.03517546307340725
1996-09-11,3.532682303211182,0.03532682303211182
1996-09-12,3.54785223343511,0.0354785223343511
1996-09-13,3.563055512671629,0.03563055512671629
1996-09-14,3.578291555579857,0.03578291555579857
1996-09-15,3.593559776818914,0.03593559776818914
1996-09-16,3.6088595910479193,0.03608859591047919
1996-09-17,3.6241904129259916,0.036241904129259914
1996-09-18,3.639551657112251,0.036395516571122506
1996-09-19,3.6549427382658157,0.03654942738265816
1996-09-20,3.670363071045804,0.03670363071045804
1996-09-21,3.6858120701113366,0.03685812070111336
1996-09-22,3.701289150121534,0.03701289150121534
1996-09-23,3.7167937257355135,0.037167937257355135
1996-09-24,3.7323252116123933,0.03732325211612393
1996-09-25,3.747883022411294,0.03747883022411294
1996-09-26,3.7634665727913346,0.037634665727913345
1996-09-27,3.7790752774116356,0.03779075277411636
1996-09-28,3.7947085509313148,0.037947085509313146
1996-09-29,3.8103658080094904,0.0381036580800949
1996-09-30,3.8260464633052833,0.03826046463305283
1996-10-01,3.841749931477812,0.03841749931477812
1996-10-02,3.8574756271861963,0.038574756271861965
1996-10-03,3.873222965089554,0.03873222965089554
1996-10-04,3.8889913598470063,0.03888991359847006
1996-10-05,3.9047802261176705,0.039047802261176705
1996-10-06,3.9205889785606667,0.039205889785606664
1996-10-07,3.9364170318351146,0.03936417031835115
1996-10-08,3.9522638006001323,0.03952263800600132
1996-10-09,3.9681286995148386,0.039681286995148383
1996-10-10,3.984011143238355,0.03984011143238355
1996-10-11,3.9999105464297986,0.03999910546429799
1996-10-12,4.01582632374829,0.0401582632374829
1996-10-13,4.031757889852947,0.040317578898529466
1996-10-14,4.047704659402889,0.04047704659402889
1996-10-15,4.063666047057237,0.04063666047057237
1996-10-16,4.079641467475108,0.04079641467475108
1996-10-17,4.095630335315621,0.04095630335315621
1996-10-18,4.111632065237899,0.04111632065237899
1996-10-19,4.127646071901055,0.04127646071901055
1996-10-20,4.143671769964214,0.041436717699642134
1996-10-21,4.159708574086492,0.041597085740864924
1996-10-22,4.17575589892701,0.0417575589892701
1996-10-23,4.191813159144884,0.04191813159144884
1996-10-24,4.207879769399237,0.04207879769399237
1996-10-25,4.223955144349187,0.04223955144349187
1996-10-26,4.2400386986538505,0.0424003869865385
1996-10-27,4.256129846972351,0.042561298469723514
1996-10-28,4.272228003963805,0.04272228003963805
1996-10-29,4.288332584287333,0.04288332584287333
1996-10-30,4.304443002602054,0.043044430026020535
1996-10-31,4.320558673567085,0.04320558673567085
1996-11-01,4.336679011841548,0.04336679011841548
1996-11-02,4.352803432084562,0.043528034320845614
1996-11-03,4.368931348955242,0.04368931348955243
1996-11-04,4.385062177112714,0.04385062177112714
1996-11-05,4.401195331216092,0.04401195331216092
1996-11-06,4.4173302259244975,0.04417330225924498
1996-11-07,4.433466275897049,0.044334662758970494
1996-11-08,4.449602895792866,0.04449602895792866
1996-11-09,4.465739500271068,0.04465739500271068
1996-11-10,4.481875503990773,0.04481875503990773
1996-11-11,4.498010321611101,0.04498010321611101
1996-11-12,4.514143367791171,0.04514143367791171
1996-11-13,4.530274057190102,0.04530274057190102
1996-11-14,4.546401804467013,0.04546401804467013
1996-11-15,4.562526024281025,0.04562526024281025
1996-11-16,4.578646131291255,0.04578646131291255
1996-11-17,4.594761540156824,0.04594761540156824
1996-11-18,4.610871665536848,0.04610871665536848
1996-11-19,4.62697592209045,0.046269759220904504
1996-11-20,4.643073724476748,0.046430737244767484
1996-11-21,4.65916448735486,0.0465916448735486
1996-11-22,4.675247625383908,0.046752476253839076
1996-11-23,4.6913225532230065,0.04691322553223007
1996-11-24,4.707388685531279,0.04707388685531279
1996-11-25,4.723445436967841,0.047234454369678415
1996-11-26,4.739492222191815,0.047394922221918157
1996-11-27,4.755528455862322,0.04755528455862322
1996-11-28,4.771553552638475,0.04771553552638475
1996-11-29,4.787566927179396,0.047875669271793965
1996-11-30,4.803567994144206,0.04803567994144206
1996-12-01,4.819556168192022,0.04819556168192021
1996-12-02,4.835530863981964,0.048355308639819634
1996-12-03,4.85149149617315,0.0485149149617315
1996-12-04,4.867437479424702,0.04867437479424702
1996-12-05,4.883368228395738,0.048833682283957375
1996-12-06,4.899283157745376,0.048992831577453766
1996-12-07,4.915181682132736,0.049151816821327354
1996-12-08,4.931063216216936,0.04931063216216936
1996-12-09,4.946927174657098,0.04946927174657098
1996-12-10,4.9627729721123375,0.04962772972112337
1996-12-11,4.978600023241779,0.04978600023241779
1996-12-12,4.994407742704535,0.04994407742704535
1996-12-13,5.010195545159729,0.05010195545159729
1996-12-14,5.025962845266481,0.05025962845266481
1996-12-15,5.041709057683907,0.050417090576839074
1996-12-16,5.057433597071128,0.05057433597071128
1996-12-17,5.073135878087262,0.05073135878087262
1996-12-18,5.088815315391431,0.0508881531539143
1996-12-19,5.10447132364275,0.0510447132364275
1996-12-20,5.120103317500342,0.05120103317500342
1996-12-21,5.135710711623323,0.05135710711623323
1996-12-22,5.151292920670816,0.051512929206708157
1996-12-23,5.166849359301937,0.051668493593019366
1996-12-24,5.182379442175806,0.051823794421758065
1996-12-25,5.197882583951543,0.05197882583951543
1996-12-26,5.213358199288265,0.052133581992882656
1996-12-27,5.228805702845095,0.052288057028450956
1996-12-28,5.244224509281148,0.05244224509281148
1996-12-29,5.259614033255548,0.052596140332555476
1996-12-30,5.2749736894274095,0.0527497368942741
1996-12-31,5.290302892455852,0.05290302892455852
1997-01-01,5.305601057,0.05305601057
1997-01-02,5.320867687565773,0.05320867687565773
1997-01-03,5.3361026480463405,0.053361026480463404
1997-01-04,5.351305892181674,0.05351305892181674
1997-01-05,5.36647737371174,0.0536647737371174
1997-01-06,5.3816170463765145,0.05381617046376515
1997-01-07,5.396724863915967,0.05396724863915967
1997-01-08,5.411800780070069,0.054118007800700696
1997-01-09,5.426844748578793,0.05426844748578793
1997-01-10,5.4418567231821084,0.054418567231821084
1997-01-11,5.456836657619989,0.054568366576199887
1997-01-12,5.471784505632405,0.05471784505632405
1997-01-13,5.486700220959328,0.05486700220959328
1997-01-14,5.501583757340729,0.05501583757340729
1997-01-15,5.51643506851658,0.05516435068516581
1997-01-16,5.531254108226853,0.05531254108226853
1997-01-17,5.546040830211519,0.05546040830211519
1997-01-18,5.56079518821055,0.0556079518821055
1997-01-19,5.575517135963914,0.055755171359639144
1997-01-20,5.590206627211588,0.05590206627211588
1997-01-21,5.6048636156935405,0.05604863615693541
1997-01-22,5.619488055149743,0.056194880551497434
1997-01-23,5.634079899320167,0.056340798993201664
1997-01-24,5.6486391019447835,0.056486391019447836
1997-01-25,5.663165616763567,0.056631656167635665
1997-01-26,5.677659397516483,0.05677659397516483
1997-01-27,5.69212039794351,0.0569212039794351
1997-01-28,5.706548571784615,0.05706548571784615
1997-01-29,5.7209438727797695,0.05720943872779769
1997-01-30,5.735306254668948,0.057353062546689475
1997-01-31,5.749635671192118,0.05749635671192119
1997-02-01,5.763932076089254,0.05763932076089254
1997-02-02,5.778195423100325,0.05778195423100325
1997-02-03,5.792425665965304,0.05792425665965304
1997-02-04,5.806622758424164,0.058066227584241646
1997-02-05,5.8207866542168745,0.058207866542168744
1997-02-06,5.834917307083407,0.058349173070834065
1997-02-07,5.849014670763731,0.05849014670763731
1997-02-08,5.863078698997823,0.05863078698997823
1997-02-09,5.877109345525651,0.05877109345525651
1997-02-10,5.891106564087186,0.058911065640871854
1997-02-11,5.905070308422402,0.05905070308422402
1997-02-12,5.919000532271266,0.05919000532271266
1997-02-13,5.9328971893737545,0.059328971893737543
1997-02-14,5.9467602334698375,0.059467602334698375
1997-02-15,5.960589618299486,0.05960589618299486
1997-02-16,5.974385297602671,0.05974385297602671
1997-02-17,5.988147225119364,0.05988147225119364
1997-02-18,6.001875354589536,0.06001875354589536
1997-02-19,6.01556963975316,0.0601556963975316
1997-02-20,6.029230034350207,0.060292300343502074
1997-02-21,6.042856492120649,0.06042856492120649
1997-02-22,6.056448966804455,0.06056448966804455
1997-02-23,6.070007412141598,0.060700074121415974
1997-02-24,6.083531781872051,0.060835317818720515
1997-02-25,6.097022029735784,0.060970220297357845
1997-02-26,6.110478109472769,0.061104781094727695
1997-02-27,6.123899974822974,0.061238999748229744
1997-02-28,6.137287579526376,0.06137287579526376
1997-03-01,6.150640877322943,0.06150640877322943
1997-03-02,6.1639598219526475,0.06163959821952648
1997-03-03,6.17724436715546,0.0617724436715546
1997-03-04,6.190494466671353,0.061904944666713535
1997-03-05,6.203710074240301,0.06203710074240301
1997-03-06,6.21689114360227,0.0621689114360227
1997-03-07,6.230037628497232,0.06230037628497232
1997-03-08,6.243149482665163,0.062431494826651626
1997-03-09,6.25622665984603,0.0625622665984603
1997-03-10,6.269269113779806,0.06269269113779806
1997-03-11,6.282276798206462,0.06282276798206463
1997-03-12,6.295249666865972,0.06295249666865972
1997-03-13,6.308187673498304,0.06308187673498304
1997-03-14,6.321090771843432,0.06321090771843432
1997-03-15,6.3339589156413245,0.06333958915641325
1997-03-16,6.346792058631956,0.06346792058631956
1997-03-17,6.359590154555298,0.06359590154555299
1997-03-18,6.37235315715132,0.0637235315715132
1997-03-19,6.385081020159992,0.06385081020159993
1997-03-20,6.397773697321292,0.06397773697321292
1997-03-21,6.4104311423751845,0.06410431142375185
1997-03-22,6.423053309061645,0.06423053309061645
1997-03-23,6.4356401511206425,0.06435640151120642
1997-03-24,6.448191622292149,0.06448191622292149
1997-03-25,6.460707676316136,0.06460707676316135
1997-03-26,6.473188266932578,0.06473188266932578
1997-03-27,6.485633347881443,0.06485633347881442
1997-03-28,6.498042872902704,0.06498042872902704
1997-03-29,6.5104167957363295,0.06510416795736329
1997-03-30,6.522755070122297,0.06522755070122298
1997-03-31,6.535057649800572,0.06535057649800571
1997-04-01,6.547324488511128,0.06547324488511128
1997-04-02,6.559555539993938,0.06559555539993939
1997-04-03,6.571750757988973,0.06571750757988973
1997-04-04,6.583910096236202,0.06583910096236202
1997-04-05,6.596033508475599,0.06596033508475599
1997-04-06,6.608120948447134,0.06608120948447134
1997-04-07,6.620172369890778,0.06620172369890778
1997-04-08,6.632187726546505,0.06632187726546505
1997-04-09,6.644166972154285,0.06644166972154285
1997-04-10,6.656110060454089,0.06656110060454089
1997-04-11,6.66801694518589,0.0666801694518589
1997-04-12,6.679887580089659,0.06679887580089659
1997-04-13,6.6917219189053645,0.06691721918905365
1997-04-14,6.703519915372981,0.06703519915372981
1997-04-15,6.71528152323248,0.0671528152323248
1997-04-16,6.727006696223833,0.06727006696223832
1997-04-17,6.738695388087009,0.06738695388087008
1997-04-18,6.750347552561982,0.06750347552561982
1997-04-19,6.761963143388724,0.06761963143388723
1997-04-20,6.773542114307203,0.06773542114307203
1997-04-21,6.785084419057393,0.06785084419057393
1997-04-22,6.796590011379265,0.06796590011379265
1997-04-23,6.808058845012791,0.06808058845012792
1997-04-24,6.8194908736979425,0.06819490873697942
1997-04-25,6.830886051174692,0.06830886051174692
1997-04-26,6.842244331183006,0.06842244331183006
1997-04-27,6.853565667462859,0.06853565667462859
1997-04-28,6.864850013754226,0.06864850013754226
1997-04-29,6.876097323797073,0.06876097323797073
1997-04-30,6.887307551331374,0.06887307551331374
1997-05-01,6.898480650097103,0.06898480650097104
1997-05-02,6.909616573834224,0.06909616573834225
1997-05-03,6.920715276282719,0.06920715276282718
1997-05-04,6.9317767111825495,0.0693177671118255
1997-05-05,6.942800832273693,0.06942800832273693
1997-05-06,6.953787593296117,0.06953787593296118
1997-05-07,6.964736947989797,0.06964736947989797
1997-05-08,6.9756488500947,0.069756488500947
1997-05-09,6.986523253350802,0.06986523253350801
1997-05-10,6.997360111498071,0.0699736011149807
1997-05-11,7.008159378276481,0.07008159378276481
1997-05-12,7.018921007426003,0.07018921007426003
1997-05-13,7.029644952686607,0.07029644952686608
1997-05-14,7.040331167798264,0.07040331167798264
1997-05-15,7.050979606500949,0.07050979606500948
1997-05-16,7.061590222534632,0.07061590222534632
1997-05-17,7.072162969639281,0.07072162969639281
1997-05-18,7.082697801554871,0.07082697801554871
1997-05-19,7.093194672021373,0.07093194672021373
1997-05-20,7.103653534778757,0.07103653534778757
1997-05-21,7.114074343566997,0.07114074343566996
1997-05-22,7.124457052126062,0.07124457052126063
1997-05-23,7.134801614195926,0.07134801614195925
1997-05-24,7.1451079835165565,0.07145107983516556
1997-05-25,7.155376113827929,0.07155376113827928
1997-05-26,7.165605958870012,0.07165605958870012
1997-05-27,7.175797472382779,0.07175797472382779
1997-05-28,7.185950608106202,0.07185950608106202
1997-05-29,7.196065319780249,0.0719606531978025
1997-05-30,7.2061415611448965,0.07206141561144896
1997-05-31,7.21617928594011,0.07216179285940111
1997-06-01,7.226178447905867,0.07226178447905868
1997-06-02,7.236139000782134,0.07236139000782134
1997-06-03,7.246060898308887,0.07246060898308887
1997-06-04,7.255944094226094,0.07255944094226094
1997-06-05,7.265788542273725,0.07265788542273725
1997-06-06,7.275594196191756,0.07275594196191756
1997-06-07,7.285361009720155,0.07285361009720155
1997-06-08,7.2950889365989,0.072950889365989
1997-06-09,7.304777930567953,0.07304777930567953
1997-06-10,7.31442794536729,0.0731442794536729
1997-06-11,7.324038934736883,0.07324038934736883
1997-06-12,7.333610852416703,0.07333610852416703
1997-06-13,7.343143652146718,0.07343143652146718
1997-06-14,7.352637287666907,0.07352637287666906
1997-06-15,7.362091712717233,0.07362091712717234
1997-06-16,7.371506881037677,0.07371506881037676
1997-06-17,7.380882746368201,0.073808827463682
1997-06-18,7.390219262448783,0.07390219262448783
1997-06-19,7.39951638301939,0.0739951638301939
1997-06-20,7.408774061819996,0.07408774061819996
1997-06-21,7.417992252590572,0.07417992252590572
1997-06-22,7.427170909071091,0.0742717090907109
1997-06-23,7.436309985001522,0.07436309985001521
1997-06-24,7.445409434121835,0.07445409434121836
1997-06-25,7.454469210172006,0.07454469210172006
1997-06-26,7.4634892668920045,0.07463489266892004
1997-06-27,7.4724695580218,0.07472469558021799
1997-06-28,7.481410037301365,0.07481410037301366
1997-06-29,7.4903106584706745,0.07490310658470674
1997-06-30,7.499171375269697,0.07499171375269696
1997-07-01,7.507992141438403,0.07507992141438403
1997-07-02,7.516772910716764,0.07516772910716764
1997-07-03,7.525513636844753,0.07525513636844754
1997-07-04,7.534214273562342,0.07534214273562342
1997-07-05,7.542874774609501,0.07542874774609501
1997-07-06,7.551495093726201,0.07551495093726202
1997-07-07,7.560075184652415,0.07560075184652415
1997-07-08,7.568615001128114,0.07568615001128114
1997-07-09,7.57711449689327,0.07577114496893271
1997-07-10,7.585573625687854,0.07585573625687854
1997-07-11,7.593992341251837,0.07593992341251837
1997-07-12,7.60237059732519,0.07602370597325189
1997-07-13,7.610708347647884,0.07610708347647883
1997-07-14,7.619005545959893,0.07619005545959893
1997-07-15,7.627262146001188,0.07627262146001187
1997-07-16,7.635478101511738,0.07635478101511738
1997-07-17,7.643653366231516,0.07643653366231516
1997-07-18,7.651787893900493,0.07651787893900493
1997-07-19,7.659881638258641,0.07659881638258641
1997-07-20,7.667934553045932,0.07667934553045933
1997-07-21,7.675946592002339,0.07675946592002339
1997-07-22,7.68391770886783,0.07683917708867831
1997-07-23,7.691847857382377,0.07691847857382376
1997-07-24,7.699736991285951,0.0769973699128595
1997-07-25,7.707585064318526,0.07707585064318527
1997-07-26,7.715392030220072,0.07715392030220072
1997-07-27,7.723157842730562,0.07723157842730562
1997-07-28,7.730882455589966,0.07730882455589966
1997-07-29,7.738565822538254,0.07738565822538254
1997-07-30,7.7462078973154,0.07746207897315399
1997-07-31,7.753808633661374,0.07753808633661374
1997-08-01,7.761367985316149,0.07761367985316149
1997-08-02,7.768885906019692,0.07768885906019692
1997-08-03,7.776362349511983,0.07776362349511982
1997-08-04,7.783797269532986,0.07783797269532985
1997-08-05,7.791190619822676,0.07791190619822676
1997-08-06,7.798542354121019,0.07798542354121019
1997-08-07,7.805852426167997,0.07805852426167997
1997-08-08,7.813120789703571,0.0781312078970357
1997-08-09,7.8203473984677165,0.07820347398467717
1997-08-10,7.827532206200407,0.07827532206200406
1997-08-11,7.8346751666416115,0.07834675166641611
1997-08-12,7.841776233531302,0.07841776233531302
1997-08-13,7.848835360609451,0.0784883536060945
1997-08-14,7.855852501616028,0.07855852501616029
1997-08-15,7.862827610291005,0.07862827610291005
1997-08-16,7.869760640374354,0.07869760640374354
1997-08-17,7.876651545606047,0.07876651545606048
1997-08-18,7.883500279726055,0.07883500279726055
1997-08-19,7.890306796474351,0.07890306796474351
1997-08-20,7.897071049590902,0.07897071049590902
1997-08-21,7.903792992815684,0.07903792992815684
1997-08-22,7.910472579888665,0.07910472579888665
1997-08-23,7.91710976454982,0.07917109764549819
1997-08-24,7.9237045005391185,0.07923704500539118
1997-08-25,7.930256741596529,0.0793025674159653
1997-08-26,7.936766441462031,0.07936766441462031
1997-08-27,7.943233553875589,0.0794323355387559
1997-08-28,7.949658032577173,0.07949658032577173
1997-08-29,7.9560398313067635,0.07956039831306763
1997-08-30,7.962378903804325,0.07962378903804325
1997-08-31,7.96867520380983,0.0796867520380983
1997-09-01,7.974928685063249,0.07974928685063248
1997-09-02,7.981139301304557,0.07981139301304557
1997-09-03,7.987307006273721,0.07987307006273721
1997-09-04,7.993431753710715,0.07993431753710716
1997-09-05,7.999513497355511,0.07999513497355511
1997-09-06,8.005552190948078,0.08005552190948079
1997-09-07,8.011547788228391,0.08011547788228392
1997-09-08,8.017500242936423,0.08017500242936423
1997-09-09,8.023409508812138,0.08023409508812138
1997-09-10,8.029275539595513,0.08029275539595514
1997-09-11,8.035098289026514,0.08035098289026514
1997-09-12,8.040877710845121,0.08040877710845122
1997-09-13,8.0466137587913,0.080466137587913
1997-09-14,8.052306386605023,0.08052306386605024
1997-09-15,8.057955548026262,0.08057955548026262
1997-09-16,8.06356119679499,0.0806356119679499
1997-09-17,8.06912328665117,0.0806912328665117
1997-09-18,8.07464177133479,0.0807464177133479
1997-09-19,8.080116604585807,0.08080116604585807
1997-09-20,8.085547740144198,0.08085547740144199
1997-09-21,8.09093513174993,0.0809093513174993
1997-09-22,8.096278733142983,0.08096278733142982
1997-09-23,8.101578498063322,0.08101578498063322
1997-09-24,8.106834380250916,0.08106834380250916
1997-09-25,8.112046333445745,0.08112046333445745
1997-09-26,8.117214311387777,0.08117214311387777
1997-09-27,8.122338267816982,0.08122338267816982
1997-09-28,8.12741815647333,0.0812741815647333
1997-09-29,8.132453931096794,0.08132453931096795
1997-09-30,8.137445545427349,0.08137445545427349
1997-10-01,8.14239295320496,0.08142392953204959
1997-10-02,8.147296108169602,0.08147296108169602
1997-10-03,8.152154964061246,0.08152154964061246
1997-10-04,8.156969474619865,0.08156969474619866
1997-10-05,8.16173959358543,0.0816173959358543
1997-10-06,8.166465274697911,0.08166465274697911
1997-10-07,8.171146471697282,0.08171146471697283
1997-10-08,8.175783138323508,0.08175783138323509
1997-10-09,8.180375228316567,0.08180375228316566
1997-10-10,8.184922695416429,0.08184922695416429
1997-10-11,8.189425493363066,0.08189425493363066
1997-10-12,8.193883575896447,0.08193883575896446
1997-10-13,8.198296896756544,0.08198296896756543
1997-10-14,8.202665409683332,0.08202665409683332
1997-10-15,8.206989068416778,0.08206989068416778
1997-10-16,8.211267826696854,0.08211267826696854
1997-10-17,8.215501638263536,0.08215501638263537
1997-10-18,8.21969045685679,0.0821969045685679
1997-10-19,8.22383423621659,0.0822383423621659
1997-10-20,8.227932930082908,0.08227932930082908
1997-10-21,8.231986492195714,0.08231986492195714
1997-10-22,8.23599487629498,0.08235994876294979
1997-10-23,8.239958036120676,0.08239958036120676
1997-10-24,8.243875925412777,0.08243875925412776
1997-10-25,8.247748497911253,0.08247748497911253
1997-10-26,8.251575707356075,0.08251575707356075
1997-10-27,8.255357507487213,0.08255357507487213
1997-10-28,8.25909385204464,0.0825909385204464
1997-10-29,8.262784694768328,0.08262784694768328
1997-10-30,8.266429989398246,0.08266429989398245
1997-10-31,8.270029689674368,0.08270029689674369
1997-11-01,8.273583749336664,0.08273583749336665
1997-11-02,8.27709212212511,0.0827709212212511
1997-11-03,8.280554761779669,0.0828055476177967
1997-11-04,8.283971622040319,0.08283971622040319
1997-11-05,8.28734265664703,0.0828734265664703
1997-11-06,8.290667819339774,0.08290667819339774
1997-11-07,8.293947063858521,0.08293947063858521
1997-11-08,8.297180343943241,0.0829718034394324
1997-11-09,8.300367613333908,0.08300367613333907
1997-11-10,8.303508825770491,0.0830350882577049
1997-11-11,8.306603934992967,0.08306603934992968
1997-11-12,8.309652894741305,0.08309652894741305
1997-11-13,8.312655658755471,0.0831265565875547
1997-11-14,8.315612180775446,0.08315612180775446
1997-11-15,8.318522414541192,0.08318522414541192
1997-11-16,8.321386313792686,0.08321386313792686
1997-11-17,8.324203832269898,0.08324203832269898
1997-11-18,8.326974923712799,0.08326974923712799
1997-11-19,8.32969954186136,0.08329699541861361
1997-11-20,8.332377640455556,0.08332377640455556
1997-11-21,8.335009173235354,0.08335009173235354
1997-11-22,8.337594093940728,0.08337594093940728
1997-11-23,8.34013235631165,0.0834013235631165
1997-11-24,8.34262391408809,0.0834262391408809
1997-11-25,8.345068721010021,0.08345068721010021
1997-11-26,8.34746673081741,0.08347466730817411
1997-11-27,8.349817897250233,0.08349817897250233
1997-11-28,8.352122174048462,0.08352122174048462
1997-11-29,8.354379514952065,0.08354379514952065
1997-11-30,8.356589873701019,0.08356589873701019
1997-12-01,8.358753204035285,0.08358753204035285
1997-12-02,8.360869459694845,0.08360869459694845
1997-12-03,8.362938594419667,0.08362938594419667
1997-12-04,8.36496056194972,0.0836496056194972
1997-12-05,8.36693531602498,0.0836693531602498
1997-12-06,8.368862810385416,0.08368862810385416
1997-12-07,8.370742998770996,0.08370742998770997
1997-12-08,8.3725758349217,0.08372575834921699
1997-12-09,8.37436127257749,0.0837436127257749
1997-12-10,8.376099265478343,0.08376099265478343
1997-12-11,8.377789767364229,0.08377789767364228
1997-12-12,8.37943273197512,0.0837943273197512
1997-12-13,8.381028113050988,0.08381028113050988
1997-12-14,8.382575864331804,0.08382575864331804
1997-12-15,8.384075939557539,0.08384075939557539
1997-12-16,8.385528292468164,0.08385528292468164
1997-12-17,8.38693287680365,0.0838693287680365
1997-12-18,8.388289646303969,0.08388289646303969
1997-12-19,8.389598554709096,0.08389598554709096
1997-12-20,8.390859555758997,0.08390859555758996
1997-12-21,8.392072603193649,0.08392072603193648
1997-12-22,8.393237650753017,0.08393237650753017
1997-12-23,8.394354652177077,0.08394354652177077
1997-12-24,8.3954235612058,0.08395423561205799
1997-12-25,8.396444331579158,0.08396444331579157
1997-12-26,8.39741691703712,0.0839741691703712
1997-12-27,8.398341271319659,0.08398341271319659
1997-12-28,8.399217348166744,0.08399217348166743
1997-12-29,8.400045101318351,0.08400045101318351
1997-12-30,8.400824484514448,0.08400824484514448
1997-12-31,8.401555451495007,0.08401555451495007
1998-01-01,8.402237956,0.08402237956
1998-01-02,8.402871973781751,0.08402871973781752
1998-01-03,8.403457568641985,0.08403457568641985
1998-01-04,8.403994826394777,0.08403994826394777
1998-01-05,8.40448383285421,0.08404483832854209
1998-01-06,8.404924673834357,0.08404924673834356
1998-01-07,8.405317435149293,0.08405317435149293
1998-01-08,8.405662202613103,0.08405662202613103
1998-01-09,8.405959062039855,0.08405959062039856
1998-01-10,8.406208099243633,0.08406208099243634
1998-01-11,8.406409400038513,0.08406409400038513
1998-01-12,8.406563050238574,0.08406563050238575
1998-01-13,8.406669135657888,0.08406669135657888
1998-01-14,8.406727742110538,0.08406727742110538
1998-01-15,8.406738955410596,0.08406738955410596
1998-01-16,8.406702861372144,0.08406702861372145
1998-01-17,8.406619545809258,0.08406619545809259
1998-01-18,8.406489094536013,0.08406489094536013
1998-01-19,8.40631159336649,0.0840631159336649
1998-01-20,8.406087128114764,0.08406087128114764
1998-01-21,8.405815784594912,0.08405815784594912
1998-01-22,8.405497648621015,0.08405497648621015
1998-01-23,8.405132806007146,0.08405132806007146
1998-01-24,8.404721342567385,0.08404721342567384
1998-01-25,8.404263344115808,0.08404263344115809
1998-01-26,8.403758896466488,0.08403758896466489
1998-01-27,8.40320808543351,0.0840320808543351
1998-01-28,8.402610996830948,0.08402610996830948
1998-01-29,8.40196771647288,0.0840196771647288
1998-01-30,8.401278330173383,0.08401278330173384
1998-01-31,8.400542923746535,0.08400542923746535
1998-02-01,8.399761583006413,0.08399761583006413
1998-02-02,8.398934393767092,0.08398934393767092
1998-02-03,8.398061441842652,0.08398061441842651
1998-02-04,8.39714281304717,0.0839714281304717
1998-02-05,8.39617859319472,0.08396178593194721
1998-02-06,8.395168868099386,0.08395168868099386
1998-02-07,8.394113723575241,0.08394113723575242
1998-02-08,8.393013245436363,0.08393013245436362
1998-02-09,8.391867519496827,0.08391867519496828
1998-02-10,8.390676631570715,0.08390676631570715
1998-02-11,8.389440667472101,0.083894406674721
1998-02-12,8.388159713015064,0.08388159713015064
1998-02-13,8.386833854013679,0.08386833854013678
1998-02-14,8.385463176282027,0.08385463176282026
1998-02-15,8.38404776563418,0.08384047765634181
1998-02-16,8.382587707884221,0.08382587707884222
1998-02-17,8.381083088846227,0.08381083088846226
1998-02-18,8.37953399433427,0.0837953399433427
1998-02-19,8.37794051016243,0.08377940510162431
1998-02-20,8.376302722144786,0.08376302722144785
1998-02-21,8.374620716095418,0.08374620716095418
1998-02-22,8.372894577828394,0.08372894577828394
1998-02-23,8.3711243931578,0.083711243931578
1998-02-24,8.36931024789771,0.0836931024789771
1998-02-25,8.3674522278622,0.083674522278622
1998-02-26,8.365550418865352,0.08365550418865352
1998-02-27,8.363604906721239,0.08363604906721239
1998-02-28,8.361615777243939,0.08361615777243939
1998-03-01,8.35958311624753,0.08359583116247529
1998-03-02,8.35750700954609,0.0835750700954609
1998-03-03,8.355387542953693,0.08355387542953693
1998-03-04,8.353224802284423,0.08353224802284423
1998-03-05,8.35101887335235,0.0835101887335235
1998-03-06,8.348769841971558,0.08348769841971558
1998-03-07,8.346477793956117,0.08346477793956117
1998-03-08,8.344142815120112,0.08344142815120112
1998-03-09,8.341764991277616,0.08341764991277616
1998-03-10,8.339344408242704,0.08339344408242705
1998-03-11,8.33688115182946,0.08336881151829459
1998-03-12,8.334375307851955,0.08334375307851954
1998-03-13,8.33182696212427,0.0833182696212427
1998-03-14,8.329236200460482,0.08329236200460483
1998-03-15,8.326603108674668,0.08326603108674668
1998-03-16,8.323927772580904,0.08323927772580904
1998-03-17,8.32121027799327,0.0832121027799327
1998-03-18,8.318450710725838,0.08318450710725837
1998-03-19,8.31564915659269,0.0831564915659269
1998-03-20,8.312805701407903,0.08312805701407903
1998-03-21,8.309920430985555,0.08309920430985555
1998-03-22,8.306993431139722,0.08306993431139721
1998-03-23,8.30402478768448,0.08304024787684479
1998-03-24,8.301014586433908,0.08301014586433908
1998-03-25,8.297962913202085,0.08297962913202085
1998-03-26,8.294869853803084,0.08294869853803083
1998-03-27,8.291735494050984,0.08291735494050984
1998-03-28,8.288559919759864,0.08288559919759864
1998-03-29,8.2853432167438,0.08285343216743801
1998-03-30,8.282085470816874,0.08282085470816875
1998-03-31,8.278786767793154,0.08278786767793153
1998-04-01,8.275447193486723,0.08275447193486724
1998-04-02,8.272066833711657,0.08272066833711657
1998-04-03,8.268645774282039,0.0826864577428204
1998-04-04,8.265184101011936,0.08265184101011937
1998-04-05,8.261681899715434,0.08261681899715434
1998-04-06,8.258139256206604,0.08258139256206604
1998-04-07,8.254556256299528,0.08254556256299528
1998-04-08,8.250932985808282,0.08250932985808282
1998-04-09,8.247269530546943,0.08247269530546943
1998-04-10,8.243565976329588,0.08243565976329588
1998-04-11,8.239822408970298,0.08239822408970297
1998-04-12,8.236038914283142,0.08236038914283142
1998-04-13,8.232215578082204,0.08232215578082204
1998-04-14,8.228352486181562,0.08228352486181562
1998-04-15,8.224449724395289,0.08224449724395289
1998-04-16,8.220507378537462,0.08220507378537462
1998-04-17,8.216525534422166,0.08216525534422166
1998-04-18,8.21250427786347,0.0821250427786347
1998-04-19,8.208443694675456,0.08208443694675456
1998-04-20,8.204343870672197,0.08204343870672197
1998-04-21,8.200204891667775,0.08200204891667776
1998-04-22,8.196026843476265,0.08196026843476265
1998-04-23,8.191809811911746,0.08191809811911746
1998-04-24,8.187553882788293,0.08187553882788294
1998-04-25,8.183259141919983,0.08183259141919982
1998-04-26,8.1789256751209,0.08178925675120899
1998-04-27,8.174553568205111,0.0817455356820511
1998-04-28,8.170142906986698,0.08170142906986698
1998-04-29,8.16569377727974,0.08165693777279741
1998-04-30,8.161206264898315,0.08161206264898314
1998-05-01,8.156680455656497,0.08156680455656497
1998-05-02,8.152116435368367,0.08152116435368367
1998-05-03,8.147514289847996,0.08147514289847996
1998-05-04,8.14287410490947,0.0814287410490947
1998-05-05,8.138195966366858,0.08138195966366858
1998-05-06,8.133479960034244,0.08133479960034244
1998-05-07,8.1287261717257,0.081287261717257
1998-05-08,8.123934687255307,0.08123934687255308
1998-05-09,8.11910559243714,0.08119105592437141
1998-05-10,8.114238973085278,0.08114238973085279
1998-05-11,8.109334915013799,0.08109334915013798
1998-05-12,8.104393504036777,0.08104393504036776
1998-05-13,8.09941482596829,0.0809941482596829
1998-05-14,8.094398966622423,0.08094398966622424
1998-05-15,8.089346011813245,0.08089346011813245
1998-05-16,8.084256047354833,0.08084256047354833
1998-05-17,8.079129159061267,0.08079129159061267
1998-05-18,8.073965432746625,0.08073965432746626
1998-05-19,8.068764954224982,0.08068764954224981
1998-05-20,8.063527809310418,0.08063527809310418
1998-05-21,8.05825408381701,0.0805825408381701
1998-05-22,8.052943863558838,0.08052943863558838
1998-05-23,8.04759723434997,0.08047597234349971
1998-05-24,8.042214282004492,0.08042214282004492
1998-05-25,8.036795092336476,0.08036795092336475
1998-05-26,8.03133975116,0.08031339751160001
1998-05-27,8.02584834428915,0.08025848344289149
1998-05-28,8.02032095753799,0.08020320957537991
1998-05-29,8.014757676720608,0.08014757676720607
1998-05-30,8.009158587651077,0.08009158587651077
1998-05-31,8.003523776143473,0.08003523776143473
1998-06-01,7.997853328011876,0.07997853328011877
1998-06-02,7.992147329070361,0.0799214732907036
1998-06-03,7.986405865133007,0.07986405865133007
1998-06-04,7.980629022013892,0.07980629022013891
1998-06-05,7.974816885527091,0.07974816885527092
1998-06-06,7.968969541486681,0.07968969541486681
1998-06-07,7.963087075706743,0.07963087075706743
1998-06-08,7.957169574001353,0.07957169574001352
1998-06-09,7.951217122184586,0.07951217122184585
1998-06-10,7.945229806070522,0.07945229806070522
1998-06-11,7.9392077114732365,0.07939207711473237
1998-06-12,7.933150924206805,0.07933150924206805
1998-06-13,7.927059530085311,0.0792705953008531
1998-06-14,7.920933614922826,0.07920933614922826
1998-06-15,7.914773264533429,0.0791477326453343
1998-06-16,7.9085785647312,0.079085785647312
1998-06-17,7.902349601330215,0.07902349601330215
1998-06-18,7.896086460144549,0.07896086460144548
1998-06-19,7.88978922698828,0.07889789226988281
1998-06-20,7.883457987675487,0.07883457987675487
1998-06-21,7.877092828020246,0.07877092828020246
1998-06-22,7.870693833836637,0.07870693833836637
1998-06-23,7.864261090938734,0.07864261090938734
1998-06-24,7.8577946851406155,0.07857794685140615
1998-06-25,7.851294702256359,0.07851294702256359
1998-06-26,7.84476122810004,0.0784476122810004
1998-06-27,7.8381943484857395,0.0783819434848574
1998-06-28,7.831594149227533,0.07831594149227533
1998-06-29,7.824960716139496,0.07824960716139497
1998-06-30,7.8182941350357105,0.07818294135035711
1998-07-01,7.81159449173025,0.0781159449173025
1998-07-02,7.80486187203719,0.0780486187203719
1998-07-03,7.798096361770613,0.07798096361770612
1998-07-04,7.791298046744594,0.07791298046744594
1998-07-05,7.78446701277321,0.07784467012773211
1998-07-06,7.777603345670537,0.07777603345670536
1998-07-07,7.770707131250655,0.07770707131250655
1998-07-08,7.763778455327641,0.07763778455327641
1998-07-09,7.756817403715572,0.07756817403715571
1998-07-10,7.749824062228524,0.07749824062228523
1998-07-11,7.742798516680577,0.07742798516680577
1998-07-12,7.735740852885804,0.07735740852885803
1998-07-13,7.728651156658286,0.07728651156658285
1998-07-14,7.721529513812099,0.07721529513812099
1998-07-15,7.714376010161321,0.07714376010161321
1998-07-16,7.707190731520028,0.07707190731520028
1998-07-17,7.699973763702299,0.07699973763702299
1998-07-18,7.692725192522211,0.07692725192522211
1998-07-19,7.68544510379384,0.07685445103793839
1998-07-20,7.678133583331264,0.07678133583331265
1998-07-21,7.670790716948564,0.07670790716948564
1998-07-22,7.663416590459811,0.07663416590459811
1998-07-23,7.656011289679084,0.07656011289679084
1998-07-24,7.648574900420464,0.07648574900420464
1998-07-25,7.641107508498025,0.07641107508498025
1998-07-26,7.633609199725847,0.07633609199725848
1998-07-27,7.626080059918004,0.07626080059918004
1998-07-28,7.618520174888576,0.07618520174888575
1998-07-29,7.610929630451637,0.07610929630451638
1998-07-30,7.603308512421268,0.07603308512421268
1998-07-31,7.595656906611545,0.07595656906611545
1998-08-01,7.5879748988365465,0.07587974898836547
1998-08-02,7.580262574910346,0.07580262574910346
1998-08-03,7.572520020647025,0.07572520020647025
1998-08-04,7.56474732186066,0.0756474732186066
1998-08-05,7.5569445643653275,0.07556944564365327
1998-08-06,7.549111833975104,0.07549111833975104
1998-08-07,7.5412492165040685,0.07541249216504069
1998-08-08,7.533356797766299,0.07533356797766298
1998-08-09,7.525434663575868,0.07525434663575868
1998-08-10,7.51748289974686,0.0751748289974686
1998-08-11,7.509501592093348,0.07509501592093348
1998-08-12,7.501490826429409,0.07501490826429409
1998-08-13,7.493450688569122,0.07493450688569121
1998-08-14,7.485381264326561,0.07485381264326561
1998-08-15,7.477282639515808,0.07477282639515809
1998-08-16,7.469154899950939,0.07469154899950939
1998-08-17,7.460998131446031,0.07460998131446031
1998-08-18,7.452812419815159,0.0745281241981516
1998-08-19,7.444597850872405,0.07444597850872406
1998-08-20,7.436354510431843,0.07436354510431843
1998-08-21,7.428082484307549,0.07428082484307548
1998-08-22,7.419781858313602,0.07419781858313602
1998-08-23,7.4114527182640835,0.07411452718264083
1998-08-24,7.403095149973065,0.07403095149973064
1998-08-25,7.394709239254625,0.07394709239254625
1998-08-26,7.3862950719228415,0.07386295071922841
1998-08-27,7.3778527337917925,0.07377852733791793
1998-08-28,7.369382310675557,0.07369382310675557
1998-08-29,7.360883888388209,0.07360883888388209
1998-08-30,7.352357552743825,0.07352357552743825
1998-08-31,7.343803389556487,0.07343803389556487
1998-09-01,7.335221484640268,0.07335221484640268
1998-09-02,7.326611923809249,0.0732661192380925
1998-09-03,7.317974792877503,0.07317974792877503
1998-09-04,7.309310177659111,0.07309310177659112
1998-09-05,7.300618163968149,0.07300618163968149
1998-09-06,7.291898837618694,0.07291898837618695
1998-09-07,7.283152284424824,0.07283152284424825
1998-09-08,7.274378590200618,0.07274378590200618
1998-09-09,7.265577840760148,0.07265577840760148
1998-09-10,7.256750121917497,0.07256750121917496
1998-09-11,7.24789551948674,0.0724789551948674
1998-09-12,7.2390141192819515,0.07239014119281952
1998-09-13,7.2301060071172145,0.07230106007117215
1998-09-14,7.221171268806603,0.07221171268806603
1998-09-15,7.212209990164196,0.07212209990164195
1998-09-16,7.203222257004068,0.07203222257004067
1998-09-17,7.1942081551402985,0.07194208155140298
1998-09-18,7.185167770386965,0.07185167770386965
1998-09-19,7.176101188558145,0.07176101188558145
1998-09-20,7.167008495467914,0.07167008495467914
1998-09-21,7.157889776930351,0.07157889776930351
1998-09-22,7.148745118759532,0.07148745118759532
1998-09-23,7.1395746067695365,0.07139574606769536
1998-09-24,7.130378326774438,0.07130378326774438
1998-09-25,7.121156364588317,0.07121156364588317
1998-09-26,7.111908806025251,0.07111908806025251
1998-09-27,7.102635736899316,0.07102635736899315
1998-09-28,7.09333724302459,0.0709333724302459
1998-09-29,7.084013410215151,0.07084013410215151
1998-09-30,7.074664324285073,0.07074664324285072
1998-10-01,7.065290071048439,0.0706529007104844
1998-10-02,7.05589073631932,0.0705589073631932
1998-10-03,7.0464664059118,0.070464664059118
1998-10-04,7.037017165639949,0.0703701716563995
1998-10-05,7.027543101317851,0.07027543101317851
1998-10-06,7.018044298759578,0.07018044298759578
1998-10-07,7.008520843779212,0.07008520843779212
1998-10-08,6.998972822190826,0.06998972822190826
1998-10-09,6.989400319808501,0.06989400319808502
1998-10-10,6.979803422446312,0.06979803422446312
1998-10-11,6.970182215918339,0.06970182215918339
1998-10-12,6.960536786038654,0.06960536786038654
1998-10-13,6.95086721862134,0.0695086721862134
1998-10-14,6.941173599480472,0.06941173599480473
1998-10-15,6.931456014430128,0.06931456014430128
1998-10-16,6.921714549284384,0.06921714549284384
1998-10-17,6.9119492898573185,0.06911949289857318
1998-10-18,6.90216032196301,0.0690216032196301
1998-10-19,6.892347731415533,0.06892347731415532
1998-10-20,6.882511604028966,0.06882511604028965
1998-10-21,6.872652025617386,0.06872652025617386
1998-10-22,6.862769081994871,0.06862769081994871
1998-10-23,6.852862858975498,0.06852862858975498
1998-10-24,6.842933442373345,0.06842933442373346
1998-10-25,6.832980918002489,0.06832980918002489
1998-10-26,6.823005371677008,0.06823005371677007
1998-10-27,6.8130068892109765,0.06813006889210976
1998-10-28,6.802985556418475,0.06802985556418475
1998-10-29,6.79294145911358,0.0679294145911358
1998-10-30,6.782874683110368,0.06782874683110368
1998-10-31,6.772785314222916,0.06772785314222916
1998-11-01,6.762673438265303,0.06762673438265303
1998-11-02,6.7525391410516065,0.06752539141051607
1998-11-03,6.742382508395901,0.067423825083959
1998-11-04,6.732203626112268,0.06732203626112268
1998-11-05,6.72200258001478,0.0672200258001478
1998-11-06,6.71177945591752,0.0671177945591752
1998-11-07,6.701534339634558,0.06701534339634559
1998-11-08,6.69126731697998,0.0669126731697998
1998-11-09,6.680978473767854,0.06680978473767854
1998-11-10,6.670667895812266,0.06670667895812266
1998-11-11,6.660335668927289,0.06660335668927289
1998-11-12,6.649981878926999,0.06649981878926998
1998-11-13,6.639606611625477,0.06639606611625477
1998-11-14,6.629209952836798,0.06629209952836798
1998-11-15,6.618791988375042,0.06618791988375042
1998-11-16,6.608352804054281,0.06608352804054281
1998-11-17,6.597892485688596,0.06597892485688596
1998-11-18,6.587411119092065,0.06587411119092064
1998-11-19,6.576908790078762,0.06576908790078762
1998-11-20,6.56638558446277,0.0656638558446277
1998-11-21,6.55584158805816,0.0655584158805816
1998-11-22,6.545276886679015,0.06545276886679015
1998-11-23,6.534691566139406,0.06534691566139406
1998-11-24,6.524085712253419,0.06524085712253419
1998-11-25,6.5134594108351225,0.06513459410835122
1998-11-26,6.502812747698598,0.06502812747698598
1998-11-27,6.492145808657922,0.06492145808657922
1998-11-28,6.481458679527173,0.06481458679527173
1998-11-29,6.470751446120428,0.06470751446120428
1998-11-30,6.460024194251764,0.06460024194251764
1998-12-01,6.449277009735257,0.06449277009735258
1998-12-02,6.438509978384986,0.06438509978384986
1998-12-03,6.427723186015028,0.06427723186015027
1998-12-04,6.41691671843946,0.06416916718439461
1998-12-05,6.406090661472359,0.06406090661472359
1998-12-06,6.395245100927806,0.06395245100927806
1998-12-07,6.384380122619873,0.06384380122619873
1998-12-08,6.373495812362642,0.06373495812362642
1998-12-09,6.362592255970185,0.06362592255970184
1998-12-10,6.351669539256583,0.06351669539256583
1998-12-11,6.340727748035912,0.06340727748035911
1998-12-12,6.32976696812225,0.0632976696812225
1998-12-13,6.318787285329676,0.06318787285329676
1998-12-14,6.3077887854722645,0.06307788785472264
1998-12-15,6.296771554364094,0.06296771554364095
1998-12-16,6.285735677819243,0.06285735677819243
1998-12-17,6.274681241651787,0.06274681241651786
1998-12-18,6.263608331675801,0.06263608331675802
1998-12-19,6.252517033705369,0.0625251703370537
1998-12-20,6.241407433554563,0.062414074335545626
1998-12-21,6.230279617037462,0.062302796170374625
1998-12-22,6.219133669968143,0.06219133669968144
1998-12-23,6.2079696781606835,0.06207969678160683
1998-12-24,6.196787727429164,0.061967877274291636
1998-12-25,6.185587903587657,0.06185587903587657
1998-12-26,6.174370292450241,0.0617437029245024
1998-12-27,6.163134979830994,0.061631349798309934
1998-12-28,6.151882051543993,0.06151882051543993
1998-12-29,6.140611593403316,0.061406115934033154
1998-12-30,6.12932369122304,0.0612932369122304
1998-12-31,6.118018430817241,0.06118018430817241
1999-01-01,6.106695898,0.06106695898
1999-01-02,6.095356192708923,0.060953561927089235
1999-01-03,6.083999471375757,0.06083999471375757
1999-01-04,6.072625904555773,0.06072625904555773
1999-01-05,6.061235662804245,0.06061235662804245
1999-01-06,6.049828916676454,0.060498289166764536
1999-01-07,6.03840583672767,0.0603840583672767
1999-01-08,6.026966593513171,0.06026966593513171
1999-01-09,6.015511357588229,0.060155113575882296
1999-01-10,6.004040299508122,0.06004040299508122
1999-01-11,5.992553589828127,0.05992553589828127
1999-01-12,5.9810513991035155,0.05981051399103515
1999-01-13,5.969533897889561,0.05969533897889561
1999-01-14,5.958001256741545,0.05958001256741545
1999-01-15,5.946453646214736,0.05946453646214736
1999-01-16,5.9348912368644156,0.059348912368644154
1999-01-17,5.923314199245854,0.05923314199245854
1999-01-18,5.911722703914329,0.05911722703914329
1999-01-19,5.900116921425111,0.05900116921425111
1999-01-20,5.888497022333482,0.05888497022333482
1999-01-21,5.876863177194712,0.058768631771947126
1999-01-22,5.865215556564081,0.05865215556564081
1999-01-23,5.853554330996861,0.05853554330996861
1999-01-24,5.841879671048326,0.05841879671048326
1999-01-25,5.830191747273754,0.05830191747273754
1999-01-26,5.818490730228418,0.05818490730228418
1999-01-27,5.806776790467595,0.058067767904675945
1999-01-28,5.795050098546557,0.05795050098546557
1999-01-29,5.783310825020583,0.05783310825020583
1999-01-30,5.771559140444946,0.057715591404449464
1999-01-31,5.759795215374924,0.057597952153749236
1999-02-01,5.748019220365786,0.05748019220365786
1999-02-02,5.736231325972814,0.05736231325972814
1999-02-03,5.724431702751278,0.05724431702751278
1999-02-04,5.712620521256457,0.05712620521256457
1999-02-05,5.700797952043623,0.05700797952043623
1999-02-06,5.688964165668055,0.05688964165668055
1999-02-07,5.677119332685024,0.05677119332685024
1999-02-08,5.665263623649806,0.056652636236498057
1999-02-09,5.653397209117678,0.056533972091176776
1999-02-10,5.641520259643914,0.056415202596439146
1999-02-11,5.629632945783791,0.056296329457837906
1999-02-12,5.6177354380925815,0.05617735438092582
1999-02-13,5.605827907125562,0.05605827907125562
1999-02-14,5.593910523438006,0.05593910523438006
1999-02-15,5.581983457585193,0.05581983457585193
1999-02-16,5.570046880122392,0.055700468801223924
1999-02-17,5.558100961604884,0.055581009616048845
1999-02-18,5.546145872587941,0.0554614587258794
1999-02-19,5.5341817836268365,0.05534181783626837
1999-02-20,5.52220886527685,0.0552220886527685
1999-02-21,5.510227288093255,0.05510227288093254
1999-02-22,5.4982372226313245,0.05498237222631325
1999-02-23,5.486238839446337,0.05486238839446336
1999-02-24,5.474232309093566,0.05474232309093566
1999-02-25,5.462217802128286,0.054622178021282865
1999-02-26,5.450195489105773,0.054501954891057726
1999-02-27,5.4381655405813,0.054381655405813
1999-02-28,5.426128127110148,0.054261281271101476
1999-03-01,5.414083419247586,0.05414083419247586
1999-03-02,5.402031587548893,0.05402031587548893
1999-03-03,5.38997280256934,0.0538997280256934
1999-03-04,5.377907234864207,0.05377907234864207
1999-03-05,5.365835054988766,0.053658350549887664
1999-03-06,5.353756433498293,0.05353756433498293
1999-03-07,5.341671540948066,0.053416715409480654
1999-03-08,5.329580547893355,0.05329580547893355
1999-03-09,5.317483624889437,0.053174836248894373
1999-03-10,5.305380942491589,0.053053809424915895
1999-03-11,5.293272671255084,0.052932726712550844
1999-03-12,5.281158981735199,0.05281158981735199
1999-03-13,5.269040044487209,0.05269040044487209
1999-03-14,5.256916030066387,0.05256916030066387
1999-03-15,5.24478710902801,0.0524478710902801
1999-03-16,5.232653451927354,0.05232653451927354
1999-03-17,5.220515229319692,0.052205152293196916
1999-03-18,5.208372611760299,0.052083726117602994
1999-03-19,5.196225769804452,0.05196225769804452
1999-03-20,5.184074874007426,0.051840748740074265
1999-03-21,5.171920094924494,0.05171920094924494
1999-03-22,5.159761603110935,0.05159761603110935
1999-03-23,5.147599569122021,0.05147599569122021
1999-03-24,5.135434163513028,0.05135434163513028
1999-03-25,5.123265556839231,0.05123265556839231
1999-03-26,5.1110939196559055,0.051110939196559055
1999-03-27,5.098919422518326,0.050989194225183256
1999-03-28,5.08674223598177,0.0508674223598177
1999-03-29,5.074562530601508,0.05074562530601508
1999-03-30,5.0623804769328205,0.05062380476932821
1999-03-31,5.050196245530978,0.05050196245530978
1999-04-01,5.038010006951259,0.05038010006951259
1999-04-02,5.025821931748938,0.05025821931748938
1999-04-03,5.013632190479289,0.050136321904792884
1999-04-04,5.001440953697588,0.05001440953697588
1999-04-05,4.98924839195911,0.049892483919591106
1999-04-06,4.977054675819131,0.049770546758191314
1999-04-07,4.964859975832924,0.04964859975832924
1999-04-08,4.952664462555765,0.04952664462555765
1999-04-09,4.940468306542931,0.049404683065429306
1999-04-10,4.928271678349694,0.049282716783496945
1999-04-11,4.916074748531335,0.04916074748531335
1999-04-12,4.9038776876431225,0.049038776876431225
1999-04-13,4.891680666240334,0.04891680666240334
1999-04-14,4.879483854878246,0.04879483854878246
1999-04-15,4.8672874241121304,0.0486728742411213
1999-04-16,4.855091544497266,0.048550915444972656
1999-04-17,4.842896386588925,0.04842896386588925
1999-04-18,4.830702120942387,0.04830702120942387
1999-04-19,4.818508918112922,0.04818508918112922
1999-04-20,4.806316948655808,0.04806316948655808
1999-04-21,4.79412638312632,0.0479412638312632
1999-04-22,4.781937392079732,0.047819373920797326
1999-04-23,4.7697501460713205,0.04769750146071321
1999-04-24,4.757564815656361,0.04757564815656361
1999-04-25,4.7453815713901255,0.047453815713901254
1999-04-26,4.733200583827894,0.047332005838278936
1999-04-27,4.721022023524935,0.04721022023524935
1999-04-28,4.70884606103653,0.0470884606103653
1999-04-29,4.696672866917954,0.04696672866917954
1999-04-30,4.6845026117244775,0.046845026117244774
1999-05-01,4.672335466011379,0.04672335466011379
1999-05-02,4.660171600333934,0.04660171600333934
1999-05-03,4.648011185247413,0.04648011185247413
1999-05-04,4.635854391307097,0.04635854391307097
1999-05-05,4.623701389068258,0.046237013890682584
1999-05-06,4.611552349086172,0.04611552349086172
1999-05-07,4.599407441916115,0.045994074419161146
1999-05-08,4.587266838113362,0.04587266838113362
1999-05-09,4.575130708233186,0.045751307082331855
1999-05-10,4.562999222830864,0.04562999222830864
1999-05-11,4.550872552461671,0.04550872552461671
1999-05-12,4.538750867680882,0.045387508676808824
1999-05-13,4.52663433904377,0.045266343390437704
1999-05-14,4.514523137105616,0.045145231371056166
1999-05-15,4.50241743242169,0.045024174324216897
1999-05-16,4.490317395547268,0.04490317395547268
1999-05-17,4.478223197037625,0.04478223197037625
1999-05-18,4.466135007448038,0.04466135007448038
1999-05-19,4.454052997333781,0.04454052997333781
1999-05-20,4.44197733725013,0.044419773372501296
1999-05-21,4.429908197752359,0.04429908197752359
1999-05-22,4.4178457493957435,0.044178457493957435
1999-05-23,4.405790162735558,0.04405790162735558
1999-05-24,4.393741608327078,0.04393741608327078
1999-05-25,4.38170025672558,0.0438170025672558
1999-05-26,4.3696662784863385,0.04369666278486339
1999-05-27,4.357639844164628,0.04357639844164628
1999-05-28,4.345621124315724,0.043456211243157246
1999-05-29,4.333610289494901,0.04333610289494901
1999-05-30,4.321607510257436,0.04321607510257436
1999-05-31,4.309612957158602,0.04309612957158602
1999-06-01,4.297626800753676,0.04297626800753676
1999-06-02,4.2856492115979306,0.042856492115979306
1999-06-03,4.273680360246645,0.04273680360246645
1999-06-04,4.261720417255091,0.04261720417255091
1999-06-05,4.249769553178545,0.04249769553178545
1999-06-06,4.237827938572282,0.04237827938572283
1999-06-07,4.225895743991577,0.04225895743991577
1999-06-08,4.2139731399917055,0.04213973139991706
1999-06-09,4.202060297127942,0.04202060297127942
1999-06-10,4.190157385955563,0.041901573859555626
1999-06-11,4.178264577029841,0.041782645770298416
1999-06-12,4.166382040906056,0.04166382040906056
1999-06-13,4.154509948139479,0.04154509948139479
1999-06-14,4.142648469285385,0.04142648469285385
1999-06-15,4.13079777489905,0.041307977748990504
1999-06-16,4.1189580355357505,0.041189580355357504
1999-06-17,4.107129421750761,0.04107129421750761
1999-06-18,4.0953121040993565,0.040953121040993565
1999-06-19,4.083506253136812,0.04083506253136812
1999-06-20,4.071712039418403,0.040717120394184035
1999-06-21,4.0599296334994035,0.04059929633499403
1999-06-22,4.0481592059350895,0.040481592059350896
1999-06-23,4.036400927280738,0.04036400927280738
1999-06-24,4.024654968091621,0.04024654968091621
1999-06-25,4.012921498923014,0.040129214989230146
1999-06-26,4.001200690330195,0.04001200690330195
1999-06-27,3.989492712868436,0.03989492712868436
1999-06-28,3.9777977370930144,0.03977797737093015
1999-06-29,3.9661159335592053,0.039661159335592056
1999-06-30,3.954447472822282,0.03954447472822282
1999-07-01,3.942792525437521,0.03942792525437521
1999-07-02,3.931151261960196,0.03931151261960196
1999-07-03,3.919523852945585,0.039195238529455854
1999-07-04,3.907910468948961,0.039079104689489615
1999-07-05,3.8963112805255995,0.038963112805255995
1999-07-06,3.8847264582307757,0.03884726458230776
1999-07-07,3.8731561726197645,0.03873156172619765
1999-07-08,3.8616005942478426,0.038616005942478424
1999-07-09,3.850059893670284,0.03850059893670284
1999-07-10,3.838534241442362,0.03838534241442362
1999-07-11,3.8270238081193555,0.03827023808119356
1999-07-12,3.815528764256537,0.03815528764256537
1999-07-13,3.8040492804091826,0.03804049280409182
1999-07-14,3.7925855271325672,0.03792585527132567
1999-07-15,3.781137674981966,0.03781137674981966
1999-07-16,3.7697058945126543,0.037697058945126545
1999-07-17,3.7582903562799075,0.03758290356279907
1999-07-18,3.7468912308389997,0.037468912308389994
1999-07-19,3.7355086887452074,0.03735508688745207
1999-07-20,3.7241429005538045,0.03724142900553804
1999-07-21,3.7127940368200685,0.03712794036820068
1999-07-22,3.7014622680992715,0.03701462268099272
1999-07-23,3.690147764946691,0.03690147764946691
1999-07-24,3.6788506979176003,0.036788506979176
1999-07-25,3.6675712375672758,0.036675712375672756
1999-07-26,3.6563095544509925,0.03656309554450993
1999-07-27,3.645065819124025,0.03645065819124025
1999-07-28,3.633840202141648,0.03633840202141648
1999-07-29,3.622632874059139,0.03622632874059139
1999-07-30,3.611444005431771,0.036114440054317715
1999-07-31,3.600273766814821,0.03600273766814821
1999-08-01,3.589122328763562,0.03589122328763562
1999-08-02,3.57798986183327,0.0357798986183327
1999-08-03,3.566876536579221,0.035668765365792214
1999-08-04,3.5557825235566884,0.03555782523556689
1999-08-05,3.5447079933209498,0.035447079933209495
1999-08-06,3.5336531164272778,0.03533653116427278
1999-08-07,3.52261806343095,0.0352261806343095
1999-08-08,3.511603004887239,0.03511603004887239
1999-08-09,3.5006081113514225,0.03500608111351423
1999-08-10,3.4896335533787743,0.034896335533787744
1999-08-11,3.478679501524569,0.03478679501524569
1999-08-12,3.4677461263440827,0.034677461263440824
1999-08-13,3.45683359839259,0.034568335983925905
1999-08-14,3.445942088225368,0.03445942088225368
1999-08-15,3.435071766397688,0.03435071766397688
1999-08-16,3.4242228034648288,0.03424222803464829
1999-08-17,3.413395369982064,0.03413395369982064
1999-08-18,3.4025896365046693,0.034025896365046694
1999-08-19,3.3918057735879192,0.03391805773587919
1999-08-20,3.3810439517870887,0.03381043951787089
1999-08-21,3.3703043416574534,0.033703043416574534
1999-08-22,3.35958711375429,0.0335958711375429
1999-08-23,3.3488924386328707,0.03348892438632871
1999-08-24,3.3382204868484724,0.03338220486848473
1999-08-25,3.32757142895637,0.0332757142895637
1999-08-26,3.3169454355118386,0.03316945435511839
1999-08-27,3.306342677070153,0.03306342677070153
1999-08-28,3.2957633241865905,0.0329576332418659
1999-08-29,3.285207547416423,0.03285207547416423
1999-08-30,3.274675517314928,0.03274675517314928
1999-08-31,3.2641674044373787,0.032641674044373785
1999-09-01,3.2536833793390523,0.03253683379339052
1999-09-02,3.243223612575222,0.03243223612575222
1999-09-03,3.232788274701166,0.03232788274701166
1999-09-04,3.2223775362721554,0.03222377536272156
1999-09-05,3.2119915678434685,0.03211991567843468
1999-09-06,3.201630539970379,0.032016305399703786
1999-09-07,3.1912946232081625,0.03191294623208162
1999-09-08,3.1809839881120956,0.03180983988112095
1999-09-09,3.1706988052374507,0.031706988052374506
1999-09-10,3.1604392451395036,0.031604392451395034
1999-09-11,3.150205478373531,0.031502054783735314
1999-09-12,3.1399976754948073,0.03139997675494807
1999-09-13,3.1298160070586065,0.03129816007058606
1999-09-14,3.119660643620206,0.031196606436202062
1999-09-15,3.10953175573488,0.0310953175573488
1999-09-16,3.0994295139579013,0.030994295139579013
1999-09-17,3.0893540888445497,0.030893540888445495
1999-09-18,3.0793056509500962,0.03079305650950096
1999-09-19,3.0692843708298185,0.030692843708298185
1999-09-20,3.05929041903899,0.0305929041903899
1999-09-21,3.049323966132888,0.030493239661328882
1999-09-22,3.0393851826667864,0.030393851826667862
1999-09-23,3.029474239195959,0.03029474239195959
1999-09-24,3.0195913062756827,0.03019591306275683
1999-09-25,3.009736554461233,0.030097365544612332
1999-09-26,2.9999101543078837,0.029999101543078836
1999-09-27,2.9901122763709105,0.029901122763709105
1999-09-28,2.9803430912055893,0.02980343091205589
1999-09-29,2.970602769367194,0.02970602769367194
1999-09-30,2.960891481411001,0.02960891481411001
1999-10-01,2.951209397892284,0.02951209397892284
1999-10-02,2.94155668936632,0.0294155668936632
1999-10-03,2.9319335263883826,0.029319335263883826
1999-10-04,2.922340079513747,0.02922340079513747
1999-10-05,2.9127765192976893,0.029127765192976895
1999-10-06,2.9032430162954848,0.02903243016295485
1999-10-07,2.8937397410624075,0.028937397410624077
1999-10-08,2.8842668641537337,0.028842668641537336
1999-10-09,2.874824556124737,0.028748245561247374
1999-10-10,2.865412987530694,0.028654129875306942
1999-10-11,2.8560323289268807,0.02856032328926881
1999-10-12,2.8466827508685695,0.028466827508685694
1999-10-13,2.837364423911038,0.028373644239110377
1999-10-14,2.8280775186095597,0.0282807751860956
1999-10-15,2.8188222055194116,0.028188222055194116
1999-10-16,2.8095986551958663,0.028095986551958663
1999-10-17,2.8004070381942014,0.028004070381942015
1999-10-18,2.79124752506969,0.027912475250696903
1999-10-19,2.78212028637761,0.0278212028637761
1999-10-20,2.773025492673234,0.02773025492673234
1999-10-21,2.763963314511838,0.02763963314511838
1999-10-22,2.7549339224486973,0.027549339224486973
1999-10-23,2.745937487039088,0.02745937487039088
1999-10-24,2.7369741788382824,0.027369741788382824
1999-10-25,2.7280441684015586,0.027280441684015586
1999-10-26,2.7191476262841907,0.027191476262841907
1999-10-27,2.7102847230414535,0.027102847230414534
1999-10-28,2.7014556292286223,0.02701455629228622
1999-10-29,2.6926605154009735,0.026926605154009735
1999-10-30,2.6838995521137803,0.026838995521137804
1999-10-31,2.6751729099223183,0.026751729099223184
1999-11-01,2.666480759381864,0.02666480759381864
1999-11-02,2.6578232710476914,0.026578232710476914
1999-11-03,2.6492006154750762,0.026492006154750763
1999-11-04,2.6406129632192936,0.026406129632192937
1999-11-05,2.632060484835618,0.026320604848356178
1999-11-06,2.6235433508793258,0.026235433508793257
1999-11-07,2.61506173190569,0.0261506173190569
1999-11-08,2.606615798469988,0.02606615798469988
1999-11-09,2.5982057211274943,0.02598205721127494
1999-11-10,2.589831670433483,0.02589831670433483
1999-11-11,2.5814938169432313,0.025814938169432314
1999-11-12,2.573192331212012,0.02573192331212012
1999-11-13,2.5649273837951023,0.025649273837951025
1999-11-14,2.5566991452477765,0.025566991452477764
1999-11-15,2.54850778612531,0.025485077861253102
1999-11-16,2.540353476982978,0.02540353476982978
1999-11-17,2.532236388376054,0.02532236388376054
1999-11-18,2.5241566908598156,0.025241566908598155
1999-11-19,2.5161145549895365,0.025161145549895365
1999-11-20,2.5081101513204924,0.025081101513204924
1999-11-21,2.5001436504079595,0.025001436504079596
1999-11-22,2.4922152228072103,0.024922152228072102
1999-11-23,2.484325039073522,0.02484325039073522
1999-11-24,2.4764732697621694,0.024764732697621694
1999-11-25,2.468660085428427,0.024686600854284268
1999-11-26,2.460885656627571,0.024608856566275712
1999-11-27,2.453150153914876,0.024531501539148758
1999-11-28,2.445453747845617,0.024454537478456172
1999-11-29,2.437796608975069,0.02437796608975069
1999-11-30,2.430178907858508,0.02430178907858508
1999-12-01,2.4226008150512093,0.024226008150512093
1999-12-02,2.415062501108446,0.02415062501108446
1999-12-03,2.407564136585496,0.02407564136585496
1999-12-04,2.4001058920376326,0.024001058920376326
1999-12-05,2.392687938020132,0.023926879380201316
1999-12-06,2.3853104450882685,0.023853104450882685
1999-12-07,2.377973583797317,0.02377973583797317
1999-12-08,2.370677524702554,0.02370677524702554
1999-12-09,2.3634224383592537,0.02363422438359254
1999-12-10,2.3562084953226923,0.02356208495322692
1999-12-11,2.349035866148143,0.02349035866148143
1999-12-12,2.3419047213908826,0.023419047213908827
1999-12-13,2.3348152316061856,0.023348152316061858
1999-12-14,2.327767567349328,0.02327767567349328
1999-12-15,2.3207618991755843,0.023207618991755843
1999-12-16,2.3137983976402294,0.023137983976402293
1999-12-17,2.3068772332985388,0.023068772332985387
1999-12-18,2.2999985767057876,0.022999985767057876
1999-12-19,2.2931625984172515,0.022931625984172515
1999-12-20,2.286369468988204,0.02286369468988204
1999-12-21,2.279619358973922,0.02279619358973922
1999-12-22,2.27291243892968,0.0227291243892968
1999-12-23,2.266248879410753,0.02266248879410753
1999-12-24,2.2596288509724167,0.022596288509724168
1999-12-25,2.253052524169947,0.02253052524169947
1999-12-26,2.246520069558616,0.02246520069558616
1999-12-27,2.2400316576937023,0.022400316576937022
1999-12-28,2.233587459130479,0.02233587459130479
1999-12-29,2.2271876444242222,0.022271876444242222
1999-12-30,2.220832384130206,0.02220832384130206
1999-12-31,2.214521848803707,0.022145218488037067
2000-01-01,2.208256209,0.02208256209
2000-01-02,2.2020355877872753,0.022020355877872752
2000-01-03,2.195859918285389,0.02195859918285389
2000-01-04,2.1897290861271133,0.021897290861271134
2000-01-05,2.183642976945218,0.02183642976945218
2000-01-06,2.177601476372476,0.021776014763724757
2000-01-07,2.171604470041658,0.02171604470041658
2000-01-08,2.165651843585536,0.021656518435855362
2000-01-09,2.1597434826368818,0.02159743482636882
2000-01-10,2.1538792728284664,0.021538792728284663
2000-01-11,2.148059099793061,0.021480590997930607
2000-01-12,2.142282849163438,0.02142282849163438
2000-01-13,2.136550406572369,0.021365504065723687
2000-01-14,2.1308616576526243,0.021308616576526242
2000-01-15,2.125216488036976,0.02125216488036976
2000-01-16,2.119614783358196,0.02119614783358196
2000-01-17,2.1140564292490556,0.021140564292490557
2000-01-18,2.108541311342326,0.021085413113423258
2000-01-19,2.103069315270779,0.02103069315270779
2000-01-20,2.0976403266671855,0.020976403266671856
2000-01-21,2.092254231164318,0.02092254231164318
2000-01-22,2.0869109143949482,0.02086910914394948
2000-01-23,2.081610261991846,0.02081610261991846
2000-01-24,2.076352159587785,0.02076352159587785
2000-01-25,2.0711364928155347,0.020711364928155347
2000-01-26,2.0659631473078677,0.020659631473078678
2000-01-27,2.0608320086975556,0.020608320086975555
2000-01-28,2.0557429626173693,0.020557429626173695
2000-01-29,2.050695894700081,0.02050695894700081
2000-01-30,2.0456906905784615,0.020456906905784614
2000-01-31,2.0407272358852833,0.020407272358852833
2000-02-01,2.035805416253317,0.02035805416253317
2000-02-02,2.030925117315334,0.020309251173153343
2000-02-03,2.0260862247041067,0.020260862247041066
2000-02-04,2.0212886240524064,0.020212886240524065
2000-02-05,2.016532200993004,0.02016532200993004
2000-02-06,2.011816841158671,0.02011816841158671
2000-02-07,2.0071424301821796,0.020071424301821798
2000-02-08,2.0025088536963005,0.020025088536963005
2000-02-09,1.9979159973338065,0.019979159973338066
2000-02-10,1.9933637467274683,0.01993363746727468
2000-02-11,1.9888519875100568,0.01988851987510057
2000-02-12,1.9843806053143445,0.019843806053143443
2000-02-13,1.9799494857731024,0.019799494857731022
2000-02-14,1.9755585145191024,0.019755585145191025
2000-02-15,1.9712075771851159,0.01971207577185116
2000-02-16,1.9668965594039138,0.019668965594039137
2000-02-17,1.9626253468082684,0.019626253468082683
2000-02-18,1.9583938250309507,0.019583938250309508
2000-02-19,1.9542018797047325,0.019542018797047325
2000-02-20,1.9500493964623853,0.019500493964623854
2000-02-21,1.9459362609366804,0.019459362609366804
2000-02-22,1.9418623587603898,0.0194186235876039
2000-02-23,1.9378275755662844,0.019378275755662845
2000-02-24,1.9338317969871357,0.019338317969871358
2000-02-25,1.9298749086557156,0.019298749086557158
2000-02-26,1.9259567962047957,0.019259567962047957
2000-02-27,1.9220773452671476,0.019220773452671477
2000-02-28,1.9182364414755424,0.019182364414755425
2000-02-29,1.9144339704627513,0.019144339704627512
2000-03-01,1.9106698178615469,0.019106698178615468
2000-03-02,1.9069438693046996,0.019069438693046996
2000-03-03,1.9032560104249816,0.019032560104249818
2000-03-04,1.899606126855164,0.01899606126855164
2000-03-05,1.8959941042280188,0.018959941042280187
2000-03-06,1.892419828176317,0.018924198281763168
2000-03-07,1.88888318433283,0.0188888318433283
2000-03-08,1.8853840583303298,0.018853840583303298
2000-03-09,1.8819223358015886,0.018819223358015887
2000-03-10,1.8784979023793762,0.018784979023793762
2000-03-11,1.8751106436964646,0.018751106436964645
2000-03-12,1.871760445385627,0.01871760445385627
2000-03-13,1.868447193079633,0.01868447193079633
2000-03-14,1.8651707724112545,0.018651707724112544
2000-03-15,1.8619310690132629,0.018619310690132628
2000-03-16,1.8587279685184308,0.018587279685184307
2000-03-17,1.8555613565595284,0.018555613565595284
2000-03-18,1.852431118769328,0.01852431118769328
2000-03-19,1.8493371407806005,0.018493371407806006
2000-03-20,1.8462793082261182,0.018462793082261182
2000-03-21,1.8432575067386523,0.018432575067386523
2000-03-22,1.840271621950974,0.01840271621950974
2000-03-23,1.837321539495855,0.01837321539495855
2000-03-24,1.8344071450060668,0.01834407145006067
2000-03-25,1.831528324114381,0.018315283241143808
2000-03-26,1.8286849624535697,0.0182868496245357
2000-03-27,1.825876945656403,0.01825876945656403
2000-03-28,1.8231041593556532,0.01823104159355653
2000-03-29,1.8203664891840916,0.018203664891840915
2000-03-30,1.8176638207744904,0.018176638207744903
2000-03-31,1.8149960397596208,0.01814996039759621
2000-04-01,1.8123630317722537,0.018123630317722537
2000-04-02,1.8097646824451608,0.018097646824451606
2000-04-03,1.8072008774111143,0.018072008774111144
2000-04-04,1.804671502302885,0.01804671502302885
2000-04-05,1.8021764427532452,0.018021764427532453
2000-04-06,1.7997155843949655,0.017997155843949654
2000-04-07,1.7972888128608178,0.01797288812860818
2000-04-08,1.7948960137835737,0.017948960137835736
2000-04-09,1.7925370727960044,0.017925370727960042
2000-04-10,1.7902118755308822,0.017902118755308824
2000-04-11,1.7879203076209778,0.017879203076209778
2000-04-12,1.7856622546990624,0.017856622546990622
2000-04-13,1.7834376023979086,0.017834376023979085
2000-04-14,1.7812462363502877,0.017812462363502878
2000-04-15,1.7790880421889705,0.017790880421889706
2000-04-16,1.7769629055467289,0.01776962905546729
2000-04-17,1.7748707120563345,0.017748707120563346
2000-04-18,1.7728113473505585,0.017728113473505586
2000-04-19,1.770784697062173,0.01770784697062173
2000-04-20,1.7687906468239492,0.017687906468239492
2000-04-21,1.7668290822686585,0.017668290822686585
2000-04-22,1.7648998890290724,0.017648998890290722
2000-04-23,1.7630029527379625,0.017630029527379625
2000-04-24,1.7611381590281003,0.017611381590281004
2000-04-25,1.7593053935322576,0.017593053935322577
2000-04-26,1.7575045418832052,0.01757504541883205
2000-04-27,1.7557354897137152,0.017557354897137153
2000-04-28,1.753998122656559,0.017539981226565592
2000-04-29,1.7522923263445083,0.01752292326344508
2000-04-30,1.7506179864103337,0.017506179864103338
2000-05-01,1.748974988486808,0.01748974988486808
2000-05-02,1.747363218206702,0.01747363218206702
2000-05-03,1.7457825612027873,0.017457825612027873
2000-05-04,1.7442329031078359,0.017442329031078358
2000-05-05,1.742714129554618,0.01742714129554618
2000-05-06,1.7412261261759063,0.017412261261759064
2000-05-07,1.7397687786044722,0.01739768778604472
2000-05-08,1.7383419724730869,0.01738341972473087
2000-05-09,1.736945593414522,0.01736945593414522
2000-05-10,1.7355795270615488,0.01735579527061549
2000-05-11,1.7342436590469388,0.017342436590469388
2000-05-12,1.7329378750034643,0.01732937875003464
2000-05-13,1.731662060563896,0.01731662060563896
2000-05-14,1.7304161013610058,0.017304161013610056
2000-05-15,1.729199883027565,0.01729199883027565
2000-05-16,1.728013291196345,0.01728013291196345
2000-05-17,1.7268562115001178,0.017268562115001176
2000-05-18,1.725728529571654,0.01725728529571654
2000-05-19,1.7246301310437264,0.017246301310437265
2000-05-20,1.7235609015491056,0.017235609015491055
2000-05-21,1.7225207267205631,0.017225207267205632
2000-05-22,1.7215094921908713,0.017215094921908713
2000-05-23,1.7205270835928006,0.017205270835928006
2000-05-24,1.719573386559123,0.01719573386559123
2000-05-25,1.7186482867226096,0.017186482867226096
2000-05-26,1.7177516697160327,0.017177516697160326
2000-05-27,1.716883421172164,0.01716883421172164
2000-05-28,1.7160434267237734,0.017160434267237734
2000-05-29,1.715231572003634,0.01715231572003634
2000-05-30,1.7144477426445166,0.017144477426445166
2000-05-31,1.7136918242791934,0.017136918242791933
2000-06-01,1.7129637025404347,0.01712963702540435
2000-06-02,1.712263263061013,0.017122632630610132
2000-06-03,1.7115903914736992,0.017115903914736993
2000-06-04,1.7109449734112654,0.017109449734112655
2000-06-05,1.7103268945064827,0.017103268945064826
2000-06-06,1.7097360403921233,0.017097360403921232
2000-06-07,1.7091722967009573,0.017091722967009573
2000-06-08,1.7086355490657577,0.017086355490657578
2000-06-09,1.7081256831192944,0.017081256831192944
2000-06-10,1.7076425844943406,0.017076425844943406
2000-06-11,1.7071861388236673,0.017071861388236673
2000-06-12,1.7067562317400458,0.017067562317400458
2000-06-13,1.7063527488762473,0.017063527488762473
2000-06-14,1.7059755758650437,0.017059755758650437
2000-06-15,1.7056245983392064,0.017056245983392063
2000-06-16,1.705299701931507,0.01705299701931507
2000-06-17,1.705000772274717,0.01705000772274717
2000-06-18,1.704727695001608,0.01704727695001608
2000-06-19,1.7044803557449513,0.017044803557449514
2000-06-20,1.7042586401375182,0.01704258640137518
2000-06-21,1.704062433812081,0.01704062433812081
2000-06-22,1.7038916224014105,0.017038916224014104
2000-06-23,1.7037460915382783,0.017037460915382784
2000-06-24,1.7036257268554569,0.01703625726855457
2000-06-25,1.703530413985716,0.017035304139857158
2000-06-26,1.7034600385618286,0.017034600385618284
2000-06-27,1.7034144862165654,0.017034144862165656
2000-06-28,1.7033936425826983,0.017033936425826984
2000-06-29,1.7033973932929987,0.017033973932929988
2000-06-30,1.7034256239802383,0.017034256239802384
2000-07-01,1.7034782202771883,0.017034782202771884
2000-07-02,1.7035550678166202,0.017035550678166204
2000-07-03,1.703656052231306,0.01703656052231306
2000-07-04,1.7037810591540166,0.017037810591540165
2000-07-05,1.703929974217524,0.01703929974217524
2000-07-06,1.7041026830545996,0.017041026830545994
2000-07-07,1.7042990712980146,0.017042990712980145
2000-07-08,1.7045190245805408,0.01704519024580541
2000-07-09,1.7047624285349494,0.017047624285349495
2000-07-10,1.7050291687940127,0.017050291687940127
2000-07-11,1.7053191309905011,0.01705319130990501
2000-07-12,1.705632200757187,0.01705632200757187
2000-07-13,1.7059682637268414,0.017059682637268415
2000-07-14,1.706327205532236,0.017063272055322362
2000-07-15,1.706708911806143,0.01706708911806143
2000-07-16,1.7071132681813321,0.01707113268181332
2000-07-17,1.7075401602905769,0.017075401602905767
2000-07-18,1.7079894737666474,0.017079894737666475
2000-07-19,1.7084610942423155,0.017084610942423153
2000-07-20,1.7089549073503534,0.017089549073503532
2000-07-21,1.709470798723532,0.017094707987235322
2000-07-22,1.7100086539946227,0.017100086539946227
2000-07-23,1.7105683587963973,0.017105683587963973
2000-07-24,1.7111497987616269,0.01711149798761627
2000-07-25,1.711752859523084,0.01711752859523084
2000-07-26,1.7123774267135392,0.01712377426713539
2000-07-27,1.713023385965764,0.01713023385965764
2000-07-28,1.7136906229125306,0.017136906229125306
2000-07-29,1.7143790231866092,0.01714379023186609
2000-07-30,1.715088472420773,0.01715088472420773
2000-07-31,1.7158188562477927,0.017158188562477927
2000-08-01,1.71657006030044,0.0171657006030044
2000-08-02,1.7173419702114856,0.017173419702114855
2000-08-03,1.7181344716137021,0.017181344716137022
2000-08-04,1.7189474501398598,0.0171894745013986
2000-08-05,1.7197807914227319,0.017197807914227318
2000-08-06,1.7206343810950884,0.017206343810950885
2000-08-07,1.721508104789702,0.01721508104789702
2000-08-08,1.7224018481393428,0.01722401848139343
2000-08-09,1.7233154967767839,0.01723315496776784
2000-08-10,1.7242489363347957,0.017242489363347956
2000-08-11,1.7252020524461502,0.017252020524461502
2000-08-12,1.7261747307436186,0.017261747307436185
2000-08-13,1.7271668568599723,0.017271668568599723
2000-08-14,1.7281783164279831,0.01728178316427983
2000-08-15,1.7292089950804233,0.017292089950804234
2000-08-16,1.7302587784500632,0.017302587784500632
2000-08-17,1.7313275521696745,0.017313275521696744
2000-08-18,1.7324152018720285,0.017324152018720285
2000-08-19,1.7335216131898978,0.01733521613189898
2000-08-20,1.7346466717560534,0.017346466717560533
2000-08-21,1.735790263203266,0.01735790263203266
2000-08-22,1.7369522731643083,0.017369522731643085
2000-08-23,1.7381325872719509,0.017381325872719507
2000-08-24,1.7393310911589663,0.017393310911589663
2000-08-25,1.7405476704581249,0.017405476704581247
2000-08-26,1.741782210802199,0.01741782210802199
2000-08-27,1.7430345978239596,0.017430345978239597
2000-08-28,1.7443047171561785,0.017443047171561785
2000-08-29,1.7455924544316272,0.017455924544316274
2000-08-30,1.7468976952830775,0.017468976952830773
2000-08-31,1.7482203253433004,0.017482203253433005
2000-09-01,1.7495602302450672,0.01749560230245067
2000-09-02,1.75091729562115,0.017509172956211502
2000-09-03,1.7522914071043207,0.017522914071043207
2000-09-04,1.75368245032735,0.0175368245032735
2000-09-05,1.755090310923009,0.01755090310923009
2000-09-06,1.7565148745240702,0.0175651487452407
2000-09-07,1.757956026763305,0.01757956026763305
2000-09-08,1.7594136532734845,0.017594136532734846
2000-09-09,1.7608876396873807,0.017608876396873807
2000-09-10,1.7623778716377643,0.017623778716377644
2000-09-11,1.7638842347574077,0.01763884234757408
2000-09-12,1.7654066146790819,0.01765406614679082
2000-09-13,1.7669448970355588,0.01766944897035559
2000-09-14,1.7684989674596092,0.017684989674596092
2000-09-15,1.7700687115840055,0.017700687115840056
2000-09-16,1.7716540150415185,0.017716540150415187
2000-09-17,1.77325476346492,0.0177325476346492
2000-09-18,1.7748708424869817,0.01774870842486982
2000-09-19,1.7765021377404748,0.01776502137740475
2000-09-20,1.7781485348581707,0.01778148534858171
2000-09-21,1.7798099194728414,0.017798099194728415
2000-09-22,1.7814861772172583,0.017814861772172584
2000-09-23,1.783177193724193,0.01783177193724193
2000-09-24,1.784882854626416,0.01784882854626416
2000-09-25,1.7866030455567001,0.017866030455567002
2000-09-26,1.7883376521478163,0.017883376521478162
2000-09-27,1.7900865600325357,0.017900865600325357
2000-09-28,1.7918496548436313,0.017918496548436313
2000-09-29,1.793626822213872,0.01793626822213872
2000-09-30,1.795417947776032,0.017954179477760318
2000-10-01,1.7972229171628813,0.017972229171628815
2000-10-02,1.7990416160071918,0.01799041616007192
2000-10-03,1.8008739299417351,0.01800873929941735
2000-10-04,1.8027197445992824,0.018027197445992824
2000-10-05,1.8045789456126053,0.018045789456126053
2000-10-06,1.806451418614476,0.01806451418614476
2000-10-07,1.8083370492376651,0.01808337049237665
2000-10-08,1.8102357231149446,0.018102357231149446
2000-10-09,1.8121473258790852,0.018121473258790852
2000-10-10,1.81407174316286,0.018140717431628598
2000-10-11,1.816008860599039,0.01816008860599039
2000-10-12,1.8179585638203946,0.018179585638203946
2000-10-13,1.8199207384596978,0.018199207384596978
2000-10-14,1.8218952701497204,0.018218952701497204
2000-10-15,1.823882044523234,0.01823882044523234
2000-10-16,1.82588094721301,0.0182588094721301
2000-10-17,1.8278918638518193,0.018278918638518195
2000-10-18,1.8299146800724344,0.018299146800724343
2000-10-19,1.8319492815076266,0.018319492815076267
2000-10-20,1.8339955537901669,0.01833995553790167
2000-10-21,1.836053382552827,0.01836053382552827
2000-10-22,1.8381226534283788,0.018381226534283788
2000-10-23,1.840203252049593,0.01840203252049593
2000-10-24,1.8422950640492424,0.018422950640492423
2000-10-25,1.8443979750600974,0.018443979750600973
2000-10-26,1.8465118707149293,0.018465118707149293
2000-10-27,1.848636636646511,0.01848636636646511
2000-10-28,1.8507721584876131,0.01850772158487613
2000-10-29,1.8529183218710068,0.01852918321871007
2000-10-30,1.8550750124294646,0.018550750124294645
2000-10-31,1.8572421157957573,0.018572421157957573
2000-11-01,1.859419517602656,0.01859419517602656
2000-11-02,1.8616071034829336,0.018616071034829335
2000-11-03,1.8638047590693598,0.0186380475906936
2000-11-04,1.8660123699947078,0.018660123699947077
2000-11-05,1.8682298218917484,0.018682298218917485
2000-11-06,1.8704570003932526,0.018704570003932525
2000-11-07,1.8726937911319927,0.01872693791131993
2000-11-08,1.8749400797407398,0.0187494007974074
2000-11-09,1.8771957518522662,0.01877195751852266
2000-11-10,1.8794606930993423,0.018794606930993423
2000-11-11,1.8817347891147396,0.018817347891147397
2000-11-12,1.8840179255312304,0.018840179255312305
2000-11-13,1.8863099879815861,0.01886309987981586
2000-11-14,1.8886108620985782,0.018886108620985782
2000-11-15,1.8909204335149776,0.018909204335149775
2000-11-16,1.8932385878635563,0.018932385878635563
2000-11-17,1.895565210777086,0.018955652107770858
2000-11-18,1.8979001878883373,0.01897900187888337
2000-11-19,1.9002434048300827,0.019002434048300827
2000-11-20,1.9025947472350937,0.019025947472350938
2000-11-21,1.9049541007361412,0.019049541007361413
2000-11-22,1.9073213509659972,0.019073213509659973
2000-11-23,1.9096963835574328,0.019096963835574327
2000-11-24,1.9120790841432196,0.019120790841432197
2000-11-25,1.9144693383561298,0.019144693383561298
2000-11-26,1.9168670318289336,0.019168670318289335
2000-11-27,1.9192720501944043,0.019192720501944042
2000-11-28,1.9216842790853117,0.019216842790853117
2000-11-29,1.9241036041344275,0.019241036041344275
2000-11-30,1.9265299109745246,0.019265299109745247
2000-12-01,1.928963085238373,0.01928963085238373
2000-12-02,1.931403012558745,0.01931403012558745
2000-12-03,1.9338495785684118,0.01933849578568412
2000-12-04,1.9363026689001455,0.019363026689001455
2000-12-05,1.9387621691867167,0.01938762169186717
2000-12-06,1.941227965060898,0.019412279650608977
2000-12-07,1.9436999421554595,0.019436999421554593
2000-12-08,1.9461779861031738,0.019461779861031737
2000-12-09,1.9486619825368123,0.019486619825368125
2000-12-10,1.9511518170891462,0.019511518170891463
2000-12-11,1.9536473753929473,0.019536473753929473
2000-12-12,1.9561485430809864,0.019561485430809863
2000-12-13,1.9586552057860362,0.019586552057860362
2000-12-14,1.9611672491408674,0.019611672491408674
2000-12-15,1.9636845587782517,0.019636845587782517
2000-12-16,1.9662070203309605,0.019662070203309606
2000-12-17,1.9687345194317654,0.019687345194317654
2000-12-18,1.9712669417134379,0.019712669417134378
2000-12-19,1.9738041728087494,0.019738041728087494
2000-12-20,1.9763460983504717,0.01976346098350472
2000-12-21,1.978892603971376,0.01978892603971376
2000-12-22,1.981443575304234,0.019814435753042342
2000-12-23,1.9839988979818175,0.019839988979818174
2000-12-24,1.9865584576368978,0.01986558457636898
2000-12-25,1.9891221399022458,0.019891221399022458
2000-12-26,1.9916898304106336,0.019916898304106336
2000-12-27,1.994261414794833,0.01994261414794833
2000-12-28,1.9968367786876142,0.01996836778687614
2000-12-29,1.9994158077217512,0.01999415807721751
2000-12-30,2.001998387530013,0.02001998387530013
2000-12-31,2.004584403745172,0.02004584403745172
2001-01-01,2.007173742,0.02007173742
2001-01-02,2.009766310402602,0.02009766310402602
2001-01-03,2.01236210696242,0.020123621069624197
2001-01-04,2.01496115216423,0.0201496115216423
2001-01-05,2.0175634664928057,0.02017563466492806
2001-01-06,2.020169070432925,0.02020169070432925
2001-01-07,2.022777984469361,0.02022777984469361
2001-01-08,2.025390229086892,0.02025390229086892
2001-01-09,2.0280058247702906,0.020280058247702907
2001-01-10,2.0306247920043337,0.020306247920043336
2001-01-11,2.0332471512737973,0.02033247151273797
2001-01-12,2.0358729230634567,0.020358729230634566
2001-01-13,2.038502127858087,0.02038502127858087
2001-01-14,2.0411347861424636,0.020411347861424636
2001-01-15,2.043770918401363,0.02043770918401363
2001-01-16,2.046410545119559,0.02046410545119559
2001-01-17,2.049053686781829,0.02049053686781829
2001-01-18,2.051700363872947,0.02051700363872947
2001-01-19,2.0543505968776894,0.020543505968776896
2001-01-20,2.0570044062808313,0.020570044062808313
2001-01-21,2.059661812567149,0.020596618125671488
2001-01-22,2.0623228362214174,0.020623228362214176
2001-01-23,2.064987497728412,0.02064987497728412
2001-01-24,2.0676558175729083,0.02067655817572908
2001-01-25,2.0703278162396823,0.020703278162396824
2001-01-26,2.073003514213509,0.02073003514213509
2001-01-27,2.0756829319791645,0.020756829319791645
2001-01-28,2.0783660900214236,0.020783660900214235
2001-01-29,2.081053008825062,0.02081053008825062
2001-01-30,2.0837437088748554,0.020837437088748554
2001-01-31,2.0864382106555786,0.020864382106555786
2001-02-01,2.0891365346520088,0.02089136534652009
2001-02-02,2.0918387013489204,0.020918387013489203
2001-02-03,2.094544731231088,0.02094544731231088
2001-02-04,2.09725464478329,0.020972546447832897
2001-02-05,2.0999684624902994,0.020999684624902995
2001-02-06,2.1026862048368917,0.021026862048368917
2001-02-07,2.1054078923078436,0.021054078923078437
2001-02-08,2.1081335453879304,0.021081335453879305
2001-02-09,2.1108631845619277,0.021108631845619275
2001-02-10,2.11359683031461,0.021135968303146103
2001-02-11,2.116334503130754,0.02116334503130754
2001-02-12,2.1190762234951346,0.021190762234951345
2001-02-13,2.1218220118925277,0.02121822011892528
2001-02-14,2.1245718888077083,0.021245718888077084
2001-02-15,2.127325874725452,0.02127325874725452
2001-02-16,2.1300839901305357,0.02130083990130536
2001-02-17,2.1328462555077325,0.021328462555077324
2001-02-18,2.13561269134182,0.0213561269134182
2001-02-19,2.1383833181175724,0.021383833181175725
2001-02-20,2.141158156319766,0.021411581563197658
2001-02-21,2.1439372264331764,0.021439372264331763
2001-02-22,2.1467205489425782,0.02146720548942578
2001-02-23,2.1495081443327484,0.021495081443327485
2001-02-24,2.152300033088461,0.021523000330884612
2001-02-25,2.1550962356944923,0.02155096235694492
2001-02-26,2.157896772635618,0.02157896772635618
2001-02-27,2.160701664396613,0.021607016643966127
2001-02-28,2.163510931462253,0.021635109314622532
2001-03-01,2.1663245943173144,0.021663245943173145
2001-03-02,2.169142673446571,0.02169142673446571
2001-03-03,2.1719651893347995,0.021719651893347996
2001-03-04,2.174792162466775,0.02174792162466775
2001-03-05,2.177623613327275,0.021776236133272748
2001-03-06,2.180459562401072,0.021804595624010718
2001-03-07,2.183300030172943,0.021833000301729428
2001-03-08,2.1861450371276634,0.021861450371276635
2001-03-09,2.1889946037500088,0.021889946037500087
2001-03-10,2.1918487505247546,0.021918487505247546
2001-03-11,2.1947074979366756,0.021947074979366755
2001-03-12,2.1975708664705493,0.021975708664705492
2001-03-13,2.2004388766111482,0.022004388766111483
2001-03-14,2.2033115488432506,0.022033115488432505
2001-03-15,2.2061889036516313,0.022061889036516312
2001-03-16,2.209070961521065,0.02209070961521065
2001-03-17,2.2119577429363284,0.022119577429363282
2001-03-18,2.214849268382196,0.02214849268382196
2001-03-19,2.2177455583434433,0.022177455583434435
2001-03-20,2.220646633304847,0.022206466333048472
2001-03-21,2.2235525137511813,0.022235525137511813
2001-03-22,2.226463220167223,0.02226463220167223
2001-03-23,2.229378773037746,0.02229378773037746
2001-03-24,2.2322991928475266,0.022322991928475266
2001-03-25,2.235224500081341,0.022352245000813408
2001-03-26,2.2381547152239643,0.022381547152239643
2001-03-27,2.241089858760171,0.022410898587601712
2001-03-28,2.244029951174739,0.022440299511747388
2001-03-29,2.246975012952441,0.02246975012952441
2001-03-30,2.2499250645780546,0.022499250645780546
2001-03-31,2.252880126536354,0.02252880126536354
2001-04-01,2.2558402193121156,0.022558402193121156
2001-04-02,2.258805363390115,0.02258805363390115
2001-04-03,2.261775579255128,0.022617755792551278
2001-04-04,2.264750887391928,0.02264750887391928
2001-04-05,2.2677313082852923,0.022677313082852923
2001-04-06,2.2707168624199965,0.022707168624199966
2001-04-07,2.273707570280816,0.022737075702808158
2001-04-08,2.2767034523525256,0.022767034523525256
2001-04-09,2.2797045291199014,0.022797045291199015
2001-04-10,2.282710821067719,0.02282710821067719
2001-04-11,2.285722348680754,0.022857223486807538
2001-04-12,2.288739132443781,0.02288739132443781
2001-04-13,2.2917611928415766,0.022917611928415765
2001-04-14,2.2947885503589145,0.022947885503589144
2001-04-15,2.2978212254805737,0.022978212254805737
2001-04-16,2.300859238691327,0.02300859238691327
2001-04-17,2.3039026104759506,0.023039026104759507
2001-04-18,2.30695136131922,0.0230695136131922
2001-04-19,2.310005511705911,0.023100055117059107
2001-04-20,2.313065082120798,0.02313065082120798
2001-04-21,2.316130093048658,0.02316130093048658
2001-04-22,2.3192005649742655,0.023192005649742654
2001-04-23,2.322276518382397,0.02322276518382397
2001-04-24,2.325357973757827,0.023253579737578273
2001-04-25,2.3284449515853325,0.023284449515853324
2001-04-26,2.331537472349687,0.02331537472349687
2001-04-27,2.3346355565356665,0.023346355565356663
2001-04-28,2.3377392246280477,0.02337739224628048
2001-04-29,2.340848497111606,0.02340848497111606
2001-04-30,2.3439633944711162,0.02343963394471116
2001-05-01,2.347083937191354,0.02347083937191354
2001-05-02,2.350210145757094,0.02350210145757094
2001-05-03,2.353342040653114,0.023533420406531138
2001-05-04,2.3564796423641874,0.023564796423641874
2001-05-05,2.359622971375091,0.02359622971375091
2001-05-06,2.362772048170599,0.023627720481705992
2001-05-07,2.365926893235489,0.023659268932354892
2001-05-08,2.369087527054534,0.023690875270545343
2001-05-09,2.3722539701125114,0.023722539701125114
2001-05-10,2.375426242894196,0.02375426242894196
2001-05-11,2.378604365884364,0.02378604365884364
2001-05-12,2.38178835956779,0.0238178835956779
2001-05-13,2.38497824442925,0.0238497824442925
2001-05-14,2.388174040953519,0.02388174040953519
2001-05-15,2.3913757696253737,0.023913757696253736
2001-05-16,2.394583450929589,0.023945834509295893
2001-05-17,2.3977971053509393,0.023977971053509392
2001-05-18,2.401016753374202,0.024010167533742018
2001-05-19,2.4042424154841506,0.024042424154841507
2001-05-20,2.4074741121655627,0.024074741121655627
2001-05-21,2.4107118639032126,0.024107118639032126
2001-05-22,2.4139556911818767,0.024139556911818766
2001-05-23,2.4172056144863294,0.024172056144863296
2001-05-24,2.4204616543013473,0.024204616543013473
2001-05-25,2.423723831111705,0.02423723831111705
2001-05-26,2.4269921654021775,0.024269921654021774
2001-05-27,2.4302666776575426,0.024302666776575426
2001-05-28,2.4335473883625744,0.024335473883625745
2001-05-29,2.436834318002048,0.02436834318002048
2001-05-30,2.4401274870607397,0.024401274870607396
2001-05-31,2.4434269160234243,0.024434269160234244
2001-06-01,2.446732625374878,0.02446732625374878
2001-06-02,2.4500446355998755,0.024500446355998753
2001-06-03,2.4533629671831942,0.024533629671831942
2001-06-04,2.4566876406096076,0.024566876406096075
2001-06-05,2.460018676363892,0.02460018676363892
2001-06-06,2.463356094930822,0.02463356094930822
2001-06-07,2.4666999167951746,0.024666999167951745
2001-06-08,2.470050162441726,0.02470050162441726
2001-06-09,2.4734068523552493,0.02473406852355249
2001-06-10,2.4767700070205216,0.024767700070205217
2001-06-11,2.4801396469223174,0.024801396469223174
2001-06-12,2.4835157925454125,0.024835157925454127
2001-06-13,2.486898464374584,0.02486898464374584
2001-06-14,2.4902876828946052,0.02490287682894605
2001-06-15,2.4936834685902523,0.024936834685902524
2001-06-16,2.4970858419463022,0.024970858419463022
2001-06-17,2.500494823447529,0.02500494823447529
2001-06-18,2.503910433578709,0.02503910433578709
2001-06-19,2.5073326928246162,0.025073326928246164
2001-06-20,2.5107616216700275,0.025107616216700275
2001-06-21,2.5141972405997186,0.025141972405997186
2001-06-22,2.5176395700984644,0.025176395700984643
2001-06-23,2.5210886306510405,0.025210886306510406
2001-06-24,2.524544442742222,0.02524544442742222
2001-06-25,2.528007026856785,0.02528007026856785
2001-06-26,2.531476403479506,0.02531476403479506
2001-06-27,2.5349525930951584,0.025349525930951584
2001-06-28,2.5384356161885187,0.025384356161885186
2001-06-29,2.541925493244364,0.02541925493244364
2001-06-30,2.545422244747467,0.02545422244747467
2001-07-01,2.548925891182605,0.025489258911826053
2001-07-02,2.5524364530345536,0.025524364530345536
2001-07-03,2.5559539507880866,0.025559539507880865
2001-07-04,2.559478404927982,0.025594784049279822
2001-07-05,2.563009835939013,0.025630098359390133
2001-07-06,2.5665482643059567,0.025665482643059567
2001-07-07,2.570093710513588,0.02570093710513588
2001-07-08,2.573646195046683,0.02573646195046683
2001-07-09,2.577205738390016,0.02577205738390016
2001-07-10,2.580772361028364,0.02580772361028364
2001-07-11,2.5843460834465017,0.025843460834465017
2001-07-12,2.587926926129204,0.02587926926129204
2001-07-13,2.5915149095612477,0.025915149095612478
2001-07-14,2.5951100542274084,0.025951100542274085
2001-07-15,2.59871238061246,0.025987123806124602
2001-07-16,2.6023219092011796,0.026023219092011794
2001-07-17,2.605938660478342,0.026059386604783418
2001-07-18,2.6095626549287214,0.026095626549287213
2001-07-19,2.6131939130370965,0.026131939130370964
2001-07-20,2.616832455288241,0.02616832455288241
2001-07-21,2.620478302166931,0.026204783021669308
2001-07-22,2.624131474157941,0.02624131474157941
2001-07-23,2.627791991746047,0.02627791991746047
2001-07-24,2.631459875416024,0.026314598754160243
2001-07-25,2.6351351456526486,0.026351351456526485
2001-07-26,2.6388178229406964,0.026388178229406964
2001-07-27,2.6425079277649415,0.026425079277649414
2001-07-28,2.6462054806101616,0.026462054806101615
2001-07-29,2.6499105019611293,0.026499105019611294
2001-07-30,2.6536230123026234,0.026536230123026236
2001-07-31,2.6573430321194165,0.026573430321194164
2001-08-01,2.6610705818962863,0.026610705818962865
2001-08-02,2.6648056821180064,0.026648056821180065
2001-08-03,2.668548353269354,0.02668548353269354
2001-08-04,2.6722986158351043,0.026722986158351045
2001-08-05,2.6760564903000326,0.026760564903000324
2001-08-06,2.6798219971489132,0.026798219971489134
2001-08-07,2.6835951568665237,0.026835951568665237
2001-08-08,2.6873759899376384,0.026873759899376383
2001-08-09,2.6911645168470333,0.026911645168470333
2001-08-10,2.694960758079483,0.026949607580794833
2001-08-11,2.6987647341197643,0.026987647341197643
2001-08-12,2.702576465452652,0.02702576465452652
2001-08-13,2.7063959725629223,0.027063959725629222
2001-08-14,2.7102232759353497,0.027102232759353497
2001-08-15,2.71405839605471,0.0271405839605471
2001-08-16,2.7179013534057788,0.027179013534057786
2001-08-17,2.721752168473333,0.02721752168473333
2001-08-18,2.7256108617421457,0.02725610861742146
2001-08-19,2.729477453696995,0.02729477453696995
2001-08-20,2.733351964822654,0.027333519648226542
2001-08-21,2.7372344156038992,0.027372344156038994
2001-08-22,2.741124826525506,0.02741124826525506
2001-08-23,2.7450232180722507,0.027450232180722508
2001-08-24,2.7489296107289083,0.027489296107289084
2001-08-25,2.752844024980254,0.02752844024980254
2001-08-26,2.7567664813110637,0.027567664813110637
2001-08-27,2.760697000206113,0.027606970002061127
2001-08-28,2.764635602150177,0.02764635602150177
2001-08-29,2.768582307628032,0.027685823076280317
2001-08-30,2.772537137124452,0.02772537137124452
2001-08-31,2.7765001111242142,0.02776500111124214
2001-09-01,2.780471250112093,0.02780471250112093
2001-09-02,2.784450574572866,0.027844505745728658
2001-09-03,2.7884381049913047,0.027884381049913046
2001-09-04,2.792433861852188,0.02792433861852188
2001-09-05,2.7964378656402906,0.027964378656402906
2001-09-06,2.8004501368403876,0.028004501368403874
2001-09-07,2.8044706959372547,0.028044706959372546
2001-09-08,2.8084995634156686,0.028084995634156687
2001-09-09,2.8125367597604023,0.028125367597604024
2001-09-10,2.8165823054562336,0.028165823054562337
2001-09-11,2.8206362209879363,0.028206362209879363
2001-09-12,2.8246985268402875,0.028246985268402875
2001-09-13,2.828769243498062,0.02828769243498062
2001-09-14,2.832848391446035,0.02832848391446035
2001-09-15,2.8369359911689833,0.02836935991168983
2001-09-16,2.841032063151681,0.02841032063151681
2001-09-17,2.8451366278789028,0.02845136627878903
2001-09-18,2.8492497058354274,0.028492497058354275
2001-09-19,2.853371317506028,0.028533713175060278
2001-09-20,2.85750148337548,0.0285750148337548
2001-09-21,2.8616402239285597,0.028616402239285597
2001-09-22,2.8657875596500433,0.02865787559650043
2001-09-23,2.8699435110247045,0.028699435110247043
2001-09-24,2.874108098537319,0.028741080985373188
2001-09-25,2.8782813426726643,0.028782813426726644
2001-09-26,2.882463263915515,0.028824632639155152
2001-09-27,2.8866538827506463,0.028866538827506463
2001-09-28,2.890853219662833,0.028908532196628332
2001-09-29,2.895061295136852,0.02895061295136852
2001-09-30,2.8992781296574783,0.028992781296574784
2001-10-01,2.9035037437094866,0.029035037437094867
2001-10-02,2.9077381577776533,0.029077381577776534
2001-10-03,2.9119813923467546,0.029119813923467547
2001-10-04,2.9162334679015642,0.029162334679015644
2001-10-05,2.9204944049268597,0.029204944049268596
2001-10-06,2.924764223907415,0.02924764223907415
2001-10-07,2.929042945328007,0.02929042945328007
2001-10-08,2.933330589673409,0.02933330589673409
2001-10-09,2.9376271774283986,0.029376271774283987
2001-10-10,2.9419327290777506,0.029419327290777505
2001-10-11,2.9462472651062406,0.029462472651062405
2001-10-12,2.9505708059986446,0.029505708059986445
2001-10-13,2.954903372239737,0.02954903372239737
2001-10-14,2.959244984314294,0.02959244984314294
2001-10-15,2.9635956627070916,0.029635956627070918
2001-10-16,2.967955427902904,0.02967955427902904
2001-10-17,2.9723243003865085,0.029723243003865085
2001-10-18,2.976702300642679,0.029767023006426793
2001-10-19,2.981089449156192,0.02981089449156192
2001-10-20,2.9854857664118226,0.029854857664118228
2001-10-21,2.9898912728943468,0.029898912728943468
2001-10-22,2.9943059890885384,0.029943059890885384
2001-10-23,2.998729935479175,0.02998729935479175
2001-10-24,3.003163132551032,0.030031631325510323
2001-10-25,3.0076056007888843,0.030076056007888843
2001-10-26,3.012057360677507,0.03012057360677507
2001-10-27,3.016518432701676,0.03016518432701676
2001-10-28,3.020988837346167,0.030209888373461672
2001-10-29,3.025468595095756,0.03025468595095756
2001-10-30,3.029957726435217,0.03029957726435217
2001-10-31,3.0344562518493268,0.030344562518493268
2001-11-01,3.0389641918228603,0.030389641918228603
2001-11-02,3.043481566840594,0.03043481566840594
2001-11-03,3.048008397387302,0.03048008397387302
2001-11-04,3.0525447039477607,0.030525447039477606
2001-11-05,3.0570905070067456,0.030570905070067454
2001-11-06,3.0616458270490323,0.030616458270490324
2001-11-07,3.0662106845593966,0.030662106845593964
2001-11-08,3.070785100022613,0.030707851000226133
2001-11-09,3.0753690939234573,0.030753690939234572
2001-11-10,3.079962686746705,0.03079962686746705
2001-11-11,3.0845658989771323,0.030845658989771322
2001-11-12,3.089178751099515,0.03089178751099515
2001-11-13,3.093801263598627,0.030938012635986268
2001-11-14,3.098433456959246,0.03098433456959246
2001-11-15,3.1030753516661456,0.031030753516661454
2001-11-16,3.1077269682041018,0.03107726968204102
2001-11-17,3.112388327057891,0.03112388327057891
2001-11-18,3.1170594487122867,0.031170594487122866
2001-11-19,3.1217403536520676,0.031217403536520676
2001-11-20,3.1264310623620064,0.03126431062362006
2001-11-21,3.1311315953268797,0.031311315953268797
2001-11-22,3.1358419730314635,0.031358419730314634
2001-11-23,3.140562215960532,0.03140562215960532
2001-11-24,3.1452923445988623,0.03145292344598862
2001-11-25,3.150032379431229,0.03150032379431229
2001-11-26,3.1547823409424076,0.031547823409424074
2001-11-27,3.1595422496171732,0.031595422496171734
2001-11-28,3.1643121259403033,0.03164312125940303
2001-11-29,3.169091990396571,0.031690919903965706
2001-11-30,3.1738818634707537,0.03173881863470754
2001-12-01,3.1786817656476245,0.03178681765647624
2001-12-02,3.1834917174119624,0.031834917174119626
2001-12-03,3.18831173924854,0.0318831173924854
2001-12-04,3.1931418516421335,0.03193141851642133
2001-12-05,3.19798207507752,0.0319798207507752
2001-12-06,3.2028324300394733,0.032028324300394734
2001-12-07,3.2076929370127694,0.032076929370127696
2001-12-08,3.212563616482184,0.032125636164821836
2001-12-09,3.2174444889324922,0.03217444488932492
2001-12-10,3.2223355748484694,0.03222335574848469
2001-12-11,3.2272368947148924,0.032272368947148924
2001-12-12,3.232148469016535,0.03232148469016535
2001-12-13,3.237070318238174,0.03237070318238174
2001-12-14,3.242002462864585,0.03242002462864585
2001-12-15,3.2469449233805427,0.03246944923380543
2001-12-16,3.2518977202708235,0.03251897720270824
2001-12-17,3.2568608740202016,0.03256860874020202
2001-12-18,3.261834405113453,0.03261834405113453
2001-12-19,3.266818334035354,0.03266818334035354
2001-12-20,3.271812681270679,0.03271812681270679
2001-12-21,3.2768174673042054,0.03276817467304206
2001-12-22,3.2818327126207065,0.03281832712620707
2001-12-23,3.286858437704959,0.03286858437704959
2001-12-24,3.2918946630417385,0.03291894663041738
2001-12-25,3.2969414091158207,0.03296941409115821
2001-12-26,3.3019986964119803,0.033019986964119806
2001-12-27,3.307066545414993,0.03307066545414993
2001-12-28,3.312144976609634,0.03312144976609634
2001-12-29,3.317234010480681,0.03317234010480681
2001-12-30,3.3223336675129067,0.03322333667512907
2001-12-31,3.3274439681910875,0.03327443968191088
2002-01-01,3.332564933,0.03332564933
2002-01-02,3.337696573937256,0.033376965739372565
2002-01-03,3.3428388690518234,0.033428388690518236
2002-01-04,3.3479917879055017,0.033479917879055014
2002-01-05,3.3531553000600964,0.03353155300060096
2002-01-06,3.35832937507741,0.033583293750774096
2002-01-07,3.3635139825192453,0.03363513982519245
2002-01-08,3.368709091947406,0.03368709091947406
2002-01-09,3.373914672923694,0.03373914672923694
2002-01-10,3.379130695009914,0.03379130695009914
2002-01-11,3.3843571277678692,0.033843571277678695
2002-01-12,3.389593940759361,0.03389593940759361
2002-01-13,3.394841103546193,0.03394841103546193
2002-01-14,3.400098585690171,0.03400098585690171
2002-01-15,3.405366356753093,0.03405366356753093
2002-01-16,3.410644386296767,0.03410644386296767
2002-01-17,3.4159326438829933,0.034159326438829934
2002-01-18,3.4212310990735757,0.03421231099073576
2002-01-19,3.426539721430317,0.03426539721430317
2002-01-20,3.4318584805150207,0.03431858480515021
2002-01-21,3.43718734588949,0.0343718734588949
2002-01-22,3.4425262871155287,0.034425262871155285
2002-01-23,3.4478752737549385,0.034478752737549384
2002-01-24,3.4532342753695238,0.03453234275369524
2002-01-25,3.4586032615210867,0.034586032615210864
2002-01-26,3.463982201771429,0.03463982201771429
2002-01-27,3.4693710656823575,0.03469371065682358
2002-01-28,3.474769822815672,0.034747698228156716
2002-01-29,3.480178442733177,0.03480178442733177
2002-01-30,3.4855968949966756,0.03485596894996676
2002-01-31,3.4910251491679714,0.034910251491679714
2002-02-01,3.496463174808867,0.03496463174808867
2002-02-02,3.501910941481164,0.03501910941481164
2002-02-03,3.5073684187466676,0.035073684187466675
2002-02-04,3.5128355761671806,0.03512835576167181
2002-02-05,3.5183123833045045,0.035183123833045046
2002-02-06,3.5237988097204447,0.035237988097204444
2002-02-07,3.529294824976803,0.03529294824976803
2002-02-08,3.534800398635383,0.03534800398635383
2002-02-09,3.5403155002579862,0.035403155002579866
2002-02-10,3.5458400994064183,0.035458400994064186
2002-02-11,3.5513741656424807,0.035513741656424805
2002-02-12,3.5569176685279777,0.03556917668527978
2002-02-13,3.5624705776247105,0.03562470577624711
2002-02-14,3.568032862494484,0.035680328624944836
2002-02-15,3.5736044926991,0.035736044926991
2002-02-16,3.579185437800363,0.035791854378003626
2002-02-17,3.5847756673600757,0.03584775667360076
2002-02-18,3.590375150940039,0.03590375150940039
2002-02-19,3.595983858102059,0.035959838581020594
2002-02-20,3.601601758407938,0.03601601758407938
2002-02-21,3.6072288214194788,0.03607228821419479
2002-02-22,3.6128650166984846,0.03612865016698485
2002-02-23,3.6185103138067576,0.036185103138067574
2002-02-24,3.624164682306103,0.03624164682306103
2002-02-25,3.6298280917583208,0.036298280917583206
2002-02-26,3.635500511725218,0.03635500511725218
2002-02-27,3.6411819117685944,0.03641181911768594
2002-02-28,3.646872261450255,0.03646872261450255
2002-03-01,3.652571530332001,0.03652571530332001
2002-03-02,3.6582796879756385,0.03658279687975639
2002-03-03,3.6639967039429675,0.03663996703942968
2002-03-04,3.669722547795793,0.03669722547795793
2002-03-05,3.6754571890959173,0.036754571890959174
2002-03-06,3.681200597405144,0.03681200597405144
2002-03-07,3.686952742285276,0.03686952742285276
2002-03-08,3.6927135932981168,0.036927135932981164
2002-03-09,3.698483120005468,0.036984831200054684
2002-03-10,3.704261291969136,0.03704261291969136
2002-03-11,3.710048078750919,0.03710048078750919
2002-03-12,3.7158434499126245,0.037158434499126244
2002-03-13,3.7216473750160532,0.03721647375016053
2002-03-14,3.7274598236230094,0.0372745982362301
2002-03-15,3.7332807652952953,0.03733280765295295
2002-03-16,3.7391101695947153,0.03739110169594715
2002-03-17,3.7449480060830713,0.037449480060830716
2002-03-18,3.750794244322166,0.03750794244322166
2002-03-19,3.756648853873804,0.037566488538738035
2002-03-20,3.7625118042997876,0.037625118042997875
2002-03-21,3.76838306516192,0.0376838306516192
2002-03-22,3.7742626060220044,0.037742626060220046
2002-03-23,3.7801503964418437,0.037801503964418434
2002-03-24,3.7860464059832415,0.03786046405983241
2002-03-25,3.7919506042079996,0.03791950604208
2002-03-26,3.7978629606779224,0.037978629606779224
2002-03-27,3.8037834449548127,0.03803783444954813
2002-03-28,3.809712026600474,0.03809712026600474
2002-03-29,3.8156486751767082,0.03815648675176708
2002-03-30,3.82159336024532,0.0382159336024532
2002-03-31,3.827546051368111,0.03827546051368111
2002-04-01,3.8335067181068854,0.038335067181068855
2002-04-02,3.8394753300234443,0.038394753300234445
2002-04-03,3.8454518566795954,0.03845451856679596
2002-04-04,3.851436267637136,0.03851436267637136
2002-04-05,3.857428532457874,0.03857428532457874
2002-04-06,3.863428620703609,0.038634286207036087
2002-04-07,3.869436501936146,0.03869436501936146
2002-04-08,3.8754521457172877,0.038754521457172876
2002-04-09,3.8814755216088375,0.038814755216088376
2002-04-10,3.8875065991725974,0.03887506599172597
2002-04-11,3.893545347970374,0.03893545347970374
2002-04-12,3.8995917375639646,0.03899591737563965
2002-04-13,3.9056457375151767,0.03905645737515177
2002-04-14,3.911707317385812,0.039117073173858125
2002-04-15,3.917776446737674,0.03917776446737674
2002-04-16,3.9238530951325648,0.03923853095132565
2002-04-17,3.929937232132289,0.03929937232132289
2002-04-18,3.936028827298649,0.03936028827298649
2002-04-19,3.9421278501934487,0.039421278501934484
2002-04-20,3.9482342703784887,0.03948234270378489
2002-04-21,3.9543480574155745,0.03954348057415574
2002-04-22,3.9604691808665087,0.039604691808665084
2002-04-23,3.9665976102930944,0.03966597610293095
2002-04-24,3.9727333152571345,0.03972733315257135
2002-04-25,3.978876265320432,0.03978876265320432
2002-04-26,3.9850264300447904,0.039850264300447906
2002-04-27,3.991183778992012,0.03991183778992012
2002-04-28,3.9973482817239,0.039973482817238996
2002-04-29,4.003519907802259,0.04003519907802259
2002-04-30,4.00969862678889,0.04009698626788891
2002-05-01,4.015884408245598,0.04015884408245598
2002-05-02,4.022077221734186,0.04022077221734186
2002-05-03,4.028277036816455,0.04028277036816455
2002-05-04,4.0344838230542095,0.04034483823054209
2002-05-05,4.040697550009253,0.04040697550009253
2002-05-06,4.0469181872433895,0.040469181872433896
2002-05-07,4.053145704318419,0.04053145704318419
2002-05-08,4.059380070796147,0.04059380070796147
2002-05-09,4.065621256238376,0.040656212562383755
2002-05-10,4.071869230206909,0.04071869230206909
2002-05-11,4.0781239622635495,0.040781239622635496
2002-05-12,4.0843854219701,0.040843854219701
2002-05-13,4.090653578888364,0.04090653578888363
2002-05-14,4.096928402580145,0.04096928402580145
2002-05-15,4.103209862607247,0.04103209862607247
2002-05-16,4.10949792853147,0.0410949792853147
2002-05-17,4.115792569914618,0.041157925699146176
2002-05-18,4.122093756318496,0.04122093756318496
2002-05-19,4.128401457304906,0.04128401457304906
2002-05-20,4.134715642435651,0.04134715642435651
2002-05-21,4.141036281272536,0.04141036281272536
2002-05-22,4.147363343377362,0.04147363343377362
2002-05-23,4.15369679831193,0.0415369679831193
2002-05-24,4.160036615638048,0.04160036615638048
2002-05-25,4.166382764917516,0.04166382764917516
2002-05-26,4.1727352157121365,0.04172735215712137
2002-05-27,4.179093937583717,0.04179093937583717
2002-05-28,4.185458900094055,0.04185458900094055
2002-05-29,4.191830072804957,0.04191830072804957
2002-05-30,4.198207425278226,0.04198207425278226
2002-05-31,4.204590927075663,0.04204590927075663
2002-06-01,4.210980547759073,0.04210980547759073
2002-06-02,4.217376256890259,0.04217376256890259
2002-06-03,4.223778024031024,0.04223778024031024
2002-06-04,4.23018581874317,0.0423018581874317
2002-06-05,4.236599610588501,0.042365996105885005
2002-06-06,4.24301936912882,0.042430193691288205
2002-06-07,4.249445063925931,0.04249445063925931
2002-06-08,4.255876664541636,0.04255876664541636
2002-06-09,4.262314140537737,0.04262314140537737
2002-06-10,4.26875746147604,0.0426875746147604
2002-06-11,4.275206596918347,0.04275206596918347
2002-06-12,4.281661516426458,0.042816615164264576
2002-06-13,4.288122189562181,0.0428812218956218
2002-06-14,4.2945885858873165,0.04294588585887316
2002-06-15,4.301060674963667,0.043010606749636665
2002-06-16,4.3075384263530365,0.043075384263530365
2002-06-17,4.31402180961723,0.04314021809617229
2002-06-18,4.320510794318047,0.04320510794318047
2002-06-19,4.327005350017294,0.04327005350017294
2002-06-20,4.333505446276772,0.04333505446276772
2002-06-21,4.340011052658284,0.04340011052658284
2002-06-22,4.346522138723634,0.04346522138723634
2002-06-23,4.353038674034624,0.04353038674034624
2002-06-24,4.3595606281530594,0.04359560628153059
2002-06-25,4.366087970640741,0.04366087970640741
2002-06-26,4.372620671059474,0.04372620671059474
2002-06-27,4.379158698971059,0.04379158698971059
2002-06-28,4.3857020239373,0.043857020239373004
2002-06-29,4.392250615520002,0.04392250615520002
2002-06-30,4.398804443280967,0.04398804443280967
2002-07-01,4.405363476781996,0.044053634767819955
2002-07-02,4.411927685584893,0.04411927685584893
2002-07-03,4.418497039251463,0.04418497039251463
2002-07-04,4.425071507343509,0.044250715073435094
2002-07-05,4.431651059422832,0.04431651059422832
2002-07-06,4.438235665051236,0.04438235665051236
2002-07-07,4.444825293790526,0.04444825293790526
2002-07-08,4.451419915202502,0.044514199152025015
2002-07-09,4.4580194988489685,0.04458019498848968
2002-07-10,4.46462401429173,0.0446462401429173
2002-07-11,4.471233431092587,0.044712334310925875
2002-07-12,4.477847718813344,0.044778477188133436
2002-07-13,4.484466847015804,0.044844668470158035
2002-07-14,4.491090785261769,0.04491090785261769
2002-07-15,4.497719503113046,0.044977195031130464
2002-07-16,4.504352970131434,0.04504352970131434
2002-07-17,4.510991155878736,0.045109911558787366
2002-07-18,4.517634029916758,0.04517634029916758
2002-07-19,4.524281561807301,0.045242815618073015
2002-07-20,4.530933721112168,0.04530933721112168
2002-07-21,4.537590477393166,0.045375904773931656
2002-07-22,4.544251800212091,0.045442518002120916
2002-07-23,4.550917659130752,0.045509176591307515
2002-07-24,4.5575880237109505,0.045575880237109505
2002-07-25,4.5642628635144895,0.04564262863514489
2002-07-26,4.57094214810317,0.0457094214810317
2002-07-27,4.577625847038798,0.04577625847038798
2002-07-28,4.584313929883176,0.045843139298831756
2002-07-29,4.591006366198105,0.04591006366198105
2002-07-30,4.597703125545391,0.04597703125545391
2002-07-31,4.6044041774868365,0.046044041774868365
2002-08-01,4.6111094915842425,0.04611109491584243
2002-08-02,4.617819037399416,0.046178190373994156
2002-08-03,4.624532784494156,0.046245327844941564
2002-08-04,4.6312507024302665,0.04631250702430267
2002-08-05,4.637972760769554,0.046379727607695535
2002-08-06,4.644698929073817,0.04644698929073817
2002-08-07,4.651429176904861,0.04651429176904861
2002-08-08,4.65816347382449,0.0465816347382449
2002-08-09,4.664901789394504,0.04664901789394504
2002-08-10,4.671644093176709,0.046716440931767085
2002-08-11,4.678390354732907,0.04678390354732907
2002-08-12,4.6851405436249,0.046851405436249
2002-08-13,4.691894629414495,0.046918946294144954
2002-08-14,4.698652581663489,0.04698652581663489
2002-08-15,4.70541436993369,0.0470541436993369
2002-08-16,4.712179963786901,0.04712179963786901
2002-08-17,4.718949332784923,0.047189493327849226
2002-08-18,4.725722446489558,0.04725722446489558
2002-08-19,4.732499274462613,0.047324992744626135
2002-08-20,4.7392797862658895,0.047392797862658896
2002-08-21,4.746063951461188,0.04746063951461189
2002-08-22,4.752851739610314,0.04752851739610314
2002-08-23,4.759643120275071,0.047596431202750714
2002-08-24,4.7664380630172625,0.04766438063017262
2002-08-25,4.77323653739869,0.047732365373986896
2002-08-26,4.7800385129811565,0.047800385129811565
2002-08-27,4.786843959326466,0.04786843959326466
2002-08-28,4.793652845996422,0.04793652845996422
2002-08-29,4.800465142552826,0.04800465142552826
2002-08-30,4.807280818557482,0.04807280818557482
2002-08-31,4.814099843572194,0.04814099843572194
2002-09-01,4.820922187158764,0.048209221871587646
2002-09-02,4.827747818878996,0.04827747818878996
2002-09-03,4.834576708294692,0.048345767082946925
2002-09-04,4.8414088249676555,0.04841408824967655
2002-09-05,4.84824413845969,0.048482441384596904
2002-09-06,4.855082618332598,0.04855082618332598
2002-09-07,4.861924234148184,0.048619242341481836
2002-09-08,4.86876895546825,0.048687689554682494
2002-09-09,4.875616751854597,0.04875616751854597
2002-09-10,4.882467592869032,0.048824675928690324
2002-09-11,4.889321448073357,0.04889321448073357
2002-09-12,4.896178287029373,0.04896178287029373
2002-09-13,4.903038079298884,0.04903038079298885
2002-09-14,4.909900794443696,0.04909900794443696
2002-09-15,4.916766402025609,0.049167664020256095
2002-09-16,4.923634871606427,0.04923634871606427
2002-09-17,4.930506172747952,0.049305061727479525
2002-09-18,4.937380275011989,0.04937380275011989
2002-09-19,4.944257147960341,0.04944257147960341
2002-09-20,4.95113676115481,0.049511367611548104
2002-09-21,4.958019084157199,0.04958019084157199
2002-09-22,4.964904086529311,0.049649040865293106
2002-09-23,4.971791737832951,0.04971791737832951
2002-09-24,4.978682007629919,0.04978682007629919
2002-09-25,4.98557486548202,0.0498557486548202
2002-09-26,4.992470280951059,0.049924702809510585
2002-09-27,4.999368223598835,0.04999368223598835
2002-09-28,5.006268662987154,0.05006268662987154
2002-09-29,5.01317156867782,0.050131715686778204
2002-09-30,5.020076910232632,0.05020076910232632
2002-10-01,5.026984657213397,0.05026984657213397
2002-10-02,5.033894779181915,0.05033894779181915
2002-10-03,5.040807245699993,0.05040807245699993
2002-10-04,5.04772202632943,0.05047722026329429
2002-10-05,5.054639090632031,0.05054639090632031
2002-10-06,5.0615584081696,0.050615584081696
2002-10-07,5.0684799485039385,0.050684799485039386
2002-10-08,5.07540368119685,0.050754036811968495
2002-10-09,5.082329575810139,0.050823295758101385
2002-10-10,5.089257601905607,0.05089257601905607
2002-10-11,5.096187729045058,0.050961877290450576
2002-10-12,5.103119926790294,0.051031199267902935
2002-10-13,5.110054164703119,0.051100541647031185
2002-10-14,5.116990412345334,0.05116990412345334
2002-10-15,5.1239286392787475,0.05123928639278748
2002-10-16,5.130868815065157,0.05130868815065157
2002-10-17,5.137810909266369,0.05137810909266369
2002-10-18,5.144754891444186,0.05144754891444186
2002-10-19,5.151700731160408,0.05151700731160408
2002-10-20,5.158648397976841,0.051586483979768415
2002-10-21,5.165597861455288,0.051655978614552886
2002-10-22,5.172549091157553,0.05172549091157553
2002-10-23,5.179502056645437,0.051795020566454374
2002-10-24,5.186456727480743,0.05186456727480743
2002-10-25,5.193413073225277,0.05193413073225277
2002-10-26,5.200371063440838,0.05200371063440838
2002-10-27,5.2073306676892335,0.052073306676892334
2002-10-28,5.214291855532262,0.052142918555322625
2002-10-29,5.221254596531732,0.05221254596531732
2002-10-30,5.228218860249442,0.05228218860249442
2002-10-31,5.235184616247196,0.05235184616247196
2002-11-01,5.2421518340867985,0.05242151834086799
2002-11-02,5.249120483330054,0.05249120483330054
2002-11-03,5.25609053353876,0.052560905335387605
2002-11-04,5.263061954274725,0.052630619542747246
2002-11-05,5.27003471509975,0.0527003471509975
2002-11-06,5.27700878557564,0.0527700878557564
2002-11-07,5.283984135264193,0.05283984135264193
2002-11-08,5.290960733727219,0.05290960733727219
2002-11-09,5.297938550526515,0.05297938550526515
2002-11-10,5.304917555223889,0.05304917555223889
2002-11-11,5.31189771738114,0.0531189771738114
2002-11-12,5.318879006560074,0.05318879006560074
2002-11-13,5.325861392322493,0.05325861392322493
2002-11-14,5.332844844230201,0.05332844844230201
2002-11-15,5.339829331845001,0.05339829331845001
2002-11-16,5.346814824728693,0.05346814824728693
2002-11-17,5.353801292443083,0.053538012924430826
2002-11-18,5.360788704549974,0.05360788704549974
2002-11-19,5.367777030611169,0.05367777030611169
2002-11-20,5.374766240188471,0.05374766240188471
2002-11-21,5.381756302843682,0.05381756302843682
2002-11-22,5.388747188138608,0.05388747188138608
2002-11-23,5.395738865635049,0.05395738865635049
2002-11-24,5.40273130489481,0.0540273130489481
2002-11-25,5.409724475479692,0.054097244754796915
2002-11-26,5.416718346951501,0.05416718346951501
2002-11-27,5.423712888872037,0.05423712888872037
2002-11-28,5.430708070803107,0.054307080708031065
2002-11-29,5.43770386230651,0.054377038623065095
2002-11-30,5.444700232944051,0.05444700232944051
2002-12-01,5.451697152277533,0.05451697152277533
2002-12-02,5.45869458986876,0.0545869458986876
2002-12-03,5.465692515279534,0.05465692515279534
2002-12-04,5.472690898071657,0.05472690898071657
2002-12-05,5.479689707806935,0.054796897078069354
2002-12-06,5.48668891404717,0.054866889140471706
2002-12-07,5.493688486354165,0.054936884863541646
2002-12-08,5.500688394289723,0.05500688394289723
2002-12-09,5.507688607415645,0.05507688607415645
2002-12-10,5.514689095293736,0.055146890952937365
2002-12-11,5.521689827485799,0.05521689827485799
2002-12-12,5.528690773553637,0.05528690773553637
2002-12-13,5.535691903059056,0.05535691903059056
2002-12-14,5.542693185563855,0.055426931855638545
2002-12-15,5.549694590629838,0.05549694590629838
2002-12-16,5.55669608781881,0.0555669608781881
2002-12-17,5.563697646692572,0.05563697646692572
2002-12-18,5.570699236812925,0.05570699236812925
2002-12-19,5.57770082774168,0.0557770082774168
2002-12-20,5.584702389040631,0.05584702389040631
2002-12-21,5.591703890271587,0.05591703890271587
2002-12-22,5.5987053009963486,0.05598705300996348
2002-12-23,5.6057065907767205,0.056057065907767205
2002-12-24,5.612707729174504,0.05612707729174504
2002-12-25,5.619708685751506,0.056197086857515066
2002-12-26,5.626709430069523,0.05626709430069523
2002-12-27,5.633709931690364,0.05633709931690364
2002-12-28,5.6407101601758285,0.05640710160175828
2002-12-29,5.647710085087722,0.05647710085087722
2002-12-30,5.654709675987846,0.05654709675987846
2002-12-31,5.6617089024380025,0.05661708902438003
2003-01-01,5.668707734,0.056687077339999996
2003-01-02,5.675706132818991,0.05675706132818991
2003-01-03,5.68270403137357,0.0568270403137357
2003-01-04,5.689701354725671,0.056897013547256715
2003-01-05,5.6966980279372414,0.056966980279372414
2003-01-06,5.703693976070224,0.05703693976070224
2003-01-07,5.710689124186558,0.05710689124186558
2003-01-08,5.717683397348191,0.05717683397348191
2003-01-09,5.724676720617063,0.057246767206170626
2003-01-10,5.731669019055116,0.05731669019055116
2003-01-11,5.738660217724295,0.05738660217724295
2003-01-12,5.745650241686542,0.057456502416865424
2003-01-13,5.752639016003797,0.057526390160037966
2003-01-14,5.759626465738007,0.057596264657380075
2003-01-15,5.7666125159511115,0.05766612515951111
2003-01-16,5.773597091705055,0.057735970917050544
2003-01-17,5.780580118061779,0.05780580118061779
2003-01-18,5.7875615200832256,0.05787561520083226
2003-01-19,5.794541222831339,0.05794541222831339
2003-01-20,5.801519151368063,0.058015191513680626
2003-01-21,5.808495230755336,0.05808495230755337
2003-01-22,5.815469386055105,0.058154693860551054
2003-01-23,5.8224415423293125,0.058224415423293124
2003-01-24,5.829411624639898,0.058294116246398985
2003-01-25,5.836379558048808,0.05836379558048808
2003-01-26,5.843345267617981,0.05843345267617981
2003-01-27,5.850308678409364,0.05850308678409364
2003-01-28,5.857269715484896,0.05857269715484896
2003-01-29,5.864228303906521,0.05864228303906521
2003-01-30,5.871184368736183,0.058711843687361834
2003-01-31,5.878137835035823,0.05878137835035823
2003-02-01,5.885088627867386,0.05885088627867386
2003-02-02,5.892036672292814,0.05892036672292814
2003-02-03,5.898981893374047,0.058989818933740466
2003-02-04,5.90592421617303,0.0590592421617303
2003-02-05,5.912863565751704,0.05912863565751704
2003-02-06,5.9197998671720145,0.059197998671720146
2003-02-07,5.926733045495902,0.059267330454959015
2003-02-08,5.933663025785311,0.05933663025785311
2003-02-09,5.94058973310218,0.0594058973310218
2003-02-10,5.947513092508457,0.059475130925084566
2003-02-11,5.954433029066083,0.05954433029066083
2003-02-12,5.961349467837,0.059613494678369995
2003-02-13,5.968262333883149,0.05968262333883149
2003-02-14,5.975171552266476,0.059751715522664756
2003-02-15,5.982077048048923,0.059820770480489234
2003-02-16,5.988978746292431,0.05988978746292431
2003-02-17,5.995876572058942,0.059958765720589426
2003-02-18,6.002770450410402,0.060027704504104024
2003-02-19,6.009660306408753,0.060096603064087525
2003-02-20,6.016546065115935,0.060165460651159346
2003-02-21,6.0234276515938925,0.06023427651593893
2003-02-22,6.030304990904569,0.06030304990904569
2003-02-23,6.0371780081099065,0.060371780081099065
2003-02-24,6.044046628271848,0.06044046628271848
2003-02-25,6.050910776452335,0.060509107764523354
2003-02-26,6.057770377713311,0.06057770377713311
2003-02-27,6.064625357116718,0.06064625357116718
2003-02-28,6.0714756397244996,0.060714756397244996
2003-03-01,6.078321150598599,0.06078321150598599
2003-03-02,6.0851618148009585,0.06085161814800959
2003-03-03,6.091997557393518,0.06091997557393518
2003-03-04,6.098828303438225,0.06098828303438225
2003-03-05,6.105653977997019,0.061056539779970186
2003-03-06,6.112474506131844,0.06112474506131844
2003-03-07,6.1192898129046425,0.06119289812904642
2003-03-08,6.126099823377356,0.06126099823377355
2003-03-09,6.132904462611928,0.06132904462611928
2003-03-10,6.139703655670302,0.06139703655670302
2003-03-11,6.14649732761442,0.061464973276144204
2003-03-12,6.153285403506223,0.061532854035062236
2003-03-13,6.160067808407658,0.06160067808407658
2003-03-14,6.166844467380665,0.06166844467380665
2003-03-15,6.173615305487186,0.06173615305487186
2003-03-16,6.180380247789165,0.06180380247789165
2003-03-17,6.187139219348543,0.06187139219348543
2003-03-18,6.193892145227264,0.06193892145227264
2003-03-19,6.200638950487271,0.06200638950487271
2003-03-20,6.207379560190508,0.062073795601905075
2003-03-21,6.214113899398914,0.06214113899398914
2003-03-22,6.220841893174435,0.06220841893174435
2003-03-23,6.227563466579012,0.06227563466579012
2003-03-24,6.234278544674588,0.06234278544674588
2003-03-25,6.240987052523105,0.062409870525231045
2003-03-26,6.247688915186508,0.062476889151865084
2003-03-27,6.254384057726737,0.06254384057726738
2003-03-28,6.261072405205739,0.06261072405205739
2003-03-29,6.267753882685449,0.06267753882685449
2003-03-30,6.274428415227818,0.06274428415227817
2003-03-31,6.281095927894783,0.06281095927894782
2003-04-01,6.287756345748289,0.06287756345748288
2003-04-02,6.294409593850279,0.0629440959385028
2003-04-03,6.301055597262695,0.06301055597262695
2003-04-04,6.30769428104748,0.0630769428104748
2003-04-05,6.314325570266576,0.06314325570266577
2003-04-06,6.3209493899819265,0.06320949389981927
2003-04-07,6.327565665255475,0.06327565665255475
2003-04-08,6.334174321149161,0.06334174321149161
2003-04-09,6.340775282724929,0.06340775282724928
2003-04-10,6.347368475044723,0.06347368475044723
2003-04-11,6.353953823170487,0.06353953823170487
2003-04-12,6.360531252164161,0.0636053125216416
2003-04-13,6.367100687087684,0.06367100687087685
2003-04-14,6.373662053003008,0.06373662053003008
2003-04-15,6.380215274972066,0.06380215274972066
2003-04-16,6.386760278056808,0.06386760278056808
2003-04-17,6.393296987319172,0.06393296987319172
2003-04-18,6.399825327821104,0.06399825327821104
2003-04-19,6.4063452246245465,0.06406345224624546
2003-04-20,6.4128566027914395,0.06412856602791439
2003-04-21,6.419359387383727,0.06419359387383727
2003-04-22,6.425853503463352,0.06425853503463352
2003-04-23,6.432338876092256,0.06432338876092256
2003-04-24,6.438815430332387,0.06438815430332387
2003-04-25,6.445283091245679,0.0644528309124568
2003-04-26,6.451741783894082,0.06451741783894083
2003-04-27,6.458191433339533,0.06458191433339533
2003-04-28,6.46463196464398,0.0646463196464398
2003-04-29,6.4710633028693625,0.06471063302869362
2003-04-30,6.477485373077625,0.06477485373077625
2003-05-01,6.483898100330709,0.0648389810033071
2003-05-02,6.490301409690559,0.06490301409690559
2003-05-03,6.496695226219112,0.06496695226219112
2003-05-04,6.503079474978318,0.06503079474978318
2003-05-05,6.509454081030115,0.06509454081030115
2003-05-06,6.515818969436447,0.06515818969436447
2003-05-07,6.522174065259256,0.06522174065259256
2003-05-08,6.52851929356049,0.0652851929356049
2003-05-09,6.534854579402084,0.06534854579402084
2003-05-10,6.541179847845984,0.06541179847845985
2003-05-11,6.547495023954134,0.06547495023954135
2003-05-12,6.553800032788476,0.06553800032788476
2003-05-13,6.560094799410948,0.06560094799410948
2003-05-14,6.566379248883502,0.06566379248883501
2003-05-15,6.572653306268072,0.06572653306268073
2003-05-16,6.578916896626606,0.06578916896626606
2003-05-17,6.585169945021044,0.06585169945021044
2003-05-18,6.591412376513329,0.0659141237651333
2003-05-19,6.597644116165406,0.06597644116165406
2003-05-20,6.603865089039216,0.06603865089039215
2003-05-21,6.6100752201967,0.066100752201967
2003-05-22,6.616274434699805,0.06616274434699805
2003-05-23,6.62246265761047,0.0662246265761047
2003-05-24,6.628639813990637,0.06628639813990637
2003-05-25,6.634805828902251,0.06634805828902252
2003-05-26,6.640960627407256,0.06640960627407255
2003-05-27,6.647104134567592,0.06647104134567593
2003-05-28,6.653236275445202,0.06653236275445203
2003-05-29,6.659356975102029,0.06659356975102029
2003-05-30,6.66546615860002,0.0666546615860002
2003-05-31,6.671563751001108,0.06671563751001108
2003-06-01,6.677649677367245,0.06677649677367245
2003-06-02,6.683723862760369,0.06683723862760368
2003-06-03,6.689786232242424,0.06689786232242424
2003-06-04,6.695836710875352,0.06695836710875352
2003-06-05,6.701875223721097,0.06701875223721097
2003-06-06,6.707901695841599,0.06707901695841599
2003-06-07,6.7139160522988055,0.06713916052298806
2003-06-08,6.719918218154655,0.06719918218154655
2003-06-09,6.725908118471091,0.06725908118471091
2003-06-10,6.731885678310057,0.06731885678310057
2003-06-11,6.7378508227334954,0.06737850822733496
2003-06-12,6.74380347680335,0.0674380347680335
2003-06-13,6.749743565581563,0.06749743565581563
2003-06-14,6.755671014130074,0.06755671014130074
2003-06-15,6.761585747510828,0.06761585747510827
2003-06-16,6.767487690785769,0.06767487690785769
2003-06-17,6.773376769016839,0.0677337676901684
2003-06-18,6.77925290726598,0.0677925290726598
2003-06-19,6.785116030595135,0.06785116030595134
2003-06-20,6.7909660640662475,0.06790966064066248
2003-06-21,6.796802932741259,0.06796802932741258
2003-06-22,6.8026265616821116,0.06802626561682111
2003-06-23,6.80843687595075,0.06808436875950749
2003-06-24,6.8142338006091165,0.06814233800609117
2003-06-25,6.820017260719151,0.06820017260719151
2003-06-26,6.825787181342799,0.06825787181342799
2003-06-27,6.831543487542003,0.06831543487542004
2003-06-28,6.837286104378705,0.06837286104378705
2003-06-29,6.843014956914849,0.06843014956914849
2003-06-30,6.848729970212378,0.06848729970212378
2003-07-01,6.854431069333232,0.06854431069333232
2003-07-02,6.860118179339353,0.06860118179339353
2003-07-03,6.865791225292689,0.06865791225292689
2003-07-04,6.871450132255178,0.06871450132255177
2003-07-05,6.877094825288763,0.06877094825288763
2003-07-06,6.88272522945539,0.0688272522945539
2003-07-07,6.888341269816998,0.06888341269816997
2003-07-08,6.893942871435533,0.06893942871435532
2003-07-09,6.899529959372935,0.06899529959372935
2003-07-10,6.905102458691147,0.06905102458691147
2003-07-11,6.910660294452114,0.06910660294452114
2003-07-12,6.916203391717777,0.06916203391717776
2003-07-13,6.9217316755500775,0.06921731675550077
2003-07-14,6.92724507101096,0.0692724507101096
2003-07-15,6.932743503162366,0.06932743503162367
2003-07-16,6.938226897066241,0.06938226897066241
2003-07-17,6.943695177784523,0.06943695177784523
2003-07-18,6.949148270379158,0.06949148270379159
2003-07-19,6.954586099912089,0.0695458609991209
2003-07-20,6.960008591445256,0.06960008591445256
2003-07-21,6.965415670040606,0.06965415670040606
2003-07-22,6.970807260760077,0.06970807260760077
2003-07-23,6.976183288665615,0.06976183288665615
2003-07-24,6.981543678819163,0.06981543678819163
2003-07-25,6.986888356282658,0.06986888356282658
2003-07-26,6.99221724611805,0.0699221724611805
2003-07-27,6.9975302733872775,0.06997530273387277
2003-07-28,7.0028273631522815,0.07002827363152281
2003-07-29,7.008108440475013,0.07008108440475012
2003-07-30,7.013373430417407,0.07013373430417408
2003-07-31,7.0186222580414075,0.07018622258041407
2003-08-01,7.023854848408958,0.07023854848408959
2003-08-02,7.029071126582002,0.07029071126582002
2003-08-03,7.0342710176224825,0.07034271017622483
2003-08-04,7.039454446592339,0.07039454446592339
2003-08-05,7.044621338553518,0.07044621338553518
2003-08-06,7.049771618567959,0.0704977161856796
2003-08-07,7.054905211697608,0.07054905211697608
2003-08-08,7.0600220430044045,0.07060022043004405
2003-08-09,7.065122037550293,0.07065122037550293
2003-08-10,7.070205120397218,0.07070205120397217
2003-08-11,7.075271216607118,0.07075271216607118
2003-08-12,7.080320251241937,0.07080320251241937
2003-08-13,7.0853521493636205,0.0708535214936362
2003-08-14,7.090366836034108,0.07090366836034108
2003-08-15,7.095364236315344,0.07095364236315344
2003-08-16,7.100344275269271,0.07100344275269271
2003-08-17,7.105306877957831,0.0710530687795783
2003-08-18,7.110251969442966,0.07110251969442966
2003-08-19,7.115179474786621,0.0711517947478662
2003-08-20,7.120089319050735,0.07120089319050735
2003-08-21,7.1249814272972545,0.07124981427297254
2003-08-22,7.129855724588122,0.07129855724588122
2003-08-23,7.134712135985278,0.07134712135985277
2003-08-24,7.139550586550666,0.07139550586550665
2003-08-25,7.1443710013462285,0.07144371001346228
2003-08-26,7.14917330543391,0.0714917330543391
2003-08-27,7.153957423875651,0.07153957423875651
2003-08-28,7.158723281733396,0.07158723281733397
2003-08-29,7.163470804069084,0.07163470804069084
2003-08-30,7.168199915944663,0.07168199915944663
2003-08-31,7.172910542422072,0.07172910542422072
2003-09-01,7.177602608563256,0.07177602608563256
2003-09-02,7.182276039430153,0.07182276039430154
2003-09-03,7.186930760084714,0.07186930760084714
2003-09-04,7.191566695588873,0.07191566695588873
2003-09-05,7.196183771004577,0.07196183771004577
2003-09-06,7.200781911393769,0.0720078191139377
2003-09-07,7.20536104181839,0.07205361041818391
2003-09-08,7.209921087340388,0.07209921087340387
2003-09-09,7.2144619730217,0.07214461973021699
2003-09-10,7.218983623924267,0.07218983623924266
2003-09-11,7.223485965110035,0.07223485965110035
2003-09-12,7.227968921640946,0.07227968921640947
2003-09-13,7.232432418578947,0.07232432418578946
2003-09-14,7.236876380985974,0.07236876380985974
2003-09-15,7.241300733923973,0.07241300733923973
2003-09-16,7.2457054024548855,0.07245705402454886
2003-09-17,7.2500903116406565,0.07250090311640657
2003-09-18,7.254455386543228,0.07254455386543228
2003-09-19,7.25880055222454,0.0725880055222454
2003-09-20,7.263125733746535,0.07263125733746535
2003-09-21,7.2674308561711625,0.07267430856171163
2003-09-22,7.271715844560359,0.07271715844560359
2003-09-23,7.275980623976068,0.07275980623976068
2003-09-24,7.280225119480232,0.07280225119480231
2003-09-25,7.2844492561347955,0.07284449256134795
2003-09-26,7.288652959001699,0.072886529590017
2003-09-27,7.29283615314289,0.0729283615314289
2003-09-28,7.296998763620304,0.07296998763620305
2003-09-29,7.3011407154958885,0.07301140715495888
2003-09-30,7.305261933831586,0.07305261933831586
2003-10-01,7.3093623436893385,0.07309362343689338
2003-10-02,7.3134418701310855,0.07313441870131085
2003-10-03,7.317500438218775,0.07317500438218776
2003-10-04,7.3215379730143475,0.07321537973014347
2003-10-05,7.325554399579746,0.07325554399579745
2003-10-06,7.329549642976909,0.0732954964297691
2003-10-07,7.333523628267788,0.07333523628267788
2003-10-08,7.337476280514318,0.07337476280514318
2003-10-09,7.341407524778445,0.07341407524778445
2003-10-10,7.3453172861221105,0.0734531728612211
2003-10-11,7.349205489607258,0.07349205489607258
2003-10-12,7.353072060295831,0.0735307206029583
2003-10-13,7.356916923249771,0.0735691692324977
2003-10-14,7.360740003531019,0.07360740003531019
2003-10-15,7.364541226201521,0.07364541226201521
2003-10-16,7.368320516323218,0.07368320516323218
2003-10-17,7.372077798958053,0.07372077798958053
2003-10-18,7.375812999167968,0.07375812999167967
2003-10-19,7.379526042014906,0.07379526042014906
2003-10-20,7.38321685256081,0.0738321685256081
2003-10-21,7.386885355867626,0.07386885355867627
2003-10-22,7.39053147699729,0.0739053147699729
2003-10-23,7.394155141011752,0.07394155141011752
2003-10-24,7.397756272972946,0.07397756272972945
2003-10-25,7.401334797942823,0.07401334797942823
2003-10-26,7.40489064098332,0.07404890640983319
2003-10-27,7.408423727156384,0.07408423727156384
2003-10-28,7.411933981523953,0.07411933981523953
2003-10-29,7.415421329147975,0.07415421329147975
2003-10-30,7.41888569509039,0.0741888569509039
2003-10-31,7.422327004413138,0.07422327004413139
2003-11-01,7.425745182178167,0.07425745182178167
2003-11-02,7.429140153447417,0.07429140153447417
2003-11-03,7.43251184328283,0.0743251184328283
2003-11-04,7.43586017674635,0.0743586017674635
2003-11-05,7.439185078899919,0.07439185078899918
2003-11-06,7.442486474805483,0.07442486474805482
2003-11-07,7.445764289524977,0.07445764289524977
2003-11-08,7.44901844812035,0.07449018448120351
2003-11-09,7.4522488756535425,0.07452248875653543
2003-11-10,7.455455497186498,0.07455455497186497
2003-11-11,7.45863823778116,0.0745863823778116
2003-11-12,7.461797022499468,0.07461797022499468
2003-11-13,7.464931776403368,0.07464931776403368
2003-11-14,7.4680424245548025,0.07468042424554802
2003-11-15,7.471128892015715,0.07471128892015715
2003-11-16,7.474191103848044,0.07474191103848044
2003-11-17,7.477228985113732,0.07477228985113732
2003-11-18,7.480242460874728,0.07480242460874728
2003-11-19,7.483231456192971,0.07483231456192971
2003-11-20,7.486195896130401,0.07486195896130401
2003-11-21,7.489135705748968,0.07489135705748967
2003-11-22,7.492050810110606,0.07492050810110606
2003-11-23,7.494941134277264,0.07494941134277264
2003-11-24,7.497806603310882,0.07497806603310882
2003-11-25,7.500647142273402,0.07500647142273402
2003-11-26,7.50346267622677,0.0750346267622677
2003-11-27,7.506253130232926,0.07506253130232926
2003-11-28,7.509018429353811,0.07509018429353811
2003-11-29,7.511758498651372,0.07511758498651372
2003-11-30,7.514473263187551,0.0751447326318755
2003-12-01,7.517162648024288,0.07517162648024288
2003-12-02,7.519826578223527,0.07519826578223526
2003-12-03,7.522464978847213,0.07522464978847214
2003-12-04,7.525077774957284,0.07525077774957284
2003-12-05,7.527664891615688,0.07527664891615687
2003-12-06,7.530226253884361,0.07530226253884362
2003-12-07,7.532761786825252,0.07532761786825252
2003-12-08,7.5352714155003016,0.07535271415500301
2003-12-09,7.537755064971449,0.07537755064971449
2003-12-10,7.540212660300645,0.07540212660300645
2003-12-11,7.542644126549824,0.07542644126549825
2003-12-12,7.545049388780935,0.07545049388780935
2003-12-13,7.547428372055914,0.07547428372055914
2003-12-14,7.54978100143671,0.0754978100143671
2003-12-15,7.552107201985265,0.07552107201985266
2003-12-16,7.554406898763517,0.07554406898763517
2003-12-17,7.556680016833412,0.07556680016833411
2003-12-18,7.558926481256894,0.07558926481256895
2003-12-19,7.561146217095902,0.07561146217095902
2003-12-20,7.563339149412383,0.07563339149412383
2003-12-21,7.565505203268276,0.07565505203268276
2003-12-22,7.567644303725524,0.07567644303725524
2003-12-23,7.569756375846073,0.07569756375846073
2003-12-24,7.571841344691862,0.07571841344691861
2003-12-25,7.5738991353248375,0.07573899135324838
2003-12-26,7.575929672806938,0.07575929672806937
2003-12-27,7.577932882200109,0.07577932882200109
2003-12-28,7.579908688566291,0.0757990868856629
2003-12-29,7.5818570169674295,0.07581857016967429
2003-12-30,7.583777792465463,0.07583777792465463
2003-12-31,7.5856709401223394,0.0758567094012234
2004-01-01,7.587536385,0.07587536385
2004-01-02,7.589374077742682,0.07589374077742682
2004-01-03,7.591184071323815,0.07591184071323814
2004-01-04,7.592966444299124,0.07592966444299125
2004-01-05,7.5947212752243285,0.07594721275224328
2004-01-06,7.596448642655163,0.07596448642655164
2004-01-07,7.598148625147345,0.07598148625147344
2004-01-08,7.599821301256602,0.07599821301256603
2004-01-09,7.601466749538657,0.07601466749538657
2004-01-10,7.603085048549237,0.07603085048549237
2004-01-11,7.604676276844063,0.07604676276844063
2004-01-12,7.6062405129788635,0.07606240512978864
2004-01-13,7.607777835509362,0.07607777835509362
2004-01-14,7.609288322991284,0.07609288322991284
2004-01-15,7.610772053980353,0.07610772053980354
2004-01-16,7.612229107032293,0.07612229107032294
2004-01-17,7.613659560702831,0.0761365956070283
2004-01-18,7.615063493547691,0.07615063493547691
2004-01-19,7.616440984122595,0.07616440984122595
2004-01-20,7.61779211098327,0.07617792110983271
2004-01-21,7.619116952685442,0.07619116952685441
2004-01-22,7.620415587784836,0.07620415587784836
2004-01-23,7.6216880948371735,0.07621688094837173
2004-01-24,7.622934552398182,0.07622934552398182
2004-01-25,7.6241550390235835,0.07624155039023583
2004-01-26,7.625349633269107,0.07625349633269107
2004-01-27,7.626518413690473,0.07626518413690472
2004-01-28,7.627661458843407,0.07627661458843407
2004-01-29,7.628778847283636,0.07628778847283636
2004-01-30,7.629870657566882,0.07629870657566883
2004-01-31,7.630936968248872,0.07630936968248872
2004-02-01,7.631977857885331,0.0763197785788533
2004-02-02,7.632993405031983,0.07632993405031983
2004-02-03,7.633983688244549,0.07633983688244549
2004-02-04,7.634948786078761,0.0763494878607876
2004-02-05,7.635888777090338,0.07635888777090338
2004-02-06,7.6368037398350035,0.07636803739835003
2004-02-07,7.637693752868489,0.0763769375286849
2004-02-08,7.638558894746514,0.07638558894746514
2004-02-09,7.639399244024805,0.07639399244024805
2004-02-10,7.640214879259089,0.07640214879259088
2004-02-11,7.641005879005084,0.07641005879005083
2004-02-12,7.64177232181852,0.0764177232181852
2004-02-13,7.642514286255121,0.07642514286255121
2004-02-14,7.643231850870611,0.07643231850870612
2004-02-15,7.643925094220719,0.07643925094220719
2004-02-16,7.644594094861161,0.07644594094861161
2004-02-17,7.645238931347668,0.07645238931347668
2004-02-18,7.645859682235963,0.07645859682235963
2004-02-19,7.646456426081771,0.07646456426081771
2004-02-20,7.6470292414408165,0.07647029241440817
2004-02-21,7.647578206868826,0.07647578206868827
2004-02-22,7.6481034009215225,0.07648103400921523
2004-02-23,7.648604902154632,0.07648604902154632
2004-02-24,7.649082789123874,0.07649082789123873
2004-02-25,7.6495371403849814,0.07649537140384982
2004-02-26,7.649968034493672,0.07649968034493672
2004-02-27,7.650375550005678,0.07650375550005678
2004-02-28,7.650759765476715,0.07650759765476715
2004-02-29,7.651120759462513,0.07651120759462512
2004-03-01,7.651458610518799,0.07651458610518799
2004-03-02,7.651773397201293,0.07651773397201293
2004-03-03,7.6520651980657215,0.07652065198065722
2004-03-04,7.652334091667809,0.07652334091667809
2004-03-05,7.652580156563279,0.0765258015656328
2004-03-06,7.652803471307861,0.0765280347130786
2004-03-07,7.653004114457275,0.07653004114457275
2004-03-08,7.653182164567247,0.07653182164567247
2004-03-09,7.653337700193505,0.07653337700193505
2004-03-10,7.653470799891768,0.07653470799891768
2004-03-11,7.653581542217762,0.07653581542217762
2004-03-12,7.653670005727218,0.07653670005727217
2004-03-13,7.653736268975851,0.07653736268975851
2004-03-14,7.653780410519394,0.07653780410519394
2004-03-15,7.653802508913565,0.07653802508913565
2004-03-16,7.653802642714094,0.07653802642714094
2004-03-17,7.653780890476702,0.07653780890476702
2004-03-18,7.65373733075712,0.0765373733075712
2004-03-19,7.653672042111064,0.07653672042111065
2004-03-20,7.653585103094263,0.07653585103094264
2004-03-21,7.653476592262445,0.07653476592262445
2004-03-22,7.653346588171329,0.0765334658817133
2004-03-23,7.6531951693766445,0.07653195169376645
2004-03-24,7.653022414434112,0.07653022414434112
2004-03-25,7.652828401899458,0.07652828401899459
2004-03-26,7.65261321032841,0.0765261321032841
2004-03-27,7.652376918276687,0.07652376918276688
2004-03-28,7.652119604300018,0.07652119604300017
2004-03-29,7.651841346954127,0.07651841346954127
2004-03-30,7.651542224794738,0.07651542224794737
2004-03-31,7.651222316377576,0.07651222316377576
2004-04-01,7.650881700258367,0.07650881700258366
2004-04-02,7.650520454992834,0.07650520454992833
2004-04-03,7.650138659136701,0.07650138659136702
2004-04-04,7.649736391245695,0.07649736391245696
2004-04-05,7.649313729875542,0.07649313729875541
2004-04-06,7.64887075358196,0.0764887075358196
2004-04-07,7.648407540920681,0.07648407540920682
2004-04-08,7.6479241704474274,0.07647924170447427
2004-04-09,7.647420720717923,0.07647420720717923
2004-04-10,7.646897270287893,0.07646897270287893
2004-04-11,7.646353897713062,0.07646353897713061
2004-04-12,7.645790681549155,0.07645790681549154
2004-04-13,7.645207700351895,0.07645207700351894
2004-04-14,7.644605032677011,0.07644605032677011
2004-04-15,7.643982757080225,0.07643982757080224
2004-04-16,7.643340952117259,0.07643340952117259
2004-04-17,7.642679696343843,0.07642679696343843
2004-04-18,7.641999068315698,0.07641999068315698
2004-04-19,7.641299146588551,0.07641299146588551
2004-04-20,7.640580009718127,0.07640580009718127
2004-04-21,7.639841736260148,0.07639841736260147
2004-04-22,7.63908440477034,0.07639084404770341
2004-04-23,7.6383080938044285,0.07638308093804429
2004-04-24,7.637512881918137,0.07637512881918136
2004-04-25,7.6366988476671915,0.07636698847667192
2004-04-26,7.635866069607316,0.07635866069607317
2004-04-27,7.635014626294234,0.07635014626294234
2004-04-28,7.634144596283674,0.07634144596283673
2004-04-29,7.6332560581313595,0.0763325605813136
2004-04-30,7.632349090393009,0.07632349090393009
2004-05-01,7.6314237716243545,0.07631423771624354
2004-05-02,7.630480180381121,0.07630480180381122
2004-05-03,7.629518395219031,0.07629518395219032
2004-05-04,7.6285384946938075,0.07628538494693808
2004-05-05,7.627540557361176,0.07627540557361176
2004-05-06,7.626524661776862,0.07626524661776862
2004-05-07,7.62549088649659,0.0762549088649659
2004-05-08,7.624439310076086,0.07624439310076087
2004-05-09,7.623370011071073,0.07623370011071073
2004-05-10,7.622283068037278,0.07622283068037278
2004-05-11,7.6211785595304224,0.07621178559530423
2004-05-12,7.6200565641062346,0.07620056564106234
2004-05-13,7.618917160320436,0.07618917160320436
2004-05-14,7.617760426728754,0.07617760426728754
2004-05-15,7.616586441886911,0.0761658644188691
2004-05-16,7.615395284350631,0.07615395284350632
2004-05-17,7.614187032675645,0.07614187032675644
2004-05-18,7.612961765417669,0.0761296176541767
2004-05-19,7.6117195611324355,0.07611719561132435
2004-05-20,7.610460498375663,0.07610460498375664
2004-05-21,7.60918465570308,0.0760918465570308
2004-05-22,7.607892111670411,0.07607892111670411
2004-05-23,7.606582944833381,0.0760658294483338
2004-05-24,7.60525723374771,0.0760525723374771
2004-05-25,7.603915056969128,0.07603915056969128
2004-05-26,7.60255649305336,0.0760255649305336
2004-05-27,7.601181620556129,0.07601181620556129
2004-05-28,7.599790518033157,0.07599790518033157
2004-05-29,7.598383264040173,0.07598383264040173
2004-05-30,7.596959937132899,0.075969599371329
2004-05-31,7.595520615867063,0.07595520615867063
2004-06-01,7.594065378798386,0.07594065378798386
2004-06-02,7.592594304482595,0.07592594304482594
2004-06-03,7.591107471475413,0.07591107471475414
2004-06-04,7.589604958332567,0.07589604958332567
2004-06-05,7.588086843609778,0.07588086843609779
2004-06-06,7.586553205862779,0.07586553205862778
2004-06-07,7.585004123647284,0.07585004123647283
2004-06-08,7.583439675519024,0.07583439675519024
2004-06-09,7.581859940033721,0.07581859940033721
2004-06-10,7.580264995747101,0.07580264995747102
2004-06-11,7.578654921214892,0.07578654921214892
2004-06-12,7.577029794992815,0.07577029794992815
2004-06-13,7.575389695636593,0.07575389695636593
2004-06-14,7.573734701701955,0.07573734701701955
2004-06-15,7.572064891744622,0.07572064891744622
2004-06-16,7.570380344320323,0.07570380344320322
2004-06-17,7.568681137984779,0.07568681137984778
2004-06-18,7.566967351293716,0.07566967351293716
2004-06-19,7.56523906280286,0.0756523906280286
2004-06-20,7.563496351067931,0.0756349635106793
2004-06-21,7.561739294644662,0.07561739294644662
2004-06-22,7.55996797208877,0.0755996797208877
2004-06-23,7.558182461955983,0.07558182461955983
2004-06-24,7.5563828428020265,0.07556382842802027
2004-06-25,7.554569193182623,0.07554569193182623
2004-06-26,7.5527415916535,0.075527415916535
2004-06-27,7.550900116770379,0.07550900116770379
2004-06-28,7.549044847088987,0.07549044847088987
2004-06-29,7.547175861165047,0.07547175861165047
2004-06-30,7.545293237554286,0.07545293237554286
2004-07-01,7.543397054812427,0.07543397054812427
2004-07-02,7.541487391495196,0.07541487391495197
2004-07-03,7.539564326158317,0.07539564326158317
2004-07-04,7.537627937357515,0.07537627937357515
2004-07-05,7.535678303648514,0.07535678303648514
2004-07-06,7.533715503587041,0.0753371550358704
2004-07-07,7.531739615728817,0.07531739615728818
2004-07-08,7.529750718629569,0.07529750718629569
2004-07-09,7.527748890845021,0.07527748890845021
2004-07-10,7.525734210930899,0.075257342109309
2004-07-11,7.523706757442927,0.07523706757442927
2004-07-12,7.521666608936828,0.07521666608936828
2004-07-13,7.51961384396833,0.0751961384396833
2004-07-14,7.517548541093156,0.07517548541093155
2004-07-15,7.515470778867031,0.07515470778867031
2004-07-16,7.51338063584568,0.0751338063584568
2004-07-17,7.511278190584827,0.07511278190584827
2004-07-18,7.509163521640195,0.07509163521640196
2004-07-19,7.507036707567513,0.07507036707567513
2004-07-20,7.504897826922503,0.07504897826922502
2004-07-21,7.502746958260889,0.07502746958260889
2004-07-22,7.500584180138399,0.07500584180138399
2004-07-23,7.498409571110755,0.07498409571110755
2004-07-24,7.496223209733681,0.07496223209733681
2004-07-25,7.494025174562904,0.07494025174562904
2004-07-26,7.491815544154151,0.07491815544154151
2004-07-27,7.48959439706314,0.0748959439706314
2004-07-28,7.487361811845602,0.07487361811845603
2004-07-29,7.485117867057254,0.07485117867057255
2004-07-30,7.48286264125383,0.0748286264125383
2004-07-31,7.480596212991051,0.0748059621299105
2004-08-01,7.47831866082464,0.0747831866082464
2004-08-02,7.476030063310324,0.07476030063310324
2004-08-03,7.473730499003826,0.07473730499003825
2004-08-04,7.47142004646087,0.0747142004646087
2004-08-05,7.469098784237184,0.07469098784237184
2004-08-06,7.4667667908884905,0.0746676679088849
2004-08-07,7.464424144970517,0.07464424144970516
2004-08-08,7.46207092503898,0.0746207092503898
2004-08-09,7.459707209649615,0.07459707209649614
2004-08-10,7.457333077358141,0.07457333077358141
2004-08-11,7.4549486067202855,0.07454948606720285
2004-08-12,7.45255387629177,0.0745255387629177
2004-08-13,7.450148964628318,0.07450148964628318
2004-08-14,7.44773395028566,0.07447733950285661
2004-08-15,7.445308911819516,0.07445308911819516
2004-08-16,7.442873927785613,0.07442873927785613
2004-08-17,7.440429076739677,0.07440429076739677
2004-08-18,7.437974437237427,0.07437974437237427
2004-08-19,7.435510087834593,0.07435510087834593
2004-08-20,7.4330361070869,0.074330361070869
2004-08-21,7.430552573550068,0.07430552573550069
2004-08-22,7.428059565779826,0.07428059565779827
2004-08-23,7.425557162331898,0.07425557162331897
2004-08-24,7.423045441762008,0.07423045441762008
2004-08-25,7.420524482625881,0.07420524482625881
2004-08-26,7.417994363479242,0.07417994363479241
2004-08-27,7.415455162877814,0.07415455162877814
2004-08-28,7.412906959377324,0.07412906959377324
2004-08-29,7.410349831533495,0.07410349831533494
2004-08-30,7.407783857902054,0.07407783857902053
2004-08-31,7.405209117038725,0.07405209117038725
2004-09-01,7.402625687499229,0.07402625687499229
2004-09-02,7.400033647839294,0.07400033647839294
2004-09-03,7.397433076614647,0.07397433076614647
2004-09-04,7.3948240523810105,0.0739482405238101
2004-09-05,7.392206653694106,0.07392206653694106
2004-09-06,7.389580959109664,0.07389580959109664
2004-09-07,7.386947047183404,0.07386947047183404
2004-09-08,7.384304996471055,0.07384304996471056
2004-09-09,7.381654885528341,0.07381654885528341
2004-09-10,7.378996792910984,0.07378996792910984
2004-09-11,7.37633079717471,0.0737633079717471
2004-09-12,7.373656976875243,0.07373656976875244
2004-09-13,7.370975410568311,0.07370975410568312
2004-09-14,7.368286176809636,0.07368286176809635
2004-09-15,7.365589354154943,0.07365589354154943
2004-09-16,7.362885021159958,0.07362885021159958
2004-09-17,7.360173256380403,0.07360173256380403
2004-09-18,7.357454138372008,0.07357454138372008
2004-09-19,7.35472774569049,0.0735472774569049
2004-09-20,7.351994156891579,0.0735199415689158
2004-09-21,7.349253450531,0.07349253450531
2004-09-22,7.346505705164477,0.07346505705164477
2004-09-23,7.343750999347734,0.07343750999347734
2004-09-24,7.340989411636494,0.07340989411636495
2004-09-25,7.338221020586484,0.07338221020586484
2004-09-26,7.3354459047534295,0.07335445904753429
2004-09-27,7.332664142693053,0.07332664142693053
2004-09-28,7.329875812961084,0.07329875812961084
2004-09-29,7.327080994113238,0.07327080994113239
2004-09-30,7.324279764705248,0.07324279764705248
2004-10-01,7.321472203292838,0.07321472203292838
2004-10-02,7.318658388431729,0.07318658388431729
2004-10-03,7.315838398677648,0.07315838398677647
2004-10-04,7.3130123125863165,0.07313012312586316
2004-10-05,7.310180208713465,0.07310180208713465
2004-10-06,7.3073421656148145,0.07307342165614815
2004-10-07,7.304498261846091,0.07304498261846092
2004-10-08,7.301648575963019,0.07301648575963018
2004-10-09,7.298793186521319,0.07298793186521318
2004-10-10,7.295932172076725,0.07295932172076725
2004-10-11,7.293065611184954,0.07293065611184954
2004-10-12,7.290193582401732,0.07290193582401731
2004-10-13,7.287316164282786,0.07287316164282787
2004-10-14,7.284433435383838,0.07284433435383839
2004-10-15,7.281545474260617,0.07281545474260617
2004-10-16,7.278652359468845,0.07278652359468846
2004-10-17,7.275754169564245,0.07275754169564246
2004-10-18,7.272850983102543,0.07272850983102544
2004-10-19,7.269942878639466,0.07269942878639467
2004-10-20,7.267029934730737,0.07267029934730737
2004-10-21,7.26411222993208,0.0726411222993208
2004-10-22,7.2611898427992205,0.0726118984279922
2004-10-23,7.258262851887881,0.07258262851887881
2004-10-24,7.255331335753792,0.07255331335753792
2004-10-25,7.252395372952675,0.07252395372952675
2004-10-26,7.249455042040251,0.07249455042040251
2004-10-27,7.24651042157225,0.0724651042157225
2004-10-28,7.243561590104395,0.07243561590104396
2004-10-29,7.24060862619241,0.0724060862619241
2004-10-30,7.23765160839202,0.0723765160839202
2004-10-31,7.234690615258952,0.07234690615258951
2004-11-01,7.231725725348926,0.07231725725348925
2004-11-02,7.228757017217672,0.07228757017217671
2004-11-03,7.2257845694209095,0.0722578456942091
2004-11-04,7.2228084605143685,0.07222808460514368
2004-11-05,7.219828769053771,0.07219828769053771
2004-11-06,7.216845573594839,0.07216845573594839
2004-11-07,7.213858952693305,0.07213858952693304
2004-11-08,7.210868984904885,0.07210868984904885
2004-11-09,7.207875748785311,0.07207875748785311
2004-11-10,7.204879322890303,0.07204879322890304
2004-11-11,7.201879785775585,0.07201879785775585
2004-11-12,7.198877215996886,0.07198877215996885
2004-11-13,7.195871692109927,0.07195871692109927
2004-11-14,7.192863292670436,0.07192863292670436
2004-11-15,7.189852096234136,0.07189852096234137
2004-11-16,7.186838181356751,0.07186838181356751
2004-11-17,7.183821626594007,0.07183821626594007
2004-11-18,7.180802510501626,0.07180802510501626
2004-11-19,7.177780911635337,0.07177780911635337
2004-11-20,7.174756908550864,0.07174756908550864
2004-11-21,7.171730579803928,0.07171730579803928
2004-11-22,7.1687020039502585,0.07168702003950259
2004-11-23,7.165671259545576,0.07165671259545575
2004-11-24,7.162638425145608,0.07162638425145608
2004-11-25,7.1596035793060775,0.07159603579306077
2004-11-26,7.156566800582711,0.07156566800582712
2004-11-27,7.153528167531233,0.07153528167531233
2004-11-28,7.150487758707367,0.07150487758707368
2004-11-29,7.147445652666837,0.07147445652666837
2004-11-30,7.1444019279653705,0.0714440192796537
2004-12-01,7.1413566631586916,0.07141356663158692
2004-12-02,7.138309936802521,0.07138309936802521
2004-12-03,7.135261827452589,0.0713526182745259
2004-12-04,7.132212413664618,0.07132212413664618
2004-12-05,7.129161773994332,0.07129161773994332
2004-12-06,7.1261099869974585,0.07126109986997459
2004-12-07,7.123057131229718,0.07123057131229718
2004-12-08,7.120003285246837,0.07120003285246837
2004-12-09,7.116948527604543,0.07116948527604543
2004-12-10,7.113892936858555,0.07113892936858555
2004-12-11,7.110836591564604,0.07110836591564604
2004-12-12,7.10777957027841,0.07107779570278411
2004-12-13,7.104721951555701,0.07104721951555701
2004-12-14,7.101663813952201,0.07101663813952201
2004-12-15,7.098605236023634,0.07098605236023633
2004-12-16,7.095546296325724,0.07095546296325723
2004-12-17,7.092487073414195,0.07092487073414194
2004-12-18,7.089427645844776,0.07089427645844776
2004-12-19,7.086368092173187,0.07086368092173187
2004-12-20,7.0833084909551545,0.07083308490955155
2004-12-21,7.080248920746404,0.07080248920746404
2004-12-22,7.07718946010266,0.07077189460102659
2004-12-23,7.074130187579646,0.07074130187579647
2004-12-24,7.07107118173309,0.07071071181733089
2004-12-25,7.068012521118712,0.07068012521118712
2004-12-26,7.064954284292239,0.0706495428429224
2004-12-27,7.061896549809398,0.07061896549809397
2004-12-28,7.058839396225909,0.07058839396225909
2004-12-29,7.055782902097503,0.07055782902097503
2004-12-30,7.0527271459798975,0.07052727145979898
2004-12-31,7.049672206428822,0.07049672206428821
2005-01-01,7.046618162,0.07046618162
2005-01-02,7.043565093957123,0.07043565093957123
2005-01-03,7.040513094395755,0.07040513094395755
2005-01-04,7.037462258119426,0.07037462258119426
2005-01-05,7.034412679931665,0.07034412679931665
2005-01-06,7.031364454636002,0.07031364454636002
2005-01-07,7.028317677035966,0.07028317677035967
2005-01-08,7.025272441935089,0.07025272441935089
2005-01-09,7.022228844136898,0.07022228844136898
2005-01-10,7.019186978444928,0.07019186978444929
2005-01-11,7.016146939662706,0.07016146939662705
2005-01-12,7.01310882259376,0.0701310882259376
2005-01-13,7.010072722041624,0.07010072722041624
2005-01-14,7.007038732809825,0.07007038732809825
2005-01-15,7.004006949701894,0.07004006949701895
2005-01-16,7.000977467521361,0.0700097746752136
2005-01-17,6.997950381071757,0.06997950381071756
2005-01-18,6.994925785156609,0.0699492578515661
2005-01-19,6.991903774579448,0.06991903774579449
2005-01-20,6.988884444143806,0.06988884444143806
2005-01-21,6.985867888653213,0.06985867888653213
2005-01-22,6.982854202911199,0.06982854202911198
2005-01-23,6.97984348172129,0.0697984348172129
2005-01-24,6.976835819887019,0.06976835819887019
2005-01-25,6.973831312211916,0.06973831312211916
2005-01-26,6.970830053499512,0.06970830053499512
2005-01-27,6.967832138553335,0.06967832138553334
2005-01-28,6.964837662176915,0.06964837662176915
2005-01-29,6.961846719173782,0.06961846719173782
2005-01-30,6.958859404347469,0.06958859404347469
2005-01-31,6.9558758125015006,0.06955875812501501
2005-02-01,6.952896038439411,0.0695289603843941
2005-02-02,6.949920176964729,0.06949920176964729
2005-02-03,6.946948322880984,0.06946948322880984
2005-02-04,6.943980570991709,0.06943980570991709
2005-02-05,6.941017016100429,0.06941017016100429
2005-02-06,6.9380577530106775,0.06938057753010678
2005-02-07,6.935102876525982,0.06935102876525982
2005-02-08,6.932152481449877,0.06932152481449877
2005-02-09,6.929206662585886,0.06929206662585886
2005-02-10,6.926265514737545,0.06926265514737545
2005-02-11,6.92332913270838,0.0692332913270838
2005-02-12,6.9203976113019205,0.0692039761130192
2005-02-13,6.917471045321702,0.06917471045321702
2005-02-14,6.9145495295712465,0.06914549529571247
2005-02-15,6.911633158854091,0.06911633158854091
2005-02-16,6.908722027973764,0.06908722027973764
2005-02-17,6.905816231733791,0.06905816231733791
2005-02-18,6.902915864937706,0.06902915864937706
2005-02-19,6.900021022389039,0.06900021022389038
2005-02-20,6.897131798891317,0.06897131798891316
2005-02-21,6.894248289248075,0.06894248289248076
2005-02-22,6.891370588262839,0.06891370588262839
2005-02-23,6.888498790739139,0.06888498790739139
2005-02-24,6.885632991480509,0.06885632991480509
2005-02-25,6.882773285290473,0.06882773285290474
2005-02-26,6.879919766972566,0.06879919766972566
2005-02-27,6.877072531330313,0.06877072531330314
2005-02-28,6.874231673167249,0.06874231673167248
2005-03-01,6.871397287286902,0.06871397287286901
2005-03-02,6.868569468492801,0.06868569468492801
2005-03-03,6.865748311588476,0.06865748311588477
2005-03-04,6.862933911377461,0.06862933911377461
2005-03-05,6.860126362663281,0.06860126362663281
2005-03-06,6.857325760249468,0.06857325760249468
2005-03-07,6.85453219893955,0.0685453219893955
2005-03-08,6.851745773537061,0.06851745773537062
2005-03-09,6.848966578845528,0.06848966578845528
2005-03-10,6.846194709668482,0.06846194709668482
2005-03-11,6.843430260809453,0.06843430260809452
2005-03-12,6.840673327071971,0.06840673327071971
2005-03-13,6.8379240032595625,0.06837924003259563
2005-03-14,6.835182384175764,0.06835182384175764
2005-03-15,6.8324485646241,0.068324485646241
2005-03-16,6.829722639408103,0.06829722639408103
2005-03-17,6.827004703331303,0.06827004703331303
2005-03-18,6.82429485119723,0.0682429485119723
2005-03-19,6.821593177809412,0.06821593177809411
2005-03-20,6.818899777971383,0.06818899777971384
2005-03-21,6.816214746486667,0.06816214746486667
2005-03-22,6.8135381781588,0.068135381781588
2005-03-23,6.8108701677913075,0.06810870167791308
2005-03-24,6.808210810187723,0.06808210810187723
2005-03-25,6.8055602001515725,0.06805560200151572
2005-03-26,6.802918432486392,0.06802918432486392
2005-03-27,6.8002856019957045,0.06800285601995705
2005-03-28,6.797661803483045,0.06797661803483045
2005-03-29,6.795047131751941,0.06795047131751941
2005-03-30,6.792441681605926,0.06792441681605926
2005-03-31,6.789845547848523,0.06789845547848522
2005-04-01,6.787258825283268,0.06787258825283268
2005-04-02,6.784681608713688,0.06784681608713689
2005-04-03,6.782113992943318,0.06782113992943317
2005-04-04,6.779556072775679,0.06779556072775679
2005-04-05,6.777007943014309,0.06777007943014308
2005-04-06,6.774469698462734,0.06774469698462733
2005-04-07,6.771941433924486,0.06771941433924486
2005-04-08,6.769423244203093,0.06769423244203093
2005-04-09,6.766915224102087,0.06766915224102087
2005-04-10,6.764417468424996,0.06764417468424995
2005-04-11,6.761930071975351,0.0676193007197535
2005-04-12,6.759453129556683,0.06759453129556683
2005-04-13,6.75698673597252,0.0675698673597252
2005-04-14,6.754530986026392,0.06754530986026391
2005-04-15,6.752085974521831,0.06752085974521832
2005-04-16,6.749651796262367,0.06749651796262367
2005-04-17,6.7472285460515256,0.06747228546051526
2005-04-18,6.744816318692843,0.06744816318692842
2005-04-19,6.742415208989845,0.06742415208989845
2005-04-20,6.740025311746063,0.06740025311746063
2005-04-21,6.737646721765026,0.06737646721765027
2005-04-22,6.735279533850265,0.06735279533850265
2005-04-23,6.732923842805311,0.0673292384280531
2005-04-24,6.730579743433692,0.06730579743433691
2005-04-25,6.728247330538938,0.06728247330538938
2005-04-26,6.72592669892458,0.0672592669892458
2005-04-27,6.723617943394144,0.06723617943394145
2005-04-28,6.721321158751168,0.06721321158751169
2005-04-29,6.719036439799177,0.06719036439799177
2005-04-30,6.7167638813417,0.067167638813417
2005-05-01,6.714503578182271,0.06714503578182271
2005-05-02,6.712255625124413,0.06712255625124414
2005-05-03,6.710020116971665,0.06710020116971666
2005-05-04,6.70779714852755,0.0670779714852755
2005-05-05,6.705586814595603,0.06705586814595603
2005-05-06,6.703389209979347,0.06703389209979348
2005-05-07,6.70120442948232,0.0670120442948232
2005-05-08,6.699032567908046,0.06699032567908046
2005-05-09,6.696873720060059,0.06696873720060059
2005-05-10,6.6947279807418845,0.06694727980741884
2005-05-11,6.692595444757057,0.06692595444757057
2005-05-12,6.690476206909105,0.06690476206909106
2005-05-13,6.688370362001559,0.0668837036200156
2005-05-14,6.6862780048379475,0.06686278004837948
2005-05-15,6.684199230221801,0.06684199230221802
2005-05-16,6.6821341329566515,0.06682134132956652
2005-05-17,6.680082807846023,0.06680082807846023
2005-05-18,6.678045349693453,0.06678045349693452
2005-05-19,6.676021853302466,0.06676021853302466
2005-05-20,6.674012413476595,0.06674012413476595
2005-05-21,6.6720171250193685,0.06672017125019368
2005-05-22,6.670036082734317,0.06670036082734317
2005-05-23,6.668069381424972,0.06668069381424972
2005-05-24,6.66611711589486,0.0666611711589486
2005-05-25,6.664179380947513,0.06664179380947513
2005-05-26,6.662256271386461,0.06662256271386462
2005-05-27,6.660347882015235,0.06660347882015234
2005-05-28,6.6584543076373635,0.06658454307637364
2005-05-29,6.656575643056376,0.06656575643056377
2005-05-30,6.654711983075805,0.06654711983075805
2005-05-31,6.652863422499177,0.06652863422499176
2005-06-01,6.651030056130024,0.06651030056130024
2005-06-02,6.649211978771875,0.06649211978771875
2005-06-03,6.647409285228263,0.06647409285228263
2005-06-04,6.645622070302714,0.06645622070302715
2005-06-05,6.6438504287987605,0.0664385042879876
2005-06-06,6.642094455519931,0.06642094455519931
2005-06-07,6.640354245269755,0.06640354245269756
2005-06-08,6.638629892851767,0.06638629892851766
2005-06-09,6.636921493069492,0.06636921493069492
2005-06-10,6.63522914072646,0.06635229140726459
2005-06-11,6.633552930626204,0.06633552930626205
2005-06-12,6.631892957572251,0.06631892957572251
2005-06-13,6.630249316368134,0.06630249316368135
2005-06-14,6.628622101817381,0.06628622101817382
2005-06-15,6.6270114087235195,0.0662701140872352
2005-06-16,6.6254173318900875,0.06625417331890088
2005-06-17,6.623839966120606,0.06623839966120607
2005-06-18,6.622279406218611,0.06622279406218612
2005-06-19,6.620735746987631,0.06620735746987631
2005-06-20,6.619209083231194,0.06619209083231194
2005-06-21,6.617699509752831,0.06617699509752831
2005-06-22,6.616207121356073,0.06616207121356073
2005-06-23,6.614732012844449,0.06614732012844449
2005-06-24,6.613274279021489,0.06613274279021489
2005-06-25,6.6118340146907215,0.06611834014690722
2005-06-26,6.610411314655681,0.06610411314655681
2005-06-27,6.609006273719894,0.06609006273719893
2005-06-28,6.60761898668689,0.0660761898668689
2005-06-29,6.606249548360201,0.066062495483602
2005-06-30,6.604898053543356,0.06604898053543357
2005-07-01,6.603564597039885,0.06603564597039885
2005-07-02,6.602249273653318,0.06602249273653318
2005-07-03,6.6009521781871845,0.06600952178187185
2005-07-04,6.599673405445016,0.06599673405445017
2005-07-05,6.598413050230341,0.06598413050230341
2005-07-06,6.597171207346689,0.06597171207346689
2005-07-07,6.59594797159759,0.06595947971597589
2005-07-08,6.594743437786577,0.06594743437786577
2005-07-09,6.593557700717178,0.06593557700717179
2005-07-10,6.592390855192923,0.06592390855192923
2005-07-11,6.591242996017342,0.06591242996017342
2005-07-12,6.590114217993962,0.06590114217993963
2005-07-13,6.589004615926318,0.06589004615926318
2005-07-14,6.587914284617938,0.06587914284617938
2005-07-15,6.5868433188723525,0.06586843318872353
2005-07-16,6.5857918134930875,0.06585791813493087
2005-07-17,6.584759863283678,0.06584759863283679
2005-07-18,6.583747563047651,0.06583747563047651
2005-07-19,6.582755007588539,0.0658275500758854
2005-07-20,6.58178229170987,0.0658178229170987
2005-07-21,6.580829510215177,0.06580829510215178
2005-07-22,6.579896757907986,0.06579896757907985
2005-07-23,6.578984129591826,0.06578984129591826
2005-07-24,6.578091720070232,0.06578091720070231
2005-07-25,6.577219624146731,0.06577219624146731
2005-07-26,6.576367936624853,0.06576367936624852
2005-07-27,6.575536752308129,0.0657553675230813
2005-07-28,6.574726166000089,0.06574726166000089
2005-07-29,6.573936272504261,0.0657393627250426
2005-07-30,6.573167166624177,0.06573167166624178
2005-07-31,6.572418943163367,0.06572418943163366
2005-08-01,6.57169169692536,0.0657169169692536
2005-08-02,6.570985522713685,0.06570985522713685
2005-08-03,6.570300515331875,0.06570300515331876
2005-08-04,6.569636769583457,0.06569636769583458
2005-08-05,6.568994380271963,0.06568994380271963
2005-08-06,6.568373442200921,0.0656837344220092
2005-08-07,6.567774050173865,0.06567774050173865
2005-08-08,6.56719629899432,0.0656719629899432
2005-08-09,6.566640283465818,0.06566640283465819
2005-08-10,6.566106098391889,0.06566106098391888
2005-08-11,6.5655938385760635,0.06565593838576063
2005-08-12,6.565103598821872,0.06565103598821871
2005-08-13,6.564635473932843,0.06564635473932844
2005-08-14,6.564189558712508,0.06564189558712508
2005-08-15,6.563765947964392,0.06563765947964392
2005-08-16,6.563364736492032,0.06563364736492032
2005-08-17,6.562986019098955,0.06562986019098954
2005-08-18,6.56262989058869,0.0656262989058869
2005-08-19,6.56229644576477,0.0656229644576477
2005-08-20,6.561985779430721,0.06561985779430721
2005-08-21,6.561697986390075,0.06561697986390075
2005-08-22,6.561433161446362,0.06561433161446362
2005-08-23,6.561191399403113,0.06561191399403113
2005-08-24,6.560972795063855,0.06560972795063855
2005-08-25,6.56077744323212,0.0656077744323212
2005-08-26,6.5606054387114385,0.06560605438711438
2005-08-27,6.56045687630534,0.0656045687630534
2005-08-28,6.560331850817352,0.06560331850817352
2005-08-29,6.560230457051009,0.0656023045705101
2005-08-30,6.5601527898098375,0.06560152789809838
2005-08-31,6.56009894389737,0.0656009894389737
2005-09-01,6.560069014117134,0.06560069014117134
2005-09-02,6.560063095272662,0.06560063095272663
2005-09-03,6.56008128216748,0.06560081282167479
2005-09-04,6.5601236696051215,0.06560123669605121
2005-09-05,6.560190352389115,0.06560190352389114
2005-09-06,6.560281425322991,0.0656028142532299
2005-09-07,6.56039698321028,0.0656039698321028
2005-09-08,6.560537120854515,0.06560537120854515
2005-09-09,6.560701933059217,0.06560701933059217
2005-09-10,6.560891514627925,0.06560891514627926
2005-09-11,6.561105960364161,0.06561105960364161
2005-09-12,6.561345365071464,0.06561345365071464
2005-09-13,6.561609823553357,0.06561609823553356
2005-09-14,6.561899430613373,0.06561899430613373
2005-09-15,6.562214281055042,0.06562214281055043
2005-09-16,6.562554469681892,0.06562554469681892
2005-09-17,6.562920091297452,0.06562920091297453
2005-09-18,6.563311240705259,0.0656331124070526
2005-09-19,6.563728012708836,0.06563728012708836
2005-09-20,6.564170502111715,0.06564170502111714
2005-09-21,6.564638803717424,0.06564638803717424
2005-09-22,6.5651330123294995,0.065651330123295
2005-09-23,6.565653222751464,0.06565653222751464
2005-09-24,6.56619952978685,0.0656619952978685
2005-09-25,6.566772028239189,0.06566772028239189
2005-09-26,6.567370812912013,0.06567370812912013
2005-09-27,6.567995978608846,0.06567995978608847
2005-09-28,6.568647620133222,0.06568647620133222
2005-09-29,6.569325832288667,0.06569325832288668
2005-09-30,6.5700307098787185,0.06570030709878719
2005-10-01,6.570762347706898,0.06570762347706899
2005-10-02,6.571520840576741,0.06571520840576742
2005-10-03,6.572306283291776,0.06572306283291776
2005-10-04,6.573118770655532,0.06573118770655532
2005-10-05,6.573958397471542,0.06573958397471542
2005-10-06,6.574825258543333,0.06574825258543333
2005-10-07,6.575719448674435,0.06575719448674434
2005-10-08,6.576641062668378,0.06576641062668377
2005-10-09,6.577590195328693,0.06577590195328692
2005-10-10,6.57856694145891,0.0657856694145891
2005-10-11,6.579571395862559,0.06579571395862559
2005-10-12,6.58060365334317,0.0658060365334317
2005-10-13,6.581663808704271,0.06581663808704272
2005-10-14,6.582751956749395,0.06582751956749396
2005-10-15,6.58386819228207,0.0658386819228207
2005-10-16,6.585012610105827,0.06585012610105827
2005-10-17,6.586185305024195,0.06586185305024195
2005-10-18,6.587386371840705,0.06587386371840705
2005-10-19,6.588615905358887,0.06588615905358887
2005-10-20,6.58987400038227,0.0658987400038227
2005-10-21,6.5911607517143835,0.06591160751714384
2005-10-22,6.5924762541587585,0.06592476254158758
2005-10-23,6.5938206025189245,0.06593820602518924
2005-10-24,6.595193891598414,0.06595193891598414
2005-10-25,6.596596216200755,0.06596596216200755
2005-10-26,6.598027671129476,0.06598027671129475
2005-10-27,6.599488351188107,0.06599488351188107
2005-10-28,6.6009783511801805,0.06600978351180181
2005-10-29,6.6024977659092245,0.06602497765909225
2005-10-30,6.604046690178771,0.06604046690178772
2005-10-31,6.6056252187923485,0.06605625218792349
2005-11-01,6.6072334465534865,0.06607233446553487
2005-11-02,6.608871468265717,0.06608871468265716
2005-11-03,6.610539378732566,0.06610539378732566
2005-11-04,6.612237272757569,0.06612237272757569
2005-11-05,6.613965245144251,0.06613965245144252
2005-11-06,6.615723390696145,0.06615723390696145
2005-11-07,6.617511804216781,0.0661751180421678
2005-11-08,6.619330580509685,0.06619330580509686
2005-11-09,6.621179814378392,0.06621179814378392
2005-11-10,6.623059600626429,0.0662305960062643
2005-11-11,6.624970034057329,0.06624970034057329
2005-11-12,6.626911209474619,0.06626911209474619
2005-11-13,6.6288832216818285,0.06628883221681829
2005-11-14,6.630886165482492,0.06630886165482491
2005-11-15,6.632920135680133,0.06632920135680133
2005-11-16,6.634985227078287,0.06634985227078287
2005-11-17,6.637081534480481,0.06637081534480481
2005-11-18,6.639209152690245,0.06639209152690245
2005-11-19,6.64136817651111,0.0664136817651111
2005-11-20,6.643558700746608,0.06643558700746607
2005-11-21,6.645780820200263,0.06645780820200263
2005-11-22,6.64803462967561,0.0664803462967561
2005-11-23,6.650320223976179,0.06650320223976179
2005-11-24,6.652637697905498,0.06652637697905499
2005-11-25,6.654987146267097,0.06654987146267097
2005-11-26,6.657368663864506,0.06657368663864506
2005-11-27,6.659782345501257,0.06659782345501257
2005-11-28,6.66222828598088,0.0666222828598088
2005-11-29,6.664706580106899,0.066647065801069
2005-11-30,6.667217322682854,0.06667217322682854
2005-12-01,6.669760608512265,0.06669760608512265
2005-12-02,6.672336532398669,0.06672336532398669
2005-12-03,6.674945189145591,0.06674945189145591
2005-12-04,6.677586673556563,0.06677586673556563
2005-12-05,6.680261080435118,0.06680261080435118
2005-12-06,6.6829685045847835,0.06682968504584784
2005-12-07,6.685709040809089,0.06685709040809089
2005-12-08,6.6884827839115655,0.06688482783911566
2005-12-09,6.691289828695739,0.06691289828695739
2005-12-10,6.694130269965145,0.06694130269965144
2005-12-11,6.697004202523311,0.0669700420252331
2005-12-12,6.699911721173766,0.06699911721173767
2005-12-13,6.702852920720044,0.06702852920720044
2005-12-14,6.705827895965671,0.06705827895965671
2005-12-15,6.708836741714178,0.06708836741714178
2005-12-16,6.711879552769094,0.06711879552769094
2005-12-17,6.714956423933951,0.06714956423933952
2005-12-18,6.718067450012277,0.06718067450012277
2005-12-19,6.721212725807605,0.06721212725807604
2005-12-20,6.7243923461234605,0.0672439234612346
2005-12-21,6.727606405763379,0.0672760640576338
2005-12-22,6.7308549995308855,0.06730854999530886
2005-12-23,6.734138222229512,0.06734138222229512
2005-12-24,6.737456168662789,0.06737456168662789
2005-12-25,6.740808933634247,0.06740808933634247
2005-12-26,6.744196611947412,0.06744196611947412
2005-12-27,6.747619298405821,0.06747619298405821
2005-12-28,6.7510770878129955,0.06751077087812996
2005-12-29,6.754570074972474,0.06754570074972474
2005-12-30,6.758098354687779,0.06758098354687779
2005-12-31,6.761662021762444,0.06761662021762443
2006-01-01,6.765261171,0.06765261170999999
2006-01-02,6.768895853675582,0.06768895853675583
2006-01-03,6.772565946950763,0.06772565946950763
2006-01-04,6.776271284458719,0.0677627128445872
2006-01-05,6.780011699832627,0.06780011699832628
2006-01-06,6.783787026705665,0.06783787026705665
2006-01-07,6.78759709871101,0.0678759709871101
2006-01-08,6.79144174948184,0.0679144174948184
2006-01-09,6.795320812651331,0.06795320812651331
2006-01-10,6.799234121852664,0.06799234121852664
2006-01-11,6.803181510719015,0.06803181510719016
2006-01-12,6.807162812883561,0.06807162812883562
2006-01-13,6.811177861979479,0.06811177861979478
2006-01-14,6.81522649163995,0.0681522649163995
2006-01-15,6.819308535498145,0.06819308535498145
2006-01-16,6.823423827187249,0.0682342382718725
2006-01-17,6.827572200340434,0.06827572200340434
2006-01-18,6.83175348859088,0.0683175348859088
2006-01-19,6.835967525571764,0.06835967525571764
2006-01-20,6.8402141449162635,0.06840214144916264
2006-01-21,6.844493180257555,0.06844493180257555
2006-01-22,6.84880446522882,0.06848804465228821
2006-01-23,6.8531478334632325,0.06853147833463233
2006-01-24,6.85752311859397,0.0685752311859397
2006-01-25,6.861930154254212,0.06861930154254212
2006-01-26,6.8663687740771335,0.06866368774077133
2006-01-27,6.870838811695915,0.06870838811695915
2006-01-28,6.87534010074373,0.0687534010074373
2006-01-29,6.8798724748537605,0.0687987247485376
2006-01-30,6.884435767659184,0.06884435767659185
2006-01-31,6.889029812793175,0.06889029812793175
2006-02-01,6.893654443888912,0.06893654443888912
2006-02-02,6.898309494579572,0.06898309494579573
2006-02-03,6.902994798498335,0.06902994798498335
2006-02-04,6.907710189278376,0.06907710189278377
2006-02-05,6.9124555005528725,0.06912455500552872
2006-02-06,6.917230565955005,0.06917230565955004
2006-02-07,6.922035219117949,0.06922035219117949
2006-02-08,6.926869293674883,0.06926869293674882
2006-02-09,6.93173262325898,0.0693173262325898
2006-02-10,6.936625041503424,0.06936625041503425
2006-02-11,6.9415463820413885,0.06941546382041389
2006-02-12,6.946496478506054,0.06946496478506053
2006-02-13,6.951475164530595,0.06951475164530595
2006-02-14,6.9564822737481915,0.06956482273748192
2006-02-15,6.961517639792021,0.06961517639792021
2006-02-16,6.9665810962952595,0.0696658109629526
2006-02-17,6.971672476891085,0.06971672476891085
2006-02-18,6.976791615212672,0.06976791615212673
2006-02-19,6.981938344893205,0.06981938344893206
2006-02-20,6.987112499565857,0.06987112499565856
2006-02-21,6.992313912863806,0.06992313912863807
2006-02-22,6.99754241842023,0.0699754241842023
2006-02-23,7.002797849868306,0.07002797849868306
2006-02-24,7.008080040841213,0.07008080040841212
2006-02-25,7.013388824972127,0.07013388824972128
2006-02-26,7.018724035894228,0.07018724035894228
2006-02-27,7.024085507240687,0.07024085507240688
2006-02-28,7.029473072644691,0.0702947307264469
2006-03-01,7.034886565739409,0.0703488656573941
2006-03-02,7.040325820158027,0.07040325820158028
2006-03-03,7.045790669533714,0.07045790669533714
2006-03-04,7.051280947499652,0.07051280947499652
2006-03-05,7.056796487689019,0.0705679648768902
2006-03-06,7.0623371237349915,0.07062337123734991
2006-03-07,7.067902689270747,0.07067902689270747
2006-03-08,7.073493017929463,0.07073493017929464
2006-03-09,7.079107943344318,0.07079107943344318
2006-03-10,7.0847472991484866,0.07084747299148486
2006-03-11,7.09041091897515,0.0709041091897515
2006-03-12,7.0960986364574845,0.07096098636457485
2006-03-13,7.101810285228666,0.07101810285228666
2006-03-14,7.107545698921874,0.07107545698921874
2006-03-15,7.113304711170288,0.07113304711170289
2006-03-16,7.1190871556070805,0.0711908715560708
2006-03-17,7.124892865865434,0.07124892865865434
2006-03-18,7.13072167557852,0.07130721675578519
2006-03-19,7.136573418379521,0.0713657341837952
2006-03-20,7.142447927901614,0.07142447927901614
2006-03-21,7.148345037777976,0.07148345037777976
2006-03-22,7.154264581641785,0.07154264581641785
2006-03-23,7.1602063931262165,0.07160206393126217
2006-03-24,7.166170305864451,0.07166170305864451
2006-03-25,7.172156153489664,0.07172156153489664
2006-03-26,7.1781637696350336,0.07178163769635033
2006-03-27,7.184192987933736,0.07184192987933737
2006-03-28,7.190243642018952,0.07190243642018952
2006-03-29,7.1963155655238555,0.07196315565523856
2006-03-30,7.202408592081628,0.07202408592081629
2006-03-31,7.208522555325443,0.07208522555325443
2006-04-01,7.214657288888482,0.07214657288888482
2006-04-02,7.220812626403917,0.07220812626403916
2006-04-03,7.226988401504933,0.07226988401504933
2006-04-04,7.2331844478247005,0.072331844478247
2006-04-05,7.2394005989964025,0.07239400598996402
2006-04-06,7.245636688653212,0.07245636688653212
2006-04-07,7.25189255042831,0.0725189255042831
2006-04-08,7.258168017954872,0.07258168017954872
2006-04-09,7.264462924866077,0.07264462924866077
2006-04-10,7.270777104795101,0.07270777104795101
2006-04-11,7.277110391375126,0.07277110391375126
2006-04-12,7.283462618239321,0.07283462618239321
2006-04-13,7.289833619020872,0.07289833619020872
2006-04-14,7.296223227352952,0.07296223227352952
2006-04-15,7.3026312768687385,0.07302631276868739
2006-04-16,7.3090576012014115,0.07309057601201412
2006-04-17,7.3155020339841474,0.07315502033984148
2006-04-18,7.321964408850123,0.07321964408850123
2006-04-19,7.328444559432517,0.07328444559432518
2006-04-20,7.334942319364506,0.07334942319364507
2006-04-21,7.341457522279268,0.07341457522279268
2006-04-22,7.347990001809981,0.07347990001809981
2006-04-23,7.354539591589822,0.07354539591589822
2006-04-24,7.361106125251969,0.07361106125251969
2006-04-25,7.367689436429599,0.07367689436429599
2006-04-26,7.37428935875589,0.0737428935875589
2006-04-27,7.380905725864018,0.07380905725864018
2006-04-28,7.387538371387162,0.07387538371387162
2006-04-29,7.394187128958501,0.07394187128958501
2006-04-30,7.400851832211209,0.07400851832211208
2006-05-01,7.407532314778467,0.07407532314778467
2006-05-02,7.414228410293451,0.07414228410293451
2006-05-03,7.420939952389336,0.07420939952389335
2006-05-04,7.427666774699305,0.07427666774699306
2006-05-05,7.434408710856532,0.07434408710856533
2006-05-06,7.441165594494197,0.07441165594494197
2006-05-07,7.447937259245474,0.07447937259245474
2006-05-08,7.454723538743541,0.0745472353874354
2006-05-09,7.461524266621579,0.07461524266621579
2006-05-10,7.468339276512763,0.07468339276512763
2006-05-11,7.475168402050271,0.07475168402050271
2006-05-12,7.482011476867282,0.07482011476867281
2006-05-13,7.488868334596968,0.07488868334596968
2006-05-14,7.495738808872515,0.07495738808872515
2006-05-15,7.502622733327096,0.07502622733327095
2006-05-16,7.5095199415938865,0.07509519941593887
2006-05-17,7.516430267306066,0.07516430267306067
2006-05-18,7.523353544096814,0.07523353544096814
2006-05-19,7.530289605599306,0.07530289605599305
2006-05-20,7.53723828544672,0.0753723828544672
2006-05-21,7.544199417272234,0.07544199417272235
2006-05-22,7.551172834709027,0.07551172834709026
2006-05-23,7.558158371390272,0.07558158371390272
2006-05-24,7.565155860949149,0.07565155860949149
2006-05-25,7.572165137018837,0.07572165137018837
2006-05-26,7.57918603323251,0.0757918603323251
2006-05-27,7.586218383223351,0.07586218383223352
2006-05-28,7.593262020624533,0.07593262020624533
2006-05-29,7.600316779069235,0.07600316779069236
2006-05-30,7.607382492190636,0.07607382492190636
2006-05-31,7.614458993621909,0.07614458993621909
2006-06-01,7.621546116996239,0.07621546116996239
2006-06-02,7.6286436959467965,0.07628643695946796
2006-06-03,7.635751564106761,0.07635751564106762
2006-06-04,7.642869555109312,0.07642869555109312
2006-06-05,7.649997502587627,0.07649997502587627
2006-06-06,7.657135240174879,0.0765713524017488
2006-06-07,7.664282601504252,0.07664282601504252
2006-06-08,7.671439420208919,0.07671439420208918
2006-06-09,7.678605529922061,0.07678605529922061
2006-06-10,7.685780764276853,0.07685780764276853
2006-06-11,7.692964956906472,0.07692964956906473
2006-06-12,7.700157941444095,0.07700157941444095
2006-06-13,7.707359551522905,0.07707359551522905
2006-06-14,7.714569620776075,0.07714569620776075
2006-06-15,7.721787982836781,0.07721787982836781
2006-06-16,7.729014471338204,0.07729014471338204
2006-06-17,7.736248919913523,0.07736248919913523
2006-06-18,7.74349116219591,0.07743491162195909
2006-06-19,7.750741031818547,0.07750741031818546
2006-06-20,7.757998362414611,0.07757998362414611
2006-06-21,7.765262987617276,0.07765262987617276
2006-06-22,7.772534741059726,0.07772534741059726
2006-06-23,7.779813456375131,0.07779813456375131
2006-06-24,7.787098967196673,0.07787098967196673
2006-06-25,7.794391107157532,0.07794391107157532
2006-06-26,7.801689709890881,0.07801689709890881
2006-06-27,7.808994609029897,0.07808994609029897
2006-06-28,7.816305638207761,0.07816305638207761
2006-06-29,7.823622631057649,0.07823622631057649
2006-06-30,7.83094542121274,0.0783094542121274
2006-07-01,7.838273842306209,0.07838273842306209
2006-07-02,7.845607727971234,0.07845607727971234
2006-07-03,7.852946911840993,0.07852946911840993
2006-07-04,7.860291227548668,0.07860291227548669
2006-07-05,7.867640508727429,0.07867640508727429
2006-07-06,7.874994589010456,0.07874994589010456
2006-07-07,7.882353302030928,0.07882353302030928
2006-07-08,7.889716481422025,0.07889716481422025
2006-07-09,7.897083960816921,0.07897083960816921
2006-07-10,7.904455573848792,0.07904455573848793
2006-07-11,7.9118311541508195,0.0791183115415082
2006-07-12,7.919210535356179,0.07919210535356179
2006-07-13,7.926593551098047,0.07926593551098046
2006-07-14,7.933980035009603,0.07933980035009604
2006-07-15,7.941369820724026,0.07941369820724026
2006-07-16,7.948762741874489,0.07948762741874489
2006-07-17,7.956158632094174,0.07956158632094174
2006-07-18,7.9635573250162555,0.07963557325016256
2006-07-19,7.970958654273912,0.07970958654273912
2006-07-20,7.9783624535003215,0.07978362453500322
2006-07-21,7.9857685563286624,0.07985768556328662
2006-07-22,7.99317679639211,0.0799317679639211
2006-07-23,8.000587007323844,0.08000587007323844
2006-07-24,8.00799902275704,0.08007999022757041
2006-07-25,8.015412676324877,0.08015412676324876
2006-07-26,8.022827801660531,0.08022827801660531
2006-07-27,8.03024423239718,0.08030244232397181
2006-07-28,8.037661802168003,0.08037661802168003
2006-07-29,8.045080344606179,0.08045080344606179
2006-07-30,8.052499693344881,0.0805249969334488
2006-07-31,8.05991968201729,0.0805991968201729
2006-08-01,8.06734014425658,0.0806734014425658
2006-08-02,8.074760913695934,0.08074760913695934
2006-08-03,8.082181823968526,0.08082181823968526
2006-08-04,8.089602708707531,0.08089602708707531
2006-08-05,8.097023401546132,0.08097023401546131
2006-08-06,8.104443736117503,0.08104443736117503
2006-08-07,8.111863546054824,0.08111863546054825
2006-08-08,8.119282664991271,0.08119282664991272
2006-08-09,8.12670092656002,0.0812670092656002
2006-08-10,8.134118164394254,0.08134118164394254
2006-08-11,8.141534212127144,0.08141534212127144
2006-08-12,8.148948903391872,0.08148948903391873
2006-08-13,8.156362071821613,0.08156362071821613
2006-08-14,8.163773551049546,0.08163773551049547
2006-08-15,8.171183174708847,0.08171183174708847
2006-08-16,8.178590776432696,0.08178590776432695
2006-08-17,8.185996189854269,0.08185996189854268
2006-08-18,8.193399248606744,0.08193399248606743
2006-08-19,8.2007997863233,0.082007997863233
2006-08-20,8.208197636637111,0.08208197636637111
2006-08-21,8.215592633181355,0.08215592633181355
2006-08-22,8.222984609589211,0.08222984609589211
2006-08-23,8.230373399493859,0.08230373399493858
2006-08-24,8.237758836528473,0.08237758836528472
2006-08-25,8.245140754326231,0.08245140754326231
2006-08-26,8.252518986520311,0.08252518986520312
2006-08-27,8.25989336674389,0.08259893366743891
2006-08-28,8.267263728630152,0.08267263728630152
2006-08-29,8.274629905812262,0.08274629905812261
2006-08-30,8.281991731923407,0.08281991731923406
2006-08-31,8.289349040596763,0.08289349040596763
2006-09-01,8.296701665465504,0.08296701665465504
2006-09-02,8.304049440162812,0.08304049440162813
2006-09-03,8.311392198321862,0.08311392198321861
2006-09-04,8.318729773575832,0.08318729773575832
2006-09-05,8.3260619995579,0.083260619995579
2006-09-06,8.333388709901243,0.08333388709901243
2006-09-07,8.34070973823904,0.0834070973823904
2006-09-08,8.348024918204466,0.08348024918204466
2006-09-09,8.355334083430701,0.08355334083430702
2006-09-10,8.36263706755092,0.08362637067550921
2006-09-11,8.369933704198305,0.08369933704198304
2006-09-12,8.377223827006027,0.08377223827006026
2006-09-13,8.384507269607267,0.08384507269607268
2006-09-14,8.391783865635205,0.08391783865635205
2006-09-15,8.399053448723018,0.08399053448723018
2006-09-16,8.406315852503878,0.08406315852503879
2006-09-17,8.413570910610968,0.08413570910610968
2006-09-18,8.420818456677464,0.08420818456677465
2006-09-19,8.428058324336543,0.08428058324336543
2006-09-20,8.435290347221384,0.08435290347221384
2006-09-21,8.442514358965164,0.08442514358965164
2006-09-22,8.449730193201058,0.08449730193201058
2006-09-23,8.456937683562249,0.08456937683562249
2006-09-24,8.464136663681906,0.08464136663681905
2006-09-25,8.471326967193214,0.08471326967193214
2006-09-26,8.47850842772935,0.0847850842772935
2006-09-27,8.485680878923489,0.08485680878923489
2006-09-28,8.49284415440881,0.08492844154408809
2006-09-29,8.49999808781849,0.0849999808781849
2006-09-30,8.507142512785705,0.08507142512785705
2006-10-01,8.514277262943635,0.08514277262943634
2006-10-02,8.521402171925455,0.08521402171925456
2006-10-03,8.528517073364348,0.08528517073364349
2006-10-04,8.535621800893484,0.08535621800893484
2006-10-05,8.542716188146047,0.08542716188146046
2006-10-06,8.54980006875521,0.0854980006875521
2006-10-07,8.556873276354153,0.08556873276354153
2006-10-08,8.563935644576054,0.08563935644576054
2006-10-09,8.570987007054088,0.08570987007054087
2006-10-10,8.578027197421434,0.08578027197421434
2006-10-11,8.585056049311271,0.08585056049311271
2006-10-12,8.592073396356776,0.08592073396356775
2006-10-13,8.599079072191124,0.08599079072191124
2006-10-14,8.606072910447493,0.08606072910447493
2006-10-15,8.613054744759063,0.08613054744759063
2006-10-16,8.62002440875901,0.0862002440875901
2006-10-17,8.626981736080513,0.08626981736080513
2006-10-18,8.63392656035675,0.0863392656035675
2006-10-19,8.640858715220896,0.08640858715220895
2006-10-20,8.647778034306128,0.08647778034306128
2006-10-21,8.654684351245626,0.08654684351245626
2006-10-22,8.661577499672564,0.08661577499672564
2006-10-23,8.668457313220127,0.08668457313220128
2006-10-24,8.675323625521486,0.08675323625521486
2006-10-25,8.68217627020982,0.08682176270209821
2006-10-26,8.689015080918306,0.08689015080918307
2006-10-27,8.695839891280125,0.08695839891280124
2006-10-28,8.70265053492845,0.08702650534928451
2006-10-29,8.709446845496462,0.08709446845496462
2006-10-30,8.716228656617336,0.08716228656617336
2006-10-31,8.72299580192425,0.0872299580192425
2006-11-01,8.729748115050382,0.08729748115050383
2006-11-02,8.736485429628916,0.08736485429628915
2006-11-03,8.743207579293015,0.08743207579293015
2006-11-04,8.74991439767587,0.08749914397675869
2006-11-05,8.75660571841065,0.08756605718410651
2006-11-06,8.76328137513054,0.0876328137513054
2006-11-07,8.76994120146871,0.08769941201468709
2006-11-08,8.776585031058342,0.08776585031058343
2006-11-09,8.783212697532612,0.08783212697532612
2006-11-10,8.7898240345247,0.08789824034524701
2006-11-11,8.796418875667783,0.08796418875667783
2006-11-12,8.802997054595034,0.08802997054595034
2006-11-13,8.809558404939635,0.08809558404939635
2006-11-14,8.816102760334763,0.08816102760334762
2006-11-15,8.822629954413596,0.08822629954413597
2006-11-16,8.829139820809308,0.08829139820809308
2006-11-17,8.835632193155082,0.08835632193155081
2006-11-18,8.842106905084089,0.08842106905084089
2006-11-19,8.848563790229512,0.08848563790229512
2006-11-20,8.855002682224526,0.08855002682224526
2006-11-21,8.86142341470231,0.0886142341470231
2006-11-22,8.867825821296043,0.08867825821296042
2006-11-23,8.874209735638896,0.08874209735638897
2006-11-24,8.880574991364055,0.08880574991364056
2006-11-25,8.886921422104692,0.08886921422104692
2006-11-26,8.893248861493984,0.08893248861493984
2006-11-27,8.899557143165111,0.08899557143165111
2006-11-28,8.905846100751255,0.08905846100751255
2006-11-29,8.912115567885584,0.08912115567885584
2006-11-30,8.918365378201282,0.08918365378201282
2006-12-01,8.924595365331525,0.08924595365331525
2006-12-02,8.930805362909489,0.08930805362909489
2006-12-03,8.936995204568353,0.08936995204568353
2006-12-04,8.943164723941294,0.08943164723941294
2006-12-05,8.949313754661492,0.08949313754661492
2006-12-06,8.955442130362123,0.08955442130362122
2006-12-07,8.961549684676363,0.08961549684676363
2006-12-08,8.967636251237392,0.08967636251237393
2006-12-09,8.973701663678385,0.08973701663678385
2006-12-10,8.97974575563252,0.08979745755632519
2006-12-11,8.985768360732976,0.08985768360732976
2006-12-12,8.991769312612927,0.08991769312612927
2006-12-13,8.99774844490556,0.0899774844490556
2006-12-14,9.00370559124404,0.0900370559124404
2006-12-15,9.009640585261554,0.09009640585261554
2006-12-16,9.015553260591277,0.09015553260591277
2006-12-17,9.021443450866384,0.09021443450866384
2006-12-18,9.027310989720052,0.09027310989720051
2006-12-19,9.033155710785463,0.09033155710785463
2006-12-20,9.03897744769579,0.09038977447695791
2006-12-21,9.044776034084217,0.09044776034084218
2006-12-22,9.050551303583916,0.09050551303583916
2006-12-23,9.056303089828063,0.09056303089828063
2006-12-24,9.062031226449843,0.09062031226449843
2006-12-25,9.067735547082428,0.09067735547082428
2006-12-26,9.073415885358994,0.09073415885358994
2006-12-27,9.079072074912725,0.09079072074912725
2006-12-28,9.084703949376792,0.09084703949376792
2006-12-29,9.090311342384377,0.09090311342384377
2006-12-30,9.095894087568654,0.09095894087568654
2006-12-31,9.101452018562801,0.09101452018562801
2007-01-01,9.106984969,0.09106984969000001
2007-01-02,9.11249278903579,0.09112492789035789
2007-01-03,9.117975394915165,0.09117975394915165
2007-01-04,9.123432719405486,0.09123432719405486
2007-01-05,9.128864695274114,0.09128864695274114
2007-01-06,9.13427125528841,0.0913427125528841
2007-01-07,9.139652332215732,0.09139652332215732
2007-01-08,9.14500785882344,0.09145007858823441
2007-01-09,9.150337767878897,0.09150337767878897
2007-01-10,9.15564199214946,0.0915564199214946
2007-01-11,9.160920464402494,0.09160920464402494
2007-01-12,9.166173117405352,0.09166173117405352
2007-01-13,9.1713998839254,0.09171399883925399
2007-01-14,9.176600696729993,0.09176600696729993
2007-01-15,9.181775488586494,0.09181775488586494
2007-01-16,9.186924192262268,0.09186924192262268
2007-01-17,9.192046740524665,0.09192046740524665
2007-01-18,9.19714306614105,0.0919714306614105
2007-01-19,9.202213101878781,0.09202213101878781
2007-01-20,9.207256780505224,0.09207256780505224
2007-01-21,9.212274034787734,0.09212274034787735
2007-01-22,9.217264797493675,0.09217264797493675
2007-01-23,9.222229001390401,0.09222229001390402
2007-01-24,9.227166579245278,0.09227166579245277
2007-01-25,9.232077463825664,0.09232077463825665
2007-01-26,9.236961587898916,0.09236961587898916
2007-01-27,9.241818884232401,0.09241818884232401
2007-01-28,9.24664928559347,0.09246649285593471
2007-01-29,9.251452724749491,0.09251452724749491
2007-01-30,9.256229134467823,0.09256229134467824
2007-01-31,9.260978447515821,0.09260978447515822
2007-02-01,9.265700596660851,0.09265700596660852
2007-02-02,9.270395514670271,0.09270395514670271
2007-02-03,9.275063134311436,0.09275063134311436
2007-02-04,9.279703388351717,0.09279703388351716
2007-02-05,9.284316209558462,0.09284316209558462
2007-02-06,9.288901530699041,0.09288901530699041
2007-02-07,9.293459284540809,0.09293459284540809
2007-02-08,9.297989403851126,0.09297989403851126
2007-02-09,9.302491821397354,0.09302491821397353
2007-02-10,9.306966469946849,0.09306966469946848
2007-02-11,9.31141328226698,0.0931141328226698
2007-02-12,9.3158321911251,0.09315832191125101
2007-02-13,9.32022312928857,0.0932022312928857
2007-02-14,9.324586029524747,0.09324586029524747
2007-02-15,9.328920824601,0.09328920824600999
2007-02-16,9.333227447284681,0.09333227447284681
2007-02-17,9.337505830343154,0.09337505830343154
2007-02-18,9.341755906543778,0.09341755906543778
2007-02-19,9.345977608653913,0.09345977608653913
2007-02-20,9.35017086944092,0.0935017086944092
2007-02-21,9.354335621672154,0.09354335621672155
2007-02-22,9.358471798114984,0.09358471798114984
2007-02-23,9.362579331536764,0.09362579331536765
2007-02-24,9.366658154704856,0.09366658154704856
2007-02-25,9.370708200386623,0.09370708200386624
2007-02-26,9.374729401349416,0.09374729401349416
2007-02-27,9.378721690360605,0.09378721690360604
2007-02-28,9.382685000187543,0.09382685000187543
2007-03-01,9.386619263597597,0.09386619263597597
2007-03-02,9.390524413358122,0.09390524413358121
2007-03-03,9.394400382236476,0.09394400382236476
2007-03-04,9.398247103000026,0.09398247103000026
2007-03-05,9.402064508416128,0.09402064508416128
2007-03-06,9.405852531252142,0.09405852531252142
2007-03-07,9.40961110427543,0.0940961110427543
2007-03-08,9.413340160253348,0.09413340160253349
2007-03-09,9.41703963195326,0.0941703963195326
2007-03-10,9.420709452142527,0.09420709452142527
2007-03-11,9.424349553588504,0.09424349553588504
2007-03-12,9.427959869058553,0.09427959869058553
2007-03-13,9.43154033132004,0.0943154033132004
2007-03-14,9.43509087314032,0.0943509087314032
2007-03-15,9.43861142728675,0.0943861142728675
2007-03-16,9.442101926526696,0.09442101926526697
2007-03-17,9.445562303627515,0.09445562303627515
2007-03-18,9.448992491356567,0.09448992491356567
2007-03-19,9.452392422481214,0.09452392422481214
2007-03-20,9.455762029768815,0.09455762029768815
2007-03-21,9.45910124598673,0.0945910124598673
2007-03-22,9.462410003902319,0.09462410003902319
2007-03-23,9.465688236282942,0.09465688236282942
2007-03-24,9.46893587589596,0.0946893587589596
2007-03-25,9.47215285550873,0.0947215285550873
2007-03-26,9.475339107888619,0.0947533910788862
2007-03-27,9.478494565802979,0.09478494565802979
2007-03-28,9.481619162019177,0.09481619162019177
2007-03-29,9.484712829304566,0.09484712829304566
2007-03-30,9.487775500426512,0.09487775500426512
2007-03-31,9.490807108152369,0.09490807108152369
2007-04-01,9.493807585249506,0.09493807585249506
2007-04-02,9.496776864485277,0.09496776864485276
2007-04-03,9.499714878627046,0.09499714878627046
2007-04-04,9.502621560442169,0.09502621560442169
2007-04-05,9.505496842698005,0.09505496842698005
2007-04-06,9.508340658161918,0.09508340658161918
2007-04-07,9.511152939601265,0.09511152939601265
2007-04-08,9.513933619783408,0.09513933619783409
2007-04-09,9.516682631475708,0.09516682631475709
2007-04-10,9.519399907445525,0.09519399907445525
2007-04-11,9.52208538046022,0.0952208538046022
2007-04-12,9.524738983287149,0.09524738983287148
2007-04-13,9.527360648693671,0.09527360648693671
2007-04-14,9.529950309447154,0.09529950309447154
2007-04-15,9.532507898314952,0.09532507898314951
2007-04-16,9.535033348064426,0.09535033348064426
2007-04-17,9.537526591462933,0.09537526591462933
2007-04-18,9.539987561277846,0.09539987561277846
2007-04-19,9.542416190276509,0.09542416190276509
2007-04-20,9.54481241122629,0.0954481241122629
2007-04-21,9.547176156894551,0.0954717615689455
2007-04-22,9.549507360048644,0.09549507360048644
2007-04-23,9.551805953455935,0.09551805953455934
2007-04-24,9.554071869883789,0.09554071869883789
2007-04-25,9.556305042099558,0.09556305042099558
2007-04-26,9.558505402870603,0.09558505402870603
2007-04-27,9.560672884964283,0.09560672884964283
2007-04-28,9.562807421147964,0.09562807421147963
2007-04-29,9.564908944189003,0.09564908944189003
2007-04-30,9.56697738685476,0.0956697738685476
2007-05-01,9.569012681912596,0.09569012681912596
2007-05-02,9.57101476212987,0.0957101476212987
2007-05-03,9.57298356027394,0.0957298356027394
2007-05-04,9.57491900911217,0.0957491900911217
2007-05-05,9.576821041411916,0.09576821041411916
2007-05-06,9.578689589940543,0.09578689589940544
2007-05-07,9.580524587465403,0.09580524587465403
2007-05-08,9.58232596675387,0.09582325966753871
2007-05-09,9.584093660573293,0.09584093660573294
2007-05-10,9.585827601691033,0.09585827601691033
2007-05-11,9.587527722874455,0.09587527722874455
2007-05-12,9.589193956890915,0.09589193956890915
2007-05-13,9.59082623650777,0.0959082623650777
2007-05-14,9.59242449449239,0.0959242449449239
2007-05-15,9.593988663612127,0.09593988663612127
2007-05-16,9.595518676634343,0.09595518676634343
2007-05-17,9.5970144663264,0.09597014466326399
2007-05-18,9.598475965455656,0.09598475965455655
2007-05-19,9.599903106789471,0.0959990310678947
2007-05-20,9.601295823095208,0.09601295823095209
2007-05-21,9.602654047140222,0.09602654047140222
2007-05-22,9.603977711691881,0.09603977711691881
2007-05-23,9.605266749517535,0.09605266749517534
2007-05-24,9.60652109338455,0.09606521093384551
2007-05-25,9.607740676060285,0.09607740676060285
2007-05-26,9.608925430312103,0.09608925430312104
2007-05-27,9.61007528890736,0.0961007528890736
2007-05-28,9.61119018461342,0.0961119018461342
2007-05-29,9.612270050197635,0.09612270050197635
2007-05-30,9.613314818427378,0.09613314818427378
2007-05-31,9.614324422069998,0.09614324422069999
2007-06-01,9.61529879389286,0.0961529879389286
2007-06-02,9.61623786666332,0.0961623786666332
2007-06-03,9.617141573148746,0.09617141573148746
2007-06-04,9.618009846116491,0.09618009846116492
2007-06-05,9.618842618333918,0.09618842618333918
2007-06-06,9.619639822568386,0.09619639822568386
2007-06-07,9.620401391587256,0.09620401391587256
2007-06-08,9.621127258157886,0.09621127258157885
2007-06-09,9.62181735504764,0.09621817355047639
2007-06-10,9.622471615023874,0.09622471615023874
2007-06-11,9.62308997085395,0.0962308997085395
2007-06-12,9.623672355305233,0.09623672355305234
2007-06-13,9.624218701145077,0.09624218701145076
2007-06-14,9.624728941140837,0.09624728941140838
2007-06-15,9.62520300805988,0.09625203008059881
2007-06-16,9.625640834669568,0.09625640834669567
2007-06-17,9.626042353737262,0.09626042353737262
2007-06-18,9.626407498030316,0.09626407498030316
2007-06-19,9.626736200316094,0.09626736200316094
2007-06-20,9.627028393361956,0.09627028393361955
2007-06-21,9.627284009935256,0.09627284009935255
2007-06-22,9.62750298280336,0.0962750298280336
2007-06-23,9.627685244733629,0.09627685244733629
2007-06-24,9.627830728493423,0.09627830728493424
2007-06-25,9.627939366850097,0.09627939366850097
2007-06-26,9.628011092571015,0.09628011092571015
2007-06-27,9.628045838423535,0.09628045838423535
2007-06-28,9.628043537175023,0.09628043537175023
2007-06-29,9.628004121592832,0.09628004121592833
2007-06-30,9.627927524444328,0.09627927524444328
2007-07-01,9.627813678496866,0.09627813678496866
2007-07-02,9.627662516517804,0.09627662516517804
2007-07-03,9.62747397127451,0.0962747397127451
2007-07-04,9.62724797553434,0.09627247975534341
2007-07-05,9.626984462064655,0.09626984462064656
2007-07-06,9.626683363632813,0.09626683363632813
2007-07-07,9.626344613006175,0.09626344613006176
2007-07-08,9.625968142952102,0.09625968142952102
2007-07-09,9.625553886237958,0.09625553886237957
2007-07-10,9.625101775631094,0.09625101775631094
2007-07-11,9.624611743898875,0.09624611743898875
2007-07-12,9.624083723808665,0.09624083723808666
2007-07-13,9.623517648127816,0.09623517648127816
2007-07-14,9.622913449623693,0.09622913449623693
2007-07-15,9.622271061063655,0.09622271061063654
2007-07-16,9.621590415215064,0.09621590415215063
2007-07-17,9.620871444845278,0.09620871444845278
2007-07-18,9.620114082721654,0.09620114082721655
2007-07-19,9.619318261611559,0.09619318261611559
2007-07-20,9.618483914282349,0.09618483914282348
2007-07-21,9.617610973501389,0.09617610973501389
2007-07-22,9.61669937203603,0.09616699372036029
2007-07-23,9.61574904265364,0.0961574904265364
2007-07-24,9.614759918121575,0.09614759918121575
2007-07-25,9.613731931207193,0.09613731931207192
2007-07-26,9.612665014677862,0.09612665014677862
2007-07-27,9.611559101300935,0.09611559101300936
2007-07-28,9.610414123843771,0.09610414123843772
2007-07-29,9.609230015073742,0.09609230015073741
2007-07-30,9.608006707758195,0.09608006707758195
2007-07-31,9.606744134664497,0.09606744134664497
2007-08-01,9.605442228560001,0.09605442228560002
2007-08-02,9.604100922212076,0.09604100922212076
2007-08-03,9.60272014838808,0.0960272014838808
2007-08-04,9.601299839855367,0.09601299839855366
2007-08-05,9.599839929381304,0.09599839929381304
2007-08-06,9.598340349733247,0.09598340349733248
2007-08-07,9.596801033678558,0.09596801033678558
2007-08-08,9.595221913984597,0.09595221913984597
2007-08-09,9.593602923418723,0.09593602923418723
2007-08-10,9.591943994748299,0.09591943994748299
2007-08-11,9.59024506074068,0.09590245060740679
2007-08-12,9.58850605416323,0.09588506054163229
2007-08-13,9.586726907783307,0.09586726907783306
2007-08-14,9.584907554368273,0.09584907554368273
2007-08-15,9.583047926685488,0.09583047926685488
2007-08-16,9.581147957502308,0.09581147957502308
2007-08-17,9.579207579586104,0.09579207579586103
2007-08-18,9.577226725704222,0.09577226725704222
2007-08-19,9.575205328624032,0.09575205328624031
2007-08-20,9.573143321112887,0.09573143321112887
2007-08-21,9.571040635938152,0.09571040635938152
2007-08-22,9.56889720586719,0.0956889720586719
2007-08-23,9.566712963667353,0.09566712963667352
2007-08-24,9.564487842106006,0.09564487842106006
2007-08-25,9.56222177395051,0.0956222177395051
2007-08-26,9.559914691968222,0.09559914691968223
2007-08-27,9.557566528926502,0.09557566528926502
2007-08-28,9.555177217592714,0.09555177217592714
2007-08-29,9.552746690734216,0.09552746690734215
2007-08-30,9.550274881118368,0.09550274881118367
2007-08-31,9.547761721512526,0.09547761721512525
2007-09-01,9.545207144684058,0.09545207144684058
2007-09-02,9.542611083400315,0.09542611083400315
2007-09-03,9.539973470428667,0.09539973470428667
2007-09-04,9.537294238536466,0.09537294238536466
2007-09-05,9.534573320491077,0.09534573320491077
2007-09-06,9.53181064905986,0.0953181064905986
2007-09-07,9.52900615701017,0.0952900615701017
2007-09-08,9.526159777109374,0.09526159777109373
2007-09-09,9.523271442124829,0.09523271442124828
2007-09-10,9.520341084823892,0.09520341084823893
2007-09-11,9.517368637973927,0.09517368637973928
2007-09-12,9.514354034342292,0.09514354034342291
2007-09-13,9.51129720669635,0.0951129720669635
2007-09-14,9.508198087803457,0.09508198087803457
2007-09-15,9.505056610430977,0.09505056610430977
2007-09-16,9.501872707346266,0.09501872707346265
2007-09-17,9.498646311316689,0.09498646311316689
2007-09-18,9.495377355109603,0.09495377355109604
2007-09-19,9.492065771492369,0.0949206577149237
2007-09-20,9.488711493232346,0.09488711493232346
2007-09-21,9.485314453096896,0.09485314453096896
2007-09-22,9.481874583853378,0.09481874583853378
2007-09-23,9.47839181826915,0.09478391818269151
2007-09-24,9.474866089111575,0.09474866089111575
2007-09-25,9.471297329148014,0.09471297329148014
2007-09-26,9.467685471145824,0.09467685471145824
2007-09-27,9.464030447872366,0.09464030447872367
2007-09-28,9.460332192095,0.09460332192095
2007-09-29,9.45659063658109,0.0945659063658109
2007-09-30,9.45280571409799,0.0945280571409799
2007-10-01,9.448977357413064,0.09448977357413063
2007-10-02,9.445105499293668,0.09445105499293667
2007-10-03,9.441190072507169,0.09441190072507169
2007-10-04,9.437231009820922,0.09437231009820922
2007-10-05,9.433228244002287,0.09433228244002287
2007-10-06,9.429181707818623,0.09429181707818624
2007-10-07,9.425091334037297,0.09425091334037297
2007-10-08,9.42095705542566,0.0942095705542566
2007-10-09,9.416778804751083,0.09416778804751083
2007-10-10,9.412556514780915,0.09412556514780915
2007-10-11,9.408290118282522,0.09408290118282522
2007-10-12,9.403979548023262,0.09403979548023261
2007-10-13,9.399624736770498,0.09399624736770498
2007-10-14,9.395225617291585,0.09395225617291585
2007-10-15,9.39078212235389,0.0939078212235389
2007-10-16,9.386294184724767,0.09386294184724767
2007-10-17,9.381761737171578,0.09381761737171578
2007-10-18,9.377184712461684,0.09377184712461684
2007-10-19,9.372563043362444,0.09372563043362443
2007-10-20,9.36789666264122,0.0936789666264122
2007-10-21,9.36318550306537,0.0936318550306537
2007-10-22,9.358429497402255,0.09358429497402256
2007-10-23,9.353628578419238,0.09353628578419239
2007-10-24,9.34878267888367,0.09348782678883669
2007-10-25,9.343891731562922,0.09343891731562921
2007-10-26,9.338955669224346,0.09338955669224346
2007-10-27,9.333974424635308,0.09333974424635308
2007-10-28,9.328947930563164,0.09328947930563164
2007-10-29,9.323876119775276,0.09323876119775276
2007-10-30,9.318758925039004,0.09318758925039004
2007-10-31,9.313596279121706,0.09313596279121705
2007-11-01,9.308388114790745,0.09308388114790744
2007-11-02,9.30313436481348,0.09303134364813481
2007-11-03,9.297834961957271,0.09297834961957271
2007-11-04,9.292489838989479,0.09292489838989479
2007-11-05,9.287098928677462,0.09287098928677462
2007-11-06,9.281662163788583,0.09281662163788583
2007-11-07,9.2761794770902,0.09276179477090199
2007-11-08,9.270650801349673,0.09270650801349672
2007-11-09,9.26507606933436,0.09265076069334359
2007-11-10,9.259455213811625,0.09259455213811625
2007-11-11,9.25378816754883,0.0925378816754883
2007-11-12,9.248074863313327,0.09248074863313327
2007-11-13,9.242315233872485,0.09242315233872485
2007-11-14,9.236509211993658,0.09236509211993658
2007-11-15,9.230656730444212,0.09230656730444212
2007-11-16,9.224757721991502,0.09224757721991501
2007-11-17,9.218812119402882,0.09218812119402882
2007-11-18,9.212819855445726,0.09212819855445727
2007-11-19,9.206780862887388,0.09206780862887388
2007-11-20,9.200695074495226,0.09200695074495226
2007-11-21,9.194562423036604,0.09194562423036605
2007-11-22,9.188382841278877,0.09188382841278876
2007-11-23,9.182156261989409,0.09182156261989409
2007-11-24,9.17588261793556,0.0917588261793556
2007-11-25,9.169561841884686,0.09169561841884687
2007-11-26,9.163193866604152,0.09163193866604152
2007-11-27,9.156778624861317,0.09156778624861317
2007-11-28,9.15031604942354,0.09150316049423539
2007-11-29,9.14380607305818,0.09143806073058179
2007-11-30,9.137248628532602,0.09137248628532602
2007-12-01,9.13064364861416,0.0913064364861416
2007-12-02,9.123991066070218,0.09123991066070218
2007-12-03,9.117290813668138,0.09117290813668139
2007-12-04,9.110542824175273,0.09110542824175273
2007-12-05,9.103747030358988,0.09103747030358988
2007-12-06,9.096903364986641,0.09096903364986642
2007-12-07,9.090011760825595,0.09090011760825595
2007-12-08,9.08307215064321,0.0908307215064321
2007-12-09,9.076084467206842,0.09076084467206842
2007-12-10,9.069048643283853,0.09069048643283853
2007-12-11,9.061964611641605,0.09061964611641604
2007-12-12,9.054832305047457,0.09054832305047457
2007-12-13,9.047651656268766,0.09047651656268765
2007-12-14,9.040422598072897,0.09040422598072897
2007-12-15,9.033145063227215,0.09033145063227214
2007-12-16,9.025818984499063,0.09025818984499062
2007-12-17,9.018444294655813,0.09018444294655813
2007-12-18,9.011020926464829,0.09011020926464829
2007-12-19,9.003548812693461,0.09003548812693461
2007-12-20,8.996027886109076,0.08996027886109076
2007-12-21,8.988458079479027,0.08988458079479028
2007-12-22,8.980839325570685,0.08980839325570684
2007-12-23,8.9731715571514,0.08973171557151399
2007-12-24,8.965454706988536,0.08965454706988536
2007-12-25,8.957688707849455,0.08957688707849455
2007-12-26,8.949873492501514,0.08949873492501513
2007-12-27,8.942008993712076,0.08942008993712075
2007-12-28,8.934095144248495,0.08934095144248495
2007-12-29,8.926131876878141,0.08926131876878142
2007-12-30,8.918119124368362,0.08918119124368362
2007-12-31,8.910056819486528,0.08910056819486528
2008-01-01,8.901944895,0.08901944895
2008-01-02,8.893783352552928,0.08893783352552928
2008-01-03,8.885572469296676,0.08885572469296676
2008-01-04,8.877312591259399,0.08877312591259398
2008-01-05,8.869004064469248,0.08869004064469248
2008-01-06,8.86064723495439,0.0886064723495439
2008-01-07,8.852242448742974,0.08852242448742974
2008-01-08,8.843790051863156,0.08843790051863155
2008-01-09,8.835290390343097,0.08835290390343097
2008-01-10,8.826743810210948,0.08826743810210948
2008-01-11,8.818150657494868,0.08818150657494868
2008-01-12,8.809511278223015,0.08809511278223014
2008-01-13,8.800826018423544,0.08800826018423544
2008-01-14,8.79209522412461,0.0879209522412461
2008-01-15,8.78331924135437,0.0878331924135437
2008-01-16,8.77449841614098,0.0877449841614098
2008-01-17,8.765633094512598,0.08765633094512598
2008-01-18,8.75672362249738,0.08756723622497381
2008-01-19,8.747770346123477,0.08747770346123478
2008-01-20,8.738773611419052,0.08738773611419053
2008-01-21,8.729733764412263,0.08729733764412263
2008-01-22,8.720651151131262,0.08720651151131262
2008-01-23,8.711526117604201,0.08711526117604201
2008-01-24,8.702359009859249,0.0870235900985925
2008-01-25,8.693150173924547,0.08693150173924546
2008-01-26,8.683899955828263,0.08683899955828263
2008-01-27,8.674608701598547,0.08674608701598548
2008-01-28,8.665276757263559,0.08665276757263558
2008-01-29,8.655904468851455,0.08655904468851455
2008-01-30,8.64649218239039,0.08646492182390389
2008-01-31,8.63704024390852,0.08637040243908521
2008-02-01,8.627548999434003,0.08627548999434004
2008-02-02,8.618018794994994,0.08618018794994993
2008-02-03,8.60844997661965,0.08608449976619649
2008-02-04,8.598842890336126,0.08598842890336127
2008-02-05,8.58919788217258,0.0858919788217258
2008-02-06,8.579515298157164,0.08579515298157164
2008-02-07,8.569795484318043,0.08569795484318042
2008-02-08,8.560038786683368,0.08560038786683367
2008-02-09,8.550245551281293,0.08550245551281294
2008-02-10,8.54041612413998,0.08540416124139981
2008-02-11,8.53055085128758,0.08530550851287581
2008-02-12,8.520650078752253,0.08520650078752252
2008-02-13,8.510714152562153,0.08510714152562153
2008-02-14,8.500743418745438,0.08500743418745438
2008-02-15,8.490738223330267,0.08490738223330267
2008-02-16,8.48069891234479,0.0848069891234479
2008-02-17,8.470625831817166,0.08470625831817166
2008-02-18,8.460519327775552,0.08460519327775552
2008-02-19,8.450379746248107,0.08450379746248107
2008-02-20,8.440207433262978,0.08440207433262978
2008-02-21,8.430002734848335,0.08430002734848335
2008-02-22,8.419765997032325,0.08419765997032325
2008-02-23,8.409497565843106,0.08409497565843106
2008-02-24,8.39919778730883,0.0839919778730883
2008-02-25,8.388867007457664,0.08388867007457664
2008-02-26,8.378505572317756,0.08378505572317757
2008-02-27,8.368113827917266,0.08368113827917266
2008-02-28,8.357692120284351,0.08357692120284352
2008-02-29,8.347240795447162,0.08347240795447161
2008-03-01,8.336760199433863,0.08336760199433862
2008-03-02,8.326250678272602,0.08326250678272602
2008-03-03,8.315712577991542,0.08315712577991542
2008-03-04,8.305146244618836,0.08305146244618836
2008-03-05,8.294552024182641,0.08294552024182641
2008-03-06,8.283930262711113,0.08283930262711113
2008-03-07,8.27328130623241,0.0827328130623241
2008-03-08,8.262605500774686,0.08262605500774686
2008-03-09,8.251903192366104,0.08251903192366104
2008-03-10,8.24117472703481,0.0824117472703481
2008-03-11,8.230420450808966,0.08230420450808966
2008-03-12,8.219640709716726,0.08219640709716726
2008-03-13,8.20883584978625,0.0820883584978625
2008-03-14,8.198006217045693,0.08198006217045693
2008-03-15,8.18715215752321,0.0818715215752321
2008-03-16,8.176274017246957,0.08176274017246957
2008-03-17,8.16537214224509,0.0816537214224509
2008-03-18,8.154446878545771,0.08154446878545771
2008-03-19,8.143498572177148,0.08143498572177148
2008-03-20,8.132527569167381,0.08132527569167382
2008-03-21,8.121534215544628,0.08121534215544628
2008-03-22,8.110518857337047,0.08110518857337047
2008-03-23,8.099481840572786,0.08099481840572785
2008-03-24,8.088423511280011,0.08088423511280012
2008-03-25,8.077344215486871,0.08077344215486872
2008-03-26,8.066244299221529,0.08066244299221528
2008-03-27,8.055124108512135,0.08055124108512135
2008-03-28,8.043983989386847,0.08043983989386846
2008-03-29,8.032824287873822,0.08032824287873823
2008-03-30,8.02164535000122,0.0802164535000122
2008-03-31,8.010447521797193,0.08010447521797193
2008-04-01,7.999231149289899,0.07999231149289898
2008-04-02,7.987996578507492,0.07987996578507492
2008-04-03,7.97674415547813,0.0797674415547813
2008-04-04,7.965474226229971,0.07965474226229971
2008-04-05,7.95418713679117,0.0795418713679117
2008-04-06,7.942883233189879,0.07942883233189879
2008-04-07,7.931562861454262,0.07931562861454262
2008-04-08,7.9202263676124725,0.07920226367612472
2008-04-09,7.908874097692665,0.07908874097692664
2008-04-10,7.897506397722997,0.07897506397722996
2008-04-11,7.886123613731623,0.07886123613731623
2008-04-12,7.8747260917467035,0.07874726091746703
2008-04-13,7.863314177796392,0.07863314177796392
2008-04-14,7.851888217908845,0.07851888217908845
2008-04-15,7.840448558112221,0.0784044855811222
2008-04-16,7.828995544434671,0.0782899554443467
2008-04-17,7.817529522904357,0.07817529522904357
2008-04-18,7.806050839549433,0.07806050839549433
2008-04-19,7.794559840398055,0.07794559840398055
2008-04-20,7.78305687147838,0.0778305687147838
2008-04-21,7.771542278818565,0.07771542278818565
2008-04-22,7.760016408446764,0.07760016408446764
2008-04-23,7.748479606391136,0.07748479606391136
2008-04-24,7.736932218679836,0.07736932218679836
2008-04-25,7.725374591341019,0.0772537459134102
2008-04-26,7.7138070704028445,0.07713807070402845
2008-04-27,7.702230001893468,0.07702230001893468
2008-04-28,7.690643731841043,0.07690643731841043
2008-04-29,7.67904860627373,0.07679048606273729
2008-04-30,7.667444971219683,0.07667444971219683
2008-05-01,7.655833172707056,0.07655833172707056
2008-05-02,7.6442135567640115,0.07644213556764011
2008-05-03,7.6325864694187,0.076325864694187
2008-05-04,7.620952256699282,0.07620952256699282
2008-05-05,7.609311264633909,0.0760931126463391
2008-05-06,7.597663839250742,0.07597663839250741
2008-05-07,7.586010326577934,0.07586010326577934
2008-05-08,7.574351072643646,0.07574351072643645
2008-05-09,7.562686423476029,0.07562686423476028
2008-05-10,7.551016725103242,0.07551016725103242
2008-05-11,7.539342323553441,0.07539342323553441
2008-05-12,7.527663564854785,0.07527663564854785
2008-05-13,7.515980795035423,0.07515980795035423
2008-05-14,7.50429436012352,0.0750429436012352
2008-05-15,7.492604606147226,0.07492604606147225
2008-05-16,7.480911879134701,0.07480911879134701
2008-05-17,7.469216525114099,0.07469216525114099
2008-05-18,7.457518890113577,0.07457518890113576
2008-05-19,7.445819320161293,0.07445819320161293
2008-05-20,7.434118161285401,0.07434118161285401
2008-05-21,7.422415759514059,0.07422415759514059
2008-05-22,7.410712460875424,0.07410712460875424
2008-05-23,7.39900861139765,0.0739900861139765
2008-05-24,7.387304557108892,0.07387304557108892
2008-05-25,7.37560064403731,0.0737560064403731
2008-05-26,7.36389721821106,0.0736389721821106
2008-05-27,7.3521946256583,0.073521946256583
2008-05-28,7.340493212407179,0.07340493212407179
2008-05-29,7.32879332448586,0.07328793324485859
2008-05-30,7.317095307922498,0.07317095307922498
2008-05-31,7.30539950874525,0.0730539950874525
2008-06-01,7.293706272982268,0.07293706272982269
2008-06-02,7.282015946661713,0.07282015946661713
2008-06-03,7.27032887581174,0.0727032887581174
2008-06-04,7.258645406460504,0.07258645406460504
2008-06-05,7.246965884636163,0.07246965884636163
2008-06-06,7.235290656366875,0.07235290656366875
2008-06-07,7.223620067680791,0.07223620067680792
2008-06-08,7.211954464606073,0.07211954464606073
2008-06-09,7.200294193170871,0.07200294193170871
2008-06-10,7.1886395994033485,0.07188639599403349
2008-06-11,7.176991029331659,0.07176991029331659
2008-06-12,7.165348828983957,0.07165348828983957
2008-06-13,7.153713344388399,0.07153713344388399
2008-06-14,7.1420849215731455,0.07142084921573146
2008-06-15,7.130463906566346,0.07130463906566346
2008-06-16,7.118850645396163,0.07118850645396163
2008-06-17,7.10724548409075,0.0710724548409075
2008-06-18,7.095648768678265,0.07095648768678264
2008-06-19,7.084060845186864,0.07084060845186864
2008-06-20,7.072482059644699,0.07072482059644698
2008-06-21,7.060912758079931,0.07060912758079932
2008-06-22,7.049353286520718,0.07049353286520718
2008-06-23,7.037803990995212,0.07037803990995212
2008-06-24,7.026265217531572,0.07026265217531572
2008-06-25,7.01473731215795,0.07014737312157951
2008-06-26,7.003220620902508,0.07003220620902507
2008-06-27,6.9917154897934,0.069917154897934
2008-06-28,6.9802222648587815,0.06980222264858782
2008-06-29,6.968741292126809,0.06968741292126808
2008-06-30,6.957272917625641,0.06957272917625641
2008-07-01,6.945817487383431,0.06945817487383431
2008-07-02,6.934375347428338,0.06934375347428338
2008-07-03,6.922946843788515,0.06922946843788515
2008-07-04,6.911532322492122,0.06911532322492123
2008-07-05,6.900132129567315,0.06900132129567316
2008-07-06,6.888746611042246,0.06888746611042246
2008-07-07,6.877376112945076,0.06877376112945076
2008-07-08,6.8660209813039605,0.06866020981303961
2008-07-09,6.854681562147052,0.06854681562147052
2008-07-10,6.843358201502513,0.06843358201502513
2008-07-11,6.832051245398494,0.06832051245398495
2008-07-12,6.8207610398631555,0.06820761039863156
2008-07-13,6.809487930924654,0.06809487930924654
2008-07-14,6.798232264611141,0.06798232264611141
2008-07-15,6.78699438695078,0.0678699438695078
2008-07-16,6.775774643971719,0.06775774643971719
2008-07-17,6.764573381702122,0.06764573381702121
2008-07-18,6.75339094617014,0.0675339094617014
2008-07-19,6.742227683403932,0.06742227683403933
2008-07-20,6.731083939431655,0.06731083939431655
2008-07-21,6.719960060281462,0.06719960060281462
2008-07-22,6.708856391981513,0.06708856391981513
2008-07-23,6.697773280559963,0.06697773280559963
2008-07-24,6.686711072044965,0.06686711072044965
2008-07-25,6.675670112464681,0.06675670112464681
2008-07-26,6.664650747847267,0.06664650747847267
2008-07-27,6.653653324220874,0.06653653324220875
2008-07-28,6.6426781876136625,0.06642678187613663
2008-07-29,6.6317256840537855,0.06631725684053785
2008-07-30,6.620796159569404,0.06620796159569405
2008-07-31,6.609889960188672,0.06609889960188671
2008-08-01,6.599007431939746,0.06599007431939746
2008-08-02,6.588148920850782,0.06588148920850782
2008-08-03,6.577314772949936,0.06577314772949937
2008-08-04,6.566505334265363,0.06566505334265363
2008-08-05,6.555720950825224,0.06555720950825224
2008-08-06,6.544961968657672,0.06544961968657673
2008-08-07,6.534228733790864,0.06534228733790864
2008-08-08,6.523521592252954,0.06523521592252954
2008-08-09,6.512840890072103,0.06512840890072102
2008-08-10,6.502186973276464,0.06502186973276464
2008-08-11,6.491560187894194,0.06491560187894194
2008-08-12,6.480960879953451,0.06480960879953451
2008-08-13,6.470389395482389,0.06470389395482389
2008-08-14,6.459846080509164,0.06459846080509164
2008-08-15,6.449331281061935,0.06449331281061936
2008-08-16,6.438845343168856,0.06438845343168856
2008-08-17,6.428388612858087,0.06428388612858087
2008-08-18,6.417961436157778,0.06417961436157778
2008-08-19,6.407564159096092,0.06407564159096092
2008-08-20,6.3971971277011805,0.0639719712770118
2008-08-21,6.386860688001201,0.06386860688001202
2008-08-22,6.376555186024311,0.06376555186024312
2008-08-23,6.366280967798666,0.06366280967798665
2008-08-24,6.356038379352424,0.06356038379352424
2008-08-25,6.345827766713739,0.06345827766713738
2008-08-26,6.3356494759107695,0.06335649475910769
2008-08-27,6.32550385297167,0.0632550385297167
2008-08-28,6.315391243924595,0.06315391243924595
2008-08-29,6.305311994797706,0.06305311994797706
2008-08-30,6.295266451619157,0.06295266451619157
2008-08-31,6.285254960417103,0.06285254960417103
2008-09-01,6.275277867219701,0.06275277867219702
2008-09-02,6.2653355180551085,0.06265335518055108
2008-09-03,6.255428258951481,0.06255428258951481
2008-09-04,6.245556435936975,0.06245556435936975
2008-09-05,6.2357203950397455,0.062357203950397455
2008-09-06,6.225920482287951,0.06225920482287951
2008-09-07,6.216157043709748,0.062161570437097476
2008-09-08,6.2064304253332905,0.062064304253332904
2008-09-09,6.196740973186735,0.061967409731867346
2008-09-10,6.18708903329824,0.0618708903329824
2008-09-11,6.177474951695961,0.06177474951695961
2008-09-12,6.167899074408054,0.06167899074408054
2008-09-13,6.158361747462675,0.06158361747462675
2008-09-14,6.148863316887981,0.061488633168879814
2008-09-15,6.139404128712129,0.06139404128712129
2008-09-16,6.129984528963273,0.061299845289632726
2008-09-17,6.120604863669572,0.061206048636695716
2008-09-18,6.111265478859181,0.06111265478859181
2008-09-19,6.101966720560255,0.06101966720560255
2008-09-20,6.092708934800951,0.060927089348009514
2008-09-21,6.083492467609428,0.06083492467609428
2008-09-22,6.074317665013842,0.06074317665013842
2008-09-23,6.065184873042346,0.060651848730423466
2008-09-24,6.056094437723098,0.060560944377230974
2008-09-25,6.047046705084255,0.06047046705084255
2008-09-26,6.038042021153974,0.060380420211539734
2008-09-27,6.029080731960407,0.060290807319604074
2008-09-28,6.020163183531718,0.06020163183531718
2008-09-29,6.011289721896055,0.06011289721896054
2008-09-30,6.002460693081579,0.06002460693081579
2008-10-01,5.993676443116446,0.05993676443116446
2008-10-02,5.984937318028813,0.05984937318028813
2008-10-03,5.976243663846834,0.059762436638468336
2008-10-04,5.967595826598666,0.059675958265986664
2008-10-05,5.958994152312467,0.05958994152312467
2008-10-06,5.950438987016393,0.05950438987016393
2008-10-07,5.941930676738599,0.059419306767385986
2008-10-08,5.933469567507242,0.059334695675072414
2008-10-09,5.925056005350475,0.05925056005350475
2008-10-10,5.916690336296462,0.05916690336296462
2008-10-11,5.908372906373351,0.05908372906373351
2008-10-12,5.900104061609306,0.059001040616093056
2008-10-13,5.891884148032478,0.05891884148032478
2008-10-14,5.883713511671024,0.05883713511671024
2008-10-15,5.875592498553104,0.05875592498553104
2008-10-16,5.86752145470687,0.058675214547068706
2008-10-17,5.85950072616048,0.0585950072616048
2008-10-18,5.85153065894209,0.0585153065894209
2008-10-19,5.843611599079857,0.05843611599079857
2008-10-20,5.835743892601936,0.05835743892601936
2008-10-21,5.827927885536486,0.05827927885536486
2008-10-22,5.820163923911662,0.058201639239116615
2008-10-23,5.812452353755617,0.05812452353755617
2008-10-24,5.804793521096514,0.058047935210965136
2008-10-25,5.797187771962503,0.05797187771962503
2008-10-26,5.789635452381743,0.05789635452381743
2008-10-27,5.782136908382392,0.05782136908382392
2008-10-28,5.774692485992604,0.057746924859926045
2008-10-29,5.767302531240536,0.05767302531240536
2008-10-30,5.759967390154344,0.05759967390154344
2008-10-31,5.752687408762187,0.05752687408762187
2008-11-01,5.745462933092217,0.057454629330922165
2008-11-02,5.738294309172592,0.057382943091725924
2008-11-03,5.73118188303147,0.05731181883031469
2008-11-04,5.724126000697005,0.05724126000697005
2008-11-05,5.717127008197355,0.057171270081973556
2008-11-06,5.7101852515606755,0.05710185251560675
2008-11-07,5.703301076815124,0.05703301076815124
2008-11-08,5.696474829988855,0.05696474829988855
2008-11-09,5.6897068571100275,0.05689706857110027
2008-11-10,5.682997504206795,0.05682997504206795
2008-11-11,5.676347117307313,0.05676347117307313
2008-11-12,5.669756042439743,0.05669756042439743
2008-11-13,5.663224625632236,0.05663224625632236
2008-11-14,5.656753212912951,0.056567532129129516
2008-11-15,5.6503421503100455,0.056503421503100455
2008-11-16,5.643991783851671,0.056439917838516714
2008-11-17,5.63770245956599,0.056377024595659894
2008-11-18,5.6314745234811525,0.056314745234811524
2008-11-19,5.625308321625321,0.056253083216253205
2008-11-20,5.619204200026648,0.056192042000266486
2008-11-21,5.613162504713291,0.056131625047132906
2008-11-22,5.607183581713407,0.05607183581713407
2008-11-23,5.601267777055149,0.056012677770551494
2008-11-24,5.595415436766679,0.05595415436766679
2008-11-25,5.589626906876149,0.055896269068761495
2008-11-26,5.583902533411716,0.05583902533411716
2008-11-27,5.578242662401538,0.055782426624015384
2008-11-28,5.572647639873771,0.055726476398737707
2008-11-29,5.567117811856567,0.05567117811856567
2008-11-30,5.561653524378089,0.05561653524378089
2008-12-01,5.556255123466489,0.055562551234664886
2008-12-02,5.550922955149924,0.05550922955149924
2008-12-03,5.5456573654565515,0.055456573654565515
2008-12-04,5.540458700414529,0.05540458700414529
2008-12-05,5.535327306052008,0.05535327306052008
2008-12-06,5.5302635283971515,0.055302635283971516
2008-12-07,5.52526771347811,0.055252677134781096
2008-12-08,5.520340207323042,0.05520340207323042
2008-12-09,5.515481355960106,0.055154813559601064
2008-12-10,5.510691505417455,0.05510691505417455
2008-12-11,5.505971001723247,0.05505971001723247
2008-12-12,5.501320190905636,0.05501320190905636
2008-12-13,5.496739418992782,0.05496739418992782
2008-12-14,5.49222903201284,0.0549222903201284
2008-12-15,5.487789375993966,0.05487789375993966
2008-12-16,5.4834207969643165,0.05483420796964317
2008-12-17,5.4791236409520465,0.054791236409520466
2008-12-18,5.474898253985314,0.05474898253985314
2008-12-19,5.470744982092276,0.05470744982092276
2008-12-20,5.466664171301087,0.05466664171301087
2008-12-21,5.462656167639902,0.05462656167639902
2008-12-22,5.458721317136882,0.05458721317136882
2008-12-23,5.45485996582018,0.0545485996582018
2008-12-24,5.451072459717954,0.054510724597179545
2008-12-25,5.447359144858357,0.05447359144858357
2008-12-26,5.443720367269549,0.054437203672695486
2008-12-27,5.440156472979686,0.054401564729796854
2008-12-28,5.436667808016923,0.05436667808016923
2008-12-29,5.433254718409416,0.054332547184094165
2008-12-30,5.429917550185323,0.05429917550185323
2008-12-31,5.426656649372798,0.05426656649372798
2009-01-01,5.423472362,0.05423472362
2009-01-02,5.420364950203426,0.05420364950203426
2009-01-03,5.417334340552951,0.054173343405529505
2009-01-04,5.414380375726787,0.05414380375726787
2009-01-05,5.411502898403148,0.05411502898403148
2009-01-06,5.408701751260251,0.05408701751260251
2009-01-07,5.40597677697631,0.054059767769763095
2009-01-08,5.40332781822954,0.0540332781822954
2009-01-09,5.4007547176981525,0.05400754717698152
2009-01-10,5.398257318060368,0.053982573180603684
2009-01-11,5.395835461994399,0.05395835461994399
2009-01-12,5.393488992178458,0.05393488992178458
2009-01-13,5.391217751290763,0.05391217751290763
2009-01-14,5.389021582009526,0.05389021582009526
2009-01-15,5.386900327012963,0.05386900327012963
2009-01-16,5.384853828979288,0.053848538289792885
2009-01-17,5.382881930586718,0.05382881930586718
2009-01-18,5.3809844745134665,0.053809844745134665
2009-01-19,5.379161303437745,0.05379161303437745
2009-01-20,5.377412260037773,0.053774122600377734
2009-01-21,5.375737186991763,0.053757371869917636
2009-01-22,5.374135926977932,0.05374135926977932
2009-01-23,5.372608322674491,0.05372608322674491
2009-01-24,5.371154216759657,0.05371154216759657
2009-01-25,5.369773451911645,0.053697734519116455
2009-01-26,5.36846587080867,0.053684658708086704
2009-01-27,5.367231316128945,0.053672313161289446
2009-01-28,5.366069630550685,0.05366069630550685
2009-01-29,5.364980656752106,0.05364980656752106
2009-01-30,5.363964237411422,0.05363964237411422
2009-01-31,5.363020215206848,0.05363020215206848
2009-02-01,5.362148432816598,0.05362148432816598
2009-02-02,5.36134873291889,0.05361348732918889
2009-02-03,5.360620958191935,0.05360620958191935
2009-02-04,5.359964951313948,0.05359964951313948
2009-02-05,5.3593805549631455,0.05359380554963145
2009-02-06,5.358867611817741,0.053588676118177414
2009-02-07,5.358425964555951,0.05358425964555951
2009-02-08,5.358055455855989,0.05358055455855989
2009-02-09,5.3577559283960685,0.053577559283960685
2009-02-10,5.3575272248544055,0.053575272248544054
2009-02-11,5.357369187909216,0.05357369187909215
2009-02-12,5.357281660238711,0.053572816602387115
2009-02-13,5.357264484521109,0.05357264484521109
2009-02-14,5.357317503434625,0.05357317503434625
2009-02-15,5.357440559657471,0.05357440559657471
2009-02-16,5.357633495867866,0.05357633495867866
2009-02-17,5.357896154744017,0.05357896154744017
2009-02-18,5.358228378964144,0.053582283789641444
2009-02-19,5.358630011206464,0.05358630011206464
2009-02-20,5.3591008941491864,0.053591008941491866
2009-02-21,5.359640870470532,0.05359640870470532
2009-02-22,5.360249782848709,0.05360249782848709
2009-02-23,5.360927473961937,0.053609274739619364
2009-02-24,5.36167378648843,0.053616737864884294
2009-02-25,5.362488563106399,0.05362488563106399
2009-02-26,5.3633716464940635,0.05363371646494063
2009-02-27,5.364322879329635,0.05364322879329635
2009-02-28,5.36534210429133,0.053653421042913305
2009-03-01,5.366429164057363,0.05366429164057363
2009-03-02,5.367583901305949,0.05367583901305949
2009-03-03,5.368806158715302,0.05368806158715302
2009-03-04,5.370095778963637,0.05370095778963637
2009-03-05,5.3714526047291695,0.0537145260472917
2009-03-06,5.372876478690112,0.05372876478690112
2009-03-07,5.374367243524681,0.05374367243524681
2009-03-08,5.375924741911093,0.05375924741911093
2009-03-09,5.37754881652756,0.0537754881652756
2009-03-10,5.379239310052298,0.05379239310052298
2009-03-11,5.38099606516352,0.053809960651635194
2009-03-12,5.3828189245394436,0.05382818924539443
2009-03-13,5.384707730858279,0.05384707730858279
2009-03-14,5.3866623267982465,0.053866623267982465
2009-03-15,5.388682555037559,0.05388682555037559
2009-03-16,5.390768258254429,0.05390768258254429
2009-03-17,5.392919279127074,0.053929192791270744
2009-03-18,5.395135460333709,0.05395135460333709
2009-03-19,5.397416644552544,0.05397416644552545
2009-03-20,5.3997626744618,0.053997626744618
2009-03-21,5.402173392739687,0.05402173392739687
2009-03-22,5.404648642064423,0.054046486420644226
2009-03-23,5.407188265114219,0.05407188265114219
2009-03-24,5.409792104567295,0.054097921045672945
2009-03-25,5.412460003101861,0.05412460003101861
2009-03-26,5.4151918033961355,0.054151918033961355
2009-03-27,5.417987348128329,0.05417987348128329
2009-03-28,5.420846479976659,0.05420846479976659
2009-03-29,5.423769041619341,0.05423769041619341
2009-03-30,5.426754875734589,0.054267548757345886
2009-03-31,5.429803825000617,0.05429803825000617
2009-04-01,5.43291573209564,0.054329157320956396
2009-04-02,5.436090439697873,0.05436090439697873
2009-04-03,5.439327790485532,0.05439327790485532
2009-04-04,5.442627627136829,0.054426276271368285
2009-04-05,5.445989792329979,0.05445989792329979
2009-04-06,5.4494141287432,0.054494141287432
2009-04-07,5.452900479054702,0.05452900479054702
2009-04-08,5.456448685942705,0.05456448685942705
2009-04-09,5.460058592085422,0.05460058592085422
2009-04-10,5.463730040161064,0.05463730040161064
2009-04-11,5.46746287284785,0.0546746287284785
2009-04-12,5.471256932823995,0.05471256932823995
2009-04-13,5.47511206276771,0.054751120627677105
2009-04-14,5.479028105357211,0.054790281053572115
2009-04-15,5.483004903270717,0.05483004903270717
2009-04-16,5.487042299186439,0.05487042299186439
2009-04-17,5.49114013578259,0.0549114013578259
2009-04-18,5.495298255737388,0.05495298255737388
2009-04-19,5.499516501729048,0.05499516501729049
2009-04-20,5.503794716435782,0.055037947164357816
2009-04-21,5.508132742535807,0.05508132742535807
2009-04-22,5.512530422707336,0.05512530422707336
2009-04-23,5.516987599628585,0.05516987599628585
2009-04-24,5.52150411597777,0.0552150411597777
2009-04-25,5.526079814433103,0.05526079814433103
2009-04-26,5.5307145376728,0.055307145376728005
2009-04-27,5.5354081283750745,0.055354081283750745
2009-04-28,5.540160429218145,0.055401604292181446
2009-04-29,5.544971282880223,0.055449712828802226
2009-04-30,5.549840532039523,0.05549840532039523
2009-05-01,5.5547680193742615,0.055547680193742614
2009-05-02,5.5597535875626525,0.055597535875626526
2009-05-03,5.5647970792829105,0.055647970792829106
2009-05-04,5.5698983372132504,0.055698983372132506
2009-05-05,5.575057204031888,0.055750572040318885
2009-05-06,5.580273522417036,0.05580273522417036
2009-05-07,5.585547135046912,0.05585547135046912
2009-05-08,5.590877884599728,0.05590877884599728
2009-05-09,5.596265613753698,0.05596265613753698
2009-05-10,5.601710165187042,0.05601710165187042
2009-05-11,5.607211381577968,0.05607211381577968
2009-05-12,5.612769105604696,0.05612769105604696
2009-05-13,5.61838317994544,0.056183831799454395
2009-05-14,5.62405344727841,0.0562405344727841
2009-05-15,5.629779750281827,0.05629779750281827
2009-05-16,5.6355619316339025,0.05635561931633903
2009-05-17,5.6413998340128515,0.056413998340128516
2009-05-18,5.64729330009689,0.0564729330009689
2009-05-19,5.653242172564229,0.056532421725642296
2009-05-20,5.659246294093089,0.05659246294093089
2009-05-21,5.665305507361682,0.056653055073616815
2009-05-22,5.671419655048221,0.05671419655048221
2009-05-23,5.677588579830923,0.05677588579830923
2009-05-24,5.683812124388003,0.056838121243880026
2009-05-25,5.690090131397674,0.05690090131397674
2009-05-26,5.69642244353815,0.0569642244353815
2009-05-27,5.702808903487649,0.057028089034876495
2009-05-28,5.709249353924384,0.05709249353924384
2009-05-29,5.71574363752657,0.0571574363752657
2009-05-30,5.722291596972421,0.05722291596972421
2009-05-31,5.728893074940153,0.05728893074940153
2009-06-01,5.735547914107979,0.05735547914107979
2009-06-02,5.742255957154116,0.05742255957154116
2009-06-03,5.749017046756778,0.05749017046756778
2009-06-04,5.755831025594179,0.05755831025594179
2009-06-05,5.762697736344533,0.05762697736344533
2009-06-06,5.769617021686057,0.05769617021686057
2009-06-07,5.776588724296963,0.05776588724296963
2009-06-08,5.783612686855471,0.05783612686855471
2009-06-09,5.790688752039791,0.05790688752039791
2009-06-10,5.797816762528137,0.057978167625281365
2009-06-11,5.804996560998727,0.058049965609987264
2009-06-12,5.812227990129773,0.05812227990129773
2009-06-13,5.819510892599492,0.05819510892599492
2009-06-14,5.826845111086099,0.05826845111086099
2009-06-15,5.834230488267805,0.058342304882678046
2009-06-16,5.84166686682283,0.058416668668228304
2009-06-17,5.849154089429385,0.05849154089429385
2009-06-18,5.856691998765687,0.05856691998765687
2009-06-19,5.864280437509948,0.05864280437509948
2009-06-20,5.871919248340386,0.058719192483403855
2009-06-21,5.879608273935213,0.058796082739352135
2009-06-22,5.887347356972646,0.05887347356972646
2009-06-23,5.8951363401308985,0.058951363401308986
2009-06-24,5.902975066088185,0.059029750660881855
2009-06-25,5.91086337752272,0.059108633775227196
2009-06-26,5.918801117112721,0.05918801117112721
2009-06-27,5.926788127536398,0.059267881275363976
2009-06-28,5.934824251471969,0.05934824251471969
2009-06-29,5.94290933159765,0.0594290933159765
2009-06-30,5.951043210591654,0.059510432105916534
2009-07-01,5.959225731132195,0.05959225731132195
2009-07-02,5.967456735897487,0.059674567358974875
2009-07-03,5.975736067565748,0.059757360675657484
2009-07-04,5.984063568815191,0.059840635688151914
2009-07-05,5.99243908232403,0.0599243908232403
2009-07-06,6.00086245077048,0.060008624507704805
2009-07-07,6.009333516832756,0.06009333516832756
2009-07-08,6.0178521231890745,0.06017852123189074
2009-07-09,6.026418112517648,0.06026418112517648
2009-07-10,6.035031327496693,0.06035031327496693
2009-07-11,6.043691610804424,0.06043691610804424
2009-07-12,6.0523988051190525,0.060523988051190525
2009-07-13,6.0611527531187965,0.06061152753118797
2009-07-14,6.069953297481871,0.06069953297481871
2009-07-15,6.0788002808864885,0.060788002808864885
2009-07-16,6.087693546010865,0.060876935460108646
2009-07-17,6.096632935533216,0.06096632935533216
2009-07-18,6.105618292131754,0.061056182921317544
2009-07-19,6.114649458484697,0.06114649458484697
2009-07-20,6.123726277270258,0.061237262772702576
2009-07-21,6.132848591166653,0.06132848591166653
2009-07-22,6.142016242852095,0.06142016242852095
2009-07-23,6.151229075004796,0.06151229075004796
2009-07-24,6.160486930302977,0.06160486930302977
2009-07-25,6.169789651424848,0.06169789651424848
2009-07-26,6.179137081048627,0.061791370810486274
2009-07-27,6.188529061852527,0.06188529061852527
2009-07-28,6.197965436514764,0.061979654365147636
2009-07-29,6.2074460477135505,0.0620744604771355
2009-07-30,6.216970738127102,0.062169707381271026
2009-07-31,6.226539350433636,0.06226539350433636
2009-08-01,6.236151727311364,0.062361517273113634
2009-08-02,6.245807711438501,0.06245807711438501
2009-08-03,6.255507145493263,0.06255507145493264
2009-08-04,6.265249872153865,0.06265249872153865
2009-08-05,6.275035734098521,0.0627503573409852
2009-08-06,6.284864574005444,0.06284864574005444
2009-08-07,6.294736234552854,0.06294736234552854
2009-08-08,6.30465055841896,0.0630465055841896
2009-08-09,6.3146073882819795,0.0631460738828198
2009-08-10,6.324606566820126,0.06324606566820126
2009-08-11,6.334647936711616,0.06334647936711617
2009-08-12,6.344731340634664,0.06344731340634664
2009-08-13,6.3548566212674835,0.06354856621267484
2009-08-14,6.36502362128829,0.0636502362128829
2009-08-15,6.375232183375298,0.06375232183375297
2009-08-16,6.38548215020672,0.0638548215020672
2009-08-17,6.395773364460776,0.06395773364460776
2009-08-18,6.4061056688156786,0.06406105668815679
2009-08-19,6.416478905949641,0.06416478905949641
2009-08-20,6.4268929185408785,0.06426892918540879
2009-08-21,6.437347549267605,0.06437347549267605
2009-08-22,6.4478426408080365,0.06447842640808037
2009-08-23,6.45837803584039,0.0645837803584039
2009-08-24,6.468953577042876,0.06468953577042875
2009-08-25,6.479569107093711,0.06479569107093712
2009-08-26,6.4902244686711095,0.06490224468671109
2009-08-27,6.5009195044532895,0.0650091950445329
2009-08-28,6.511654057118459,0.0651165405711846
2009-08-29,6.52242796934484,0.0652242796934484
2009-08-30,6.533241083810642,0.06533241083810643
2009-08-31,6.544093243194084,0.06544093243194084
2009-09-01,6.554984290173376,0.06554984290173377
2009-09-02,6.565914067426738,0.06565914067426738
2009-09-03,6.576882417632378,0.06576882417632378
2009-09-04,6.5878891834685165,0.06587889183468516
2009-09-05,6.5989342076133655,0.06598934207613366
2009-09-06,6.610017332745142,0.06610017332745141
2009-09-07,6.621138401542059,0.0662113840154206
2009-09-08,6.632297256682334,0.06632297256682335
2009-09-09,6.643493740844176,0.06643493740844175
2009-09-10,6.654727696705805,0.06654727696705805
2009-09-11,6.665998966945431,0.06665998966945431
2009-09-12,6.677307394241275,0.06677307394241275
2009-09-13,6.688652821271548,0.06688652821271548
2009-09-14,6.700035090714465,0.06700035090714465
2009-09-15,6.711454045248241,0.06711454045248241
2009-09-16,6.722909527551092,0.06722909527551092
2009-09-17,6.734401380301228,0.06734401380301228
2009-09-18,6.74592944617687,0.0674592944617687
2009-09-19,6.75749356785623,0.06757493567856229
2009-09-20,6.7690935880175225,0.06769093588017522
2009-09-21,6.78072934933896,0.0678072934933896
2009-09-22,6.792400694498764,0.06792400694498764
2009-09-23,6.80410746617514,0.06804107466175141
2009-09-24,6.815849507046311,0.06815849507046311
2009-09-25,6.8276266597904876,0.06827626659790488
2009-09-26,6.839438767085886,0.06839438767085886
2009-09-27,6.8512856716107216,0.06851285671610721
2009-09-28,6.863167216043206,0.06863167216043206
2009-09-29,6.875083243061557,0.06875083243061557
2009-09-30,6.887033595343988,0.06887033595343989
2009-10-01,6.899018115568713,0.06899018115568713
2009-10-02,6.911036646413947,0.06911036646413947
2009-10-03,6.923089030557909,0.0692308903055791
2009-10-04,6.9351751106788075,0.06935175110678808
2009-10-05,6.947294729454862,0.06947294729454861
2009-10-06,6.959447729564284,0.06959447729564283
2009-10-07,6.9716339536852905,0.06971633953685291
2009-10-08,6.9838532444960935,0.06983853244496094
2009-10-09,6.99610544467491,0.0699610544467491
2009-10-10,7.008390396899956,0.07008390396899956
2009-10-11,7.020707943849444,0.07020707943849444
2009-10-12,7.033057928201588,0.07033057928201587
2009-10-13,7.045440192634605,0.07045440192634606
2009-10-14,7.057854579826708,0.07057854579826708
2009-10-15,7.070300932456114,0.07070300932456114
2009-10-16,7.082779093201035,0.07082779093201035
2009-10-17,7.095288904739688,0.07095288904739688
2009-10-18,7.107830209750286,0.07107830209750286
2009-10-19,7.120402850911046,0.07120402850911046
2009-10-20,7.13300667090018,0.0713300667090018
2009-10-21,7.145641512395905,0.07145641512395905
2009-10-22,7.158307218076433,0.07158307218076433
2009-10-23,7.171003630619982,0.07171003630619982
2009-10-24,7.183730592704766,0.07183730592704766
2009-10-25,7.196487947008999,0.07196487947008999
2009-10-26,7.209275536210895,0.07209275536210895
2009-10-27,7.22209320298867,0.0722209320298867
2009-10-28,7.23494079002054,0.0723494079002054
2009-10-29,7.247818139984714,0.07247818139984714
2009-10-30,7.2607250955594145,0.07260725095559414
2009-10-31,7.273661499422851,0.07273661499422851
2009-11-01,7.286627194253239,0.07286627194253238
2009-11-02,7.299622022728797,0.07299622022728797
2009-11-03,7.312645827527733,0.07312645827527733
2009-11-04,7.32569845132827,0.0732569845132827
2009-11-05,7.338779736808616,0.07338779736808615
2009-11-06,7.351889526646989,0.07351889526646989
2009-11-07,7.365027663521603,0.07365027663521603
2009-11-08,7.37819399011067,0.07378193990110671
2009-11-09,7.39138834909241,0.0739138834909241
2009-11-10,7.4046105831450335,0.07404610583145034
2009-11-11,7.417860534946758,0.07417860534946757
2009-11-12,7.431138047175798,0.07431138047175798
2009-11-13,7.444442962510366,0.07444442962510366
2009-11-14,7.4577751236286804,0.07457775123628681
2009-11-15,7.471134373208952,0.07471134373208951
2009-11-16,7.484520553929397,0.07484520553929397
2009-11-17,7.497933508468233,0.07497933508468232
2009-11-18,7.511373079503667,0.07511373079503667
2009-11-19,7.5248391097139224,0.07524839109713923
2009-11-20,7.538331441777211,0.0753833144177721
2009-11-21,7.551849918371745,0.07551849918371745
2009-11-22,7.565394382175742,0.07565394382175743
2009-11-23,7.578964675867416,0.07578964675867417
2009-11-24,7.592560642124981,0.07592560642124982
2009-11-25,7.606182123626654,0.07606182123626654
2009-11-26,7.619828963050649,0.0761982896305065
2009-11-27,7.633501003075176,0.07633501003075177
2009-11-28,7.6471980863784585,0.07647198086378458
2009-11-29,7.660920055638703,0.07660920055638704
2009-11-30,7.6746667535341295,0.07674666753534129
2009-12-01,7.688438022742949,0.0768843802274295
2009-12-02,7.702233705943382,0.07702233705943382
2009-12-03,7.716053645813636,0.07716053645813636
2009-12-04,7.729897685031929,0.07729897685031929
2009-12-05,7.743765666276477,0.07743765666276477
2009-12-06,7.757657432225496,0.07757657432225497
2009-12-07,7.771572825557197,0.07771572825557196
2009-12-08,7.785511688949796,0.07785511688949796
2009-12-09,7.799473865081508,0.07799473865081508
2009-12-10,7.813459196630546,0.07813459196630547
2009-12-11,7.827467526275129,0.07827467526275128
2009-12-12,7.841498696693468,0.07841498696693468
2009-12-13,7.855552550563781,0.07855552550563781
2009-12-14,7.869628930564279,0.07869628930564279
2009-12-15,7.883727679373177,0.07883727679373177
2009-12-16,7.897848639668695,0.07897848639668695
2009-12-17,7.911991654129041,0.07911991654129041
2009-12-18,7.926156565432432,0.07926156565432432
2009-12-19,7.940343216257087,0.07940343216257087
2009-12-20,7.9545514492812135,0.07954551449281214
2009-12-21,7.968781107183034,0.07968781107183034
2009-12-22,7.983032032640757,0.07983032032640758
2009-12-23,7.997304068332599,0.07997304068332599
2009-12-24,8.011597056936777,0.08011597056936777
2009-12-25,8.025910841131504,0.08025910841131503
2009-12-26,8.040245263594993,0.08040245263594993
2009-12-27,8.054600167005464,0.08054600167005464
2009-12-28,8.068975394041125,0.08068975394041125
2009-12-29,8.083370787380195,0.08083370787380195
2009-12-30,8.097786189700889,0.0809778618970089
2009-12-31,8.112221443681419,0.08112221443681418
2010-01-01,8.126676392,0.08126676392
2010-01-02,8.141150835433665,0.08141150835433665
2010-01-03,8.155644407154687,0.08155644407154687
2010-01-04,8.170156698434164,0.08170156698434164
2010-01-05,8.18468730054319,0.0818468730054319
2010-01-06,8.19923580475285,0.08199235804752851
2010-01-07,8.213801802334249,0.08213801802334249
2010-01-08,8.228384884558471,0.0822838488455847
2010-01-09,8.242984642696614,0.08242984642696614
2010-01-10,8.257600668019768,0.08257600668019767
2010-01-11,8.27223255179903,0.0827223255179903
2010-01-12,8.286879885305492,0.08286879885305493
2010-01-13,8.301542259810242,0.08301542259810242
2010-01-14,8.316219266584385,0.08316219266584385
2010-01-15,8.330910496899,0.08330910496899
2010-01-16,8.34561554202519,0.08345615542025189
2010-01-17,8.360333993234045,0.08360333993234045
2010-01-18,8.375065441796657,0.08375065441796657
2010-01-19,8.389809478984121,0.08389809478984121
2010-01-20,8.404565696067532,0.08404565696067533
2010-01-21,8.419333684317978,0.08419333684317978
2010-01-22,8.434113035006558,0.08434113035006557
2010-01-23,8.448903339404364,0.08448903339404364
2010-01-24,8.463704188782486,0.08463704188782487
2010-01-25,8.478515174412019,0.08478515174412019
2010-01-26,8.493335887564053,0.08493335887564052
2010-01-27,8.508165919509688,0.08508165919509687
2010-01-28,8.523004861520011,0.08523004861520012
2010-01-29,8.537852304866119,0.08537852304866118
2010-01-30,8.552707840819105,0.08552707840819104
2010-01-31,8.56757106065006,0.0856757106065006
2010-02-01,8.58244155563008,0.0858244155563008
2010-02-02,8.597318917030256,0.08597318917030256
2010-02-03,8.61220273612168,0.08612202736121681
2010-02-04,8.62709260417545,0.0862709260417545
2010-02-05,8.641988112462654,0.08641988112462654
2010-02-06,8.656888852254388,0.08656888852254388
2010-02-07,8.671794414821745,0.08671794414821746
2010-02-08,8.68670439143582,0.08686704391435819
2010-02-09,8.701618373367701,0.087016183733677
2010-02-10,8.716535951888485,0.08716535951888485
2010-02-11,8.731456718269264,0.08731456718269265
2010-02-12,8.746380263781134,0.08746380263781134
2010-02-13,8.761306179695184,0.08761306179695184
2010-02-14,8.77623405728251,0.0877623405728251
2010-02-15,8.791163487814206,0.08791163487814206
2010-02-16,8.806094062561362,0.08806094062561362
2010-02-17,8.821025372795074,0.08821025372795073
2010-02-18,8.835957009786432,0.08835957009786431
2010-02-19,8.85088856480653,0.0885088856480653
2010-02-20,8.865819629126465,0.08865819629126465
2010-02-21,8.880749794017328,0.08880749794017329
2010-02-22,8.89567865075021,0.08895678650750209
2010-02-23,8.910605790596207,0.08910605790596207
2010-02-24,8.925530804826412,0.08925530804826412
2010-02-25,8.940453284711918,0.08940453284711918
2010-02-26,8.955372821523815,0.08955372821523815
2010-02-27,8.970289006533202,0.08970289006533201
2010-02-28,8.985201431011166,0.08985201431011167
2010-03-01,9.000109686228807,0.09000109686228808
2010-03-02,9.015013363457212,0.09015013363457212
2010-03-03,9.029912053967475,0.09029912053967476
2010-03-04,9.044805349030694,0.09044805349030695
2010-03-05,9.05969283991796,0.0905969283991796
2010-03-06,9.074574117900365,0.09074574117900365
2010-03-07,9.089448774249,0.09089448774249
2010-03-08,9.104316400234964,0.09104316400234964
2010-03-09,9.119176587129347,0.09119176587129348
2010-03-10,9.13402892620324,0.09134028926203239
2010-03-11,9.148873008727737,0.09148873008727737
2010-03-12,9.163708425973937,0.09163708425973936
2010-03-13,9.178534769212925,0.09178534769212926
2010-03-14,9.193351629715801,0.09193351629715801
2010-03-15,9.208158598753657,0.09208158598753657
2010-03-16,9.22295526759758,0.09222955267597581
2010-03-17,9.237741227518672,0.09237741227518673
2010-03-18,9.252516069788019,0.0925251606978802
2010-03-19,9.267279385676716,0.09267279385676716
2010-03-20,9.282030766455861,0.09282030766455861
2010-03-21,9.296769803396542,0.09296769803396542
2010-03-22,9.311496087769852,0.09311496087769852
2010-03-23,9.32620921084689,0.0932620921084689
2010-03-24,9.340908763898742,0.09340908763898742
2010-03-25,9.355594338196505,0.09355594338196506
2010-03-26,9.370265525011272,0.09370265525011272
2010-03-27,9.384921915614138,0.09384921915614138
2010-03-28,9.399563101276192,0.09399563101276191
2010-03-29,9.414188673268528,0.09414188673268528
2010-03-30,9.428798222862241,0.0942879822286224
2010-03-31,9.443391341328423,0.09443391341328423
2010-04-01,9.457967619938174,0.09457967619938173
2010-04-02,9.472526649962571,0.0947252664996257
2010-04-03,9.487068022672727,0.09487068022672726
2010-04-04,9.501591329339721,0.09501591329339722
2010-04-05,9.516096161234652,0.09516096161234651
2010-04-06,9.53058210962861,0.09530582109628609
2010-04-07,9.54504876579269,0.0954504876579269
2010-04-08,9.559495720997987,0.09559495720997986
2010-04-09,9.573922566515591,0.09573922566515591
2010-04-10,9.5883288936166,0.095883288936166
2010-04-11,9.602714293572104,0.09602714293572104
2010-04-12,9.617078357653194,0.09617078357653193
2010-04-13,9.631420677130965,0.09631420677130965
2010-04-14,9.645740843276513,0.09645740843276514
2010-04-15,9.660038447360925,0.09660038447360925
2010-04-16,9.674313080655303,0.09674313080655303
2010-04-17,9.688564334430732,0.09688564334430731
2010-04-18,9.702791799958309,0.09702791799958309
2010-04-19,9.716995068509128,0.09716995068509128
2010-04-20,9.73117373135428,0.0973117373135428
2010-04-21,9.74532737976486,0.09745327379764859
2010-04-22,9.75945560501196,0.0975945560501196
2010-04-23,9.773557998366673,0.09773557998366673
2010-04-24,9.787634151100093,0.09787634151100093
2010-04-25,9.801683654483314,0.09801683654483315
2010-04-26,9.815706099787429,0.09815706099787429
2010-04-27,9.829701078283527,0.09829701078283527
2010-04-28,9.843668181242704,0.09843668181242704
2010-04-29,9.85760699993606,0.0985760699993606
2010-04-30,9.871517125634675,0.09871517125634675
2010-05-01,9.885398149609655,0.09885398149609655
2010-05-02,9.899249663132085,0.09899249663132086
2010-05-03,9.913071257473058,0.09913071257473058
2010-05-04,9.926862523903676,0.09926862523903676
2010-05-05,9.940623053695024,0.09940623053695025
2010-05-06,9.954352438118196,0.09954352438118196
2010-05-07,9.968050268444287,0.09968050268444287
2010-05-08,9.981716135944385,0.09981716135944385
2010-05-09,9.995349631889596,0.09995349631889595
2010-05-10,10.008950347551,0.10008950347551
2010-05-11,10.022517874199698,0.10022517874199698
2010-05-12,10.036051803106782,0.10036051803106781
2010-05-13,10.049551725543338,0.10049551725543339
2010-05-14,10.063017232780467,0.10063017232780468
2010-05-15,10.076447916089267,0.10076447916089266
2010-05-16,10.089843366740817,0.10089843366740818
2010-05-17,10.103203176006218,0.10103203176006219
2010-05-18,10.116526935156566,0.10116526935156565
2010-05-19,10.129814235462948,0.10129814235462949
2010-05-20,10.143064668196462,0.10143064668196462
2010-05-21,10.156277824628202,0.10156277824628202
2010-05-22,10.169453296029259,0.10169453296029259
2010-05-23,10.182590673670722,0.10182590673670722
2010-05-24,10.195689548823688,0.10195689548823689
2010-05-25,10.208749512759253,0.10208749512759253
2010-05-26,10.221770156748503,0.10221770156748504
2010-05-27,10.234751072062542,0.10234751072062542
2010-05-28,10.247691849972453,0.10247691849972453
2010-05-29,10.260592081749335,0.10260592081749335
2010-05-30,10.27345135866428,0.1027345135866428
2010-05-31,10.286269271988377,0.10286269271988377
2010-06-01,10.299045412992728,0.10299045412992727
2010-06-02,10.311779372948418,0.10311779372948418
2010-06-03,10.324470743126543,0.10324470743126543
2010-06-04,10.337119114798197,0.10337119114798198
2010-06-05,10.349724079234473,0.10349724079234474
2010-06-06,10.362285227706463,0.10362285227706464
2010-06-07,10.374802151485264,0.10374802151485264
2010-06-08,10.387274441841962,0.10387274441841962
2010-06-09,10.399701690047658,0.10399701690047658
2010-06-10,10.412083487373438,0.10412083487373439
2010-06-11,10.424419425090404,0.10424419425090405
2010-06-12,10.43670909446964,0.1043670909446964
2010-06-13,10.448952086782246,0.10448952086782246
2010-06-14,10.461147993299313,0.10461147993299313
2010-06-15,10.47329640529193,0.10473296405291929
2010-06-16,10.485396914031195,0.10485396914031195
2010-06-17,10.497449110788203,0.10497449110788203
2010-06-18,10.509452586834042,0.10509452586834042
2010-06-19,10.521406933439808,0.10521406933439809
2010-06-20,10.533311741876597,0.10533311741876597
2010-06-21,10.545166603415495,0.10545166603415496
2010-06-22,10.556971109327602,0.10556971109327602
2010-06-23,10.568724850884006,0.10568724850884006
2010-06-24,10.580427419355804,0.10580427419355803
2010-06-25,10.59207840601409,0.10592078406014091
2010-06-26,10.603677402129952,0.10603677402129952
2010-06-27,10.615223998974487,0.10615223998974488
2010-06-28,10.626717787818787,0.10626717787818787
2010-06-29,10.638158359933946,0.10638158359933947
2010-06-30,10.64954530659106,0.1064954530659106
2010-07-01,10.660878219061217,0.10660878219061218
2010-07-02,10.67215668861551,0.10672156688615511
2010-07-03,10.683380306525038,0.10683380306525038
2010-07-04,10.694548664060893,0.10694548664060893
2010-07-05,10.705661352494161,0.10705661352494161
2010-07-06,10.71671796309594,0.1071671796309594
2010-07-07,10.727718087137326,0.10727718087137326
2010-07-08,10.73866131588941,0.1073866131588941
2010-07-09,10.749547240623285,0.10749547240623285
2010-07-10,10.760375452610043,0.10760375452610044
2010-07-11,10.77114554312078,0.10771145543120779
2010-07-12,10.781857103426583,0.10781857103426583
2010-07-13,10.792509724798554,0.10792509724798555
2010-07-14,10.80310299850778,0.1080310299850778
2010-07-15,10.81363651582536,0.1081363651582536
2010-07-16,10.82410986802238,0.10824109868022379
2010-07-17,10.834522646369935,0.10834522646369935
2010-07-18,10.844874442139123,0.10844874442139123
2010-07-19,10.855164846601031,0.10855164846601031
2010-07-20,10.865393451026755,0.10865393451026754
2010-07-21,10.875559846687395,0.10875559846687395
2010-07-22,10.88566362485403,0.1088566362485403
2010-07-23,10.895704376797763,0.10895704376797763
2010-07-24,10.905681693789688,0.10905681693789689
2010-07-25,10.915595167100891,0.10915595167100892
2010-07-26,10.925444388002473,0.10925444388002474
2010-07-27,10.935228947765522,0.10935228947765521
2010-07-28,10.944948437661132,0.10944948437661133
2010-07-29,10.954602448960397,0.10954602448960397
2010-07-30,10.964190572934415,0.10964190572934415
2010-07-31,10.97371240085427,0.1097371240085427
2010-08-01,10.98316752399106,0.10983167523991061
2010-08-02,10.99255553361588,0.1099255553361588
2010-08-03,11.00187602099982,0.11001876020999819
2010-08-04,11.011128577413972,0.11011128577413971
2010-08-05,11.020312794129437,0.11020312794129436
2010-08-06,11.029428262417298,0.11029428262417298
2010-08-07,11.038474573548656,0.11038474573548657
2010-08-08,11.0474513187946,0.110474513187946
2010-08-09,11.056358089426224,0.11056358089426224
2010-08-10,11.065194476714623,0.11065194476714624
2010-08-11,11.07396007193089,0.1107396007193089
2010-08-12,11.082654466346114,0.11082654466346113
2010-08-13,11.091277251231393,0.11091277251231393
2010-08-14,11.099828017857815,0.11099828017857816
2010-08-15,11.108306357496483,0.11108306357496484
2010-08-16,11.11671186141848,0.1111671186141848
2010-08-17,11.125044120894904,0.11125044120894904
2010-08-18,11.133302727196845,0.11133302727196845
2010-08-19,11.141487271595404,0.11141487271595403
2010-08-20,11.149597345361666,0.11149597345361667
2010-08-21,11.157632539766727,0.11157632539766726
2010-08-22,11.165592446081677,0.11165592446081676
2010-08-23,11.173476655577614,0.11173476655577615
2010-08-24,11.181284759525633,0.11181284759525634
2010-08-25,11.189016349196821,0.11189016349196822
2010-08-26,11.196671015862274,0.11196671015862274
2010-08-27,11.204248350793085,0.11204248350793085
2010-08-28,11.21174794526035,0.1121174794526035
2010-08-29,11.219169390535157,0.11219169390535157
2010-08-30,11.226512277888604,0.11226512277888605
2010-08-31,11.23377619859178,0.1123377619859178
2010-09-01,11.24096074391578,0.1124096074391578
2010-09-02,11.2480655051317,0.112480655051317
2010-09-03,11.25509007351063,0.11255090073510629
2010-09-04,11.262034040323664,0.11262034040323664
2010-09-05,11.268896996841892,0.11268896996841893
2010-09-06,11.275678534336416,0.11275678534336415
2010-09-07,11.28237824407832,0.1128237824407832
2010-09-08,11.288995717338702,0.11288995717338703
2010-09-09,11.295530545388655,0.11295530545388655
2010-09-10,11.301982319499269,0.11301982319499268
2010-09-11,11.308350630941641,0.11308350630941641
2010-09-12,11.31463507098686,0.1131463507098686
2010-09-13,11.320835230906024,0.11320835230906023
2010-09-14,11.326950701970224,0.11326950701970225
2010-09-15,11.332981075450553,0.11332981075450553
2010-09-16,11.338925942618104,0.11338925942618104
2010-09-17,11.34478489474397,0.1134478489474397
2010-09-18,11.350557523099248,0.11350557523099247
2010-09-19,11.356243418955025,0.11356243418955024
2010-09-20,11.361842173582401,0.11361842173582401
2010-09-21,11.367353378252462,0.11367353378252462
2010-09-22,11.372776624236307,0.11372776624236307
2010-09-23,11.378111502805027,0.11378111502805027
2010-09-24,11.383357605229712,0.11383357605229712
2010-09-25,11.38851452278146,0.1138851452278146
2010-09-26,11.393581846731365,0.11393581846731365
2010-09-27,11.398559168350515,0.11398559168350514
2010-09-28,11.403446078910008,0.11403446078910008
2010-09-29,11.408242169680936,0.11408242169680935
2010-09-30,11.412947031934385,0.11412947031934385
2010-10-01,11.417560256941462,0.11417560256941461
2010-10-02,11.422081435973247,0.11422081435973247
2010-10-03,11.426510160300847,0.11426510160300847
2010-10-04,11.430846021195341,0.11430846021195341
2010-10-05,11.43508860992783,0.11435088609927829
2010-10-06,11.439237517769405,0.11439237517769404
2010-10-07,11.443292335991163,0.11443292335991163
2010-10-08,11.44725265586419,0.1144725265586419
2010-10-09,11.451118068659586,0.11451118068659585
2010-10-10,11.454888165648441,0.11454888165648441
2010-10-11,11.458562538101848,0.11458562538101848
2010-10-12,11.462140777290902,0.11462140777290902
2010-10-13,11.465622474486695,0.11465622474486695
2010-10-14,11.469007220960318,0.11469007220960319
2010-10-15,11.472294607982871,0.1147229460798287
2010-10-16,11.475484226825442,0.11475484226825441
2010-10-17,11.478575668759124,0.11478575668759124
2010-10-18,11.481568525055012,0.11481568525055012
2010-10-19,11.484462386984196,0.11484462386984197
2010-10-20,11.487256845817774,0.11487256845817774
2010-10-21,11.489951492826833,0.11489951492826833
2010-10-22,11.492545919282476,0.11492545919282476
2010-10-23,11.495039716455787,0.11495039716455788
2010-10-24,11.497432475617863,0.11497432475617864
2010-10-25,11.4997237880398,0.114997237880398
2010-10-26,11.501913244992684,0.11501913244992684
2010-10-27,11.504000437747612,0.11504000437747612
2010-10-28,11.505984957575677,0.11505984957575677
2010-10-29,11.507866395747975,0.11507866395747975
2010-10-30,11.509644343535594,0.11509644343535594
2010-10-31,11.511318392209631,0.11511318392209631
2010-11-01,11.51288813304118,0.1151288813304118
2010-11-02,11.514353157301334,0.11514353157301334
2010-11-03,11.51571305626118,0.1151571305626118
2010-11-04,11.51696742119182,0.1151696742119182
2010-11-05,11.51811584336434,0.1151811584336434
2010-11-06,11.51915791404984,0.1151915791404984
2010-11-07,11.520093224519405,0.11520093224519405
2010-11-08,11.520921366044139,0.11520921366044139
2010-11-09,11.52164192989512,0.1152164192989512
2010-11-10,11.522254507343455,0.11522254507343455
2010-11-11,11.522758689660233,0.11522758689660233
2010-11-12,11.523154068116545,0.11523154068116545
2010-11-13,11.52344023398349,0.1152344023398349
2010-11-14,11.523616778532151,0.11523616778532152
2010-11-15,11.523683293033633,0.11523683293033633
2010-11-16,11.523639368759017,0.11523639368759017
2010-11-17,11.523484596979404,0.11523484596979404
2010-11-18,11.52321856896589,0.1152321856896589
2010-11-19,11.522840875989559,0.11522840875989558
2010-11-20,11.522351109321516,0.11522351109321516
2010-11-21,11.521748860232838,0.11521748860232839
2010-11-22,11.521033719994637,0.11521033719994637
2010-11-23,11.52020527987799,0.1152020527987799
2010-11-24,11.519263131154004,0.11519263131154003
2010-11-25,11.51820686509376,0.1151820686509376
2010-11-26,11.517036072968356,0.11517036072968356
2010-11-27,11.515750346048886,0.11515750346048886
2010-11-28,11.514349275606447,0.11514349275606447
2010-11-29,11.512832452912125,0.11512832452912125
2010-11-30,11.511199469237017,0.11511199469237017
2010-12-01,11.509449915852215,0.11509449915852216
2010-12-02,11.507583384028813,0.11507583384028813
2010-12-03,11.505599465037903,0.11505599465037904
2010-12-04,11.50349775015058,0.11503497750150579
2010-12-05,11.501277830637937,0.11501277830637938
2010-12-06,11.49893929777107,0.1149893929777107
2010-12-07,11.496481742821064,0.11496481742821064
2010-12-08,11.493904757059022,0.11493904757059022
2010-12-09,11.491207931756028,0.11491207931756028
2010-12-10,11.488390858183179,0.11488390858183178
2010-12-11,11.48545312761157,0.11485453127611571
2010-12-12,11.48239433131229,0.1148239433131229
2010-12-13,11.479214060556442,0.11479214060556442
2010-12-14,11.475911906615107,0.11475911906615106
2010-12-15,11.472487460759385,0.11472487460759385
2010-12-16,11.468940314260372,0.11468940314260373
2010-12-17,11.465270058389152,0.11465270058389151
2010-12-18,11.46147628441682,0.1146147628441682
2010-12-19,11.457558583614478,0.11457558583614479
2010-12-20,11.45351654725321,0.1145351654725321
2010-12-21,11.449349766604115,0.11449349766604115
2010-12-22,11.445057832938284,0.11445057832938284
2010-12-23,11.440640337526808,0.11440640337526808
2010-12-24,11.436096871640785,0.11436096871640786
2010-12-25,11.43142702655131,0.1143142702655131
2010-12-26,11.426630393529464,0.11426630393529465
2010-12-27,11.421706563846353,0.11421706563846352
2010-12-28,11.416655128773064,0.11416655128773064
2010-12-29,11.41147567958069,0.1141147567958069
2010-12-30,11.406167807540324,0.11406167807540324
2010-12-31,11.400731103923064,0.11400731103923065
2011-01-01,11.39516516,0.1139516516
2011-01-02,11.389469748552912,0.11389469748552912
2011-01-03,11.383645368406343,0.11383645368406344
2011-01-04,11.37769269989551,0.1137769269989551
2011-01-05,11.371612423355637,0.11371612423355637
2011-01-06,11.365405219121957,0.11365405219121957
2011-01-07,11.359071767529686,0.11359071767529687
2011-01-08,11.352612748914055,0.11352612748914055
2011-01-09,11.346028843610284,0.11346028843610284
2011-01-10,11.3393207319536,0.113393207319536
2011-01-11,11.33248909427923,0.1133248909427923
2011-01-12,11.325534610922395,0.11325534610922394
2011-01-13,11.318457962218318,0.11318457962218317
2011-01-14,11.311259828502232,0.11311259828502232
2011-01-15,11.303940890109352,0.11303940890109353
2011-01-16,11.296501827374911,0.11296501827374911
2011-01-17,11.288943320634127,0.11288943320634127
2011-01-18,11.281266050222223,0.11281266050222223
2011-01-19,11.273470696474433,0.11273470696474433
2011-01-20,11.265557939725976,0.11265557939725976
2011-01-21,11.257528460312077,0.11257528460312077
2011-01-22,11.249382938567962,0.11249382938567962
2011-01-23,11.241122054828853,0.11241122054828853
2011-01-24,11.232746489429976,0.11232746489429976
2011-01-25,11.224256922706559,0.11224256922706559
2011-01-26,11.21565403499382,0.1121565403499382
2011-01-27,11.20693850662699,0.1120693850662699
2011-01-28,11.198111017941287,0.11198111017941287
2011-01-29,11.189172249271943,0.11189172249271943
2011-01-30,11.18012288095418,0.1118012288095418
2011-01-31,11.170963593323222,0.11170963593323222
2011-02-01,11.16169506671429,0.11161695066714289
2011-02-02,11.15231798146262,0.1115231798146262
2011-02-03,11.142833017903422,0.11142833017903422
2011-02-04,11.133240856371932,0.11133240856371933
2011-02-05,11.123542177203365,0.11123542177203366
2011-02-06,11.113737660732959,0.11113737660732959
2011-02-07,11.103827987295928,0.11103827987295928
2011-02-08,11.093813837227495,0.11093813837227495
2011-02-09,11.083695890862892,0.11083695890862892
2011-02-10,11.073474828537343,0.11073474828537343
2011-02-11,11.063151330586068,0.11063151330586068
2011-02-12,11.052726077344296,0.11052726077344296
2011-02-13,11.04219974914725,0.1104219974914725
2011-02-14,11.031573026330152,0.11031573026330152
2011-02-15,11.020846589228233,0.11020846589228234
2011-02-16,11.010021118176711,0.1101002111817671
2011-02-17,10.999097293510815,0.10999097293510815
2011-02-18,10.98807579556577,0.1098807579556577
2011-02-19,10.976957304676793,0.10976957304676793
2011-02-20,10.965742501179122,0.10965742501179122
2011-02-21,10.954432065407971,0.10954432065407971
2011-02-22,10.943026677698567,0.10943026677698567
2011-02-23,10.931527018386138,0.10931527018386138
2011-02-24,10.919933767805905,0.10919933767805905
2011-02-25,10.908247606293097,0.10908247606293096
2011-02-26,10.896469214182932,0.10896469214182933
2011-02-27,10.88459927181064,0.1088459927181064
2011-02-28,10.872638459511444,0.10872638459511444
2011-03-01,10.860587457620568,0.10860587457620569
2011-03-02,10.84844694647324,0.1084844694647324
2011-03-03,10.836217606404677,0.10836217606404677
2011-03-04,10.823900117750114,0.10823900117750114
2011-03-05,10.811495160844771,0.10811495160844771
2011-03-06,10.799003416023872,0.10799003416023872
2011-03-07,10.78642556362264,0.1078642556362264
2011-03-08,10.773762283976298,0.10773762283976299
2011-03-09,10.761014257420081,0.10761014257420082
2011-03-10,10.748182164289204,0.10748182164289205
2011-03-11,10.735266684918892,0.10735266684918893
2011-03-12,10.722268499644375,0.10722268499644376
2011-03-13,10.709188288800876,0.10709188288800876
2011-03-14,10.696026732723618,0.10696026732723618
2011-03-15,10.682784511747824,0.10682784511747824
2011-03-16,10.669462306208725,0.10669462306208725
2011-03-17,10.656060796441539,0.10656060796441538
2011-03-18,10.642580662781494,0.10642580662781494
2011-03-19,10.629022585563815,0.10629022585563815
2011-03-20,10.615387245123726,0.10615387245123725
2011-03-21,10.601675321796447,0.10601675321796447
2011-03-22,10.587887495917212,0.10587887495917211
2011-03-23,10.57402444782124,0.1057402444782124
2011-03-24,10.560086857843757,0.10560086857843758
2011-03-25,10.546075406319984,0.10546075406319984
2011-03-26,10.53199077358515,0.1053199077358515
2011-03-27,10.51783363997448,0.1051783363997448
2011-03-28,10.503604685823198,0.10503604685823198
2011-03-29,10.489304591466526,0.10489304591466526
2011-03-30,10.47493403723969,0.1047493403723969
2011-03-31,10.460493703477916,0.10460493703477916
2011-04-01,10.445984270516428,0.10445984270516429
2011-04-02,10.43140641869045,0.1043140641869045
2011-04-03,10.41676082833521,0.1041676082833521
2011-04-04,10.40204817978593,0.1040204817978593
2011-04-05,10.387269153377831,0.10387269153377832
2011-04-06,10.372424429446145,0.10372424429446145
2011-04-07,10.35751468832609,0.1035751468832609
2011-04-08,10.342540610352893,0.10342540610352893
2011-04-09,10.327502875861779,0.10327502875861778
2011-04-10,10.312402165187976,0.10312402165187975
2011-04-11,10.297239158666708,0.10297239158666707
2011-04-12,10.282014536633195,0.10282014536633195
2011-04-13,10.26672897942266,0.10266728979422661
2011-04-14,10.251383167370339,0.10251383167370338
2011-04-15,10.235977780811446,0.10235977780811446
2011-04-16,10.220513500081205,0.10220513500081205
2011-04-17,10.204991005514847,0.10204991005514846
2011-04-18,10.1894109774476,0.10189410977447601
2011-04-19,10.173774096214679,0.10173774096214679
2011-04-20,10.15808104215131,0.1015808104215131
2011-04-21,10.142332495592726,0.10142332495592726
2011-04-22,10.126529136874144,0.10126529136874143
2011-04-23,10.110671646330788,0.10110671646330788
2011-04-24,10.094760704297892,0.10094760704297892
2011-04-25,10.078796991110668,0.10078796991110668
2011-04-26,10.062781187104353,0.10062781187104353
2011-04-27,10.046713972614157,0.10046713972614157
2011-04-28,10.03059602797532,0.1003059602797532
2011-04-29,10.014428033523057,0.10014428033523057
2011-04-30,9.9982106695926,0.099982106695926
2011-05-01,9.981944616519167,0.09981944616519167
2011-05-02,9.965630554637984,0.09965630554637984
2011-05-03,9.949269164284276,0.09949269164284276
2011-05-04,9.932861125793268,0.09932861125793269
2011-05-05,9.916407119500189,0.09916407119500188
2011-05-06,9.899907825740256,0.09899907825740256
2011-05-07,9.883363924848696,0.09883363924848697
2011-05-08,9.866776097160741,0.09866776097160741
2011-05-09,9.850145023011606,0.09850145023011607
2011-05-10,9.833471382736521,0.09833471382736521
2011-05-11,9.816755856670706,0.09816755856670706
2011-05-12,9.799999125149395,0.09799999125149395
2011-05-13,9.783201868507799,0.09783201868507799
2011-05-14,9.766364767081157,0.09766364767081157
2011-05-15,9.749488501204683,0.09749488501204683
2011-05-16,9.732573751213605,0.09732573751213605
2011-05-17,9.71562119744315,0.0971562119744315
2011-05-18,9.698631520228538,0.09698631520228539
2011-05-19,9.681605399904997,0.09681605399904997
2011-05-20,9.664543516807758,0.09664543516807758
2011-05-21,9.647446551272035,0.09647446551272035
2011-05-22,9.630315183633058,0.09630315183633059
2011-05-23,9.613150094226045,0.09613150094226044
2011-05-24,9.595951963386227,0.09595951963386228
2011-05-25,9.57872147144883,0.0957872147144883
2011-05-26,9.561459298749078,0.09561459298749078
2011-05-27,9.544166125622192,0.09544166125622193
2011-05-28,9.5268426324034,0.095268426324034
2011-05-29,9.509489499427922,0.09509489499427921
2011-05-30,9.492107407030991,0.0949210740703099
2011-05-31,9.474697035547821,0.09474697035547822
2011-06-01,9.457259065313647,0.09457259065313646
2011-06-02,9.439794176663685,0.09439794176663685
2011-06-03,9.42230304993317,0.0942230304993317
2011-06-04,9.404786365457317,0.09404786365457317
2011-06-05,9.387244803571354,0.09387244803571354
2011-06-06,9.369679044610507,0.09369679044610507
2011-06-07,9.352089768909996,0.09352089768909996
2011-06-08,9.334477656805053,0.09334477656805053
2011-06-09,9.316843388630897,0.09316843388630897
2011-06-10,9.299187644722755,0.09299187644722755
2011-06-11,9.28151110541585,0.0928151110541585
2011-06-12,9.26381445104541,0.0926381445104541
2011-06-13,9.246098361946661,0.09246098361946661
2011-06-14,9.228363518454819,0.09228363518454819
2011-06-15,9.210610600905111,0.09210610600905111
2011-06-16,9.19284028963277,0.0919284028963277
2011-06-17,9.175053264973014,0.09175053264973014
2011-06-18,9.157250207261072,0.09157250207261072
2011-06-19,9.13943179683216,0.09139431796832159
2011-06-20,9.121598714021513,0.09121598714021513
2011-06-21,9.103751639164349,0.0910375163916435
2011-06-22,9.085891252595895,0.09085891252595894
2011-06-23,9.068018234651374,0.09068018234651375
2011-06-24,9.050133265666016,0.09050133265666016
2011-06-25,9.032237025975038,0.09032237025975037
2011-06-26,9.014330195913669,0.09014330195913668
2011-06-27,8.996413455817132,0.08996413455817132
2011-06-28,8.978487486020656,0.08978487486020656
2011-06-29,8.960552966859462,0.08960552966859461
2011-06-30,8.942610578668775,0.08942610578668775
2011-07-01,8.924661001783821,0.08924661001783822
2011-07-02,8.90670491653982,0.08906704916539819
2011-07-03,8.888743003272001,0.08888743003272001
2011-07-04,8.87077594231559,0.0887077594231559
2011-07-05,8.852804414005806,0.08852804414005806
2011-07-06,8.834829098677881,0.08834829098677881
2011-07-07,8.816850676667034,0.08816850676667035
2011-07-08,8.798869828308494,0.08798869828308493
2011-07-09,8.78088723393748,0.0878088723393748
2011-07-10,8.76290357388922,0.0876290357388922
2011-07-11,8.744919528498942,0.08744919528498941
2011-07-12,8.726935778101867,0.08726935778101867
2011-07-13,8.708953003033217,0.08708953003033218
2011-07-14,8.690971883628222,0.08690971883628222
2011-07-15,8.672993100222103,0.08672993100222103
2011-07-16,8.655017333150086,0.08655017333150086
2011-07-17,8.6370452627474,0.08637045262747399
2011-07-18,8.619077569349258,0.08619077569349258
2011-07-19,8.601114933290896,0.08601114933290896
2011-07-20,8.583158034907536,0.08583158034907536
2011-07-21,8.565207554534402,0.08565207554534401
2011-07-22,8.547264172506715,0.08547264172506715
2011-07-23,8.529328569159704,0.08529328569159704
2011-07-24,8.511401424828595,0.08511401424828595
2011-07-25,8.493483419848607,0.08493483419848608
2011-07-26,8.475575234554968,0.08475575234554969
2011-07-27,8.457677549282902,0.08457677549282902
2011-07-28,8.439791044367633,0.08439791044367632
2011-07-29,8.421916400144394,0.08421916400144394
2011-07-30,8.404054296948397,0.08404054296948398
2011-07-31,8.386205415114873,0.08386205415114872
2011-08-01,8.368370434979045,0.08368370434979046
2011-08-02,8.35055003687614,0.08350550036876139
2011-08-03,8.332744901141382,0.08332744901141381
2011-08-04,8.314955708109993,0.08314955708109993
2011-08-05,8.297183138117202,0.08297183138117202
2011-08-06,8.27942787149823,0.0827942787149823
2011-08-07,8.261690588588303,0.08261690588588304
2011-08-08,8.243971969722645,0.08243971969722645
2011-08-09,8.226272695236483,0.08226272695236483
2011-08-10,8.208593445465041,0.08208593445465041
2011-08-11,8.19093490074354,0.0819093490074354
2011-08-12,8.173297741407207,0.08173297741407208
2011-08-13,8.15568264779127,0.0815568264779127
2011-08-14,8.13809030023095,0.08138090300230949
2011-08-15,8.12052137906147,0.0812052137906147
2011-08-16,8.10297656461806,0.08102976564618061
2011-08-17,8.085456537235942,0.08085456537235941
2011-08-18,8.06796197725034,0.0806796197725034
2011-08-19,8.05049356499648,0.08050493564996479
2011-08-20,8.033051980809581,0.08033051980809582
2011-08-21,8.015637905024876,0.08015637905024876
2011-08-22,7.998252017977589,0.07998252017977589
2011-08-23,7.9808950000029375,0.07980895000002937
2011-08-24,7.963567531436153,0.07963567531436153
2011-08-25,7.946270292612456,0.07946270292612456
2011-08-26,7.929003963867075,0.07929003963867075
2011-08-27,7.911769225535232,0.07911769225535231
2011-08-28,7.894566757952154,0.07894566757952154
2011-08-29,7.877397241453061,0.07877397241453062
2011-08-30,7.860261356373182,0.07860261356373183
2011-08-31,7.84315978304774,0.0784315978304774
2011-09-01,7.82609320181196,0.07826093201811961
2011-09-02,7.809062293001066,0.07809062293001066
2011-09-03,7.792067736950286,0.07792067736950287
2011-09-04,7.77511021399484,0.0777511021399484
2011-09-05,7.758190404469955,0.07758190404469956
2011-09-06,7.7413089887108555,0.07741308988710856
2011-09-07,7.724466647052766,0.07724466647052766
2011-09-08,7.707664059830913,0.07707664059830913
2011-09-09,7.690901907380519,0.0769090190738052
2011-09-10,7.674180870036808,0.07674180870036808
2011-09-11,7.657501628135004,0.07657501628135005
2011-09-12,7.640864862010336,0.07640864862010335
2011-09-13,7.624271251998028,0.07624271251998029
2011-09-14,7.607721478433299,0.07607721478433299
2011-09-15,7.59121622165138,0.0759121622165138
2011-09-16,7.574756161987492,0.07574756161987492
2011-09-17,7.558341979776861,0.07558341979776861
2011-09-18,7.5419743553547125,0.07541974355354712
2011-09-19,7.52565396905627,0.0752565396905627
2011-09-20,7.509381501216759,0.0750938150121676
2011-09-21,7.493157632171404,0.07493157632171404
2011-09-22,7.476983042255428,0.07476983042255428
2011-09-23,7.4608584118040575,0.07460858411804057
2011-09-24,7.444784421152517,0.07444784421152517
2011-09-25,7.42876175063603,0.0742876175063603
2011-09-26,7.412791080589823,0.07412791080589823
2011-09-27,7.396873091349118,0.07396873091349118
2011-09-28,7.381008463249144,0.07381008463249145
2011-09-29,7.365197876625123,0.07365197876625124
2011-09-30,7.349442011812278,0.07349442011812278
2011-10-01,7.333741549145837,0.07333741549145838
2011-10-02,7.318097168961021,0.07318097168961021
2011-10-03,7.302509551593059,0.07302509551593059
2011-10-04,7.286979377377172,0.07286979377377172
2011-10-05,7.271507326648587,0.07271507326648587
2011-10-06,7.256094079742526,0.07256094079742527
2011-10-07,7.240740316994218,0.07240740316994218
2011-10-08,7.225446718738885,0.07225446718738886
2011-10-09,7.210213965311751,0.07210213965311751
2011-10-10,7.195042737048041,0.07195042737048041
2011-10-11,7.179933714282981,0.07179933714282981
2011-10-12,7.164887577351796,0.07164887577351796
2011-10-13,7.1499050065897105,0.0714990500658971
2011-10-14,7.134986682331944,0.07134986682331944
2011-10-15,7.12013328491373,0.0712013328491373
2011-10-16,7.105345494670285,0.07105345494670284
2011-10-17,7.09062399193684,0.0709062399193684
2011-10-18,7.075969457048616,0.07075969457048616
2011-10-19,7.061382570340838,0.07061382570340838
2011-10-20,7.046864012148734,0.07046864012148733
2011-10-21,7.032414462807523,0.07032414462807524
2011-10-22,7.018034602652434,0.07018034602652434
2011-10-23,7.003725112018693,0.07003725112018694
2011-10-24,6.989486671241517,0.06989486671241517
2011-10-25,6.97531996065614,0.0697531996065614
2011-10-26,6.961225660597781,0.06961225660597781
2011-10-27,6.947204451401665,0.06947204451401665
2011-10-28,6.9332570134030185,0.06933257013403019
2011-10-29,6.919384026937067,0.06919384026937067
2011-10-30,6.905586172339032,0.06905586172339033
2011-10-31,6.89186412994414,0.0689186412994414
2011-11-01,6.878218580087616,0.06878218580087615
2011-11-02,6.864650203104684,0.06864650203104684
2011-11-03,6.85115967933057,0.06851159679330569
2011-11-04,6.837747689100498,0.06837747689100498
2011-11-05,6.82441491274969,0.0682441491274969
2011-11-06,6.811162030613375,0.06811162030613375
2011-11-07,6.797989723026775,0.06797989723026775
2011-11-08,6.784898670325115,0.06784898670325115
2011-11-09,6.771889552843619,0.06771889552843618
2011-11-10,6.758963050917513,0.06758963050917513
2011-11-11,6.746119844882022,0.06746119844882022
2011-11-12,6.733360615072369,0.06733360615072369
2011-11-13,6.720686041823782,0.06720686041823783
2011-11-14,6.708096805471483,0.06708096805471482
2011-11-15,6.695593586350697,0.06695593586350697
2011-11-16,6.683177064796649,0.06683177064796648
2011-11-17,6.670847921144561,0.06670847921144561
2011-11-18,6.658606835729662,0.06658606835729662
2011-11-19,6.646454488887173,0.06646454488887173
2011-11-20,6.634391560952323,0.06634391560952323
2011-11-21,6.622418732260335,0.06622418732260335
2011-11-22,6.61053668314643,0.0661053668314643
2011-11-23,6.598746093945836,0.06598746093945836
2011-11-24,6.587047644993779,0.06587047644993779
2011-11-25,6.575442016625479,0.06575442016625478
2011-11-26,6.5639298891761655,0.06563929889176165
2011-11-27,6.552511942981061,0.06552511942981061
2011-11-28,6.54118885837539,0.06541188858375391
2011-11-29,6.529961315694377,0.06529961315694377
2011-11-30,6.51882999527325,0.0651882999527325
2011-12-01,6.507795577447228,0.06507795577447227
2011-12-02,6.49685874255154,0.0649685874255154
2011-12-03,6.48602017092141,0.0648602017092141
2011-12-04,6.475280542892061,0.0647528054289206
2011-12-05,6.4646405387987205,0.0646464053879872
2011-12-06,6.4541008389766095,0.06454100838976609
2011-12-07,6.443662123760953,0.06443662123760953
2011-12-08,6.433325073486981,0.06433325073486981
2011-12-09,6.423090368489911,0.0642309036848991
2011-12-10,6.412958689104974,0.06412958689104974
2011-12-11,6.40293071566739,0.0640293071566739
2011-12-12,6.3930071285123855,0.06393007128512386
2011-12-13,6.3831886079751845,0.06383188607975185
2011-12-14,6.373475834391014,0.06373475834391014
2011-12-15,6.363869488095099,0.06363869488095099
2011-12-16,6.354370249422659,0.06354370249422658
2011-12-17,6.3449787987089215,0.06344978798708921
2011-12-18,6.335695816289111,0.06335695816289111
2011-12-19,6.3265219824984555,0.06326521982498455
2011-12-20,6.317457977672176,0.06317457977672176
2011-12-21,6.308504482145498,0.06308504482145498
2011-12-22,6.299662176253646,0.06299662176253645
2011-12-23,6.290931740331844,0.06290931740331844
2011-12-24,6.2823138547153174,0.06282313854715317
2011-12-25,6.273809199739295,0.06273809199739296
2011-12-26,6.265418455738994,0.06265418455738994
2011-12-27,6.257142303049644,0.06257142303049644
2011-12-28,6.248981422006468,0.06248981422006468
2011-12-29,6.240936492944692,0.06240936492944692
2011-12-30,6.2330081961995365,0.06233008196199537
2011-12-31,6.225197212106231,0.06225197212106231
2012-01-01,6.217504221,0.06217504221
2012-01-02,6.209929711470643,0.06209929711470643
2012-01-03,6.202473405126268,0.06202473405126268
2012-01-04,6.195134831829563,0.06195134831829563
2012-01-05,6.187913521443204,0.06187913521443204
2012-01-06,6.180809003829888,0.06180809003829888
2012-01-07,6.173820808852291,0.06173820808852291
2012-01-08,6.1669484663731025,0.061669484663731025
2012-01-09,6.160191506255006,0.06160191506255006
2012-01-10,6.1535494583606845,0.061535494583606846
2012-01-11,6.147021852552824,0.061470218525528246
2012-01-12,6.14060821869411,0.0614060821869411
2012-01-13,6.134308086647229,0.06134308086647229
2012-01-14,6.128120986274863,0.061281209862748626
2012-01-15,6.122046447439696,0.06122046447439696
2012-01-16,6.116084000004418,0.061160840000044174
2012-01-17,6.110233173831708,0.061102331738317084
2012-01-18,6.1044934987842545,0.061044934987842546
2012-01-19,6.09886450472474,0.0609886450472474
2012-01-20,6.09334572151585,0.0609334572151585
2012-01-21,6.087936679020269,0.06087936679020269
2012-01-22,6.082636907100687,0.06082636907100687
2012-01-23,6.07744593561978,0.060774459356197796
2012-01-24,6.07236329444024,0.0607236329444024
2012-01-25,6.067388513424747,0.06067388513424747
2012-01-26,6.0625211224359905,0.060625211224359904
2012-01-27,6.057760651336653,0.06057760651336653
2012-01-28,6.053106629989418,0.06053106629989417
2012-01-29,6.048558588256972,0.06048558588256972
2012-01-30,6.044116056001998,0.06044116056001998
2012-01-31,6.039778563087185,0.06039778563087185
2012-02-01,6.035545639375214,0.060355456393752144
2012-02-02,6.031416814728771,0.06031416814728771
2012-02-03,6.02739161901054,0.0602739161901054
2012-02-04,6.023469582083209,0.06023469582083209
2012-02-05,6.019650233809459,0.06019650233809459
2012-02-06,6.015933104051974,0.06015933104051974
2012-02-07,6.012317722673444,0.060123177226734444
2012-02-08,6.00880361953655,0.060088036195365506
2012-02-09,6.0053903245039795,0.06005390324503979
2012-02-10,6.002077367438416,0.06002077367438416
2012-02-11,5.998864278202541,0.05998864278202541
2012-02-12,5.995750586659044,0.05995750586659044
2012-02-13,5.992735822670609,0.059927358226706084
2012-02-14,5.98981951609992,0.0598981951609992
2012-02-15,5.987001196809662,0.059870011968096624
2012-02-16,5.9842803946625205,0.0598428039466252
2012-02-17,5.981656639521178,0.05981656639521178
2012-02-18,5.979129461248323,0.059791294612483226
2012-02-19,5.976698389706637,0.05976698389706637
2012-02-20,5.9743629547588055,0.05974362954758806
2012-02-21,5.9721226862675145,0.05972122686267514
2012-02-22,5.969977114095451,0.05969977114095451
2012-02-23,5.967925768105295,0.05967925768105295
2012-02-24,5.9659681781597325,0.05965968178159733
2012-02-25,5.964103874121451,0.059641038741214514
2012-02-26,5.962332385853134,0.05962332385853134
2012-02-27,5.960653243217466,0.05960653243217466
2012-02-28,5.959065976077133,0.059590659760771325
2012-02-29,5.957570114294817,0.05957570114294817
2012-03-01,5.956165187733206,0.05956165187733206
2012-03-02,5.954850726254983,0.05954850726254983
2012-03-03,5.953626259722834,0.05953626259722834
2012-03-04,5.952491317999441,0.059524913179994414
2012-03-05,5.951445430947493,0.05951445430947493
2012-03-06,5.950488128429672,0.05950488128429672
2012-03-07,5.949618940308666,0.05949618940308666
2012-03-08,5.948837396447155,0.059488373964471555
2012-03-09,5.948143026707829,0.059481430267078285
2012-03-10,5.94753536095337,0.059475353609533696
2012-03-11,5.947013929046459,0.059470139290464595
2012-03-12,5.94657826084979,0.05946578260849791
2012-03-13,5.946227886226041,0.059462278862260416
2012-03-14,5.945962335037899,0.05945962335037899
2012-03-15,5.945781137148049,0.059457811371480485
2012-03-16,5.9456838224191735,0.05945683822419173
2012-03-17,5.945669920713961,0.059456699207139606
2012-03-18,5.945738961895094,0.05945738961895094
2012-03-19,5.945890475825258,0.05945890475825258
2012-03-20,5.946123992367135,0.059461239923671354
2012-03-21,5.946439041383417,0.059464390413834174
2012-03-22,5.946835152736783,0.05946835152736783
2012-03-23,5.947311856289919,0.05947311856289919
2012-03-24,5.94786868190551,0.059478686819055104
2012-03-25,5.948505159446241,0.05948505159446241
2012-03-26,5.9492208187747995,0.059492208187747996
2012-03-27,5.950015189753864,0.059500151897538635
2012-03-28,5.950887802246125,0.059508878022461256
2012-03-29,5.951838186114264,0.05951838186114264
2012-03-30,5.952865871220968,0.059528658712209685
2012-03-31,5.953970387428923,0.059539703874289224
2012-04-01,5.95515126460081,0.059551512646008095
2012-04-02,5.956408032599314,0.05956408032599314
2012-04-03,5.957740221287124,0.05957740221287124
2012-04-04,5.959147360526923,0.05959147360526923
2012-04-05,5.960628980181395,0.059606289801813955
2012-04-06,5.962184610113224,0.059621846101132234
2012-04-07,5.963813780185096,0.05963813780185096
2012-04-08,5.965516020259697,0.05965516020259697
2012-04-09,5.967290860199711,0.05967290860199711
2012-04-10,5.969137829867822,0.059691378298678224
2012-04-11,5.971056459126714,0.05971056459126714
2012-04-12,5.9730462778390745,0.059730462778390746
2012-04-13,5.975106815867587,0.05975106815867587
2012-04-14,5.977237603074938,0.059772376030749384
2012-04-15,5.97943816932381,0.0597943816932381
2012-04-16,5.981708044476887,0.059817080444768876
2012-04-17,5.9840467583968575,0.059840467583968576
2012-04-18,5.986453840946402,0.05986453840946402
2012-04-19,5.98892882198821,0.059889288219882104
2012-04-20,5.991471231384963,0.059914712313849636
2012-04-21,5.994080598999347,0.059940805989993476
2012-04-22,5.996756454694046,0.059967564546940466
2012-04-23,5.999498328331748,0.059994983283317475
2012-04-24,6.002305749775133,0.06002305749775133
2012-04-25,6.00517824888689,0.060051782488868895
2012-04-26,6.0081153555297,0.060081153555297
2012-04-27,6.011116599566251,0.06011116599566251
2012-04-28,6.014181510859227,0.06014181510859227
2012-04-29,6.017309619271313,0.06017309619271313
2012-04-30,6.020500454665194,0.06020500454665194
2012-05-01,6.023753546903551,0.060237535469035514
2012-05-02,6.027068425849076,0.06027068425849076
2012-05-03,6.030444621364448,0.06030444621364448
2012-05-04,6.033881663312356,0.060338816633123564
2012-05-05,6.037379081555481,0.06037379081555481
2012-05-06,6.040936405956508,0.060409364059565075
2012-05-07,6.044553166378126,0.06044553166378126
2012-05-08,6.048228892683017,0.06048228892683017
2012-05-09,6.051963114733866,0.06051963114733866
2012-05-10,6.055755362393357,0.060557553623933565
2012-05-11,6.059605165524176,0.06059605165524176
2012-05-12,6.063512053989009,0.06063512053989009
2012-05-13,6.067475557650538,0.06067475557650538
2012-05-14,6.071495206371451,0.06071495206371451
2012-05-15,6.07557053001443,0.0607557053001443
2012-05-16,6.0797010584421605,0.06079701058442161
2012-05-17,6.083886321517329,0.06083886321517329
2012-05-18,6.088125849102619,0.06088125849102619
2012-05-19,6.092419171060715,0.06092419171060715
2012-05-20,6.096765817254303,0.06096765817254303
2012-05-21,6.101165317546067,0.061011653175460666
2012-05-22,6.105617201798693,0.06105617201798693
2012-05-23,6.110120999874864,0.06110120999874864
2012-05-24,6.114676241637265,0.06114676241637265
2012-05-25,6.119282456948583,0.06119282456948583
2012-05-26,6.1239391756715,0.06123939175671499
2012-05-27,6.128645927668706,0.06128645927668706
2012-05-28,6.133402242802879,0.061334022428028795
2012-05-29,6.138207650936708,0.06138207650936708
2012-05-30,6.143061681932877,0.061430616819328765
2012-05-31,6.147963865654071,0.06147963865654071
2012-06-01,6.152913731962974,0.06152913731962974
2012-06-02,6.157910810722272,0.06157910810722272
2012-06-03,6.162954631794648,0.061629546317946475
2012-06-04,6.168044725042789,0.061680447250427886
2012-06-05,6.173180620329378,0.061731806203293785
2012-06-06,6.178361847517103,0.06178361847517103
2012-06-07,6.183587936468645,0.06183587936468645
2012-06-08,6.188858417046692,0.06188858417046692
2012-06-09,6.194172819113925,0.06194172819113925
2012-06-10,6.199530672533032,0.061995306725330324
2012-06-11,6.204931507166699,0.06204931507166699
2012-06-12,6.2103748528776075,0.06210374852877607
2012-06-13,6.215860239528444,0.062158602395284444
2012-06-14,6.221387196981893,0.06221387196981893
2012-06-15,6.2269552551006395,0.06226955255100639
2012-06-16,6.232563943747368,0.062325639437473684
2012-06-17,6.238212792784764,0.06238212792784764
2012-06-18,6.243901332075511,0.06243901332075511
2012-06-19,6.249629091482296,0.06249629091482296
2012-06-20,6.255395600867801,0.06255395600867801
2012-06-21,6.261200390094714,0.06261200390094715
2012-06-22,6.267042989025718,0.06267042989025719
2012-06-23,6.2729229275235,0.062729229275235
2012-06-24,6.278839735450741,0.0627883973545074
2012-06-25,6.284792942670127,0.06284792942670127
2012-06-26,6.290782079044346,0.06290782079044346
2012-06-27,6.296806674436079,0.06296806674436078
2012-06-28,6.302866258708014,0.06302866258708013
2012-06-29,6.308960361722833,0.06308960361722833
2012-06-30,6.3150885133432215,0.06315088513343221
2012-07-01,6.321250243431866,0.06321250243431865
2012-07-02,6.327445081851451,0.06327445081851452
2012-07-03,6.33367255846466,0.0633367255846466
2012-07-04,6.339932203134178,0.06339932203134178
2012-07-05,6.346223545722692,0.06346223545722691
2012-07-06,6.352546116092885,0.06352546116092884
2012-07-07,6.358899444107442,0.06358899444107441
2012-07-08,6.365283059629046,0.06365283059629047
2012-07-09,6.371696492520385,0.06371696492520386
2012-07-10,6.378139272644144,0.06378139272644144
2012-07-11,6.384610929863004,0.06384610929863004
2012-07-12,6.3911109940396535,0.06391110994039653
2012-07-13,6.397638995036775,0.06397638995036775
2012-07-14,6.404194462717056,0.06404194462717056
2012-07-15,6.410776926943181,0.0641077692694318
2012-07-16,6.417385917577831,0.06417385917577831
2012-07-17,6.424020964483695,0.06424020964483695
2012-07-18,6.430681597523456,0.06430681597523456
2012-07-19,6.437367346559799,0.06437367346559798
2012-07-20,6.44407774145541,0.0644407774145541
2012-07-21,6.450812312072972,0.06450812312072972
2012-07-22,6.457570588275171,0.06457570588275172
2012-07-23,6.4643520999246915,0.06464352099924692
2012-07-24,6.471156376884219,0.06471156376884218
2012-07-25,6.477982949016437,0.06477982949016436
2012-07-26,6.484831346184033,0.06484831346184033
2012-07-27,6.491701098249687,0.06491701098249687
2012-07-28,6.49859173507609,0.0649859173507609
2012-07-29,6.50550278652592,0.0650550278652592
2012-07-30,6.512433782461867,0.06512433782461867
2012-07-31,6.519384252746616,0.06519384252746616
2012-08-01,6.526353727242849,0.06526353727242849
2012-08-02,6.533341735813253,0.06533341735813253
2012-08-03,6.5403478083205115,0.06540347808320511
2012-08-04,6.547371474627309,0.06547371474627309
2012-08-05,6.5544122645963325,0.06554412264596332
2012-08-06,6.5614697080902635,0.06561469708090263
2012-08-07,6.5685433349717925,0.06568543334971792
2012-08-08,6.575632675103596,0.06575632675103596
2012-08-09,6.582737258348366,0.06582737258348366
2012-08-10,6.5898566145687845,0.06589856614568784
2012-08-11,6.596990273627537,0.06596990273627537
2012-08-12,6.604137765387308,0.06604137765387308
2012-08-13,6.611298619710781,0.06611298619710781
2012-08-14,6.618472366460644,0.06618472366460644
2012-08-15,6.62565853549958,0.0662565853549958
2012-08-16,6.632856656690273,0.06632856656690272
2012-08-17,6.64006625989541,0.06640066259895411
2012-08-18,6.647286874977674,0.06647286874977673
2012-08-19,6.65451803179975,0.0665451803179975
2012-08-20,6.661759260224324,0.06661759260224324
2012-08-21,6.669010090114079,0.06669010090114079
2012-08-22,6.676270051331702,0.06676270051331702
2012-08-23,6.683538673739877,0.06683538673739876
2012-08-24,6.690815487201288,0.06690815487201288
2012-08-25,6.698100021578622,0.06698100021578622
2012-08-26,6.705391806734561,0.0670539180673456
2012-08-27,6.712690372531791,0.0671269037253179
2012-08-28,6.719995248832998,0.06719995248832998
2012-08-29,6.727305965500866,0.06727305965500867
2012-08-30,6.73462205239808,0.0673462205239808
2012-08-31,6.741943039387323,0.06741943039387323
2012-09-01,6.749268456331283,0.06749268456331282
2012-09-02,6.756597833092642,0.06756597833092642
2012-09-03,6.763930699534089,0.06763930699534089
2012-09-04,6.771266585518303,0.06771266585518303
2012-09-05,6.778605020907973,0.06778605020907973
2012-09-06,6.785945535565782,0.06785945535565782
2012-09-07,6.793287659354417,0.06793287659354416
2012-09-08,6.800630922136561,0.06800630922136561
2012-09-09,6.807974853774899,0.068079748537749
2012-09-10,6.815318984132117,0.06815318984132117
2012-09-11,6.822662843070897,0.06822662843070897
2012-09-12,6.830005960453927,0.06830005960453928
2012-09-13,6.83734786614389,0.0683734786614389
2012-09-14,6.844688090003471,0.06844688090003472
2012-09-15,6.852026161895357,0.06852026161895357
2012-09-16,6.85936161168223,0.0685936161168223
2012-09-17,6.866693969226776,0.06866693969226775
2012-09-18,6.8740227643916825,0.06874022764391682
2012-09-19,6.881347527039629,0.06881347527039629
2012-09-20,6.888667787033302,0.06888667787033302
2012-09-21,6.895983074235389,0.06895983074235389
2012-09-22,6.9032929185085745,0.06903292918508575
2012-09-23,6.9105968497155414,0.06910596849715542
2012-09-24,6.917894397718975,0.06917894397718975
2012-09-25,6.925185092381559,0.0692518509238156
2012-09-26,6.93246846356598,0.0693246846356598
2012-09-27,6.939744041134924,0.06939744041134924
2012-09-28,6.9470113549510755,0.06947011354951076
2012-09-29,6.954269934877114,0.06954269934877115
2012-09-30,6.961519310775731,0.06961519310775731
2012-10-01,6.96875901250961,0.0696875901250961
2012-10-02,6.975988569941434,0.06975988569941434
2012-10-03,6.983207512933888,0.06983207512933888
2012-10-04,6.990415371349656,0.06990415371349656
2012-10-05,6.997611675051426,0.06997611675051427
2012-10-06,7.0047959539018825,0.07004795953901882
2012-10-07,7.011967737763707,0.07011967737763708
2012-10-08,7.019126556499587,0.07019126556499587
2012-10-09,7.0262719399722044,0.07026271939972205
2012-10-10,7.03340341804425,0.0703340341804425
2012-10-11,7.040520520578402,0.07040520520578401
2012-10-12,7.04762277743735,0.0704762277743735
2012-10-13,7.0547097184837755,0.07054709718483776
2012-10-14,7.061780873580366,0.07061780873580366
2012-10-15,7.068835772589806,0.07068835772589806
2012-10-16,7.075873945374779,0.07075873945374779
2012-10-17,7.082894921797969,0.07082894921797969
2012-10-18,7.089898231722064,0.07089898231722064
2012-10-19,7.096883405009747,0.07096883405009746
2012-10-20,7.103849971523702,0.07103849971523701
2012-10-21,7.110797461126615,0.07110797461126615
2012-10-22,7.117725403681171,0.07117725403681172
2012-10-23,7.124633329050052,0.07124633329050052
2012-10-24,7.1315207670959495,0.0713152076709595
2012-10-25,7.138387247681543,0.07138387247681542
2012-10-26,7.145232300669516,0.07145232300669516
2012-10-27,7.152055455922558,0.07152055455922558
2012-10-28,7.158856243303352,0.07158856243303352
2012-10-29,7.165634192674581,0.0716563419267458
2012-10-30,7.172388833898935,0.07172388833898935
2012-10-31,7.179119696839093,0.07179119696839092
2012-11-01,7.185826311357741,0.0718582631135774
2012-11-02,7.192508207317567,0.07192508207317566
2012-11-03,7.199164914581251,0.07199164914581252
2012-11-04,7.205795963011484,0.07205795963011484
2012-11-05,7.212400882470946,0.07212400882470946
2012-11-06,7.218979202822322,0.07218979202822322
2012-11-07,7.2255304539283,0.072255304539283
2012-11-08,7.232054165651563,0.07232054165651564
2012-11-09,7.238549867854797,0.07238549867854797
2012-11-10,7.245017090400684,0.07245017090400684
2012-11-11,7.25145536315191,0.0725145536315191
2012-11-12,7.257864215971161,0.0725786421597116
2012-11-13,7.264243178721122,0.07264243178721122
2012-11-14,7.270591781264477,0.07270591781264477
2012-11-15,7.276909553463911,0.07276909553463912
2012-11-16,7.283196025182109,0.07283196025182109
2012-11-17,7.289450726281756,0.07289450726281756
2012-11-18,7.2956731866255335,0.07295673186625534
2012-11-19,7.301862936076131,0.07301862936076131
2012-11-20,7.308019504496234,0.07308019504496234
2012-11-21,7.314142421748523,0.07314142421748522
2012-11-22,7.320231217695686,0.07320231217695686
2012-11-23,7.326285422200406,0.07326285422200406
2012-11-24,7.3323045651253675,0.07332304565125368
2012-11-25,7.338288176333258,0.07338288176333257
2012-11-26,7.3442357856867595,0.07344235785686759
2012-11-27,7.350146923048561,0.0735014692304856
2012-11-28,7.356021118281342,0.07356021118281342
2012-11-29,7.36185790124779,0.0736185790124779
2012-11-30,7.367656801810591,0.0736765680181059
2012-12-01,7.373417349832426,0.07373417349832426
2012-12-02,7.379139075175984,0.07379139075175983
2012-12-03,7.384821507703947,0.07384821507703947
2012-12-04,7.390464177279004,0.07390464177279003
2012-12-05,7.396066613763834,0.07396066613763834
2012-12-06,7.401628347021127,0.07401628347021127
2012-12-07,7.407148906913564,0.07407148906913565
2012-12-08,7.412627823303832,0.07412627823303831
2012-12-09,7.418064626054616,0.07418064626054616
2012-12-10,7.423458845028598,0.07423458845028598
2012-12-11,7.428810010088468,0.07428810010088469
2012-12-12,7.434117651096905,0.07434117651096905
2012-12-13,7.439381297916598,0.07439381297916597
2012-12-14,7.44460048041023,0.0744460048041023
2012-12-15,7.449774728440488,0.07449774728440488
2012-12-16,7.454903571870054,0.07454903571870054
2012-12-17,7.459986540561614,0.07459986540561614
2012-12-18,7.465023164377852,0.07465023164377853
2012-12-19,7.470012973181456,0.07470012973181456
2012-12-20,7.474955496835108,0.07474955496835108
2012-12-21,7.479850265201492,0.07479850265201492
2012-12-22,7.484696808143294,0.07484696808143294
2012-12-23,7.489494655523202,0.07489494655523202
2012-12-24,7.494243337203897,0.07494243337203897
2012-12-25,7.498942383048063,0.07498942383048063
2012-12-26,7.503591322918386,0.07503591322918386
2012-12-27,7.5081896866775555,0.07508189686677555
2012-12-28,7.512737004188249,0.0751273700418825
2012-12-29,7.517232805313158,0.07517232805313158
2012-12-30,7.521676619914961,0.07521676619914962
2012-12-31,7.526067977856346,0.07526067977856346
2013-01-01,7.530406409,0.07530406409
2013-01-02,7.534691551266861,0.07534691551266862
2013-01-03,7.538923474810914,0.07538923474810914
2013-01-04,7.543102357844394,0.07543102357844395
2013-01-05,7.547228378579537,0.07547228378579537
2013-01-06,7.5513017152285835,0.07551301715228584
2013-01-07,7.555322546003768,0.07555322546003768
2013-01-08,7.559291049117329,0.07559291049117328
2013-01-09,7.563207402781505,0.07563207402781505
2013-01-10,7.567071785208533,0.07567071785208533
2013-01-11,7.570884374610652,0.07570884374610652
2013-01-12,7.574645349200097,0.07574645349200097
2013-01-13,7.578354887189108,0.07578354887189108
2013-01-14,7.58201316678992,0.07582013166789921
2013-01-15,7.585620366214773,0.07585620366214772
2013-01-16,7.589176663675903,0.07589176663675903
2013-01-17,7.5926822373855485,0.07592682237385548
2013-01-18,7.596137265555948,0.07596137265555948
2013-01-19,7.599541926399334,0.07599541926399334
2013-01-20,7.60289639812795,0.0760289639812795
2013-01-21,7.606200858954032,0.07606200858954032
2013-01-22,7.609455487089815,0.07609455487089815
2013-01-23,7.612660460747541,0.07612660460747542
2013-01-24,7.615815958139443,0.07615815958139444
2013-01-25,7.618922157477763,0.07618922157477763
2013-01-26,7.621979236974734,0.07621979236974734
2013-01-27,7.624987374842597,0.07624987374842597
2013-01-28,7.627946749293588,0.07627946749293588
2013-01-29,7.630857538539944,0.07630857538539944
2013-01-30,7.633719920793904,0.07633719920793905
2013-01-31,7.636534074267704,0.07636534074267703
2013-02-01,7.639300177173585,0.07639300177173584
2013-02-02,7.642018407723779,0.07642018407723779
2013-02-03,7.644688944130529,0.07644688944130529
2013-02-04,7.647311964606071,0.07647311964606071
2013-02-05,7.6498876473626405,0.07649887647362641
2013-02-06,7.652416170612477,0.07652416170612476
2013-02-07,7.6548977125678155,0.07654897712567815
2013-02-08,7.657332451440899,0.07657332451440899
2013-02-09,7.659720565443958,0.07659720565443959
2013-02-10,7.6620622327892365,0.07662062232789237
2013-02-11,7.6643576316889686,0.07664357631688969
2013-02-12,7.666606940355391,0.0766660694035539
2013-02-13,7.668810337000743,0.07668810337000743
2013-02-14,7.670967999837263,0.07670967999837262
2013-02-15,7.673080107077188,0.07673080107077188
2013-02-16,7.675146836932756,0.07675146836932756
2013-02-17,7.6771683676162,0.076771683676162
2013-02-18,7.679144877339762,0.07679144877339762
2013-02-19,7.68107654431568,0.07681076544315679
2013-02-20,7.682963546756189,0.07682963546756189
2013-02-21,7.68480606287353,0.07684806062873531
2013-02-22,7.686604270879936,0.07686604270879936
2013-02-23,7.6883583489876495,0.07688358348987649
2013-02-24,7.690068475408905,0.07690068475408905
2013-02-25,7.691734828355941,0.07691734828355941
2013-02-26,7.693357586040994,0.07693357586040994
2013-02-27,7.6949369266763,0.076949369266763
2013-02-28,7.696473028474102,0.07696473028474102
2013-03-01,7.697966069646633,0.07697966069646633
2013-03-02,7.6994162284061325,0.07699416228406132
2013-03-03,7.700823682964837,0.07700823682964837
2013-03-04,7.702188611534984,0.07702188611534984
2013-03-05,7.703511192328814,0.07703511192328814
2013-03-06,7.704791603558561,0.07704791603558561
2013-03-07,7.706030023436464,0.07706030023436464
2013-03-08,7.707226630174762,0.07707226630174761
2013-03-09,7.708381601985687,0.07708381601985687
2013-03-10,7.709495117081482,0.07709495117081482
2013-03-11,7.710567353674384,0.07710567353674384
2013-03-12,7.71159848997663,0.0771159848997663
2013-03-13,7.7125887042004555,0.07712588704200456
2013-03-14,7.713538174558101,0.07713538174558102
2013-03-15,7.714447079261802,0.07714447079261802
2013-03-16,7.715315596523795,0.07715315596523795
2013-03-17,7.716143904556323,0.07716143904556323
2013-03-18,7.716932181571621,0.0771693218157162
2013-03-19,7.717680605781923,0.07717680605781924
2013-03-20,7.71838935539947,0.0771838935539947
2013-03-21,7.719058608636498,0.07719058608636498
2013-03-22,7.719688543705246,0.07719688543705246
2013-03-23,7.72027933881795,0.07720279338817951
2013-03-24,7.720831172186848,0.07720831172186848
2013-03-25,7.721344222024178,0.07721344222024178
2013-03-26,7.7218186665421795,0.0772181866654218
2013-03-27,7.722254683953087,0.07722254683953086
2013-03-28,7.722652452469139,0.07722652452469139
2013-03-29,7.723012150302572,0.07723012150302572
2013-03-30,7.723333955665628,0.07723333955665627
2013-03-31,7.723618046770539,0.07723618046770539
2013-04-01,7.723864601829546,0.07723864601829546
2013-04-02,7.724073799054885,0.07724073799054886
2013-04-03,7.724245816658794,0.07724245816658794
2013-04-04,7.724380832853511,0.07724380832853511
2013-04-05,7.724479025851273,0.07724479025851273
2013-04-06,7.724540573864317,0.07724540573864318
2013-04-07,7.7245656551048825,0.07724565655104883
2013-04-08,7.724554447785204,0.07724554447785204
2013-04-09,7.724507130117523,0.07724507130117524
2013-04-10,7.724423880314073,0.07724423880314073
2013-04-11,7.724304876587096,0.07724304876587096
2013-04-12,7.724150297148827,0.07724150297148827
2013-04-13,7.723960320211502,0.07723960320211502
2013-04-14,7.72373512398736,0.0772373512398736
2013-04-15,7.72347488668864,0.0772347488668864
2013-04-16,7.723179786527579,0.07723179786527579
2013-04-17,7.722850001716413,0.07722850001716414
2013-04-18,7.722485710467381,0.0772248571046738
2013-04-19,7.722087090992722,0.07722087090992721
2013-04-20,7.721654321504667,0.07721654321504667
2013-04-21,7.721187580215463,0.07721187580215463
2013-04-22,7.720687045337339,0.07720687045337339
2013-04-23,7.720152895082539,0.0772015289508254
2013-04-24,7.719585307663298,0.07719585307663297
2013-04-25,7.718984461291853,0.07718984461291853
2013-04-26,7.71835053418044,0.0771835053418044
2013-04-27,7.7176837045413,0.077176837045413
2013-04-28,7.716984150586669,0.0771698415058667
2013-04-29,7.7162520505287855,0.07716252050528785
2013-04-30,7.715487582579885,0.07715487582579886
2013-05-01,7.714690924952209,0.0771469092495221
2013-05-02,7.71386225585799,0.0771386225585799
2013-05-03,7.713001753509471,0.07713001753509471
2013-05-04,7.712109596118883,0.07712109596118882
2013-05-05,7.711185961898471,0.0771118596189847
2013-05-06,7.710231029060463,0.07710231029060463
2013-05-07,7.709244975817108,0.07709244975817107
2013-05-08,7.708227980380633,0.07708227980380633
2013-05-09,7.707180220963284,0.07707180220963285
2013-05-10,7.7061018757772946,0.07706101875777295
2013-05-11,7.7049931230349005,0.077049931230349
2013-05-12,7.703854140948344,0.07703854140948345
2013-05-13,7.7026851077298595,0.07702685107729859
2013-05-14,7.701486201591684,0.07701486201591684
2013-05-15,7.700257600746059,0.07700257600746059
2013-05-16,7.698999483405218,0.07698999483405218
2013-05-17,7.697712027781399,0.07697712027781399
2013-05-18,7.696395412086842,0.07696395412086841
2013-05-19,7.695049814533782,0.07695049814533782
2013-05-20,7.693675413334457,0.07693675413334457
2013-05-21,7.692272386701106,0.07692272386701106
2013-05-22,7.690840912845965,0.07690840912845964
2013-05-23,7.689381169981274,0.07689381169981274
2013-05-24,7.687893336319268,0.07687893336319268
2013-05-25,7.686377590072187,0.07686377590072187
2013-05-26,7.6848341094522645,0.07684834109452264
2013-05-27,7.683263072671742,0.07683263072671742
2013-05-28,7.681664657942855,0.07681664657942855
2013-05-29,7.6800390434778425,0.07680039043477843
2013-05-30,7.67838640748894,0.07678386407488941
2013-05-31,7.676706928188388,0.07676706928188387
2013-06-01,7.6750007837884215,0.07675000783788422
2013-06-02,7.6732681525012785,0.07673268152501278
2013-06-03,7.671509212539198,0.07671509212539199
2013-06-04,7.669724142114417,0.07669724142114416
2013-06-05,7.667913119439171,0.07667913119439171
2013-06-06,7.666076322725699,0.07666076322725698
2013-06-07,7.664213930186239,0.0766421393018624
2013-06-08,7.662326120033032,0.07662326120033032
2013-06-09,7.66041307047831,0.0766041307047831
2013-06-10,7.658474959734312,0.07658474959734311
2013-06-11,7.6565119660132765,0.07656511966013277
2013-06-12,7.65452426752744,0.07654524267527439
2013-06-13,7.65251204248904,0.0765251204248904
2013-06-14,7.650475469110315,0.07650475469110316
2013-06-15,7.648414725603501,0.076484147256035
2013-06-16,7.64632999018084,0.0764632999018084
2013-06-17,7.6442214410545635,0.07644221441054563
2013-06-18,7.642089256436916,0.07642089256436915
2013-06-19,7.639933614540129,0.07639933614540129
2013-06-20,7.637754693576442,0.07637754693576441
2013-06-21,7.635552671758093,0.07635552671758093
2013-06-22,7.633327727297319,0.07633327727297319
2013-06-23,7.631080038406358,0.07631080038406358
2013-06-24,7.628809783297448,0.07628809783297448
2013-06-25,7.6265171401828225,0.07626517140182823
2013-06-26,7.624202287274728,0.07624202287274728
2013-06-27,7.621865402785392,0.07621865402785392
2013-06-28,7.619506664927059,0.07619506664927059
2013-06-29,7.617126251911963,0.07617126251911963
2013-06-30,7.6147243419523445,0.07614724341952345
2013-07-01,7.61230111326044,0.07612301113260439
2013-07-02,7.609856744048485,0.07609856744048485
2013-07-03,7.607391412528718,0.07607391412528718
2013-07-04,7.604905296913379,0.07604905296913379
2013-07-05,7.602398575414701,0.07602398575414701
2013-07-06,7.599871426244925,0.07599871426244925
2013-07-07,7.5973240276162874,0.07597324027616287
2013-07-08,7.594756557741027,0.07594756557741027
2013-07-09,7.5921691948313805,0.0759216919483138
2013-07-10,7.589562117099586,0.07589562117099585
2013-07-11,7.586935502757883,0.07586935502757883
2013-07-12,7.584289530018502,0.07584289530018502
2013-07-13,7.581624377093686,0.07581624377093686
2013-07-14,7.578940222195674,0.07578940222195674
2013-07-15,7.5762372435367,0.075762372435367
2013-07-16,7.573515619329001,0.07573515619329
2013-07-17,7.57077552778482,0.07570775527784819
2013-07-18,7.568017147116388,0.07568017147116388
2013-07-19,7.565240655535946,0.07565240655535946
2013-07-20,7.5624462312557315,0.07562446231255732
2013-07-21,7.559634052487985,0.07559634052487985
2013-07-22,7.556804297444938,0.07556804297444937
2013-07-23,7.5539571443388285,0.07553957144338828
2013-07-24,7.551092771381898,0.07551092771381898
2013-07-25,7.548211356786383,0.07548211356786383
2013-07-26,7.545313078764521,0.0754531307876452
2013-07-27,7.542398115528549,0.0754239811552855
2013-07-28,7.539466645290704,0.07539466645290704
2013-07-29,7.536518846263224,0.07536518846263224
2013-07-30,7.533554896658348,0.07533554896658348
2013-07-31,7.530574974688311,0.07530574974688312
2013-08-01,7.5275792585653525,0.07527579258565352
2013-08-02,7.5245679265017085,0.07524567926501709
2013-08-03,7.521541156709619,0.07521541156709619
2013-08-04,7.51849912740132,0.0751849912740132
2013-08-05,7.5154420167890486,0.07515442016789048
2013-08-06,7.512370003085042,0.07512370003085042
2013-08-07,7.5092832645015415,0.07509283264501541
2013-08-08,7.50618197925078,0.0750618197925078
2013-08-09,7.503066325544997,0.07503066325544996
2013-08-10,7.4999364815964285,0.07499936481596428
2013-08-11,7.496792625617315,0.07496792625617316
2013-08-12,7.493634935819895,0.07493634935819894
2013-08-13,7.490463590416401,0.07490463590416402
2013-08-14,7.487278767619073,0.07487278767619072
2013-08-15,7.484080645640149,0.0748408064564015
2013-08-16,7.480869402691867,0.07480869402691867
2013-08-17,7.477645216986463,0.07477645216986463
2013-08-18,7.474408266736178,0.07474408266736178
2013-08-19,7.4711587301532445,0.07471158730153245
2013-08-20,7.467896785449904,0.07467896785449904
2013-08-21,7.464622610838392,0.07464622610838392
2013-08-22,7.461336384530948,0.07461336384530948
2013-08-23,7.458038284739808,0.07458038284739808
2013-08-24,7.454728489677208,0.07454728489677208
2013-08-25,7.451407177555389,0.07451407177555389
2013-08-26,7.448074526586587,0.07448074526586587
2013-08-27,7.44473071498304,0.0744473071498304
2013-08-28,7.441375920956983,0.07441375920956983
2013-08-29,7.4380103227206575,0.07438010322720658
2013-08-30,7.4346340984863,0.074346340984863
2013-08-31,7.431247426466147,0.07431247426466146
2013-09-01,7.427850484872436,0.07427850484872436
2013-09-02,7.424443451917407,0.07424443451917406
2013-09-03,7.421026505813291,0.07421026505813291
2013-09-04,7.417599824772333,0.07417599824772333
2013-09-05,7.414163587006767,0.07414163587006767
2013-09-06,7.4107179707288315,0.07410717970728832
2013-09-07,7.407263154150763,0.07407263154150763
2013-09-08,7.403799315484804,0.07403799315484803
2013-09-09,7.400326632943184,0.07400326632943184
2013-09-10,7.396845284738145,0.07396845284738145
2013-09-11,7.393355449081923,0.07393355449081923
2013-09-12,7.3898573041867595,0.07389857304186759
2013-09-13,7.3863510282648885,0.07386351028264888
2013-09-14,7.382836799528546,0.07382836799528546
2013-09-15,7.379314796189975,0.07379314796189976
2013-09-16,7.375785196461408,0.07375785196461408
2013-09-17,7.372248178555083,0.07372248178555083
2013-09-18,7.3687039206832425,0.07368703920683242
2013-09-19,7.36515260105812,0.0736515260105812
2013-09-20,7.3615943978919525,0.07361594397891952
2013-09-21,7.358029489396978,0.07358029489396978
2013-09-22,7.354458053785437,0.07354458053785437
2013-09-23,7.350880269269563,0.07350880269269564
2013-09-24,7.347296314061594,0.07347296314061594
2013-09-25,7.3437063663737705,0.0734370636637377
2013-09-26,7.3401106044183315,0.07340110604418332
2013-09-27,7.336509206407509,0.0733650920640751
2013-09-28,7.332902350553544,0.07332902350553544
2013-09-29,7.3292902150686725,0.07329290215068672
2013-09-30,7.325672978165133,0.07325672978165133
2013-10-01,7.322050818055162,0.07322050818055162
2013-10-02,7.3184239129509985,0.07318423912950998
2013-10-03,7.31479244106488,0.07314792441064881
2013-10-04,7.311156580609043,0.07311156580609043
2013-10-05,7.307516509795728,0.07307516509795728
2013-10-06,7.3038724068371685,0.07303872406837168
2013-10-07,7.300224449945604,0.07300224449945604
2013-10-08,7.29657281733327,0.0729657281733327
2013-10-09,7.292917687212407,0.07292917687212407
2013-10-10,7.289259237795252,0.07289259237795252
2013-10-11,7.2855976472940425,0.07285597647294043
2013-10-12,7.281933093921015,0.07281933093921016
2013-10-13,7.278265755888407,0.07278265755888408
2013-10-14,7.274595811408458,0.07274595811408459
2013-10-15,7.270923438693405,0.07270923438693405
2013-10-16,7.267248815955483,0.07267248815955483
2013-10-17,7.263572121406932,0.07263572121406932
2013-10-18,7.25989353325999,0.0725989353325999
2013-10-19,7.256213229726892,0.07256213229726892
2013-10-20,7.252531389019879,0.07252531389019878
2013-10-21,7.248848189351186,0.07248848189351186
2013-10-22,7.245163808933048,0.07245163808933049
2013-10-23,7.241478425977709,0.07241478425977708
2013-10-24,7.237792218697404,0.07237792218697404
2013-10-25,7.234105365304369,0.07234105365304369
2013-10-26,7.230418044010843,0.07230418044010843
2013-10-27,7.226730433029063,0.07226730433029063
2013-10-28,7.223042710571266,0.07223042710571266
2013-10-29,7.219355054849691,0.07219355054849691
2013-10-30,7.215667644076574,0.07215667644076575
2013-10-31,7.211980656464154,0.07211980656464154
2013-11-01,7.208294270224666,0.07208294270224666
2013-11-02,7.204608663570354,0.07204608663570354
2013-11-03,7.200924014713445,0.07200924014713445
2013-11-04,7.197240501866187,0.07197240501866187
2013-11-05,7.1935583032408115,0.07193558303240812
2013-11-06,7.189877597049559,0.0718987759704956
2013-11-07,7.186198561504665,0.07186198561504666
2013-11-08,7.182521374818367,0.07182521374818367
2013-11-09,7.178846215202905,0.07178846215202905
2013-11-10,7.175173260870514,0.07175173260870514
2013-11-11,7.171502690033432,0.07171502690033432
2013-11-12,7.1678346809038995,0.07167834680903899
2013-11-13,7.164169411694149,0.07164169411694149
2013-11-14,7.160507060616424,0.07160507060616424
2013-11-15,7.156847805882956,0.07156847805882956
2013-11-16,7.153191825705987,0.07153191825705987
2013-11-17,7.149539298297753,0.07149539298297752
2013-11-18,7.1458904018704885,0.07145890401870489
2013-11-19,7.142245314636438,0.07142245314636438
2013-11-20,7.138604214807833,0.07138604214807832
2013-11-21,7.134967280596913,0.07134967280596913
2013-11-22,7.131334690215917,0.07131334690215917
2013-11-23,7.12770662187708,0.07127706621877081
2013-11-24,7.124083253792643,0.07124083253792643
2013-11-25,7.12046476417484,0.0712046476417484
2013-11-26,7.116851331235911,0.07116851331235911
2013-11-27,7.1132431331880905,0.07113243133188091
2013-11-28,7.109640348243621,0.07109640348243622
2013-11-29,7.106043154614734,0.07106043154614734
2013-11-30,7.102451730513675,0.07102451730513674
2013-12-01,7.0988662541526715,0.07098866254152672
2013-12-02,7.09528690374397,0.0709528690374397
2013-12-03,7.091713857499803,0.07091713857499803
2013-12-04,7.08814729363241,0.0708814729363241
2013-12-05,7.084587390354029,0.07084587390354029
2013-12-06,7.081034325876897,0.07081034325876896
2013-12-07,7.07748827841325,0.07077488278413249
2013-12-08,7.073949426175327,0.07073949426175327
2013-12-09,7.070417947375365,0.07070417947375365
2013-12-10,7.066894020225603,0.07066894020225603
2013-12-11,7.0633778229382775,0.07063377822938277
2013-12-12,7.059869533725624,0.07059869533725624
2013-12-13,7.0563693307998845,0.07056369330799885
2013-12-14,7.0528773923732935,0.07052877392373294
2013-12-15,7.04939389665809,0.0704939389665809
2013-12-16,7.045919021866511,0.0704591902186651
2013-12-17,7.042452946210793,0.07042452946210793
2013-12-18,7.038995847903173,0.07038995847903173
2013-12-19,7.035547905155894,0.07035547905155894
2013-12-20,7.0321092961811855,0.07032109296181185
2013-12-21,7.028680199191292,0.07028680199191292
2013-12-22,7.025260792398447,0.07025260792398447
2013-12-23,7.021851254014889,0.0702185125401489
2013-12-24,7.018451762252855,0.07018451762252856
2013-12-25,7.015062495324587,0.07015062495324587
2013-12-26,7.011683631442317,0.07011683631442317
2013-12-27,7.008315348818285,0.07008315348818285
2013-12-28,7.004957825664727,0.07004957825664727
2013-12-29,7.001611240193884,0.07001611240193883
2013-12-30,6.998275770617989,0.06998275770617989
2013-12-31,6.99495159514928,0.0699495159514928
2014-01-01,6.991638892,0.06991638892
2014-01-02,6.988337802145279,0.06988337802145278
2014-01-03,6.985048317611848,0.06985048317611847
2014-01-04,6.981770393189326,0.06981770393189325
2014-01-05,6.978503983667339,0.06978503983667339
2014-01-06,6.975249043835509,0.06975249043835509
2014-01-07,6.972005528483465,0.06972005528483466
2014-01-08,6.968773392400828,0.06968773392400827
2014-01-09,6.9655525903772215,0.06965552590377222
2014-01-10,6.96234307720227,0.0696234307720227
2014-01-11,6.959144807665599,0.06959144807665599
2014-01-12,6.955957736556833,0.06955957736556834
2014-01-13,6.952781818665592,0.06952781818665592
2014-01-14,6.949617008781506,0.06949617008781506
2014-01-15,6.946463261694191,0.06946463261694191
2014-01-16,6.943320532193281,0.06943320532193281
2014-01-17,6.940188775068393,0.06940188775068393
2014-01-18,6.937067945109151,0.0693706794510915
2014-01-19,6.933957997105181,0.0693395799710518
2014-01-20,6.930858885846108,0.06930858885846108
2014-01-21,6.927770566121556,0.06927770566121555
2014-01-22,6.924692992721148,0.06924692992721149
2014-01-23,6.9216261204345075,0.06921626120434507
2014-01-24,6.918569904051259,0.0691856990405126
2014-01-25,6.91552429836103,0.0691552429836103
2014-01-26,6.912489258153436,0.06912489258153437
2014-01-27,6.90946473821811,0.0690946473821811
2014-01-28,6.90645069334467,0.0690645069334467
2014-01-29,6.903447078322744,0.06903447078322744
2014-01-30,6.900453847941956,0.06900453847941956
2014-01-31,6.897470956991929,0.06897470956991929
2014-02-01,6.8944983602622845,0.06894498360262284
2014-02-02,6.89153601254265,0.0689153601254265
2014-02-03,6.888583868622647,0.06888583868622647
2014-02-04,6.885641883291902,0.06885641883291903
2014-02-05,6.882710011340038,0.06882710011340037
2014-02-06,6.879788207556678,0.06879788207556678
2014-02-07,6.8768764267314495,0.0687687642673145
2014-02-08,6.873974623653973,0.06873974623653974
2014-02-09,6.871082753113871,0.06871082753113872
2014-02-10,6.868200769900774,0.06868200769900774
2014-02-11,6.865328628804301,0.06865328628804301
2014-02-12,6.8624662846140785,0.06862466284614079
2014-02-13,6.859613692119727,0.06859613692119727
2014-02-14,6.856770806110875,0.06856770806110875
2014-02-15,6.853937581377144,0.06853937581377144
2014-02-16,6.851113972708158,0.06851113972708159
2014-02-17,6.848299934893545,0.06848299934893545
2014-02-18,6.84549542272292,0.0684549542272292
2014-02-19,6.842700390985915,0.06842700390985916
2014-02-20,6.839914794472153,0.06839914794472153
2014-02-21,6.837138587971258,0.06837138587971257
2014-02-22,6.834371726272851,0.0683437172627285
2014-02-23,6.831614164166558,0.06831614164166558
2014-02-24,6.828865856442006,0.06828865856442005
2014-02-25,6.8261267578888125,0.06826126757888812
2014-02-26,6.823396823296608,0.06823396823296607
2014-02-27,6.820676007455011,0.06820676007455011
2014-02-28,6.81796426515365,0.0681796426515365
2014-03-01,6.815261551182147,0.06815261551182146
2014-03-02,6.812567820330128,0.06812567820330127
2014-03-03,6.809883027387212,0.06809883027387212
2014-03-04,6.807207127143028,0.06807207127143028
2014-03-05,6.8045400743872,0.068045400743872
2014-03-06,6.80188182390935,0.0680188182390935
2014-03-07,6.799232330499102,0.06799232330499101
2014-03-08,6.796591548946083,0.06796591548946082
2014-03-09,6.7939594340399125,0.06793959434039913
2014-03-10,6.791335940570218,0.06791335940570219
2014-03-11,6.788721023326621,0.06788721023326622
2014-03-12,6.78611463709875,0.0678611463709875
2014-03-13,6.783516736676224,0.06783516736676223
2014-03-14,6.78092727684867,0.06780927276848671
2014-03-15,6.778346212405711,0.06778346212405711
2014-03-16,6.775773498136972,0.06775773498136972
2014-03-17,6.7732090888320755,0.06773209088832076
2014-03-18,6.770652939280645,0.06770652939280646
2014-03-19,6.768105004272306,0.06768105004272307
2014-03-20,6.765565238596686,0.06765565238596687
2014-03-21,6.763033597043402,0.06763033597043402
2014-03-22,6.760510034402086,0.06760510034402085
2014-03-23,6.757994505462355,0.06757994505462354
2014-03-24,6.755486965013834,0.06755486965013834
2014-03-25,6.75298736784615,0.0675298736784615
2014-03-26,6.750495668748927,0.06750495668748928
2014-03-27,6.748011822511787,0.06748011822511786
2014-03-28,6.745535783924356,0.06745535783924356
2014-03-29,6.743067507776255,0.06743067507776254
2014-03-30,6.7406069488571125,0.06740606948857113
2014-03-31,6.738154061956548,0.06738154061956549
2014-04-01,6.73570880186419,0.0673570880186419
2014-04-02,6.733271123369657,0.06733271123369657
2014-04-03,6.730840981262579,0.0673084098126258
2014-04-04,6.728418330332578,0.06728418330332578
2014-04-05,6.726003125369276,0.06726003125369276
2014-04-06,6.723595321162299,0.06723595321162298
2014-04-07,6.721194872501269,0.0672119487250127
2014-04-08,6.718801734175813,0.06718801734175812
2014-04-09,6.716415860975555,0.06716415860975555
2014-04-10,6.714037207690115,0.06714037207690116
2014-04-11,6.711665729109123,0.06711665729109123
2014-04-12,6.709301380022198,0.06709301380022198
2014-04-13,6.706944115218966,0.06706944115218966
2014-04-14,6.704593889489051,0.06704593889489051
2014-04-15,6.702250657622076,0.06702250657622076
2014-04-16,6.699914374407667,0.06699914374407667
2014-04-17,6.697584994635448,0.06697584994635447
2014-04-18,6.695262473095042,0.06695262473095041
2014-04-19,6.692946764576074,0.06692946764576074
2014-04-20,6.6906378238681645,0.06690637823868165
2014-04-21,6.688335605760942,0.06688335605760942
2014-04-22,6.68604006504403,0.0668604006504403
2014-04-23,6.683751156507052,0.06683751156507052
2014-04-24,6.681468834939629,0.06681468834939629
2014-04-25,6.679193055131389,0.06679193055131388
2014-04-26,6.676923771871956,0.06676923771871957
2014-04-27,6.67466093995095,0.06674660939950951
2014-04-28,6.672404514157999,0.06672404514158
2014-04-29,6.670154449282727,0.06670154449282727
2014-04-30,6.6679107001147555,0.06667910700114756
2014-05-01,6.66567322144371,0.0666567322144371
2014-05-02,6.663441968059217,0.06663441968059218
2014-05-03,6.661216894750894,0.06661216894750895
2014-05-04,6.658997956308373,0.06658997956308373
2014-05-05,6.656785107521273,0.06656785107521274
2014-05-06,6.6545783031792185,0.06654578303179219
2014-05-07,6.652377498071836,0.06652377498071836
2014-05-08,6.650182646988745,0.06650182646988745
2014-05-09,6.647993704719575,0.06647993704719575
2014-05-10,6.645810626053947,0.06645810626053947
2014-05-11,6.6436333657814854,0.06643633365781486
2014-05-12,6.641461878691814,0.06641461878691814
2014-05-13,6.639296119574558,0.06639296119574559
2014-05-14,6.63713604321934,0.0663713604321934
2014-05-15,6.634981604415787,0.06634981604415788
2014-05-16,6.632832757953519,0.06632832757953519
2014-05-17,6.63068945862216,0.0663068945862216
2014-05-18,6.62855166121134,0.0662855166121134
2014-05-19,6.626419320510676,0.06626419320510676
2014-05-20,6.624292391309796,0.06624292391309795
2014-05-21,6.622170828398323,0.06622170828398323
2014-05-22,6.620054586565883,0.06620054586565882
2014-05-23,6.617943620602097,0.06617943620602097
2014-05-24,6.615837885296591,0.06615837885296591
2014-05-25,6.613737335438986,0.06613737335438986
2014-05-26,6.61164192581891,0.0661164192581891
2014-05-27,6.609551611225987,0.06609551611225987
2014-05-28,6.607466346449837,0.06607466346449838
2014-05-29,6.605386086280089,0.06605386086280089
2014-05-30,6.6033107855063635,0.06603310785506364
2014-05-31,6.601240398918287,0.06601240398918287
2014-06-01,6.599174881305481,0.0659917488130548
2014-06-02,6.597114187457572,0.06597114187457571
2014-06-03,6.595058272164182,0.06595058272164182
2014-06-04,6.593007090214936,0.06593007090214936
2014-06-05,6.590960596399458,0.06590960596399457
2014-06-06,6.588918745507372,0.06588918745507372
2014-06-07,6.586881492328304,0.06586881492328304
2014-06-08,6.584848791651875,0.06584848791651875
2014-06-09,6.58282059826771,0.0658282059826771
2014-06-10,6.580796866965434,0.06580796866965434
2014-06-11,6.57877755253467,0.0657877755253467
2014-06-12,6.576762609765041,0.06576762609765041
2014-06-13,6.574751993446175,0.06574751993446175
2014-06-14,6.572745658367693,0.06572745658367693
2014-06-15,6.570743559319218,0.06570743559319218
2014-06-16,6.568745651090377,0.06568745651090377
2014-06-17,6.566751888470792,0.06566751888470793
2014-06-18,6.564762226250089,0.06564762226250088
2014-06-19,6.562776619217892,0.06562776619217892
2014-06-20,6.560795022163822,0.06560795022163822
2014-06-21,6.558817389877505,0.06558817389877505
2014-06-22,6.5568436771485645,0.06556843677148565
2014-06-23,6.554873838766627,0.06554873838766627
2014-06-24,6.552907829521313,0.06552907829521314
2014-06-25,6.5509456042022505,0.0655094560420225
2014-06-26,6.548987117599059,0.06548987117599059
2014-06-27,6.547032324501365,0.06547032324501365
2014-06-28,6.545081179698793,0.06545081179698793
2014-06-29,6.543133637980966,0.06543133637980966
2014-06-30,6.541189654137511,0.06541189654137511
2014-07-01,6.539249182958048,0.06539249182958047
2014-07-02,6.537312179232201,0.065373121792322
2014-07-03,6.535378597749597,0.06535378597749597
2014-07-04,6.53344839329986,0.06533448393299861
2014-07-05,6.531521520672612,0.06531521520672612
2014-07-06,6.529597934657476,0.06529597934657476
2014-07-07,6.52767759004408,0.0652767759004408
2014-07-08,6.525760441622046,0.06525760441622046
2014-07-09,6.5238464441809985,0.06523846444180999
2014-07-10,6.52193555251056,0.0652193555251056
2014-07-11,6.520027721400355,0.06520027721400355
2014-07-12,6.51812290564001,0.0651812290564001
2014-07-13,6.516221060019147,0.06516221060019146
2014-07-14,6.51432213932739,0.0651432213932739
2014-07-15,6.512426098354364,0.06512426098354364
2014-07-16,6.510532891889691,0.06510532891889692
2014-07-17,6.508642474722998,0.06508642474722998
2014-07-18,6.506754801643907,0.06506754801643906
2014-07-19,6.504869827442042,0.06504869827442042
2014-07-20,6.502987506907029,0.06502987506907029
2014-07-21,6.501107794828491,0.06501107794828491
2014-07-22,6.49923064599605,0.0649923064599605
2014-07-23,6.497356015199333,0.06497356015199333
2014-07-24,6.495483857227964,0.06495483857227964
2014-07-25,6.493614126871565,0.06493614126871565
2014-07-26,6.491746778919762,0.06491746778919762
2014-07-27,6.489881768162175,0.06489881768162176
2014-07-28,6.488019049388434,0.06488019049388434
2014-07-29,6.486158577388158,0.06486158577388158
2014-07-30,6.484300306950976,0.06484300306950976
2014-07-31,6.482444192866509,0.06482444192866509
2014-08-01,6.480590189924379,0.06480590189924379
2014-08-02,6.478738252914216,0.06478738252914215
2014-08-03,6.476888336625638,0.06476888336625639
2014-08-04,6.475040395848271,0.06475040395848271
2014-08-05,6.473194385371743,0.06473194385371743
2014-08-06,6.471350259985672,0.06471350259985673
2014-08-07,6.4695079744796855,0.06469507974479685
2014-08-08,6.467667483643408,0.06467667483643408
2014-08-09,6.46582874226646,0.0646582874226646
2014-08-10,6.46399170513847,0.06463991705138471
2014-08-11,6.462156327049059,0.0646215632704906
2014-08-12,6.460322562787853,0.06460322562787853
2014-08-13,6.458490367144475,0.06458490367144475
2014-08-14,6.456659694908547,0.06456659694908547
2014-08-15,6.454830500869697,0.06454830500869697
2014-08-16,6.453002739817547,0.06453002739817547
2014-08-17,6.4511763665417226,0.06451176366541722
2014-08-18,6.449351335831846,0.06449351335831846
2014-08-19,6.447527602477543,0.06447527602477543
2014-08-20,6.4457051212684355,0.06445705121268436
2014-08-21,6.443883846994148,0.06443883846994149
2014-08-22,6.442063734444304,0.06442063734444303
2014-08-23,6.4402447384085315,0.06440244738408532
2014-08-24,6.43842681367645,0.06438426813676451
2014-08-25,6.436609915037685,0.06436609915037686
2014-08-26,6.4347939972818615,0.06434793997281861
2014-08-27,6.432979015198604,0.06432979015198603
2014-08-28,6.431164923577535,0.06431164923577536
2014-08-29,6.429351677208279,0.0642935167720828
2014-08-30,6.427539230880459,0.0642753923088046
2014-08-31,6.425727539383702,0.06425727539383702
2014-09-01,6.423916557507628,0.06423916557507628
2014-09-02,6.422106240041866,0.06422106240041865
2014-09-03,6.420296541776036,0.06420296541776035
2014-09-04,6.4184874174997635,0.06418487417499763
2014-09-05,6.416678822002672,0.06416678822002672
2014-09-06,6.4148707100743865,0.06414870710074387
2014-09-07,6.413063036504532,0.06413063036504532
2014-09-08,6.4112557560827295,0.06411255756082729
2014-09-09,6.409448823598605,0.06409448823598604
2014-09-10,6.407642193841784,0.06407642193841784
2014-09-11,6.405835821601886,0.06405835821601885
2014-09-12,6.404029661668539,0.0640402966166854
2014-09-13,6.402223668831366,0.06402223668831365
2014-09-14,6.4004177978799905,0.06400417797879991
2014-09-15,6.39861200360404,0.0639861200360404
2014-09-16,6.396806240793132,0.06396806240793132
2014-09-17,6.3950004642368965,0.06395000464236897
2014-09-18,6.393194628724954,0.06393194628724955
2014-09-19,6.391388689046931,0.06391388689046931
2014-09-20,6.38958259999245,0.06389582599992451
2014-09-21,6.387776316351135,0.06387776316351135
2014-09-22,6.38596979291261,0.0638596979291261
2014-09-23,6.384162984466501,0.06384162984466502
2014-09-24,6.3823558458024285,0.06382355845802429
2014-09-25,6.3805483317100204,0.0638054833171002
2014-09-26,6.378740396978898,0.06378740396978898
2014-09-27,6.376931996398688,0.06376931996398688
2014-09-28,6.375123084759011,0.0637512308475901
2014-09-29,6.3733136168494955,0.06373313616849495
2014-09-30,6.37150354745976,0.0637150354745976
2014-10-01,6.369692831379434,0.06369692831379434
2014-10-02,6.367881423398136,0.06367881423398136
2014-10-03,6.366069278305497,0.06366069278305497
2014-10-04,6.364256350891134,0.06364256350891134
2014-10-05,6.3624425959446755,0.06362442595944676
2014-10-06,6.360627968255744,0.06360627968255744
2014-10-07,6.3588124226139655,0.06358812422613966
2014-10-08,6.3569959138089605,0.0635699591380896
2014-10-09,6.3551783966303566,0.06355178396630357
2014-10-10,6.353359825867774,0.06353359825867774
2014-10-11,6.351540156310842,0.06351540156310842
2014-10-12,6.3497193427491805,0.0634971934274918
2014-10-13,6.347897339972414,0.06347897339972414
2014-10-14,6.346074102770166,0.06346074102770166
2014-10-15,6.344249585932064,0.06344249585932064
2014-10-16,6.342423744247729,0.0634242374424773
2014-10-17,6.340596532506787,0.06340596532506787
2014-10-18,6.3387679054988615,0.06338767905498861
2014-10-19,6.336937818013574,0.06336937818013574
2014-10-20,6.335106224840552,0.06335106224840552
2014-10-21,6.333273080769417,0.06333273080769417
2014-10-22,6.331438340589796,0.06331438340589796
2014-10-23,6.329601959091311,0.0632960195909131
2014-10-24,6.327763891063585,0.06327763891063584
2014-10-25,6.325924091296245,0.06325924091296245
2014-10-26,6.324082514578913,0.06324082514578913
2014-10-27,6.322239115701214,0.06322239115701214
2014-10-28,6.320393849452769,0.06320393849452768
2014-10-29,6.318546670623208,0.06318546670623208
2014-10-30,6.3166975340021505,0.06316697534002151
2014-10-31,6.314846394379222,0.06314846394379221
2014-11-01,6.3129932065440455,0.06312993206544046
2014-11-02,6.311137925286249,0.06311137925286249
2014-11-03,6.309280505395448,0.06309280505395448
2014-11-04,6.307420901661276,0.06307420901661276
2014-11-05,6.305559068873352,0.06305559068873352
2014-11-06,6.303694961821303,0.06303694961821303
2014-11-07,6.301828535294749,0.0630182853529475
2014-11-08,6.299959744083317,0.06299959744083317
2014-11-09,6.298088542976629,0.06298088542976629
2014-11-10,6.296214886764312,0.06296214886764312
2014-11-11,6.294338730235989,0.06294338730235989
2014-11-12,6.2924600281812815,0.06292460028181282
2014-11-13,6.2905787353898175,0.06290578735389818
2014-11-14,6.288694806651219,0.0628869480665122
2014-11-15,6.286808196755111,0.0628680819675511
2014-11-16,6.284918860491113,0.06284918860491114
2014-11-17,6.283026752648856,0.06283026752648856
2014-11-18,6.281131828017959,0.06281131828017959
2014-11-19,6.279234041388048,0.06279234041388049
2014-11-20,6.277333347548749,0.0627733334754875
2014-11-21,6.275429701289682,0.06275429701289682
2014-11-22,6.273523057400475,0.06273523057400475
2014-11-23,6.271613370670748,0.06271613370670748
2014-11-24,6.269700595890131,0.06269700595890132
2014-11-25,6.26778468784824,0.06267784687848241
2014-11-26,6.2658656013347045,0.06265865601334704
2014-11-27,6.263943291139148,0.06263943291139147
2014-11-28,6.262017712051195,0.06262017712051195
2014-11-29,6.260088818860466,0.06260088818860467
2014-11-30,6.25815656635659,0.0625815656635659
2014-12-01,6.256220909329187,0.06256220909329187
2014-12-02,6.254281802567883,0.06254281802567883
2014-12-03,6.252339200862302,0.06252339200862302
2014-12-04,6.250393059002067,0.06250393059002067
2014-12-05,6.248443331776804,0.06248443331776804
2014-12-06,6.2464899739761375,0.062464899739761374
2014-12-07,6.244532940389687,0.062445329403896875
2014-12-08,6.242572185807083,0.062425721858070826
2014-12-09,6.240607665017943,0.06240607665017943
2014-12-10,6.238639332811894,0.06238639332811893
2014-12-11,6.236667143978561,0.06236667143978561
2014-12-12,6.234691053307567,0.06234691053307567
2014-12-13,6.232711015588539,0.062327110155885386
2014-12-14,6.230726985611096,0.06230726985611096
2014-12-15,6.228738918164864,0.06228738918164864
2014-12-16,6.226746768039469,0.062267467680394685
2014-12-17,6.224750490024533,0.06224750490024533
2014-12-18,6.222750038909679,0.06222750038909679
2014-12-19,6.220745369484536,0.062207453694845365
2014-12-20,6.21873643653872,0.062187364365387195
2014-12-21,6.216723194861865,0.06216723194861865
2014-12-22,6.214705599243587,0.06214705599243587
2014-12-23,6.212683604473512,0.06212683604473512
2014-12-24,6.210657165341269,0.06210657165341269
2014-12-25,6.208626236636476,0.06208626236636476
2014-12-26,6.206590773148758,0.062065907731487575
2014-12-27,6.204550729667741,0.062045507296677405
2014-12-28,6.202506060983048,0.06202506060983048
2014-12-29,6.200456721884303,0.06200456721884304
2014-12-30,6.198402667161131,0.06198402667161131
2014-12-31,6.196343851603154,0.06196343851603154
2015-01-01,6.19428023,0.0619428023
2015-01-02,6.192211772830323,0.06192211772830323
2015-01-03,6.190138513328929,0.061901385133289286
2015-01-04,6.188060500419651,0.06188060500419651
2015-01-05,6.185977783026323,0.06185977783026323
2015-01-06,6.183890410072784,0.061838904100727836
2015-01-07,6.181798430482869,0.06181798430482868
2015-01-08,6.179701893180412,0.06179701893180412
2015-01-09,6.17760084708925,0.061776008470892506
2015-01-10,6.17549534113322,0.0617549534113322
2015-01-11,6.173385424236159,0.06173385424236159
2015-01-12,6.1712711453219,0.061712711453219
2015-01-13,6.169152553314277,0.06169152553314276
2015-01-14,6.1670296971371314,0.061670296971371316
2015-01-15,6.164902625714295,0.06164902625714295
2015-01-16,6.162771387969603,0.06162771387969603
2015-01-17,6.160636032826896,0.06160636032826896
2015-01-18,6.158496609210004,0.06158496609210004
2015-01-19,6.1563531660427655,0.061563531660427655
2015-01-20,6.154205752249018,0.06154205752249018
2015-01-21,6.152054416752594,0.06152054416752594
2015-01-22,6.149899208477333,0.06149899208477333
2015-01-23,6.147740176347067,0.06147740176347068
2015-01-24,6.145577369285635,0.061455773692856354
2015-01-25,6.143410836216873,0.06143410836216873
2015-01-26,6.141240626064612,0.061412406260646125
2015-01-27,6.139066787752692,0.06139066787752692
2015-01-28,6.1368893702049485,0.06136889370204948
2015-01-29,6.134708422345216,0.06134708422345216
2015-01-30,6.132523993097332,0.06132523993097332
2015-01-31,6.130336131385131,0.06130336131385131
2015-02-01,6.12814488613245,0.0612814488613245
2015-02-02,6.125950306263125,0.06125950306263125
2015-02-03,6.123752440700987,0.06123752440700987
2015-02-04,6.121551338369879,0.06121551338369879
2015-02-05,6.1193470481936325,0.061193470481936324
2015-02-06,6.117139619096085,0.061171396190960854
2015-02-07,6.1149291000010715,0.061149291000010715
2015-02-08,6.112715539832427,0.06112715539832427
2015-02-09,6.110498987513989,0.06110498987513988
2015-02-10,6.108279491969593,0.061082794919695926
2015-02-11,6.106057102123074,0.06106057102123074
2015-02-12,6.103831866898269,0.06103831866898269
2015-02-13,6.101603835219012,0.06101603835219012
2015-02-14,6.09937305600914,0.06099373056009141
2015-02-15,6.097139578192491,0.060971395781924904
2015-02-16,6.094903450692897,0.06094903450692897
2015-02-17,6.092664722434195,0.060926647224341955
2015-02-18,6.090423442340222,0.06090423442340222
2015-02-19,6.088179659334811,0.06088179659334811
2015-02-20,6.085933422341802,0.06085933422341802
2015-02-21,6.0836847802850285,0.060836847802850286
2015-02-22,6.081433782088325,0.06081433782088325
2015-02-23,6.079180476675532,0.06079180476675532
2015-02-24,6.07692491297048,0.0607692491297048
2015-02-25,6.0746671398970085,0.06074667139897008
2015-02-26,6.072407206378951,0.06072407206378951
2015-02-27,6.070145161340142,0.06070145161340142
2015-02-28,6.067881053704422,0.06067881053704422
2015-03-01,6.065614932395625,0.06065614932395625
2015-03-02,6.063346846337585,0.06063346846337585
2015-03-03,6.061076844454138,0.06061076844454138
2015-03-04,6.058804975669122,0.060588049756691215
2015-03-05,6.0565312889063705,0.06056531288906371
2015-03-06,6.054255833089723,0.06054255833089723
2015-03-07,6.051978657143009,0.0605197865714301
2015-03-08,6.04969980999007,0.0604969980999007
2015-03-09,6.047419340554742,0.060474193405547425
2015-03-10,6.0451372977608555,0.06045137297760855
2015-03-11,6.042853730532251,0.06042853730532251
2015-03-12,6.040568687792762,0.06040568687792762
2015-03-13,6.038282218466226,0.06038282218466226
2015-03-14,6.0359943714764785,0.06035994371476479
2015-03-15,6.033705195747354,0.06033705195747354
2015-03-16,6.031414740202689,0.06031414740202689
2015-03-17,6.0291230537663205,0.06029123053766321
2015-03-18,6.0268301853620825,0.06026830185362082
2015-03-19,6.024536183913812,0.06024536183913812
2015-03-20,6.0222410983453445,0.06022241098345345
2015-03-21,6.019944977580515,0.06019944977580515
2015-03-22,6.017647870543161,0.060176478705431614
2015-03-23,6.015349826157117,0.060153498261571174
2015-03-24,6.01305089334622,0.060130508933462196
2015-03-25,6.010751121034304,0.060107511210343044
2015-03-26,6.008450558145207,0.06008450558145207
2015-03-27,6.0061492536027625,0.060061492536027626
2015-03-28,6.003847256330809,0.0600384725633081
2015-03-29,6.00154461525318,0.0600154461525318
2015-03-30,5.9992413792937125,0.05999241379293713
2015-03-31,5.996937597376241,0.05996937597376241
2015-04-01,5.994633318424603,0.059946333184246026
2015-04-02,5.992328591362634,0.05992328591362634
2015-04-03,5.990023465114169,0.05990023465114169
2015-04-04,5.9877179886030465,0.05987717988603047
2015-04-05,5.985412210753097,0.059854122107530966
2015-04-06,5.983106180488162,0.05983106180488162
2015-04-07,5.9807999467320725,0.059807999467320724
2015-04-08,5.978493558408668,0.05978493558408668
2015-04-09,5.976187064441782,0.05976187064441782
2015-04-10,5.97388051375525,0.0597388051375525
2015-04-11,5.971573955272914,0.059715739552729144
2015-04-12,5.969267437918603,0.05969267437918603
2015-04-13,5.966961010616152,0.05966961010616152
2015-04-14,5.964654722289402,0.05964654722289402
2015-04-15,5.962348621862186,0.05962348621862186
2015-04-16,5.96004275825834,0.0596004275825834
2015-04-17,5.957737180401698,0.05957737180401698
2015-04-18,5.955431937216102,0.05955431937216102
2015-04-19,5.953127077625382,0.05953127077625382
2015-04-20,5.950822650553375,0.05950822650553375
2015-04-21,5.9485187049239165,0.05948518704923916
2015-04-22,5.946215289660844,0.059462152896608444
2015-04-23,5.943912453687991,0.05943912453687991
2015-04-24,5.941610245929199,0.059416102459291985
2015-04-25,5.939308715308296,0.05939308715308296
2015-04-26,5.937007910749123,0.05937007910749123
2015-04-27,5.9347078811755125,0.059347078811755126
2015-04-28,5.9324086755113035,0.05932408675511303
2015-04-29,5.93011034268033,0.0593011034268033
2015-04-30,5.927812931606429,0.059278129316064285
2015-05-01,5.925516491213434,0.059255164912134346
2015-05-02,5.923221070425186,0.059232210704251866
2015-05-03,5.920926718165513,0.05920926718165513
2015-05-04,5.918633483358258,0.05918633483358258
2015-05-05,5.916341414927251,0.05916341414927251
2015-05-06,5.914050561796333,0.05914050561796333
2015-05-07,5.911760972889335,0.05911760972889336
2015-05-08,5.909472697130099,0.059094726971300984
2015-05-09,5.907185783442455,0.05907185783442455
2015-05-10,5.90490028075024,0.0590490028075024
2015-05-11,5.902616237977294,0.05902616237977294
2015-05-12,5.900333704047448,0.059003337040474474
2015-05-13,5.898052727884537,0.058980527278845375
2015-05-14,5.895773358412404,0.05895773358412404
2015-05-15,5.893495644554878,0.058934956445548775
2015-05-16,5.891219635235795,0.05891219635235795
2015-05-17,5.8889453793789945,0.058889453793789945
2015-05-18,5.88667292590831,0.0588667292590831
2015-05-19,5.884402323747578,0.05884402323747578
2015-05-20,5.882133621820636,0.058821336218206365
2015-05-21,5.879866869051315,0.05879866869051315
2015-05-22,5.877602114363458,0.05877602114363458
2015-05-23,5.875339406680894,0.058753394066808934
2015-05-24,5.87307879492746,0.0587307879492746
2015-05-25,5.870820328026995,0.058708203280269954
2015-05-26,5.8685640549033335,0.05868564054903334
2015-05-27,5.8663100244803115,0.05866310024480312
2015-05-28,5.864058285681764,0.058640582856817634
2015-05-29,5.861808887431525,0.058618088874315244
2015-05-30,5.859561878653436,0.058595618786534354
2015-05-31,5.857317308271325,0.05857317308271325
2015-06-01,5.855075225209036,0.05855075225209036
2015-06-02,5.852835678390399,0.05852835678390399
2015-06-03,5.8505987167392535,0.05850598716739253
2015-06-04,5.848364389179432,0.05848364389179432
2015-06-05,5.846132744634772,0.05846132744634772
2015-06-06,5.843903832029109,0.05843903832029109
2015-06-07,5.84167770028628,0.0584167770028628
2015-06-08,5.839454398330119,0.05839454398330119
2015-06-09,5.837233975084462,0.058372339750844625
2015-06-10,5.835016479473148,0.05835016479473148
2015-06-11,5.832801960420008,0.05832801960420008
2015-06-12,5.830590466848883,0.05830590466848883
2015-06-13,5.828382047683605,0.05828382047683605
2015-06-14,5.826176751848009,0.05826176751848009
2015-06-15,5.823974628265932,0.05823974628265932
2015-06-16,5.821775725861213,0.05821775725861213
2015-06-17,5.819580093557685,0.05819580093557685
2015-06-18,5.817387780279184,0.05817387780279184
2015-06-19,5.815198834949545,0.05815198834949545
2015-06-20,5.813013306492606,0.058130133064926065
2015-06-21,5.810831243832201,0.05810831243832201
2015-06-22,5.808652695892166,0.05808652695892166
2015-06-23,5.806477711596337,0.05806477711596337
2015-06-24,5.8043063398685515,0.058043063398685514
2015-06-25,5.802138629632642,0.05802138629632642
2015-06-26,5.799974629812447,0.057999746298124474
2015-06-27,5.797814389331802,0.05797814389331802
2015-06-28,5.795657957114542,0.05795657957114542
2015-06-29,5.793505382084504,0.057935053820845045
2015-06-30,5.791356713165523,0.05791356713165523
2015-07-01,5.789211999281435,0.05789211999281435
2015-07-02,5.787071289356073,0.05787071289356074
2015-07-03,5.784934632313278,0.05784934632313278
2015-07-04,5.782802077076884,0.05782802077076884
2015-07-05,5.780673672570723,0.05780673672570723
2015-07-06,5.778549467718636,0.05778549467718636
2015-07-07,5.776429511444456,0.05776429511444456
2015-07-08,5.77431385267202,0.0577431385267202
2015-07-09,5.772202540325165,0.05772202540325165
2015-07-10,5.770095623327723,0.05770095623327723
2015-07-11,5.767993150603533,0.05767993150603533
2015-07-12,5.765895171076431,0.05765895171076431
2015-07-13,5.76380173367025,0.0576380173367025
2015-07-14,5.761712887308828,0.057617128873088286
2015-07-15,5.759628680916,0.05759628680916
2015-07-16,5.757549163415602,0.05757549163415602
2015-07-17,5.755474383731472,0.057554743837314716
2015-07-18,5.753404390787441,0.057534043907874415
2015-07-19,5.751339233507349,0.05751339233507349
2015-07-20,5.7492789608150305,0.0574927896081503
2015-07-21,5.747223621634323,0.057472236216343224
2015-07-22,5.745173264889058,0.05745173264889058
2015-07-23,5.743127939503076,0.05743127939503076
2015-07-24,5.7410876944002105,0.057410876944002105
2015-07-25,5.739052578504295,0.05739052578504295
2015-07-26,5.737022640739172,0.057370226407391714
2015-07-27,5.73499793002867,0.0573499793002867
2015-07-28,5.732978495296628,0.05732978495296628
2015-07-29,5.7309643854668835,0.057309643854668836
2015-07-30,5.728955649463271,0.05728955649463271
2015-07-31,5.726952336209626,0.05726952336209626
2015-08-01,5.724954494629783,0.05724954494629783
2015-08-02,5.722962173647579,0.05722962173647579
2015-08-03,5.720975422186852,0.05720975422186852
2015-08-04,5.718994289171434,0.057189942891714335
2015-08-05,5.717018823525164,0.05717018823525164
2015-08-06,5.715049074171876,0.05715049074171876
2015-08-07,5.713085090035406,0.05713085090035406
2015-08-08,5.71112692003959,0.05711126920039591
2015-08-09,5.7091746131082655,0.05709174613108266
2015-08-10,5.707228218165266,0.05707228218165266
2015-08-11,5.705287784134428,0.05705287784134428
2015-08-12,5.703353359939587,0.05703353359939587
2015-08-13,5.701424994504579,0.057014249945045795
2015-08-14,5.69950273675324,0.0569950273675324
2015-08-15,5.697586635609408,0.05697586635609408
2015-08-16,5.695676739996914,0.05695676739996914
2015-08-17,5.6937730988396,0.056937730988395996
2015-08-18,5.6918757610612944,0.05691875761061294
2015-08-19,5.689984775585841,0.05689984775585841
2015-08-20,5.688100191337068,0.056881001913370685
2015-08-21,5.686222057238815,0.056862220572388156
2015-08-22,5.68435042221492,0.056843504222149205
2015-08-23,5.682485335189215,0.05682485335189215
2015-08-24,5.680626845085539,0.05680626845085539
2015-08-25,5.6787750008277245,0.056787750008277245
2015-08-26,5.67692985133961,0.0567692985133961
2015-08-27,5.6750914455450285,0.05675091445545029
2015-08-28,5.673259832367822,0.05673259832367822
2015-08-29,5.671435060731818,0.05671435060731818
2015-08-30,5.6696171795608565,0.05669617179560857
2015-08-31,5.667806237778772,0.056678062377787726
2015-09-01,5.666002284309404,0.05666002284309404
2015-09-02,5.664205368076584,0.056642053680765844
2015-09-03,5.6624155380041525,0.05662415538004153
2015-09-04,5.660632843015939,0.05660632843015939
2015-09-05,5.658857332035784,0.05658857332035784
2015-09-06,5.657089053987521,0.05657089053987521
2015-09-07,5.655328057794989,0.056553280577949894
2015-09-08,5.653574392382021,0.05653574392382021
2015-09-09,5.651828106672454,0.05651828106672454
2015-09-10,5.650089249590121,0.05650089249590121
2015-09-11,5.648357870058863,0.05648357870058863
2015-09-12,5.64663401700251,0.0564663401700251
2015-09-13,5.644917739344904,0.05644917739344904
2015-09-14,5.6432090860098745,0.056432090860098746
2015-09-15,5.641508105921263,0.05641508105921263
2015-09-16,5.639814848002901,0.05639814848002901
2015-09-17,5.638129361178627,0.056381293611786266
2015-09-18,5.636451694372276,0.05636451694372276
2015-09-19,5.634781896507684,0.056347818965076846
2015-09-20,5.633120016508686,0.05633120016508686
2015-09-21,5.631466103299119,0.05631466103299119
2015-09-22,5.629820205802818,0.05629820205802818
2015-09-23,5.628182372943618,0.05628182372943618
2015-09-24,5.626552653645357,0.056265526536453565
2015-09-25,5.62493109683187,0.0562493109683187
2015-09-26,5.623317751426991,0.05623317751426991
2015-09-27,5.621712666354558,0.05621712666354558
2015-09-28,5.620115890538407,0.05620115890538407
2015-09-29,5.618527472902372,0.05618527472902372
2015-09-30,5.616947462370291,0.05616947462370291
2015-10-01,5.615375907865998,0.05615375907865998
2015-10-02,5.613812858313328,0.05613812858313328
2015-10-03,5.61225836263612,0.0561225836263612
2015-10-04,5.610712469758208,0.05610712469758208
2015-10-05,5.609175228603427,0.056091752286034274
2015-10-06,5.607646688095614,0.05607646688095614
2015-10-07,5.606126897158606,0.05606126897158606
2015-10-08,5.604615904716236,0.05604615904716236
2015-10-09,5.6031137596923415,0.056031137596923415
2015-10-10,5.601620511010758,0.056016205110107575
2015-10-11,5.600136207595322,0.05600136207595322
2015-10-12,5.598660898369868,0.05598660898369868
2015-10-13,5.597194632258233,0.05597194632258233
2015-10-14,5.595737458184252,0.05595737458184252
2015-10-15,5.5942894250717625,0.05594289425071763
2015-10-16,5.592850581844597,0.05592850581844597
2015-10-17,5.591420977426594,0.05591420977426594
2015-10-18,5.590000660741588,0.055900006607415884
2015-10-19,5.588589680713415,0.055885896807134156
2015-10-20,5.587188086265914,0.05587188086265914
2015-10-21,5.585795926322917,0.05585795926322917
2015-10-22,5.58441324980826,0.0558441324980826
2015-10-23,5.5830401056457815,0.05583040105645781
2015-10-24,5.581676542759313,0.05581676542759313
2015-10-25,5.580322610072695,0.05580322610072695
2015-10-26,5.578978356509761,0.0557897835650976
2015-10-27,5.577643830994346,0.055776438309943464
2015-10-28,5.576319082450287,0.05576319082450287
2015-10-29,5.57500415980142,0.0557500415980142
2015-10-30,5.573699111971582,0.05573699111971582
2015-10-31,5.572403987884604,0.05572403987884604
2015-11-01,5.571118836464328,0.05571118836464328
2015-11-02,5.569843706634587,0.05569843706634587
2015-11-03,5.568578647319216,0.05568578647319215
2015-11-04,5.5673237074420525,0.055673237074420526
2015-11-05,5.56607893592693,0.0556607893592693
2015-11-06,5.564844381697688,0.055648443816976874
2015-11-07,5.563620093678157,0.05563620093678157
2015-11-08,5.562406120792178,0.05562406120792178
2015-11-09,5.561202511963584,0.05561202511963584
2015-11-10,5.560009316116211,0.055600093161162115
2015-11-11,5.558826582173897,0.05558826582173897
2015-11-12,5.557654359060476,0.05557654359060476
2015-11-13,5.5564926956997835,0.055564926956997836
2015-11-14,5.555341641015656,0.05555341641015656
2015-11-15,5.554201243931931,0.055542012439319305
2015-11-16,5.55307155337244,0.055530715533724406
2015-11-17,5.551952618261022,0.05551952618261022
2015-11-18,5.550844487521512,0.05550844487521512
2015-11-19,5.549747210077746,0.05549747210077746
2015-11-20,5.54866083485356,0.0554866083485356
2015-11-21,5.5475854107727915,0.055475854107727915
2015-11-22,5.546520986759273,0.05546520986759273
2015-11-23,5.54546761173684,0.0554546761173684
2015-11-24,5.544425334629333,0.055444253346293326
2015-11-25,5.543394204360583,0.05543394204360583
2015-11-26,5.542374269854428,0.05542374269854428
2015-11-27,5.541365580034705,0.055413655800347045
2015-11-28,5.5403681838252465,0.055403681838252464
2015-11-29,5.539382130149891,0.055393821301498905
2015-11-30,5.538407467932474,0.05538407467932474
2015-12-01,5.537444246096831,0.05537444246096831
2015-12-02,5.536492513566797,0.05536492513566797
2015-12-03,5.535552319266211,0.055355523192662105
2015-12-04,5.534623712118903,0.05534623712118903
2015-12-05,5.533706741048714,0.05533706741048714
2015-12-06,5.532801454979478,0.05532801454979478
2015-12-07,5.53190790283503,0.0553190790283503
2015-12-08,5.531026133539207,0.05531026133539207
2015-12-09,5.530156196015844,0.055301561960158445
2015-12-10,5.5292981391887785,0.055292981391887784
2015-12-11,5.5284520119818445,0.055284520119818444
2015-12-12,5.527617863318879,0.05527617863318879
2015-12-13,5.526795742123715,0.055267957421237156
2015-12-14,5.525985697320194,0.05525985697320194
2015-12-15,5.525187777832148,0.05525187777832148
2015-12-16,5.524402032583411,0.05524402032583411
2015-12-17,5.523628510497822,0.055236285104978224
2015-12-18,5.522867260499217,0.05522867260499217
2015-12-19,5.52211833151143,0.055221183315114296
2015-12-20,5.521381772458297,0.055213817724582975
2015-12-21,5.520657632263654,0.055206576322636536
2015-12-22,5.519945959851338,0.05519945959851338
2015-12-23,5.519246804145184,0.05519246804145184
2015-12-24,5.518560214069028,0.05518560214069028
2015-12-25,5.517886238546706,0.055178862385467056
2015-12-26,5.5172249265020525,0.055172249265020526
2015-12-27,5.516576326858905,0.055165763268589046
2015-12-28,5.515940488541098,0.055159404885410976
2015-12-29,5.5153174604724695,0.05515317460472469
2015-12-30,5.514707291576851,0.05514707291576851
2015-12-31,5.514110030778084,0.055141100307780834
2016-01-01,5.513525727,0.05513525727
2016-01-02,5.51295441140386,0.0551295441140386
2016-01-03,5.512396044100616,0.05512396044100616
2016-01-04,5.511850567438643,0.05511850567438643
2016-01-05,5.511317923766314,0.055113179237663144
2016-01-06,5.5107980554320095,0.0551079805543201
2016-01-07,5.510290904784101,0.055102909047841014
2016-01-08,5.509796414170965,0.05509796414170965
2016-01-09,5.509314525940978,0.055093145259409775
2016-01-10,5.508845182442512,0.055088451824425115
2016-01-11,5.508388326023945,0.05508388326023945
2016-01-12,5.507943899033653,0.05507943899033653
2016-01-13,5.507511843820011,0.055075118438200114
2016-01-14,5.507092102731392,0.055070921027313924
2016-01-15,5.506684618116174,0.05506684618116174
2016-01-16,5.506289332322731,0.05506289332322731
2016-01-17,5.505906187699439,0.055059061876994386
2016-01-18,5.505535126594673,0.055055351265946725
2016-01-19,5.505176091356807,0.055051760913568074
2016-01-20,5.504829024334218,0.05504829024334218
2016-01-21,5.504493867875284,0.05504493867875284
2016-01-22,5.504170564328377,0.05504170564328377
2016-01-23,5.50385905604187,0.0550385905604187
2016-01-24,5.503559285364145,0.05503559285364145
2016-01-25,5.503271194643571,0.05503271194643571
2016-01-26,5.502994726228528,0.05502994726228528
2016-01-27,5.502729822467389,0.055027298224673886
2016-01-28,5.502476425708528,0.055024764257085274
2016-01-29,5.502234478300324,0.055022344783003246
2016-01-30,5.5020039225911495,0.0550200392259115
2016-01-31,5.501784700929382,0.05501784700929382
2016-02-01,5.501576755663394,0.05501576755663394
2016-02-02,5.501380029141565,0.05501380029141565
2016-02-03,5.501194463712267,0.05501194463712267
2016-02-04,5.501020001723877,0.05501020001723877
2016-02-05,5.500856585524769,0.05500856585524769
2016-02-06,5.500704157463317,0.05500704157463317
2016-02-07,5.500562659887901,0.05500562659887901
2016-02-08,5.500432035146893,0.05500432035146893
2016-02-09,5.50031222558867,0.055003122255886695
2016-02-10,5.500203173561606,0.05500203173561606
2016-02-11,5.500104821414076,0.05500104821414076
2016-02-12,5.500017111494458,0.055000171114944575
2016-02-13,5.499939986151125,0.05499939986151125
2016-02-14,5.499873387732452,0.05499873387732453
2016-02-15,5.499817258586817,0.05499817258586817
2016-02-16,5.499771541062594,0.05499771541062594
2016-02-17,5.499736177508156,0.05499736177508156
2016-02-18,5.499711110271882,0.05499711110271882
2016-02-19,5.499696281702146,0.05499696281702146
2016-02-20,5.499691634147322,0.05499691634147322
2016-02-21,5.499697109955787,0.05499697109955787
2016-02-22,5.499712651475918,0.05499712651475918
2016-02-23,5.499738201056086,0.05499738201056086
2016-02-24,5.49977370104467,0.0549977370104467
2016-02-25,5.499819093790043,0.054998190937900426
2016-02-26,5.49987432164058,0.0549987432164058
2016-02-27,5.499939326944662,0.05499939326944662
2016-02-28,5.500014052050657,0.05500014052050657
2016-02-29,5.500098439306944,0.05500098439306944
2016-03-01,5.500192431061898,0.05500192431061898
2016-03-02,5.5002959696638944,0.055002959696638945
2016-03-03,5.500408997461309,0.05500408997461309
2016-03-04,5.500531456802516,0.05500531456802516
2016-03-05,5.500663290035892,0.05500663290035892
2016-03-06,5.50080443950981,0.055008044395098106
2016-03-07,5.5009548475726495,0.0550095484757265
2016-03-08,5.501114456572782,0.05501114456572782
2016-03-09,5.501283208858585,0.055012832088585845
2016-03-10,5.501461046778433,0.055014610467784324
2016-03-11,5.5016479126807,0.055016479126807
2016-03-12,5.501843748913767,0.055018437489137664
2016-03-13,5.502048497826001,0.05502048497826001
2016-03-14,5.502262101765783,0.055022621017657834
2016-03-15,5.5024845030814875,0.055024845030814874
2016-03-16,5.502715644121489,0.05502715644121489
2016-03-17,5.502955467234163,0.055029554672341635
2016-03-18,5.503203914767886,0.05503203914767887
2016-03-19,5.503460929071031,0.055034609290710315
2016-03-20,5.503726452491975,0.05503726452491975
2016-03-21,5.504000427379095,0.05504000427379095
2016-03-22,5.504282796080764,0.05504282796080764
2016-03-23,5.504573500945358,0.055045735009453575
2016-03-24,5.504872484321252,0.05504872484321252
2016-03-25,5.50517968855682,0.055051796885568195
2016-03-26,5.505495056000443,0.05505495056000443
2016-03-27,5.50581852900049,0.055058185290004905
2016-03-28,5.506150049905338,0.05506150049905338
2016-03-29,5.506489561063364,0.055064895610633637
2016-03-30,5.506837004822943,0.055068370048229426
2016-03-31,5.507192323532449,0.055071923235324484
2016-04-01,5.507555459540259,0.055075554595402594
2016-04-02,5.507926355194747,0.05507926355194747
2016-04-03,5.50830495284429,0.055083049528442896
2016-04-04,5.508691194837261,0.055086911948372605
2016-04-05,5.509085023522039,0.055090850235220395
2016-04-06,5.509486381246994,0.05509486381246994
2016-04-07,5.509895210360506,0.05509895210360506
2016-04-08,5.5103114532109485,0.05510311453210948
2016-04-09,5.510735052146698,0.05510735052146698
2016-04-10,5.51116594951613,0.0551116594951613
2016-04-11,5.511604087667616,0.05511604087667615
2016-04-12,5.512049408949536,0.055120494089495355
2016-04-13,5.512501855710263,0.05512501855710263
2016-04-14,5.512961370298175,0.05512961370298175
2016-04-15,5.5134278950616435,0.055134278950616435
2016-04-16,5.513901372349045,0.05513901372349045
2016-04-17,5.514381744508757,0.05514381744508757
2016-04-18,5.514868953889154,0.05514868953889154
2016-04-19,5.51536294283861,0.05515362942838611
2016-04-20,5.515863653705502,0.055158636537055016
2016-04-21,5.516371028838204,0.055163710288382045
2016-04-22,5.516885010585091,0.05516885010585091
2016-04-23,5.517405541294542,0.05517405541294542
2016-04-24,5.517932563314927,0.05517932563314927
2016-04-25,5.518466018994625,0.05518466018994625
2016-04-26,5.51900585068201,0.0551900585068201
2016-04-27,5.519552000725458,0.05519552000725458
2016-04-28,5.520104411473344,0.05520104411473344
2016-04-29,5.520663025274046,0.05520663025274046
2016-04-30,5.521227784475934,0.055212277844759336
2016-05-01,5.5217986314273855,0.055217986314273854
2016-05-02,5.522375508476778,0.05522375508476778
2016-05-03,5.522958357972487,0.05522958357972487
2016-05-04,5.523547122262885,0.05523547122262885
2016-05-05,5.524141743696348,0.05524141743696348
2016-05-06,5.5247421646212524,0.055247421646212526
2016-05-07,5.525348327385974,0.05525348327385973
2016-05-08,5.525960174338888,0.05525960174338888
2016-05-09,5.526577647828367,0.055265776478283665
2016-05-10,5.527200690202791,0.05527200690202791
2016-05-11,5.5278292438105305,0.05527829243810531
2016-05-12,5.528463250999966,0.05528463250999966
2016-05-13,5.529102654119467,0.05529102654119467
2016-05-14,5.529747395517415,0.05529747395517415
2016-05-15,5.53039741754218,0.0553039741754218
2016-05-16,5.531052662542142,0.05531052662542142
2016-05-17,5.531713072865673,0.05531713072865673
2016-05-18,5.532378590861149,0.05532378590861149
2016-05-19,5.533049158876947,0.05533049158876947
2016-05-20,5.533724719261439,0.05533724719261439
2016-05-21,5.534405214363004,0.05534405214363004
2016-05-22,5.535090586530018,0.05535090586530018
2016-05-23,5.535780778110852,0.05535780778110852
2016-05-24,5.5364757314538835,0.05536475731453883
2016-05-25,5.537175388907488,0.05537175388907488
2016-05-26,5.5378796928200416,0.05537879692820041
2016-05-27,5.538588585539921,0.05538588585539921
2016-05-28,5.539302009415496,0.05539302009415496
2016-05-29,5.540019906795147,0.055400199067951475
2016-05-30,5.540742220027247,0.05540742220027247
2016-05-31,5.541468891460175,0.05541468891460175
2016-06-01,5.542199863442302,0.055421998634423014
2016-06-02,5.542935078322004,0.05542935078322004
2016-06-03,5.543674478447659,0.055436744784476584
2016-06-04,5.544418006167639,0.05544418006167639
2016-06-05,5.545165603830322,0.05545165603830322
2016-06-06,5.545917213784084,0.05545917213784084
2016-06-07,5.546672778377296,0.05546672778377296
2016-06-08,5.547432239958338,0.05547432239958338
2016-06-09,5.548195540875581,0.05548195540875581
2016-06-10,5.548962623477406,0.05548962623477406
2016-06-11,5.549733430112185,0.055497334301121845
2016-06-12,5.550507903128293,0.055505079031282926
2016-06-13,5.551285984874105,0.05551285984874105
2016-06-14,5.5520676176979995,0.05552067617698
2016-06-15,5.552852743948347,0.05552852743948347
2016-06-16,5.553641305973528,0.05553641305973528
2016-06-17,5.554433246121915,0.055544332461219155
2016-06-18,5.555228506741883,0.05555228506741883
2016-06-19,5.556027030181808,0.055560270301818086
2016-06-20,5.556828758790067,0.05556828758790067
2016-06-21,5.557633634915033,0.055576336349150324
2016-06-22,5.558441600905082,0.05558441600905082
2016-06-23,5.55925259910859,0.055592525991085905
2016-06-24,5.560066571873933,0.05560066571873933
2016-06-25,5.560883461549484,0.055608834615494845
2016-06-26,5.561703210483621,0.05561703210483621
2016-06-27,5.562525761024719,0.05562525761024719
2016-06-28,5.56335105552115,0.055633510555211506
2016-06-29,5.564179036321294,0.055641790363212935
2016-06-30,5.5650096457735225,0.05565009645773523
2016-07-01,5.565842826226213,0.055658428262262125
2016-07-02,5.566678520027741,0.055666785200277416
2016-07-03,5.567516669526481,0.05567516669526481
2016-07-04,5.568357217070809,0.055683572170708094
2016-07-05,5.5692001050091005,0.055692001050091006
2016-07-06,5.570045275689732,0.05570045275689732
2016-07-07,5.570892671461074,0.05570892671461074
2016-07-08,5.571742234671507,0.05571742234671507
2016-07-09,5.572593907669404,0.05572593907669404
2016-07-10,5.573447632803141,0.05573447632803141
2016-07-11,5.574303352421094,0.055743033524210936
2016-07-12,5.5751610088716355,0.055751610088716354
2016-07-13,5.576020544503145,0.055760205445031456
2016-07-14,5.576881901663996,0.055768819016639964
2016-07-15,5.577745022702563,0.05577745022702563
2016-07-16,5.578609849967222,0.05578609849967222
2016-07-17,5.57947632580635,0.0557947632580635
2016-07-18,5.580344392568318,0.05580344392568318
2016-07-19,5.581213992601506,0.05581213992601506
2016-07-20,5.582085068254287,0.05582085068254287
2016-07-21,5.582957561875038,0.055829575618750384
2016-07-22,5.583831415812134,0.05583831415812134
2016-07-23,5.584706572413947,0.05584706572413947
2016-07-24,5.585582974028855,0.055855829740288555
2016-07-25,5.586460563005236,0.05586460563005236
2016-07-26,5.587339281691462,0.05587339281691462
2016-07-27,5.588219072435908,0.055882190724359085
2016-07-28,5.589099877586953,0.05589099877586953
2016-07-29,5.589981639492966,0.05589981639492966
2016-07-30,5.5908643005023295,0.055908643005023295
2016-07-31,5.591747802963415,0.05591747802963415
2016-08-01,5.5926320892245975,0.05592632089224597
2016-08-02,5.593517101634254,0.055935171016342544
2016-08-03,5.59440278254076,0.0559440278254076
2016-08-04,5.595289074292488,0.05595289074292488
2016-08-05,5.596175919237817,0.05596175919237817
2016-08-06,5.597063259725121,0.055970632597251206
2016-08-07,5.597951038102774,0.05597951038102775
2016-08-08,5.598839196719152,0.05598839196719152
2016-08-09,5.599727677922633,0.055997276779226335
2016-08-10,5.600616424061589,0.05600616424061589
2016-08-11,5.601505377484398,0.056015053774843976
2016-08-12,5.6023944805394335,0.056023944805394334
2016-08-13,5.60328367557507,0.0560328367557507
2016-08-14,5.604172904939685,0.05604172904939685
2016-08-15,5.605062110981654,0.05605062110981654
2016-08-16,5.605951236049351,0.05605951236049351
2016-08-17,5.606840222491152,0.056068402224911516
2016-08-18,5.607729012655431,0.05607729012655431
2016-08-19,5.608617548890566,0.056086175488905654
2016-08-20,5.609505773544931,0.05609505773544931
2016-08-21,5.6103936289669,0.056103936289669004
2016-08-22,5.61128105750485,0.056112810575048494
2016-08-23,5.612168001507156,0.056121680015071555
2016-08-24,5.613054403322195,0.05613054403322195
2016-08-25,5.613940205298339,0.056139402052983386
2016-08-26,5.614825349783967,0.05614825349783967
2016-08-27,5.61570977912745,0.05615709779127451
2016-08-28,5.616593435677168,0.05616593435677168
2016-08-29,5.617476261781494,0.05617476261781494
2016-08-30,5.618358199788804,0.05618358199788804
2016-08-31,5.619239192047472,0.05619239192047472
2016-09-01,5.620119180905873,0.056201191809058734
2016-09-02,5.620998108712385,0.05620998108712385
2016-09-03,5.621875917815382,0.05621875917815382
2016-09-04,5.622752550563241,0.05622752550563241
2016-09-05,5.623627949304333,0.05623627949304333
2016-09-06,5.624502056387038,0.05624502056387038
2016-09-07,5.62537481415973,0.056253748141597296
2016-09-08,5.626246164970783,0.05626246164970783
2016-09-09,5.627116051168573,0.056271160511685736
2016-09-10,5.627984415101476,0.056279844151014766
2016-09-11,5.628851199117867,0.05628851199117867
2016-09-12,5.629716345566122,0.056297163455661214
2016-09-13,5.630579796794615,0.05630579796794615
2016-09-14,5.631441495151722,0.05631441495151722
2016-09-15,5.632301382985819,0.05632301382985819
2016-09-16,5.633159402645281,0.056331594026452804
2016-09-17,5.634015496478482,0.05634015496478482
2016-09-18,5.634869606833801,0.05634869606833801
2016-09-19,5.6357216760596085,0.05635721676059609
2016-09-20,5.636571646504283,0.05636571646504283
2016-09-21,5.6374194605162,0.056374194605162
2016-09-22,5.638265060443733,0.05638265060443733
2016-09-23,5.63910838863526,0.056391083886352604
2016-09-24,5.639949387439153,0.05639949387439153
2016-09-25,5.6407879992037895,0.0564078799920379
2016-09-26,5.641624166277545,0.05641624166277545
2016-09-27,5.642457831008794,0.05642457831008794
2016-09-28,5.643288935745914,0.05643288935745914
2016-09-29,5.644117422837276,0.05644117422837276
2016-09-30,5.644943234631258,0.056449432346312584
2016-10-01,5.645766313476237,0.05645766313476237
2016-10-02,5.646586601720587,0.05646586601720587
2016-10-03,5.647404041712682,0.05647404041712682
2016-10-04,5.6482185758008985,0.056482185758008986
2016-10-05,5.649030146333612,0.05649030146333612
2016-10-06,5.649838695659198,0.05649838695659198
2016-10-07,5.650644166126032,0.056506441661260315
2016-10-08,5.651446500082488,0.05651446500082488
2016-10-09,5.652245639876941,0.05652245639876941
2016-10-10,5.65304152785777,0.056530415278577696
2016-10-11,5.653834106373346,0.05653834106373346
2016-10-12,5.654623317772049,0.056546233177720485
2016-10-13,5.655409104402249,0.056554091044022495
2016-10-14,5.656191408612325,0.05656191408612325
2016-10-15,5.656970172750652,0.05656970172750652
2016-10-16,5.657745339165607,0.05657745339165607
2016-10-17,5.65851685020556,0.0565851685020556
2016-10-18,5.6592846482188905,0.0565928464821889
2016-10-19,5.6600486755539725,0.056600486755539726
2016-10-20,5.660808874559183,0.056608088745591825
2016-10-21,5.6615651875828945,0.05661565187582895
2016-10-22,5.662317556973486,0.05662317556973486
2016-10-23,5.663065925079328,0.05663065925079328
2016-10-24,5.6638102342488015,0.05663810234248801
2016-10-25,5.664550426830279,0.05664550426830279
2016-10-26,5.665286445172134,0.05665286445172134
2016-10-27,5.666018231622745,0.05666018231622745
2016-10-28,5.666745728530486,0.05666745728530486
2016-10-29,5.667468878243733,0.05667468878243733
2016-10-30,5.668187623110862,0.056681876231108624
2016-10-31,5.668901905480246,0.05668901905480246
2016-11-01,5.669611667700263,0.056696116677002625
2016-11-02,5.670316852119286,0.05670316852119286
2016-11-03,5.67101740108569,0.0567101740108569
2016-11-04,5.6717132569478546,0.056717132569478544
2016-11-05,5.672404362054151,0.056724043620541516
2016-11-06,5.673090658752956,0.056730906587529564
2016-11-07,5.673772089392646,0.05673772089392646
2016-11-08,5.674448596321594,0.056744485963215935
2016-11-09,5.6751201218881775,0.056751201218881775
2016-11-10,5.67578660844077,0.0567578660844077
2016-11-11,5.676447998327749,0.05676447998327749
2016-11-12,5.677104233897487,0.05677104233897487
2016-11-13,5.677755257498363,0.05677755257498363
2016-11-14,5.67840101147875,0.0567840101147875
2016-11-15,5.679041438187023,0.056790414381870234
2016-11-16,5.67967647997156,0.0567967647997156
2016-11-17,5.680306079180734,0.05680306079180734
2016-11-18,5.680930178162918,0.056809301781629185
2016-11-19,5.681548719266494,0.05681548719266494
2016-11-20,5.682161644839831,0.05682161644839831
2016-11-21,5.682768897231309,0.05682768897231309
2016-11-22,5.683370418789302,0.05683370418789302
2016-11-23,5.683966151862183,0.05683966151862183
2016-11-24,5.68455603879833,0.056845560387983295
2016-11-25,5.685140021946117,0.05685140021946117
2016-11-26,5.685718043653919,0.056857180436539194
2016-11-27,5.686290046270115,0.056862900462701156
2016-11-28,5.686855972143076,0.05686855972143076
2016-11-29,5.687415763621178,0.056874157636211786
2016-11-30,5.687969363052798,0.056879693630527986
2016-12-01,5.688516712786312,0.056885167127863116
2016-12-02,5.689057755170092,0.05689057755170092
2016-12-03,5.689592432552516,0.056895924325525156
2016-12-04,5.69012068728196,0.0569012068728196
2016-12-05,5.690642461706797,0.05690642461706797
2016-12-06,5.691157698175405,0.05691157698175405
2016-12-07,5.691666339036157,0.05691666339036157
2016-12-08,5.692168326637429,0.056921683266374284
2016-12-09,5.692663603327597,0.056926636033275975
2016-12-10,5.693152111455035,0.05693152111455035
2016-12-11,5.693633793368122,0.05693633793368122
2016-12-12,5.694108591415228,0.05694108591415228
2016-12-13,5.694576447944732,0.05694576447944732
2016-12-14,5.695037305305009,0.05695037305305009
2016-12-15,5.695491105844434,0.056954911058444344
2016-12-16,5.695937791911382,0.05695937791911382
2016-12-17,5.696377305854228,0.056963773058542284
2016-12-18,5.696809590021347,0.056968095900213477
2016-12-19,5.697234586761118,0.05697234586761118
2016-12-20,5.697652238421911,0.05697652238421911
2016-12-21,5.6980624873521055,0.056980624873521055
2016-12-22,5.698465275900074,0.05698465275900074
2016-12-23,5.698860546414195,0.056988605464141945
2016-12-24,5.6992482412428425,0.05699248241242842
2016-12-25,5.69962830273439,0.0569962830273439
2016-12-26,5.700000673237214,0.057000006732372134
2016-12-27,5.700365295099692,0.05700365295099692
2016-12-28,5.700722110670196,0.057007221106701964
2016-12-29,5.701071062297105,0.05701071062297105
2016-12-30,5.701412092328791,0.05701412092328791
2016-12-31,5.701745143113631,0.05701745143113631
2017-01-01,5.702070157,0.05702070157
2017-01-02,5.702387091365578,0.05702387091365578
2017-01-03,5.7026959637052705,0.057026959637052704
2017-01-04,5.7029968065432906,0.0570299680654329
2017-01-05,5.70328965240384,0.0570328965240384
2017-01-06,5.703574533811136,0.057035745338111364
2017-01-07,5.703851483289384,0.057038514832893836
2017-01-08,5.704120533362795,0.057041205333627956
2017-01-09,5.70438171655558,0.0570438171655558
2017-01-10,5.7046350653919475,0.05704635065391948
2017-01-11,5.704880612396108,0.057048806123961085
2017-01-12,5.705118390092271,0.05705118390092271
2017-01-13,5.705348431004648,0.057053484310046476
2017-01-14,5.705570767657443,0.05705570767657443
2017-01-15,5.705785432574873,0.05705785432574873
2017-01-16,5.705992458281145,0.05705992458281145
2017-01-17,5.706191877300467,0.05706191877300468
2017-01-18,5.706383722157051,0.05706383722157051
2017-01-19,5.706568025375105,0.057065680253751055
2017-01-20,5.706744819478841,0.05706744819478841
2017-01-21,5.706914136992468,0.057069141369924685
2017-01-22,5.707076010440196,0.05707076010440196
2017-01-23,5.707230472346235,0.05707230472346235
2017-01-24,5.707377555234792,0.05707377555234792
2017-01-25,5.70751729163008,0.0570751729163008
2017-01-26,5.707649714056308,0.057076497140563086
2017-01-27,5.707774855037686,0.05707774855037686
2017-01-28,5.707892747098423,0.05707892747098423
2017-01-29,5.708003422762728,0.05708003422762728
2017-01-30,5.708106914554815,0.05708106914554815
2017-01-31,5.708203254998887,0.05708203254998887
2017-02-01,5.708292476619159,0.057082924766191596
2017-02-02,5.70837461193984,0.0570837461193984
2017-02-03,5.70844969348514,0.0570844969348514
2017-02-04,5.708517753779269,0.057085177537792686
2017-02-05,5.708578825346435,0.05708578825346435
2017-02-06,5.708632940710847,0.05708632940710847
2017-02-07,5.708680132396717,0.05708680132396717
2017-02-08,5.708720432928256,0.05708720432928256
2017-02-09,5.708753874829671,0.05708753874829671
2017-02-10,5.7087804906251725,0.057087804906251725
2017-02-11,5.708800312838971,0.05708800312838971
2017-02-12,5.708813373995275,0.05708813373995275
2017-02-13,5.708819706618297,0.057088197066182976
2017-02-14,5.7088193432322445,0.057088193432322444
2017-02-15,5.708812316361328,0.05708812316361328
2017-02-16,5.708798658529758,0.057087986585297575
2017-02-17,5.708778402261743,0.057087784022617424
2017-02-18,5.708751580081492,0.05708751580081492
2017-02-19,5.708718224513217,0.05708718224513217
2017-02-20,5.708678368081127,0.05708678368081127
2017-02-21,5.708632043309434,0.05708632043309434
2017-02-22,5.708579282722343,0.057085792827223425
2017-02-23,5.708520118844066,0.05708520118844066
2017-02-24,5.708454584198816,0.05708454584198816
2017-02-25,5.708382711310798,0.05708382711310798
2017-02-26,5.708304532704224,0.05708304532704224
2017-02-27,5.708220080903303,0.05708220080903303
2017-02-28,5.708129388432247,0.05708129388432247
2017-03-01,5.708032487815262,0.05708032487815262
2017-03-02,5.707929411576562,0.05707929411576562
2017-03-03,5.707820192240353,0.05707820192240353
2017-03-04,5.707704862330849,0.05707704862330849
2017-03-05,5.707583454372258,0.05707583454372258
2017-03-06,5.7074560008887865,0.057074560008887866
2017-03-07,5.707322534404648,0.057073225344046484
2017-03-08,5.707183087444052,0.05707183087444052
2017-03-09,5.707037692531208,0.05707037692531208
2017-03-10,5.7068863821903255,0.05706886382190326
2017-03-11,5.706729188945612,0.05706729188945612
2017-03-12,5.706566145321283,0.057065661453212825
2017-03-13,5.706397283841542,0.057063972838415425
2017-03-14,5.706222637030605,0.05706222637030604
2017-03-15,5.7060422374126745,0.05706042237412674
2017-03-16,5.705856117511966,0.05705856117511966
2017-03-17,5.705664309852689,0.05705664309852689
2017-03-18,5.705466846959052,0.057054668469590515
2017-03-19,5.705263761355264,0.057052637613552636
2017-03-20,5.705055085565536,0.05705055085565536
2017-03-21,5.704840852114075,0.05704840852114075
2017-03-22,5.704621093525095,0.057046210935250946
2017-03-23,5.704395842322805,0.05704395842322805
2017-03-24,5.704165131031411,0.05704165131031411
2017-03-25,5.703928992175127,0.05703928992175127
2017-03-26,5.7036874582781625,0.05703687458278162
2017-03-27,5.703440561864726,0.05703440561864726
2017-03-28,5.703188335459028,0.05703188335459028
2017-03-29,5.702930811585274,0.05702930811585274
2017-03-30,5.702668022767682,0.05702668022767682
2017-03-31,5.702400001530457,0.05702400001530457
2017-04-01,5.7021267803978075,0.05702126780397807
2017-04-02,5.701848391893947,0.05701848391893947
2017-04-03,5.701564868543081,0.05701564868543081
2017-04-04,5.701276242869422,0.05701276242869422
2017-04-05,5.700982547397182,0.05700982547397181
2017-04-06,5.7006838146505645,0.057006838146505645
2017-04-07,5.700380077153786,0.057003800771537855
2017-04-08,5.700071367431052,0.05700071367431052
2017-04-09,5.699757718006575,0.05699757718006575
2017-04-10,5.699439161404562,0.05699439161404562
2017-04-11,5.6991157301492255,0.056991157301492255
2017-04-12,5.698787456764775,0.05698787456764775
2017-04-13,5.698454373775418,0.056984543737754176
2017-04-14,5.698116513705365,0.05698116513705365
2017-04-15,5.697773909078827,0.05697773909078827
2017-04-16,5.6974265924200145,0.05697426592420014
2017-04-17,5.697074596253135,0.05697074596253135
2017-04-18,5.696717953102399,0.056967179531023995
2017-04-19,5.696356695492018,0.056963566954920185
2017-04-20,5.6959908559462,0.056959908559462
2017-04-21,5.695620466989157,0.05695620466989157
2017-04-22,5.695245561145096,0.05695245561145096
2017-04-23,5.694866170938228,0.05694866170938228
2017-04-24,5.694482328892763,0.05694482328892762
2017-04-25,5.6940940675329115,0.056940940675329114
2017-04-26,5.69370141938288,0.0569370141938288
2017-04-27,5.693304416966881,0.05693304416966881
2017-04-28,5.692903092809124,0.05692903092809124
2017-04-29,5.692497479433821,0.05692497479433821
2017-04-30,5.6920876093651795,0.0569208760936518
2017-05-01,5.69167351512741,0.0569167351512741
2017-05-02,5.691255229244717,0.056912552292447176
2017-05-03,5.690832784241321,0.05690832784241321
2017-05-04,5.690406212641421,0.05690406212641421
2017-05-05,5.689975546969237,0.056899755469692365
2017-05-06,5.689540819748969,0.05689540819748969
2017-05-07,5.6891020635048335,0.056891020635048334
2017-05-08,5.688659310761036,0.05688659310761036
2017-05-09,5.688212594041789,0.05688212594041789
2017-05-10,5.687761945871303,0.05687761945871303
2017-05-11,5.687307398773786,0.05687307398773786
2017-05-12,5.686848985273449,0.05686848985273449
2017-05-13,5.686386737894502,0.05686386737894502
2017-05-14,5.68592068916115,0.056859206891611495
2017-05-15,5.68545087159761,0.0568545087159761
2017-05-16,5.684977317728089,0.05684977317728089
2017-05-17,5.684500060076794,0.05684500060076794
2017-05-18,5.684019131167939,0.05684019131167939
2017-05-19,5.683534563525731,0.05683534563525731
2017-05-20,5.683046389674381,0.05683046389674381
2017-05-21,5.6825546421381,0.056825546421381
2017-05-22,5.682059353441093,0.05682059353441093
2017-05-23,5.681560556107576,0.05681560556107576
2017-05-24,5.681058282661756,0.056810582826617564
2017-05-25,5.680552565627844,0.05680552565627844
2017-05-26,5.680043437530045,0.05680043437530045
2017-05-27,5.679530930892574,0.05679530930892574
2017-05-28,5.679015078239639,0.056790150782396395
2017-05-29,5.678495912095451,0.056784959120954506
2017-05-30,5.677973464984219,0.056779734649842185
2017-05-31,5.6774477694301515,0.056774477694301516
2017-06-01,5.67691885795746,0.0567691885795746
2017-06-02,5.676386763090353,0.056763867630903526
2017-06-03,5.675851517353043,0.05675851517353043
2017-06-04,5.675313153269738,0.056753131532697385
2017-06-05,5.674771703364646,0.056747717033646464
2017-06-06,5.674227200161978,0.05674227200161978
2017-06-07,5.6736796761859445,0.05673679676185944
2017-06-08,5.673129163960757,0.05673129163960757
2017-06-09,5.672575696010624,0.05672575696010625
2017-06-10,5.672019304859752,0.056720193048597524
2017-06-11,5.671460023032356,0.05671460023032356
2017-06-12,5.670897883052642,0.05670897883052642
2017-06-13,5.67033291744482,0.056703329174448196
2017-06-14,5.669765158733102,0.05669765158733102
2017-06-15,5.669194639441695,0.05669194639441695
2017-06-16,5.668621392094815,0.05668621392094815
2017-06-17,5.668045449216664,0.05668045449216664
2017-06-18,5.667466843331456,0.05667466843331456
2017-06-19,5.666885606963401,0.05666885606963401
2017-06-20,5.6663017726367055,0.05666301772636705
2017-06-21,5.665715372875583,0.056657153728755835
2017-06-22,5.665126440204244,0.056651264402042434
2017-06-23,5.6645350071468945,0.056645350071468946
2017-06-24,5.663941106227744,0.05663941106227744
2017-06-25,5.6633447699710056,0.05663344769971006
2017-06-26,5.662746030900889,0.05662746030900889
2017-06-27,5.662144921541602,0.056621449215416016
2017-06-28,5.661541474417354,0.05661541474417354
2017-06-29,5.660935722052359,0.056609357220523585
2017-06-30,5.660327696970822,0.05660327696970822
2017-07-01,5.659717431696955,0.056597174316969555
2017-07-02,5.659104958754967,0.05659104958754967
2017-07-03,5.658490310669069,0.05658490310669069
2017-07-04,5.657873519963471,0.05657873519963471
2017-07-05,5.65725461916238,0.0565725461916238
2017-07-06,5.656633640790009,0.05656633640790009
2017-07-07,5.656010617370565,0.056560106173705646
2017-07-08,5.655385581428259,0.05655385581428259
2017-07-09,5.654758565487304,0.05654758565487304
2017-07-10,5.654129602071905,0.056541296020719056
2017-07-11,5.653498723706276,0.05653498723706276
2017-07-12,5.652865962914622,0.05652865962914622
2017-07-13,5.652231352221156,0.056522313522211556
2017-07-14,5.651594924150088,0.056515949241500885
2017-07-15,5.650956711225626,0.056509567112256257
2017-07-16,5.65031674597198,0.056503167459719804
2017-07-17,5.649675060913363,0.056496750609133624
2017-07-18,5.649031688573979,0.05649031688573979
2017-07-19,5.648386661478043,0.056483866614780436
2017-07-20,5.647740012149764,0.056477400121497635
2017-07-21,5.647091773113352,0.05647091773113352
2017-07-22,5.646441976893013,0.05646441976893013
2017-07-23,5.645790656012959,0.05645790656012959
2017-07-24,5.645137842997402,0.05645137842997402
2017-07-25,5.644483570370549,0.05644483570370549
2017-07-26,5.643827870656612,0.05643827870656612
2017-07-27,5.643170776379798,0.05643170776379798
2017-07-28,5.64251232006432,0.0564251232006432
2017-07-29,5.641852534234385,0.056418525342343845
2017-07-30,5.6411914514142065,0.05641191451414206
2017-07-31,5.64052910412799,0.0564052910412799
2017-08-01,5.639865524899946,0.05639865524899946
2017-08-02,5.639200746254287,0.056392007462542866
2017-08-03,5.638534800715221,0.05638534800715221
2017-08-04,5.637867720806959,0.05637867720806959
2017-08-05,5.63719953905371,0.0563719953905371
2017-08-06,5.636530287979681,0.056365302879796804
2017-08-07,5.635860000109088,0.05635860000109088
2017-08-08,5.635188707966134,0.05635188707966134
2017-08-09,5.634516444075035,0.05634516444075035
2017-08-10,5.633843240959997,0.056338432409599966
2017-08-11,5.633169131145231,0.05633169131145231
2017-08-12,5.632494147154946,0.05632494147154946
2017-08-13,5.631818321513353,0.05631818321513353
2017-08-14,5.63114168674466,0.0563114168674466
2017-08-15,5.630464275373078,0.05630464275373078
2017-08-16,5.629786119922818,0.05629786119922817
2017-08-17,5.629107252918088,0.05629107252918088
2017-08-18,5.628427706883099,0.05628427706883099
2017-08-19,5.62774751434206,0.0562774751434206
2017-08-20,5.627066707819179,0.0562706670781918
2017-08-21,5.62638531983867,0.0562638531983867
2017-08-22,5.6257033829247405,0.056257033829247405
2017-08-23,5.625020929601602,0.05625020929601602
2017-08-24,5.624337992393461,0.05624337992393461
2017-08-25,5.623654603824528,0.05623654603824528
2017-08-26,5.622970796419016,0.056229707964190155
2017-08-27,5.622286602701131,0.056222866027011306
2017-08-28,5.621602055195084,0.056216020551950845
2017-08-29,5.620917186425087,0.056209171864250874
2017-08-30,5.620232028915347,0.05620232028915347
2017-08-31,5.6195466151900755,0.056195466151900755
2017-09-01,5.6188609777734815,0.056188609777734815
2017-09-02,5.618175149189777,0.05618175149189777
2017-09-03,5.6174891619631655,0.056174891619631656
2017-09-04,5.616803048617864,0.05616803048617865
2017-09-05,5.616116841678078,0.05616116841678078
2017-09-06,5.61543057366802,0.0561543057366802
2017-09-07,5.614744277111899,0.05614744277111899
2017-09-08,5.6140579845339245,0.056140579845339246
2017-09-09,5.613371728458305,0.05613371728458305
2017-09-10,5.612685541409252,0.056126855414092514
2017-09-11,5.611999455910973,0.05611999455910973
2017-09-12,5.611313504487682,0.05611313504487682
2017-09-13,5.6106277196635865,0.05610627719663586
2017-09-14,5.609942133962894,0.056099421339628947
2017-09-15,5.609256779909818,0.05609256779909818
2017-09-16,5.608571690028566,0.05608571690028566
2017-09-17,5.607886896843349,0.05607886896843348
2017-09-18,5.607202432878377,0.05607202432878377
2017-09-19,5.60651833065786,0.05606518330657859
2017-09-20,5.605834622706006,0.05605834622706005
2017-09-21,5.605151341547023,0.05605151341547023
2017-09-22,5.604468519705128,0.056044685197051275
2017-09-23,5.6037861897045245,0.056037861897045245
2017-09-24,5.603104384069423,0.056031043840694225
2017-09-25,5.602423135324036,0.05602423135324036
2017-09-26,5.601742475992572,0.05601742475992572
2017-09-27,5.601062438599241,0.056010624385992414
2017-09-28,5.600383055668253,0.05600383055668253
2017-09-29,5.599704359723817,0.05599704359723817
2017-09-30,5.599026383290142,0.05599026383290142
2017-10-01,5.598349158891439,0.05598349158891439
2017-10-02,5.597672719051918,0.05597672719051918
2017-10-03,5.596997096295789,0.05596997096295789
2017-10-04,5.596322323147261,0.055963223231472604
2017-10-05,5.595648432130544,0.05595648432130544
2017-10-06,5.594975455769848,0.05594975455769848
2017-10-07,5.594303426589384,0.055943034265893844
2017-10-08,5.593632377113359,0.055936323771133584
2017-10-09,5.592962339865985,0.05592962339865985
2017-10-10,5.59229334737147,0.0559229334737147
2017-10-11,5.591625432154026,0.05591625432154026
2017-10-12,5.590958626737862,0.05590958626737862
2017-10-13,5.590292963647187,0.055902929636471865
2017-10-14,5.5896284754062115,0.055896284754062116
2017-10-15,5.5889651945391465,0.055889651945391465
2017-10-16,5.588303153570199,0.05588303153570199
2017-10-17,5.587642385023581,0.05587642385023581
2017-10-18,5.586982921423502,0.05586982921423502
2017-10-19,5.58632479529417,0.0558632479529417
2017-10-20,5.585668039159797,0.055856680391597975
2017-10-21,5.5850126855445925,0.05585012685544592
2017-10-22,5.584358766972764,0.05584358766972764
2017-10-23,5.583706315968525,0.05583706315968526
2017-10-24,5.583055365056085,0.055830553650560846
2017-10-25,5.582405946759651,0.055824059467596505
2017-10-26,5.581758093603432,0.055817580936034325
2017-10-27,5.581111838111642,0.05581111838111642
2017-10-28,5.580467212808488,0.055804672128084876
2017-10-29,5.57982425021818,0.0557982425021818
2017-10-30,5.579182982864929,0.055791829828649296
2017-10-31,5.578543443272944,0.055785434432729444
2017-11-01,5.577905663966435,0.05577905663966435
2017-11-02,5.577269677469612,0.05577269677469612
2017-11-03,5.576635516306684,0.05576635516306684
2017-11-04,5.5760032130018615,0.055760032130018615
2017-11-05,5.5753728000793545,0.05575372800079355
2017-11-06,5.574744310063372,0.055747443100633724
2017-11-07,5.5741177754781255,0.055741177754781254
2017-11-08,5.573493228847822,0.055734932288478214
2017-11-09,5.572870702696672,0.05572870702696672
2017-11-10,5.572250229548887,0.05572250229548887
2017-11-11,5.571631841928679,0.05571631841928679
2017-11-12,5.571015572360252,0.055710155723602515
2017-11-13,5.570401453367818,0.05570401453367818
2017-11-14,5.56978951747559,0.055697895174755895
2017-11-15,5.569179797207773,0.055691797972077725
2017-11-16,5.56857232508858,0.0556857232508858
2017-11-17,5.567967133642219,0.055679671336422196
2017-11-18,5.567364255392901,0.05567364255392901
2017-11-19,5.566763722864836,0.05566763722864836
2017-11-20,5.5661655685822335,0.055661655685822334
2017-11-21,5.565569825069301,0.05565569825069301
2017-11-22,5.564976524850253,0.05564976524850253
2017-11-23,5.564385700449295,0.055643857004492946
2017-11-24,5.5637973843906385,0.05563797384390638
2017-11-25,5.563211609198494,0.05563211609198494
2017-11-26,5.562628407397071,0.05562628407397071
2017-11-27,5.562047811510577,0.055620478115105766
2017-11-28,5.561469854063226,0.05561469854063226
2017-11-29,5.560894567579223,0.05560894567579223
2017-11-30,5.560321984582783,0.055603219845827834
2017-12-01,5.559752137598111,0.05559752137598111
2017-12-02,5.559185059149421,0.055591850591494206
2017-12-03,5.558620781760919,0.05558620781760919
2017-12-04,5.558059337956816,0.055580593379568166
2017-12-05,5.557500760261324,0.05557500760261324
2017-12-06,5.556945081198652,0.05556945081198652
2017-12-07,5.556392333293007,0.055563923332930074
2017-12-08,5.555842549068602,0.05555842549068602
2017-12-09,5.555295761049645,0.055552957610496445
2017-12-10,5.554752001760346,0.05554752001760346
2017-12-11,5.554211303724916,0.05554211303724916
2017-12-12,5.553673699467563,0.05553673699467563
2017-12-13,5.553139221512499,0.055531392215124986
2017-12-14,5.552607902383932,0.05552607902383932
2017-12-15,5.552079774606073,0.055520797746060724
2017-12-16,5.55155487070313,0.055515548707031306
2017-12-17,5.5510332231993145,0.05551033223199314
2017-12-18,5.550514864618836,0.05550514864618836
2017-12-19,5.549999827485905,0.055499998274859054
2017-12-20,5.549488144324728,0.05549488144324728
2017-12-21,5.5489798476595205,0.05548979847659521
2017-12-22,5.548474970014487,0.05548474970014487
2017-12-23,5.547973543913839,0.055479735439138395
2017-12-24,5.547475601881789,0.05547475601881789
2017-12-25,5.546981176442544,0.05546981176442544
2017-12-26,5.546490300120313,0.05546490300120313
2017-12-27,5.546003005439308,0.05546003005439308
2017-12-28,5.545519324923737,0.055455193249237374
2017-12-29,5.545039291097813,0.05545039291097813
2017-12-30,5.5445629364857405,0.055445629364857404
2017-12-31,5.544090293611733,0.05544090293611733
2018-01-01,5.543621395,0.05543621395
2018-01-02,5.543156267080649,0.05543156267080649
2018-01-03,5.542694911907389,0.055426949119073886
2018-01-04,5.542237325439818,0.05542237325439818
2018-01-05,5.541783503637541,0.05541783503637541
2018-01-06,5.541333442460162,0.05541333442460162
2018-01-07,5.540887137867285,0.055408871378672855
2018-01-08,5.540444585818513,0.05540444585818513
2018-01-09,5.5400057822734485,0.05540005782273449
2018-01-10,5.539570723191697,0.055395707231916974
2018-01-11,5.539139404532862,0.05539139404532862
2018-01-12,5.538711822256547,0.055387118222565465
2018-01-13,5.538287972322353,0.055382879723223526
2018-01-14,5.537867850689886,0.05537867850689886
2018-01-15,5.537451453318748,0.05537451453318748
2018-01-16,5.537038776168545,0.05537038776168545
2018-01-17,5.5366298151988795,0.0553662981519888
2018-01-18,5.536224566369352,0.05536224566369352
2018-01-19,5.535823025639569,0.05535823025639569
2018-01-20,5.5354251889691355,0.055354251889691355
2018-01-21,5.53503105231765,0.055350310523176495
2018-01-22,5.534640611644721,0.055346406116447214
2018-01-23,5.534253862909951,0.05534253862909951
2018-01-24,5.533870802072942,0.05533870802072942
2018-01-25,5.533491425093298,0.05533491425093298
2018-01-26,5.53311572793062,0.0553311572793062
2018-01-27,5.532743706544516,0.05532743706544516
2018-01-28,5.532375356894589,0.05532375356894589
2018-01-29,5.53201067494044,0.0553201067494044
2018-01-30,5.531649656641676,0.05531649656641676
2018-01-31,5.531292297957896,0.05531292297957896
2018-02-01,5.530938594848708,0.05530938594848708
2018-02-02,5.530588543273712,0.05530588543273712
2018-02-03,5.530242139192512,0.05530242139192512
2018-02-04,5.529899378564714,0.05529899378564714
2018-02-05,5.529560257349919,0.05529560257349919
2018-02-06,5.5292247715077325,0.055292247715077326
2018-02-07,5.528892916997757,0.05528892916997757
2018-02-08,5.528564689779596,0.05528564689779596
2018-02-09,5.528240085812851,0.055282400858128515
2018-02-10,5.527919101057131,0.05527919101057131
2018-02-11,5.527601731472034,0.05527601731472034
2018-02-12,5.527287973017168,0.05527287973017168
2018-02-13,5.526977821652132,0.05526977821652132
2018-02-14,5.5266712733365315,0.055266712733365315
2018-02-15,5.5263683240299715,0.05526368324029971
2018-02-16,5.526068969692054,0.055260689696920544
2018-02-17,5.525773206282386,0.05525773206282386
2018-02-18,5.525481029760562,0.05525481029760562
2018-02-19,5.525192436086194,0.055251924360861945
2018-02-20,5.524907421218884,0.05524907421218884
2018-02-21,5.524625981118234,0.05524625981118234
2018-02-22,5.524348111743849,0.05524348111743849
2018-02-23,5.52407380905533,0.0552407380905533
2018-02-24,5.523803069012283,0.05523803069012283
2018-02-25,5.52353588757431,0.0552353588757431
2018-02-26,5.523272260701016,0.055232722607010155
2018-02-27,5.523012184352002,0.05523012184352002
2018-02-28,5.522755654486875,0.05522755654486875
2018-03-01,5.522502667065236,0.055225026670652363
2018-03-02,5.52225321804669,0.0552225321804669
2018-03-03,5.522007303390838,0.055220073033908385
2018-03-04,5.521764919057286,0.055217649190572864
2018-03-05,5.5215260610056385,0.05521526061005638
2018-03-06,5.521290725195496,0.05521290725195496
2018-03-07,5.521058907586463,0.05521058907586463
2018-03-08,5.520830604138145,0.05520830604138145
2018-03-09,5.520605810810143,0.05520605810810143
2018-03-10,5.520384523562062,0.05520384523562062
2018-03-11,5.520166738353505,0.055201667383535054
2018-03-12,5.519952451144075,0.05519952451144075
2018-03-13,5.519741657893376,0.05519741657893376
2018-03-14,5.519534354561013,0.05519534354561013
2018-03-15,5.519330537106589,0.055193305371065884
2018-03-16,5.519130201489705,0.055191302014897047
2018-03-17,5.518933343669967,0.05518933343669967
2018-03-18,5.518739959606976,0.05518739959606976
2018-03-19,5.518550045260338,0.05518550045260338
2018-03-20,5.518363596589657,0.055183635965896566
2018-03-21,5.518180609554533,0.05518180609554533
2018-03-22,5.518001080114575,0.055180010801145755
2018-03-23,5.517825004229382,0.055178250042293826
2018-03-24,5.5176523778585596,0.0551765237785856
2018-03-25,5.51748319696171,0.0551748319696171
2018-03-26,5.517317457498438,0.05517317457498438
2018-03-27,5.517155155428346,0.05517155155428346
2018-03-28,5.516996286711039,0.055169962867110386
2018-03-29,5.516840847306118,0.055168408473061176
2018-03-30,5.516688833173189,0.055166888331731896
2018-03-31,5.516540240271855,0.05516540240271855
2018-04-01,5.51639506456172,0.055163950645617195
2018-04-02,5.516253302002384,0.055162533020023836
2018-04-03,5.516114948553456,0.055161149485534564
2018-04-04,5.515980000174536,0.055159800001745356
2018-04-05,5.515848452825228,0.05515848452825228
2018-04-06,5.515720302465135,0.055157203024651345
2018-04-07,5.515595545053863,0.05515595545053863
2018-04-08,5.515474176551013,0.055154741765510135
2018-04-09,5.51535619291619,0.055153561929161904
2018-04-10,5.515241590108997,0.05515241590108997
2018-04-11,5.515130364089038,0.05515130364089038
2018-04-12,5.515022510815915,0.05515022510815915
2018-04-13,5.514918026249234,0.05514918026249234
2018-04-14,5.514816906348596,0.055148169063485956
2018-04-15,5.514719147073604,0.055147191470736046
2018-04-16,5.514624744383866,0.05514624744383866
2018-04-17,5.514533694238982,0.05514533694238982
2018-04-18,5.514445992598556,0.05514445992598556
2018-04-19,5.514361635422192,0.05514361635422192
2018-04-20,5.514280618669493,0.055142806186694926
2018-04-21,5.514202938300062,0.05514202938300062
2018-04-22,5.514128590273504,0.055141285902735045
2018-04-23,5.514057570549424,0.05514057570549424
2018-04-24,5.513989875087421,0.05513989875087421
2018-04-25,5.513925499847102,0.05513925499847102
2018-04-26,5.51386444078807,0.0551386444078807
2018-04-27,5.513806693869926,0.05513806693869926
2018-04-28,5.5137522550522755,0.055137522550522754
2018-04-29,5.513701120294725,0.05513701120294725
2018-04-30,5.513653285556872,0.05513653285556872
2018-05-01,5.513608746798325,0.05513608746798325
2018-05-02,5.513567499978687,0.05513567499978687
2018-05-03,5.513529541057557,0.055135295410575574
2018-05-04,5.513494865994543,0.055134948659945435
2018-05-05,5.513463470749248,0.05513463470749248
2018-05-06,5.513435351281275,0.05513435351281275
2018-05-07,5.513410503550226,0.05513410503550226
2018-05-08,5.513388923515706,0.05513388923515706
2018-05-09,5.513370607137319,0.05513370607137319
2018-05-10,5.513355550374669,0.05513355550374669
2018-05-11,5.5133437491873565,0.05513343749187356
2018-05-12,5.513335199534987,0.055133351995349876
2018-05-13,5.513329897377166,0.05513329897377166
2018-05-14,5.513327838673494,0.05513327838673494
2018-05-15,5.513329019383576,0.05513329019383576
2018-05-16,5.513333435467015,0.05513333435467015
2018-05-17,5.513341082883413,0.05513341082883413
2018-05-18,5.513351957592376,0.05513351957592376
2018-05-19,5.513366055553508,0.05513366055553508
2018-05-20,5.51338337272641,0.055133833727264096
2018-05-21,5.513403905070687,0.05513403905070687
2018-05-22,5.513427648545943,0.05513427648545943
2018-05-23,5.513454599111781,0.055134545991117806
2018-05-24,5.513484752727803,0.05513484752727803
2018-05-25,5.513518105353615,0.05513518105353615
2018-05-26,5.513554652948818,0.055135546529488176
2018-05-27,5.513594391473019,0.05513594391473019
2018-05-28,5.513637316885817,0.05513637316885817
2018-05-29,5.513683425146819,0.055136834251468196
2018-05-30,5.5137327122156305,0.055137327122156306
2018-05-31,5.513785174051848,0.05513785174051848
2018-06-01,5.513840806615082,0.05513840806615082
2018-06-02,5.513899605864932,0.05513899605864932
2018-06-03,5.513961567761002,0.05513961567761002
2018-06-04,5.514026688262898,0.05514026688262898
2018-06-05,5.51409496333022,0.055140949633302204
2018-06-06,5.514166388922574,0.055141663889225735
2018-06-07,5.514240960999563,0.05514240960999563
2018-06-08,5.51431867552079,0.0551431867552079
2018-06-09,5.514399528445859,0.05514399528445859
2018-06-10,5.514483515734373,0.055144835157343725
2018-06-11,5.514570633345936,0.05514570633345936
2018-06-12,5.514660877240152,0.05514660877240152
2018-06-13,5.514754243376623,0.055147542433766225
2018-06-14,5.514850727714955,0.05514850727714955
2018-06-15,5.5149503262147475,0.05514950326214747
2018-06-16,5.515053034835608,0.05515053034835608
2018-06-17,5.515158849537141,0.055151588495371405
2018-06-18,5.515267766278944,0.05515267766278944
2018-06-19,5.515379781020626,0.05515379781020626
2018-06-20,5.515494889721789,0.05515494889721789
2018-06-21,5.515613088342035,0.05515613088342035
2018-06-22,5.515734372840969,0.05515734372840969
2018-06-23,5.515858739178196,0.055158587391781956
2018-06-24,5.515986183313317,0.05515986183313317
2018-06-25,5.516116701205935,0.05516116701205935
2018-06-26,5.516250288815658,0.05516250288815658
2018-06-27,5.516386942102083,0.055163869421020834
2018-06-28,5.516526657024817,0.055165266570248166
2018-06-29,5.516669429543464,0.055166694295434644
2018-06-30,5.51681525561763,0.055168152556176304
2018-07-01,5.5169641312069135,0.05516964131206913
2018-07-02,5.517116052270919,0.055171160522709185
2018-07-03,5.517271014769252,0.05517271014769252
2018-07-04,5.5174290146615155,0.05517429014661515
2018-07-05,5.517590047907313,0.05517590047907313
2018-07-06,5.517754110466245,0.05517754110466245
2018-07-07,5.51792119829792,0.0551792119829792
2018-07-08,5.5180913073619395,0.05518091307361939
2018-07-09,5.518264433617907,0.055182644336179074
2018-07-10,5.518440573025426,0.055184405730254266
2018-07-11,5.518619721544098,0.055186197215440984
2018-07-12,5.51880187513353,0.0551880187513353
2018-07-13,5.5189870297533234,0.055189870297533236
2018-07-14,5.5191751813630825,0.05519175181363083
2018-07-15,5.5193663259224115,0.05519366325922412
2018-07-16,5.51956045939091,0.0551956045939091
2018-07-17,5.519757577728186,0.05519757577728186
2018-07-18,5.519957676893843,0.05519957676893843
2018-07-19,5.520160752847483,0.055201607528474826
2018-07-20,5.5203668015487075,0.055203668015487074
2018-07-21,5.520575818957124,0.05520575818957124
2018-07-22,5.520787801032333,0.055207878010323334
2018-07-23,5.52100274373394,0.0552100274373394
2018-07-24,5.5212206430215485,0.05521220643021549
2018-07-25,5.521441494854759,0.05521441494854759
2018-07-26,5.52166529519318,0.055216652951931795
2018-07-27,5.521892039996411,0.05521892039996411
2018-07-28,5.522121725224057,0.05522121725224057
2018-07-29,5.522354346835721,0.05522354346835721
2018-07-30,5.522589900791008,0.05522589900791008
2018-07-31,5.522828383049519,0.05522828383049519
2018-08-01,5.52306978957086,0.0552306978957086
2018-08-02,5.523314116314633,0.05523314116314633
2018-08-03,5.523561359240443,0.05523561359240443
2018-08-04,5.523811514307892,0.055238115143078914
2018-08-05,5.524064577476584,0.05524064577476584
2018-08-06,5.524320544706123,0.05524320544706123
2018-08-07,5.524579411956112,0.05524579411956112
2018-08-08,5.524841175186156,0.055248411751861556
2018-08-09,5.525105830355854,0.055251058303558545
2018-08-10,5.5253733734248165,0.05525373373424816
2018-08-11,5.525643800352642,0.05525643800352641
2018-08-12,5.525917107098935,0.05525917107098935
2018-08-13,5.5261932896233,0.055261932896233
2018-08-14,5.526472343885338,0.05526472343885338
2018-08-15,5.526754265844656,0.05526754265844656
2018-08-16,5.527039051460856,0.05527039051460856
2018-08-17,5.5273266966935415,0.055273266966935415
2018-08-18,5.527617197502316,0.05527617197502316
2018-08-19,5.527910549846784,0.055279105498467845
2018-08-20,5.5282067496865475,0.05528206749686548
2018-08-21,5.52850579298121,0.055285057929812094
2018-08-22,5.528807675690374,0.055288076756903747
2018-08-23,5.529112393773648,0.055291123937736476
2018-08-24,5.52941994319063,0.055294199431906305
2018-08-25,5.529730319900927,0.055297303199009266
2018-08-26,5.530043519864141,0.05530043519864141
2018-08-27,5.530359539039876,0.05530359539039876
2018-08-28,5.530678373387736,0.05530678373387736
2018-08-29,5.5310000188673225,0.05531000018867323
2018-08-30,5.531324471438241,0.05531324471438241
2018-08-31,5.531651727060094,0.05531651727060094
2018-09-01,5.531981781692485,0.05531981781692485
2018-09-02,5.53231463129502,0.055323146312950204
2018-09-03,5.5326502718273,0.055326502718272996
2018-09-04,5.532988699248927,0.055329886992489266
2018-09-05,5.533329909519509,0.05533329909519509
2018-09-06,5.533673898598646,0.055336738985986456
2018-09-07,5.534020662445943,0.05534020662445943
2018-09-08,5.534370197021004,0.05534370197021004
2018-09-09,5.53472249828343,0.0553472249828343
2018-09-10,5.535077562192827,0.05535077562192827
2018-09-11,5.535435384708798,0.05535435384708798
2018-09-12,5.535795961790945,0.05535795961790945
2018-09-13,5.536159289398874,0.055361592893988745
2018-09-14,5.536525363492188,0.055365253634921875
2018-09-15,5.536894180030489,0.0553689418003049
2018-09-16,5.537265734973381,0.05537265734973382
2018-09-17,5.53764002428047,0.0553764002428047
2018-09-18,5.538017043911356,0.055380170439113564
2018-09-19,5.5383967898256445,0.05538396789825645
2018-09-20,5.538779257982939,0.05538779257982939
2018-09-21,5.539164444342842,0.05539164444342842
2018-09-22,5.539552344864957,0.055395523448649564
2018-09-23,5.539942955508891,0.055399429555088905
2018-09-24,5.5403362722342395,0.05540336272234239
2018-09-25,5.540732291000616,0.055407322910006156
2018-09-26,5.541131007767617,0.05541131007767617
2018-09-27,5.541532418494849,0.05541532418494849
2018-09-28,5.541936519141914,0.05541936519141914
2018-09-29,5.542343305668418,0.055423433056684186
2018-09-30,5.5427527740339615,0.05542752774033961
2018-10-01,5.54316492019815,0.055431649201981494
2018-10-02,5.543579740120585,0.05543579740120585
2018-10-03,5.5439972297608735,0.05543997229760873
2018-10-04,5.544417385078615,0.055444173850786156
2018-10-05,5.544840202033417,0.05544840202033417
2018-10-06,5.54526567658488,0.055452656765848804
2018-10-07,5.545693804692609,0.05545693804692609
2018-10-08,5.5461245823162075,0.05546124582316207
2018-10-09,5.546558005415278,0.05546558005415278
2018-10-10,5.546994069949425,0.05546994069949425
2018-10-11,5.547432771878253,0.05547432771878252
2018-10-12,5.547874107161362,0.055478741071613616
2018-10-13,5.5483180717583584,0.05548318071758358
2018-10-14,5.548764661628844,0.055487646616288445
2018-10-15,5.549213872732426,0.05549213872732426
2018-10-16,5.549665701028704,0.05549665701028703
2018-10-17,5.550120142477283,0.05550120142477283
2018-10-18,5.550577193037767,0.055505771930377666
2018-10-19,5.551036848669758,0.05551036848669758
2018-10-20,5.551499105332862,0.05551499105332862
2018-10-21,5.551963958986678,0.05551963958986678
2018-10-22,5.5524314055908155,0.05552431405590816
2018-10-23,5.552901441104875,0.055529014411048745
2018-10-24,5.5533740614884595,0.05553374061488459
2018-10-25,5.553849262701173,0.055538492627011736
2018-10-26,5.55432704070262,0.055543270407026196
2018-10-27,5.554807391452401,0.055548073914524015
2018-10-28,5.555290310910124,0.055552903109101236
2018-10-29,5.555775795035389,0.05555775795035389
2018-10-30,5.5562638397878015,0.05556263839787801
2018-10-31,5.556754441126964,0.05556754441126964
2018-11-01,5.5572475950124804,0.0555724759501248
2018-11-02,5.557743297403955,0.05557743297403955
2018-11-03,5.55824154426099,0.055582415442609896
2018-11-04,5.558742331543189,0.05558742331543189
2018-11-05,5.559245655210156,0.055592456552101564
2018-11-06,5.559751511221496,0.05559751511221496
2018-11-07,5.560259895536809,0.05560259895536809
2018-11-08,5.560770804115702,0.05560770804115702
2018-11-09,5.561284232917776,0.055612842329177764
2018-11-10,5.5618001779026365,0.055618001779026364
2018-11-11,5.562318635029887,0.055623186350298864
2018-11-12,5.562839600259128,0.05562839600259128
2018-11-13,5.5633630695499665,0.05563363069549967
2018-11-14,5.563889038862005,0.05563889038862005
2018-11-15,5.564417504154848,0.055644175041548484
2018-11-16,5.564948461388097,0.055649484613880966
2018-11-17,5.565481906521355,0.05565481906521355
2018-11-18,5.566017835514227,0.055660178355142274
2018-11-19,5.566556244326317,0.05566556244326317
2018-11-20,5.567097128917229,0.05567097128917229
2018-11-21,5.567640485246564,0.05567640485246564
2018-11-22,5.568186309273928,0.05568186309273928
2018-11-23,5.568734596958922,0.05568734596958922
2018-11-24,5.5692853442611545,0.055692853442611545
2018-11-25,5.569838547140222,0.05569838547140222
2018-11-26,5.570394201555733,0.05570394201555733
2018-11-27,5.57095230346729,0.05570952303467289
2018-11-28,5.571512848834496,0.055715128488344964
2018-11-29,5.572075833616955,0.055720758336169546
2018-11-30,5.572641253774271,0.05572641253774271
2018-12-01,5.573209105266045,0.05573209105266045
2018-12-02,5.573779384051884,0.055737793840518836
2018-12-03,5.574352086091388,0.05574352086091389
2018-12-04,5.574927207344163,0.05574927207344163
2018-12-05,5.575504743769812,0.05575504743769812
2018-12-06,5.5760846913279405,0.055760846913279406
2018-12-07,5.576667045978149,0.05576667045978149
2018-12-08,5.577251803680043,0.05577251803680043
2018-12-09,5.577838960393222,0.055778389603932214
2018-12-10,5.578428512077294,0.05578428512077294
2018-12-11,5.57902045469186,0.055790204546918604
2018-12-12,5.579614784196526,0.05579614784196526
2018-12-13,5.580211496550895,0.05580211496550895
2018-12-14,5.580810587714568,0.05580810587714568
2018-12-15,5.581412053647152,0.05581412053647152
2018-12-16,5.582015890308249,0.055820158903082485
2018-12-17,5.58262209365746,0.055826220936574605
2018-12-18,5.58323065965439,0.0558323065965439
2018-12-19,5.583841584258647,0.055838415842586475
2018-12-20,5.584454863429828,0.05584454863429828
2018-12-21,5.5850704931275414,0.05585070493127541
2018-12-22,5.585688469311388,0.05585688469311388
2018-12-23,5.586308787940972,0.05586308787940972
2018-12-24,5.586931444975898,0.055869314449758976
2018-12-25,5.587556436375769,0.055875564363757686
2018-12-26,5.588183758100185,0.055881837581001854
2018-12-27,5.588813406108755,0.055888134061087544
2018-12-28,5.58944537636108,0.055894453763610796
2018-12-29,5.590079664816763,0.055900796648167626
2018-12-30,5.590716267435408,0.055907162674354076
2018-12-31,5.591355180176619,0.05591355180176619
2019-01-01,5.591996399,0.05591996399
2019-01-02,5.592639914600886,0.05592639914600886
2019-01-03,5.593285696617547,0.05593285696617547
2019-01-04,5.593933709423983,0.05593933709423984
2019-01-05,5.5945839173941945,0.05594583917394194
2019-01-06,5.595236284902186,0.05595236284902186
2019-01-07,5.595890776321955,0.05595890776321955
2019-01-08,5.596547356027505,0.05596547356027506
2019-01-09,5.5972059883928384,0.055972059883928386
2019-01-10,5.597866637791954,0.05597866637791954
2019-01-11,5.598529268598855,0.05598529268598855
2019-01-12,5.599193845187543,0.055991938451875424
2019-01-13,5.599860331932017,0.05599860331932017
2019-01-14,5.60052869320628,0.056005286932062796
2019-01-15,5.601198893384332,0.05601198893384332
2019-01-16,5.601870896840177,0.05601870896840177
2019-01-17,5.6025446679478135,0.05602544667947813
2019-01-18,5.603220171081243,0.056032201710812427
2019-01-19,5.603897370614467,0.05603897370614467
2019-01-20,5.604576230921491,0.0560457623092149
2019-01-21,5.605256716376309,0.05605256716376309
2019-01-22,5.605938791352928,0.05605938791352928
2019-01-23,5.6066224202253485,0.05606622420225348
2019-01-24,5.607307567367569,0.05607307567367569
2019-01-25,5.607994197153594,0.056079941971535936
2019-01-26,5.608682273957422,0.05608682273957422
2019-01-27,5.6093717621530566,0.056093717621530564
2019-01-28,5.610062626114497,0.056100626261144974
2019-01-29,5.610754830215746,0.05610754830215746
2019-01-30,5.611448338830807,0.05611448338830807
2019-01-31,5.6121431163336775,0.056121431163336774
2019-02-01,5.612839127098359,0.05612839127098359
2019-02-02,5.613536335498857,0.05613536335498857
2019-02-03,5.614234705909166,0.056142347059091664
2019-02-04,5.614934202703296,0.05614934202703296
2019-02-05,5.615634790255239,0.05615634790255239
2019-02-06,5.616336432939003,0.056163364329390036
2019-02-07,5.617039095128588,0.05617039095128588
2019-02-08,5.617742741197993,0.05617742741197993
2019-02-09,5.618447335521222,0.05618447335521222
2019-02-10,5.619152842472276,0.056191528424722754
2019-02-11,5.619859226425153,0.05619859226425153
2019-02-12,5.6205664517538585,0.056205664517538584
2019-02-13,5.621274482832391,0.056212744828323905
2019-02-14,5.621983284034752,0.056219832840347525
2019-02-15,5.622692819734946,0.056226928197349466
2019-02-16,5.623403054306972,0.05623403054306972
2019-02-17,5.62411395212483,0.0562411395212483
2019-02-18,5.624825477562523,0.056248254775625235
2019-02-19,5.625537594994052,0.05625537594994052
2019-02-20,5.626250268793418,0.05626250268793418
2019-02-21,5.626963463334624,0.05626963463334624
2019-02-22,5.627677142991667,0.05627677142991667
2019-02-23,5.628391272138554,0.05628391272138554
2019-02-24,5.629105815149283,0.05629105815149283
2019-02-25,5.629820736397858,0.05629820736397858
2019-02-26,5.630536000258275,0.05630536000258275
2019-02-27,5.631251571104539,0.0563125157110454
2019-02-28,5.631967413310651,0.05631967413310651
2019-03-01,5.632683491250613,0.056326834912506125
2019-03-02,5.633399769298426,0.05633399769298426
2019-03-03,5.634116211828089,0.05634116211828089
2019-03-04,5.634832783213606,0.056348327832136065
2019-03-05,5.635549447828978,0.056355494478289775
2019-03-06,5.636266170048205,0.05636266170048205
2019-03-07,5.636982914245288,0.05636982914245288
2019-03-08,5.637699644794231,0.05637699644794231
2019-03-09,5.638416326069033,0.05638416326069033
2019-03-10,5.6391329224436975,0.05639132922443697
2019-03-11,5.639849398292222,0.056398493982922224
2019-03-12,5.640565717988611,0.05640565717988611
2019-03-13,5.641281845906865,0.05641281845906865
2019-03-14,5.641997746420986,0.05641997746420986
2019-03-15,5.642713383904975,0.05642713383904975
2019-03-16,5.643428722732832,0.05643428722732832
2019-03-17,5.644143727278558,0.05644143727278558
2019-03-18,5.644858361916157,0.056448583619161566
2019-03-19,5.6455725910196275,0.05645572591019628
2019-03-20,5.646286378962975,0.056462863789629746
2019-03-21,5.646999690120195,0.05646999690120195
2019-03-22,5.647712488865293,0.05647712488865293
2019-03-23,5.6484247395722695,0.05648424739572269
2019-03-24,5.649136406615125,0.05649136406615125
2019-03-25,5.649847454367862,0.056498474543678616
2019-03-26,5.650557847204479,0.05650557847204479
2019-03-27,5.651267549498982,0.05651267549498982
2019-03-28,5.651976525625369,0.05651976525625369
2019-03-29,5.652684739957641,0.056526847399576405
2019-03-30,5.653392156869801,0.056533921568698006
2019-03-31,5.654098740735848,0.05654098740735848
2019-04-01,5.654804455929787,0.05654804455929787
2019-04-02,5.655509266825617,0.056555092668256174
2019-04-03,5.65621313779734,0.0565621313779734
2019-04-04,5.656916033218957,0.056569160332189575
2019-04-05,5.657617917464468,0.05657617917464468
2019-04-06,5.658318754907876,0.05658318754907876
2019-04-07,5.659018509923182,0.05659018509923182
2019-04-08,5.659717146884386,0.05659717146884386
2019-04-09,5.660414630165492,0.05660414630165492
2019-04-10,5.661110924140498,0.05661110924140498
2019-04-11,5.661805993183411,0.056618059931834115
2019-04-12,5.6624998016682255,0.056624998016682256
2019-04-13,5.6631923139689455,0.056631923139689455
2019-04-14,5.663883494459575,0.05663883494459575
2019-04-15,5.664573307514111,0.05664573307514111
2019-04-16,5.6652617175065565,0.05665261717506556
2019-04-17,5.6659486888109125,0.05665948688810912
2019-04-18,5.666634185801183,0.05666634185801182
2019-04-19,5.667318172851367,0.05667318172851367
2019-04-20,5.6680006143354635,0.05668000614335464
2019-04-21,5.668681474627479,0.05668681474627479
2019-04-22,5.66936071810141,0.0566936071810141
2019-04-23,5.670038309131259,0.05670038309131259
2019-04-24,5.670714212091032,0.05670714212091032
2019-04-25,5.671388391354724,0.05671388391354724
2019-04-26,5.672060811296341,0.056720608112963415
2019-04-27,5.6727314362898795,0.056727314362898795
2019-04-28,5.673400230709344,0.05673400230709344
2019-04-29,5.674067158928737,0.05674067158928737
2019-04-30,5.674732185322058,0.05674732185322058
2019-05-01,5.675395274263307,0.05675395274263307
2019-05-02,5.676056390126489,0.056760563901264896
2019-05-03,5.676715497285599,0.05676715497285599
2019-05-04,5.677372560114646,0.05677372560114646
2019-05-05,5.678027542987626,0.05678027542987626
2019-05-06,5.678680410278543,0.05678680410278543
2019-05-07,5.679331126361396,0.05679331126361396
2019-05-08,5.6799796556101905,0.05679979655610191
2019-05-09,5.680625962398922,0.056806259623989226
2019-05-10,5.681270011101597,0.05681270011101597
2019-05-11,5.681911766092214,0.05681911766092214
2019-05-12,5.682551191744775,0.05682551191744775
2019-05-13,5.68318825243328,0.0568318825243328
2019-05-14,5.683822912531733,0.05683822912531733
2019-05-15,5.684455136414133,0.05684455136414133
2019-05-16,5.685084888454483,0.05685084888454483
2019-05-17,5.685712133026783,0.05685712133026783
2019-05-18,5.686336834505035,0.05686336834505035
2019-05-19,5.686958957263239,0.05686958957263239
2019-05-20,5.687578465675399,0.05687578465675399
2019-05-21,5.688195324115515,0.05688195324115515
2019-05-22,5.688809496957589,0.05688809496957589
2019-05-23,5.689420948575619,0.05689420948575619
2019-05-24,5.6900296433436095,0.056900296433436096
2019-05-25,5.69063554563556,0.056906355456355605
2019-05-26,5.691238619825475,0.05691238619825475
2019-05-27,5.691838830287353,0.05691838830287353
2019-05-28,5.692436141395197,0.05692436141395197
2019-05-29,5.693030517523003,0.05693030517523003
2019-05-30,5.693621923044781,0.05693621923044781
2019-05-31,5.694210322334527,0.056942103223345274
2019-06-01,5.694795679766242,0.056947956797662416
2019-06-02,5.695377959713929,0.05695377959713929
2019-06-03,5.695957126551591,0.056959571265515915
2019-06-04,5.696533144653225,0.05696533144653225
2019-06-05,5.697105978392835,0.05697105978392835
2019-06-06,5.697675592144423,0.05697675592144422
2019-06-07,5.6982419502819885,0.05698241950281988
2019-06-08,5.698805017179533,0.056988050171795326
2019-06-09,5.6993647572110575,0.056993647572110576
2019-06-10,5.699921134750565,0.05699921134750565
2019-06-11,5.7004741141720565,0.057004741141720564
2019-06-12,5.7010236598495325,0.05701023659849533
2019-06-13,5.701569736156996,0.05701569736156996
2019-06-14,5.702112307468445,0.05702112307468445
2019-06-15,5.702651338157882,0.05702651338157882
2019-06-16,5.703186792599309,0.057031867925993095
2019-06-17,5.703718635166729,0.057037186351667296
2019-06-18,5.704246830234141,0.057042468302341415
2019-06-19,5.704771342175547,0.057047713421755464
2019-06-20,5.705292135364949,0.057052921353649484
2019-06-21,5.7058091741763475,0.057058091741763475
2019-06-22,5.7063224229837415,0.057063224229837416
2019-06-23,5.706831846161137,0.05706831846161137
2019-06-24,5.707337408082533,0.05707337408082533
2019-06-25,5.70783907312193,0.0570783907312193
2019-06-26,5.70833680565333,0.0570833680565333
2019-06-27,5.708830570050735,0.05708830570050735
2019-06-28,5.709320330688145,0.05709320330688145
2019-06-29,5.709806051939563,0.05709806051939563
2019-06-30,5.710287698178991,0.05710287698178991
2019-07-01,5.710765233780427,0.05710765233780427
2019-07-02,5.711238623117874,0.05711238623117874
2019-07-03,5.711707830565334,0.057117078305653345
2019-07-04,5.712172820496808,0.05712172820496808
2019-07-05,5.712633557286295,0.057126335572862945
2019-07-06,5.713090005307801,0.057130900053078006
2019-07-07,5.713542128935321,0.057135421289353214
2019-07-08,5.713989892542864,0.057139898925428645
2019-07-09,5.714433260504427,0.057144332605044264
2019-07-10,5.714872197194009,0.05714872197194009
2019-07-11,5.715306666985617,0.05715306666985617
2019-07-12,5.715736634253247,0.05715736634253247
2019-07-13,5.716162063370903,0.057161620633709026
2019-07-14,5.716582918712586,0.05716582918712586
2019-07-15,5.716999164652296,0.05716999164652296
2019-07-16,5.717410765564037,0.05717410765564037
2019-07-17,5.717817685821808,0.057178176858218084
2019-07-18,5.718219889799611,0.05718219889799611
2019-07-19,5.718617341871449,0.057186173418714493
2019-07-20,5.719010006411319,0.057190100064113195
2019-07-21,5.719397847793229,0.05719397847793229
2019-07-22,5.719780830391175,0.057197808303911746
2019-07-23,5.720158918579158,0.05720158918579158
2019-07-24,5.720532076731184,0.057205320767311836
2019-07-25,5.720900269221247,0.05720900269221248
2019-07-26,5.721263460423358,0.05721263460423358
2019-07-27,5.721621614711509,0.05721621614711509
2019-07-28,5.7219746964597045,0.05721974696459704
2019-07-29,5.722322670041948,0.05722322670041948
2019-07-30,5.722665499832242,0.057226654998322427
2019-07-31,5.723003150204583,0.057230031502045836
2019-08-01,5.7233355855329755,0.05723335585532976
2019-08-02,5.723662770191417,0.05723662770191417
2019-08-03,5.723984668553916,0.05723984668553916
2019-08-04,5.724301244994467,0.05724301244994467
2019-08-05,5.724612463887074,0.05724612463887074
2019-08-06,5.724918289605738,0.057249182896057384
2019-08-07,5.725218686524461,0.05725218686524461
2019-08-08,5.725513619017244,0.05725513619017244
2019-08-09,5.725803051458088,0.057258030514580886
2019-08-10,5.726086948220995,0.057260869482209945
2019-08-11,5.726365273679964,0.05726365273679965
2019-08-12,5.726637992208999,0.05726637992208999
2019-08-13,5.7269050681821,0.057269050681821004
2019-08-14,5.727166465973269,0.05727166465973269
2019-08-15,5.727422149956507,0.05727422149956506
2019-08-16,5.727672084505816,0.05727672084505816
2019-08-17,5.727916233995196,0.057279162339951964
2019-08-18,5.728154562798648,0.05728154562798648
2019-08-19,5.728387035290177,0.057283870352901764
2019-08-20,5.728613615843779,0.057286136158437785
2019-08-21,5.728834268833457,0.05728834268833457
2019-08-22,5.729048958633216,0.05729048958633216
2019-08-23,5.729257649617053,0.05729257649617053
2019-08-24,5.729460306158971,0.057294603061589705
2019-08-25,5.729656892632971,0.05729656892632971
2019-08-26,5.729847373413057,0.05729847373413057
2019-08-27,5.730031712873226,0.05730031712873226
2019-08-28,5.730209875387481,0.05730209875387481
2019-08-29,5.730381825329823,0.05730381825329823
2019-08-30,5.730547527074254,0.05730547527074254
2019-08-31,5.7307069449947745,0.05730706944994775
2019-09-01,5.730860043465388,0.05730860043465388
2019-09-02,5.7310067868600925,0.05731006786860093
2019-09-03,5.731147139552892,0.05731147139552892
2019-09-04,5.731281065917786,0.05731281065917786
2019-09-05,5.731408530328776,0.05731408530328776
2019-09-06,5.731529497159865,0.05731529497159865
2019-09-07,5.7316439307850535,0.057316439307850534
2019-09-08,5.731751795578345,0.057317517955783444
2019-09-09,5.731853055913736,0.05731853055913736
2019-09-10,5.7319476761652295,0.0573194767616523
2019-09-11,5.732035620706828,0.05732035620706828
2019-09-12,5.732116853912531,0.05732116853912531
2019-09-13,5.732191340156343,0.05732191340156343
2019-09-14,5.732259043812264,0.05732259043812264
2019-09-15,5.732319929254294,0.057323199292542946
2019-09-16,5.732373960856435,0.05732373960856435
2019-09-17,5.732421102992689,0.05732421102992689
2019-09-18,5.732461320037057,0.05732461320037057
2019-09-19,5.732494576363539,0.05732494576363539
2019-09-20,5.732520836346137,0.057325208363461375
2019-09-21,5.732540064358855,0.057325400643588556
2019-09-22,5.7325522247756915,0.057325522247756916
2019-09-23,5.732557281970646,0.05732557281970646
2019-09-24,5.732555200317725,0.057325552003177245
2019-09-25,5.7325459441909254,0.057325459441909254
2019-09-26,5.732529477964249,0.05732529477964249
2019-09-27,5.7325057660117,0.057325057660117
2019-09-28,5.732474772707277,0.057324747727072765
2019-09-29,5.732436462424983,0.05732436462424983
2019-09-30,5.732390799538819,0.05732390799538819
2019-10-01,5.732337748422784,0.05732337748422785
2019-10-02,5.732277273450882,0.05732277273450882
2019-10-03,5.732209338997114,0.05732209338997114
2019-10-04,5.732133909435481,0.05732133909435481
2019-10-05,5.732050949139984,0.057320509491399836
2019-10-06,5.731960422484623,0.057319604224846235
2019-10-07,5.7318622938434025,0.057318622938434025
2019-10-08,5.731756527590322,0.057317565275903225
2019-10-09,5.731643088099383,0.05731643088099383
2019-10-10,5.731521939744585,0.057315219397445855
2019-10-11,5.7313930468999335,0.05731393046899933
2019-10-12,5.731256373939425,0.05731256373939425
2019-10-13,5.731111885237065,0.057311118852370654
2019-10-14,5.730959545166852,0.05730959545166851
2019-10-15,5.73079931810279,0.057307993181027896
2019-10-16,5.730631168418874,0.05730631168418874
2019-10-17,5.730455060489115,0.057304550604891154
2019-10-18,5.730270958687506,0.05730270958687506
2019-10-19,5.730078827388053,0.05730078827388053
2019-10-20,5.729878630964755,0.057298786309647555
2019-10-21,5.729670333791617,0.05729670333791617
2019-10-22,5.729453900242635,0.05729453900242634
2019-10-23,5.729229294691815,0.05729229294691815
2019-10-24,5.728996481513152,0.057289964815131524
2019-10-25,5.728755425080656,0.057287554250806554
2019-10-26,5.728506089768321,0.05728506089768321
2019-10-27,5.728248439950152,0.05728248439950152
2019-10-28,5.727982440000148,0.05727982440000148
2019-10-29,5.7277080542923136,0.05727708054292314
2019-10-30,5.727425247200649,0.05727425247200649
2019-10-31,5.727133983099151,0.05727133983099151
2019-11-01,5.726834226361828,0.05726834226361828
2019-11-02,5.726525941362677,0.05726525941362677
2019-11-03,5.726209092475701,0.05726209092475701
2019-11-04,5.7258836440749,0.057258836440749
2019-11-05,5.725549560534276,0.05725549560534276
2019-11-06,5.725206806227832,0.05725206806227832
2019-11-07,5.724855345529565,0.05724855345529565
2019-11-08,5.724495142813479,0.057244951428134794
2019-11-09,5.724126162453576,0.05724126162453576
2019-11-10,5.7237483688238555,0.057237483688238555
2019-11-11,5.7233617262983225,0.057233617262983226
2019-11-12,5.722966199250973,0.05722966199250973
2019-11-13,5.722561752055812,0.057225617520558124
2019-11-14,5.722148349086839,0.05722148349086839
2019-11-15,5.721725954718059,0.057217259547180585
2019-11-16,5.721294533323468,0.057212945333234684
2019-11-17,5.72085404927707,0.057208540492770694
2019-11-18,5.720404466952864,0.05720404466952864
2019-11-19,5.719945750724857,0.057199457507248565
2019-11-20,5.719477864967044,0.057194778649670444
2019-11-21,5.719000774053432,0.05719000774053432
2019-11-22,5.718514442358018,0.05718514442358018
2019-11-23,5.718018834254804,0.05718018834254804
2019-11-24,5.7175139141177915,0.057175139141177916
2019-11-25,5.716999646320981,0.05716999646320981
2019-11-26,5.716475995238378,0.05716475995238378
2019-11-27,5.715942925243981,0.05715942925243981
2019-11-28,5.71540040071179,0.0571540040071179
2019-11-29,5.714848386015806,0.057148483860158056
2019-11-30,5.714286845530034,0.05714286845530034
2019-12-01,5.713715743628472,0.057137157436284725
2019-12-02,5.7131350446851235,0.057131350446851234
2019-12-03,5.71254471307399,0.0571254471307399
2019-12-04,5.7119447131690695,0.0571194471316907
2019-12-05,5.711335009344367,0.05711335009344367
2019-12-06,5.710715565973881,0.057107155659738805
2019-12-07,5.710086347431614,0.05710086347431614
2019-12-08,5.709447318091568,0.05709447318091568
2019-12-09,5.708798442327742,0.05708798442327742
2019-12-10,5.708139684514142,0.05708139684514142
2019-12-11,5.707471009024765,0.05707471009024765
2019-12-12,5.706792380233614,0.057067923802336135
2019-12-13,5.7061037625146875,0.057061037625146874
2019-12-14,5.705405120241991,0.057054051202419916
2019-12-15,5.704696417789528,0.057046964177895274
2019-12-16,5.70397761953129,0.057039776195312905
2019-12-17,5.703248689841287,0.057032486898412865
2019-12-18,5.7025095930935175,0.057025095930935174
2019-12-19,5.701760293661982,0.05701760293661982
2019-12-20,5.701000755920684,0.05701000755920684
2019-12-21,5.700230944243621,0.057002309442436214
2019-12-22,5.699450823004799,0.056994508230047994
2019-12-23,5.698660356578216,0.05698660356578216
2019-12-24,5.697859509337876,0.05697859509337876
2019-12-25,5.697048245657778,0.056970482456577785
2019-12-26,5.696226529911924,0.05696226529911924
2019-12-27,5.695394326474315,0.05695394326474315
2019-12-28,5.694551599718953,0.056945515997189534
2019-12-29,5.69369831401984,0.0569369831401984
2019-12-30,5.692834433750974,0.05692834433750974
2019-12-31,5.691959923286361,0.05691959923286361
2020-01-01,5.691074747,0.05691074747
2020-01-02,5.690178893504808,0.05690178893504808
2020-01-03,5.689272448369378,0.05689272448369378
2020-01-04,5.688355521401215,0.05688355521401215
2020-01-05,5.687428222407827,0.05687428222407827
2020-01-06,5.686490661196722,0.05686490661196722
2020-01-07,5.6855429475754065,0.05685542947575407
2020-01-08,5.684585191351387,0.05684585191351387
2020-01-09,5.683617502332171,0.056836175023321715
2020-01-10,5.682639990325267,0.056826399903252674
2020-01-11,5.681652765138182,0.056816527651381815
2020-01-12,5.680655936578421,0.05680655936578421
2020-01-13,5.679649614453495,0.05679649614453495
2020-01-14,5.678633908570906,0.05678633908570906
2020-01-15,5.677608928738167,0.05677608928738167
2020-01-16,5.6765747847627805,0.05676574784762781
2020-01-17,5.675531586452256,0.05675531586452256
2020-01-18,5.674479443614102,0.05674479443614102
2020-01-19,5.673418466055823,0.05673418466055823
2020-01-20,5.672348763584926,0.056723487635849265
2020-01-21,5.671270446008921,0.05671270446008921
2020-01-22,5.6701836231353155,0.05670183623135316
2020-01-23,5.669088404771613,0.056690884047716134
2020-01-24,5.667984900725324,0.056679849007253244
2020-01-25,5.666873220803954,0.056668732208039536
2020-01-26,5.665753474815011,0.05665753474815011
2020-01-27,5.664625772566002,0.056646257725660024
2020-01-28,5.663490223864434,0.05663490223864434
2020-01-29,5.662346938517814,0.05662346938517814
2020-01-30,5.66119602633365,0.0566119602633365
2020-01-31,5.660037597119449,0.05660037597119449
2020-02-01,5.65887176068272,0.056588717606827196
2020-02-02,5.6576986268309675,0.056576986268309676
2020-02-03,5.656518305371698,0.05656518305371698
2020-02-04,5.655330906112422,0.05655330906112422
2020-02-05,5.654136538860646,0.05654136538860646
2020-02-06,5.652935313423872,0.05652935313423872
2020-02-07,5.651727339609615,0.056517273396096156
2020-02-08,5.650512727225378,0.05650512727225378
2020-02-09,5.649291586078669,0.05649291586078669
2020-02-10,5.648064025976996,0.05648064025976996
2020-02-11,5.646830156727864,0.05646830156727864
2020-02-12,5.645590088138782,0.05645590088138782
2020-02-13,5.644343930017256,0.056443439300172565
2020-02-14,5.643091792170797,0.056430917921707964
2020-02-15,5.641833784406909,0.05641833784406909
2020-02-16,5.640570016533097,0.05640570016533097
2020-02-17,5.639300598356873,0.05639300598356873
2020-02-18,5.638025639685741,0.056380256396857405
2020-02-19,5.636745250327208,0.05636745250327208
2020-02-20,5.635459540088785,0.05635459540088785
2020-02-21,5.634168618777975,0.05634168618777975
2020-02-22,5.632872596202289,0.056328725962022895
2020-02-23,5.631571582169231,0.056315715821692314
2020-02-24,5.630265686486308,0.05630265686486308
2020-02-25,5.628955018961031,0.056289550189610314
2020-02-26,5.627639689400904,0.05627639689400904
2020-02-27,5.626319807613434,0.05626319807613434
2020-02-28,5.624995483406131,0.05624995483406131
2020-02-29,5.623666826586499,0.056236668265864986
2020-03-01,5.622333946962049,0.056223339469620486
2020-03-02,5.620996954340285,0.05620996954340285
2020-03-03,5.619655958528715,0.05619655958528715
2020-03-04,5.618311069334846,0.056183110693348456
2020-03-05,5.616962396566185,0.05616962396566185
2020-03-06,5.615610050030242,0.056156100500302425
2020-03-07,5.614254139534521,0.056142541395345205
2020-03-08,5.612894774886531,0.05612894774886531
2020-03-09,5.611532065893779,0.05611532065893779
2020-03-10,5.610166122363771,0.05610166122363771
2020-03-11,5.608797054104015,0.056087970541040144
2020-03-12,5.607424970922019,0.05607424970922019
2020-03-13,5.606049982625289,0.05606049982625289
2020-03-14,5.6046721990213335,0.056046721990213336
2020-03-15,5.6032917299176574,0.056032917299176574
2020-03-16,5.601908685121772,0.05601908685121772
2020-03-17,5.6005231744411805,0.056005231744411806
2020-03-18,5.599135307683392,0.05599135307683392
2020-03-19,5.5977451946559125,0.05597745194655913
2020-03-20,5.596352945166251,0.055963529451662504
2020-03-21,5.5949586690219135,0.055949586690219134
2020-03-22,5.5935624760304075,0.05593562476030407
2020-03-23,5.59216447599924,0.0559216447599924
2020-03-24,5.590764778735919,0.055907647787359196
2020-03-25,5.5893634940479515,0.05589363494047952
2020-03-26,5.587960731742847,0.05587960731742846
2020-03-27,5.586556601628107,0.05586556601628107
2020-03-28,5.585151213511242,0.05585151213511242
2020-03-29,5.583744677199759,0.05583744677199759
2020-03-30,5.582337102501167,0.05582337102501168
2020-03-31,5.580928599222971,0.05580928599222971
2020-04-01,5.57951927717268,0.0557951927717268
2020-04-02,5.578109246157799,0.05578109246157799
2020-04-03,5.576698615985835,0.05576698615985835
2020-04-04,5.575287496464298,0.055752874964642984
2020-04-05,5.5738759974006955,0.05573875997400696
2020-04-06,5.57246422860253,0.0557246422860253
2020-04-07,5.571052299877314,0.05571052299877314
2020-04-08,5.5696403210325505,0.055696403210325506
2020-04-09,5.56822840187575,0.0556822840187575
2020-04-10,5.56681665221442,0.055668166522144194
2020-04-11,5.565405181856063,0.055654051818560625
2020-04-12,5.563994100608189,0.0556399410060819
2020-04-13,5.562583518278308,0.055625835182783086
2020-04-14,5.561173544673926,0.05561173544673926
2020-04-15,5.559764289602548,0.05559764289602548
2020-04-16,5.5583558628716805,0.055583558628716806
2020-04-17,5.556948374288834,0.05556948374288834
2020-04-18,5.555541933661514,0.05555541933661514
2020-04-19,5.554136650797227,0.05554136650797228
2020-04-20,5.552732635503484,0.055527326355034844
2020-04-21,5.5513299975877874,0.055513299975877874
2020-04-22,5.5499288468576475,0.05549928846857648
2020-04-23,5.54852929312057,0.0554852929312057
2020-04-24,5.547131446184062,0.05547131446184062
2020-04-25,5.545735415855632,0.05545735415855632
2020-04-26,5.544341311942786,0.05544341311942785
2020-04-27,5.542949244253032,0.05542949244253032
2020-04-28,5.541559322593878,0.05541559322593878
2020-04-29,5.540171656772831,0.055401716567728305
2020-04-30,5.538786356597396,0.05538786356597396
2020-05-01,5.53740353187508,0.055374035318750806
2020-05-02,5.536023292413395,0.05536023292413395
2020-05-03,5.534645748019845,0.05534645748019845
2020-05-04,5.533271008501938,0.05533271008501938
2020-05-05,5.531899183667178,0.05531899183667178
2020-05-06,5.530530383323075,0.055305303833230755
2020-05-07,5.529164717277138,0.05529164717277138
2020-05-08,5.527802295336873,0.05527802295336873
2020-05-09,5.526443227309784,0.05526443227309784
2020-05-10,5.525087623003383,0.05525087623003383
2020-05-11,5.523735592225172,0.05523735592225172
2020-05-12,5.5223872447826645,0.055223872447826644
2020-05-13,5.521042690483364,0.055210426904833645
2020-05-14,5.519702039134779,0.05519702039134779
2020-05-15,5.518365400544414,0.05518365400544414
2020-05-16,5.517032884519778,0.05517032884519778
2020-05-17,5.515704600868379,0.05515704600868379
2020-05-18,5.514380659397724,0.05514380659397724
2020-05-19,5.5130611699153205,0.055130611699153204
2020-05-20,5.511746242228673,0.05511746242228673
2020-05-21,5.510435986145293,0.05510435986145293
2020-05-22,5.5091305114726845,0.055091305114726846
2020-05-23,5.5078299280183565,0.05507829928018357
2020-05-24,5.506534345589814,0.05506534345589814
2020-05-25,5.505243873994567,0.05505243873994567
2020-05-26,5.50395862304012,0.0550395862304012
2020-05-27,5.502678702533986,0.05502678702533986
2020-05-28,5.501404222283663,0.05501404222283664
2020-05-29,5.500135292096665,0.055001352920966654
2020-05-30,5.498872021780498,0.05498872021780498
2020-05-31,5.497614521142668,0.05497614521142668
2020-06-01,5.496362899990683,0.05496362899990683
2020-06-02,5.4951172681320495,0.05495117268132049
2020-06-03,5.4938777353742765,0.054938777353742765
2020-06-04,5.492644411524869,0.05492644411524869
2020-06-05,5.491417406391334,0.05491417406391334
2020-06-06,5.490196829781183,0.05490196829781183
2020-06-07,5.488982791501919,0.054889827915019195
2020-06-08,5.487775401361051,0.05487775401361051
2020-06-09,5.486574769166083,0.05486574769166083
2020-06-10,5.485381004724528,0.05485381004724528
2020-06-11,5.484194217843889,0.05484194217843889
2020-06-12,5.483014518331674,0.05483014518331674
2020-06-13,5.481842015995392,0.05481842015995392
2020-06-14,5.480676820642547,0.054806768206425466
2020-06-15,5.479519042080648,0.05479519042080648
2020-06-16,5.4783687901172025,0.054783687901172023
2020-06-17,5.477226174559718,0.05477226174559718
2020-06-18,5.476091305215702,0.054760913052157016
2020-06-19,5.474964291892661,0.05474964291892661
2020-06-20,5.4738452443981,0.054738452443981
2020-06-21,5.4727342725395305,0.054727342725395305
2020-06-22,5.471631486124457,0.054716314861244564
2020-06-23,5.470536994960387,0.05470536994960387
2020-06-24,5.46945090885483,0.054694509088548296
2020-06-25,5.468373337615288,0.054683733376152885
2020-06-26,5.467304391049273,0.054673043910492734
2020-06-27,5.466244178964292,0.05466244178964292
2020-06-28,5.46519281116785,0.0546519281116785
2020-06-29,5.4641503974674555,0.05464150397467456
2020-06-30,5.463117047670616,0.05463117047670616
2020-07-01,5.4620928715848365,0.054620928715848366
2020-07-02,5.461077979017627,0.05461077979017628
2020-07-03,5.460072479776494,0.05460072479776494
2020-07-04,5.4590764836689445,0.05459076483668945
2020-07-05,5.458090100502486,0.05458090100502486
2020-07-06,5.457113440084624,0.054571134400846245
2020-07-07,5.456146612222868,0.05456146612222868
2020-07-08,5.455189726724724,0.05455189726724724
2020-07-09,5.454242893397699,0.05454242893397699
2020-07-10,5.453306222049302,0.05453306222049302
2020-07-11,5.452379822487039,0.05452379822487039
2020-07-12,5.451463804518415,0.05451463804518415
2020-07-13,5.450558277950941,0.05450558277950941
2020-07-14,5.449663352592122,0.05449663352592122
2020-07-15,5.448779138249468,0.05448779138249468
2020-07-16,5.447905744730483,0.05447905744730483
2020-07-17,5.447043281842675,0.054470432818426756
2020-07-18,5.446191859393551,0.05446191859393551
2020-07-19,5.445351587190619,0.054453515871906194
2020-07-20,5.444522575041387,0.05444522575041387
2020-07-21,5.443704932753361,0.05443704932753361
2020-07-22,5.442898770134049,0.0544289877013405
2020-07-23,5.4421041969909565,0.054421041969909566
2020-07-24,5.441321323131593,0.05441321323131593
2020-07-25,5.440550258363463,0.05440550258363463
2020-07-26,5.439791112494079,0.054397911124940794
2020-07-27,5.439043995330942,0.054390439953309416
2020-07-28,5.438309016681562,0.05438309016681562
2020-07-29,5.437586286353445,0.054375862863534456
2020-07-30,5.4368759141541005,0.054368759141541004
2020-07-31,5.4361780098910355,0.05436178009891036
2020-08-01,5.435492683371756,0.05435492683371756
2020-08-02,5.43482004440377,0.054348200444037695
2020-08-03,5.434160202794582,0.05434160202794582
2020-08-04,5.433513268351703,0.05433513268351703
2020-08-05,5.432879350882638,0.054328793508826384
2020-08-06,5.432258560194896,0.054322585601948956
2020-08-07,5.431651006095984,0.05431651006095984
2020-08-08,5.4310567983934055,0.054310567983934056
2020-08-09,5.430476046894673,0.05430476046894673
2020-08-10,5.42990886140729,0.0542990886140729
2020-08-11,5.429355351738766,0.05429355351738766
2020-08-12,5.428815627696608,0.05428815627696608
2020-08-13,5.428289799088321,0.05428289799088321
2020-08-14,5.427777975721413,0.05427777975721413
2020-08-15,5.427280267403395,0.05427280267403395
2020-08-16,5.426796783941769,0.05426796783941769
2020-08-17,5.426327635144045,0.054263276351440445
2020-08-18,5.42587293081773,0.054258729308177295
2020-08-19,5.42543278077033,0.0542543278077033
2020-08-20,5.425007294809355,0.054250072948093545
2020-08-21,5.424596582742307,0.05424596582742307
2020-08-22,5.424200754376699,0.054242007543766985
2020-08-23,5.423819919520035,0.05423819919520035
2020-08-24,5.423454187979824,0.05423454187979824
2020-08-25,5.423103669563573,0.054231036695635726
2020-08-26,5.422768474078787,0.054227684740787874
2020-08-27,5.422448711332977,0.054224487113329764
2020-08-28,5.422144491133645,0.05422144491133645
2020-08-29,5.421855923288302,0.05421855923288302
2020-08-30,5.421583117604456,0.05421583117604456
2020-08-31,5.42132618388961,0.0542132618388961
2020-09-01,5.421085231951276,0.05421085231951275
2020-09-02,5.420860371596958,0.054208603715969576
2020-09-03,5.420651712634165,0.054206517126341655
2020-09-04,5.420459364870405,0.05420459364870405
2020-09-05,5.420283438113181,0.054202834381131805
2020-09-06,5.420124042170005,0.05420124042170005
2020-09-07,5.4199812868483805,0.054199812868483806
2020-09-08,5.419855281955818,0.05419855281955818
2020-09-09,5.419746137299823,0.05419746137299823
2020-09-10,5.419653962687902,0.05419653962687902
2020-09-11,5.419578867927564,0.05419578867927564
2020-09-12,5.419520962826316,0.05419520962826316
2020-09-13,5.419480357191664,0.05419480357191664
2020-09-14,5.419457160831116,0.05419457160831116
2020-09-15,5.419451483552178,0.05419451483552178
2020-09-16,5.41946343516236,0.0541946343516236
2020-09-17,5.419493125469165,0.05419493125469165
2020-09-18,5.419540664280106,0.054195406642801064
2020-09-19,5.419606161402685,0.05419606161402685
2020-09-20,5.419689726644412,0.054196897266444125
2020-09-21,5.419791469812793,0.05419791469812793
2020-09-22,5.419911500715337,0.05419911500715337
2020-09-23,5.420049929159549,0.05420049929159549
2020-09-24,5.420206864952936,0.05420206864952936
2020-09-25,5.420382417903007,0.05420382417903007
2020-09-26,5.42057669781727,0.054205766978172705
2020-09-27,5.420789814503229,0.054207898145032296
2020-09-28,5.421021877768395,0.054210218777683956
2020-09-29,5.421272997420273,0.05421272997420273
2020-09-30,5.421543283266368,0.05421543283266368
2020-10-01,5.421832845114192,0.05421832845114192
2020-10-02,5.42214179277125,0.054221417927712505
2020-10-03,5.422470236045049,0.05422470236045049
2020-10-04,5.422818284743096,0.05422818284743096
2020-10-05,5.423186048672899,0.05423186048672899
2020-10-06,5.423573637641965,0.05423573637641965
2020-10-07,5.423981161457801,0.05423981161457801
2020-10-08,5.424408729927915,0.05424408729927915
2020-10-09,5.424856452859812,0.05424856452859812
2020-10-10,5.425324440061003,0.05425324440061002
2020-10-11,5.42581280133899,0.0542581280133899
2020-10-12,5.426321646501286,0.05426321646501286
2020-10-13,5.426851085355395,0.05426851085355395
2020-10-14,5.427401227708823,0.05427401227708823
2020-10-15,5.42797218336908,0.05427972183369081
2020-10-16,5.428564062143674,0.05428564062143674
2020-10-17,5.429176973840108,0.05429176973840108
2020-10-18,5.429811028265893,0.05429811028265893
2020-10-19,5.430466335228534,0.054304663352285336
2020-10-20,5.4311430045355396,0.054311430045355394
2020-10-21,5.431841145994417,0.05431841145994417
2020-10-22,5.432560869412671,0.05432560869412671
2020-10-23,5.433302284597811,0.054333022845978116
2020-10-24,5.434065501357345,0.054340655013573456
2020-10-25,5.434850629498781,0.05434850629498781
2020-10-26,5.435657778829622,0.05435657778829622
2020-10-27,5.436487059157378,0.05436487059157378
2020-10-28,5.437338580289556,0.054373385802895566
2020-10-29,5.438212452033665,0.054382124520336646
2020-10-30,5.4391087841972094,0.054391087841972094
2020-10-31,5.440027686587697,0.054400276865876965
2020-11-01,5.440969269012635,0.054409692690126354
2020-11-02,5.4419336412795305,0.054419336412795304
2020-11-03,5.442920913195894,0.05442920913195894
2020-11-04,5.443931194569228,0.054439311945692286
2020-11-05,5.4449645952070425,0.05444964595207043
2020-11-06,5.446021224916843,0.05446021224916844
2020-11-07,5.447101193506138,0.05447101193506138
2020-11-08,5.448204610782435,0.054482046107824346
2020-11-09,5.4493315865532415,0.05449331586553242
2020-11-10,5.450482230626063,0.05450482230626063
2020-11-11,5.451656652808407,0.05451656652808407
2020-11-12,5.452854962907781,0.05452854962907781
2020-11-13,5.454077270731695,0.05454077270731695
2020-11-14,5.455323686087653,0.054553236860876535
2020-11-15,5.4565943187831625,0.054565943187831624
2020-11-16,5.45788927862573,0.0545788927862573
2020-11-17,5.459208675422866,0.054592086754228664
2020-11-18,5.460552618982074,0.054605526189820744
2020-11-19,5.461921219110863,0.05461921219110863
2020-11-20,5.463314585616743,0.05463314585616743
2020-11-21,5.464732828307216,0.054647328283072165
2020-11-22,5.466176056989792,0.054661760569897924
2020-11-23,5.467644381471978,0.05467644381471978
2020-11-24,5.46913791156128,0.054691379115612795
2020-11-25,5.470656757065209,0.054706567570652086
2020-11-26,5.472201027791267,0.054722010277912674
2020-11-27,5.473770833546966,0.054737708335469655
2020-11-28,5.4753662841398105,0.054753662841398106
2020-11-29,5.476987489377306,0.05476987489377306
2020-11-30,5.478634559066965,0.054786345590669645
2020-12-01,5.480307603016289,0.05480307603016289
2020-12-02,5.482006731032789,0.05482006731032789
2020-12-03,5.483732052923971,0.05483732052923971
2020-12-04,5.485483678497343,0.05485483678497343
2020-12-05,5.487261717560411,0.05487261717560411
2020-12-06,5.489066279920685,0.05489066279920685
2020-12-07,5.490897475385668,0.05490897475385668
2020-12-08,5.492755413762869,0.05492755413762869
2020-12-09,5.494640204859797,0.05494640204859797
2020-12-10,5.496551958483957,0.05496551958483957
2020-12-11,5.498490784442858,0.054984907844428575
2020-12-12,5.5004567925440035,0.055004567925440034
2020-12-13,5.502450092594906,0.05502450092594906
2020-12-14,5.50447079440307,0.0550447079440307
2020-12-15,5.506519007776003,0.05506519007776003
2020-12-16,5.5085948425212115,0.05508594842521211
2020-12-17,5.510698408446203,0.055106984084462025
2020-12-18,5.512829815358484,0.05512829815358484
2020-12-19,5.5149891730655645,0.05514989173065565
2020-12-20,5.517176591374951,0.05517176591374951
2020-12-21,5.5193921800941474,0.05519392180094147
2020-12-22,5.521636049030665,0.05521636049030665
2020-12-23,5.523908307992008,0.055239083079920086
2020-12-24,5.526209066785687,0.05526209066785687
2020-12-25,5.528538435219206,0.05528538435219206
2020-12-26,5.530896523100073,0.05530896523100073
2020-12-27,5.533283440235795,0.05533283440235795
2020-12-28,5.535699296433881,0.05535699296433881
2020-12-29,5.538144201501839,0.05538144201501839
2020-12-30,5.540618265247172,0.05540618265247172
2020-12-31,5.54312159747739,0.055431215974773906
2021-01-01,5.545654308,0.05545654308
2021-01-02,5.548216473046033,0.055482164730460325
2021-01-03,5.550808034540621,0.05550808034540621
2021-01-04,5.5534289008324205,0.0555342890083242
2021-01-05,5.556078980270085,0.05556078980270085
2021-01-06,5.558758181202272,0.05558758181202272
2021-01-07,5.5614664119776345,0.05561466411977634
2021-01-08,5.564203580944832,0.05564203580944832
2021-01-09,5.566969596452517,0.05566969596452517
2021-01-10,5.5697643668493475,0.055697643668493474
2021-01-11,5.572587800483978,0.05572587800483978
2021-01-12,5.575439805705062,0.05575439805705062
2021-01-13,5.57832029086126,0.0557832029086126
2021-01-14,5.581229164301224,0.05581229164301224
2021-01-15,5.584166334373609,0.055841663343736095
2021-01-16,5.587131709427076,0.055871317094270755
2021-01-17,5.590125197810274,0.055901251978102744
2021-01-18,5.593146707871864,0.05593146707871864
2021-01-19,5.596196147960498,0.05596196147960498
2021-01-20,5.5992734264248325,0.05599273426424833
2021-01-21,5.602378451613524,0.05602378451613524
2021-01-22,5.605511131875229,0.056055111318752286
2021-01-23,5.608671375558601,0.056086713755586014
2021-01-24,5.611859091012297,0.05611859091012297
2021-01-25,5.615074186584972,0.05615074186584972
2021-01-26,5.618316570625284,0.05618316570625284
2021-01-27,5.6215861514818855,0.05621586151481885
2021-01-28,5.624882837503433,0.05624882837503433
2021-01-29,5.628206537038582,0.05628206537038582
2021-01-30,5.631557158435989,0.05631557158435989
2021-01-31,5.634934610044309,0.056349346100443086
2021-02-01,5.638338800212199,0.05638338800212199
2021-02-02,5.641769637288314,0.05641769637288314
2021-02-03,5.645227029621308,0.05645227029621308
2021-02-04,5.648710885559839,0.05648710885559839
2021-02-05,5.652221113452561,0.05652221113452561
2021-02-06,5.655757621648132,0.05655757621648132
2021-02-07,5.659320318495204,0.056593203184952035
2021-02-08,5.662909112342436,0.05662909112342436
2021-02-09,5.666523911538483,0.056665239115384826
2021-02-10,5.670164624431998,0.05670164624431998
2021-02-11,5.673831159371641,0.05673831159371641
2021-02-12,5.677523424706061,0.056775234247060616
2021-02-13,5.681241328783923,0.05681241328783923
2021-02-14,5.684984779953876,0.05684984779953876
2021-02-15,5.688753686564576,0.05688753686564576
2021-02-16,5.692547956964683,0.05692547956964683
2021-02-17,5.6963674995028475,0.056963674995028475
2021-02-18,5.7002122225277265,0.057002122225277264
2021-02-19,5.704082034387978,0.057040820343879785
2021-02-20,5.707976843432256,0.05707976843432256
2021-02-21,5.711896558009218,0.057118965580092176
2021-02-22,5.715841086467514,0.057158410864675144
2021-02-23,5.719810337155809,0.05719810337155809
2021-02-24,5.723804218422748,0.057238042184227476
2021-02-25,5.727822638616996,0.057278226386169966
2021-02-26,5.731865506087202,0.057318655060872026
2021-02-27,5.735932729182026,0.05735932729182026
2021-02-28,5.740024216250122,0.05740024216250122
2021-03-01,5.744139875640145,0.057441398756401446
2021-03-02,5.748279615700751,0.05748279615700751
2021-03-03,5.752443344780597,0.05752443344780597
2021-03-04,5.756630971228338,0.05756630971228338
2021-03-05,5.76084240339263,0.0576084240339263
2021-03-06,5.765077549622126,0.05765077549622126
2021-03-07,5.769336318265485,0.057693363182654854
2021-03-08,5.773618617671361,0.05773618617671361
2021-03-09,5.77792435618841,0.0577792435618841
2021-03-10,5.782253442165287,0.057822534421652874
2021-03-11,5.78660578395065,0.0578660578395065
2021-03-12,5.790981289893152,0.05790981289893152
2021-03-13,5.795379868341449,0.05795379868341449
2021-03-14,5.799801427644198,0.05799801427644198
2021-03-15,5.8042458761500555,0.058042458761500555
2021-03-16,5.808713122207673,0.05808713122207673
2021-03-17,5.813203074165711,0.058132030741657105
2021-03-18,5.817715640372822,0.05817715640372822
2021-03-19,5.822250729177663,0.05822250729177662
2021-03-20,5.82680824892889,0.0582680824892889
2021-03-21,5.831388107975157,0.05831388107975157
2021-03-22,5.835990214665121,0.05835990214665121
2021-03-23,5.840614477347438,0.05840614477347438
2021-03-24,5.845260804370763,0.058452608043707624
2021-03-25,5.84992910408375,0.0584992910408375
2021-03-26,5.854619284835058,0.05854619284835058
2021-03-27,5.85933125497334,0.058593312549733406
2021-03-28,5.864064922847254,0.058640649228472536
2021-03-29,5.868820196805454,0.05868820196805454
2021-03-30,5.873596985196596,0.05873596985196596
2021-03-31,5.878395196369336,0.05878395196369336
2021-04-01,5.883214738672328,0.05883214738672329
2021-04-02,5.888055520454231,0.058880555204542315
2021-04-03,5.892917450063697,0.05892917450063697
2021-04-04,5.897800435849384,0.058978004358493846
2021-04-05,5.9027043861599475,0.059027043861599474
2021-04-06,5.907629209344043,0.059076292093440425
2021-04-07,5.912574813750323,0.05912574813750324
2021-04-08,5.917541107727449,0.05917541107727449
2021-04-09,5.922527999624072,0.05922527999624072
2021-04-10,5.927535397788851,0.059275353977888516
2021-04-11,5.932563210570439,0.05932563210570439
2021-04-12,5.937611346317494,0.059376113463174944
2021-04-13,5.942679713378669,0.059426797133786693
2021-04-14,5.947768220102621,0.059477682201026214
2021-04-15,5.952876774838007,0.05952876774838007
2021-04-16,5.95800528593348,0.059580052859334806
2021-04-17,5.963153661737697,0.05963153661737697
2021-04-18,5.968321810599314,0.05968321810599314
2021-04-19,5.973509640866987,0.05973509640866987
2021-04-20,5.97871706088937,0.05978717060889369
2021-04-21,5.9839439790151205,0.0598394397901512
2021-04-22,5.9891903035928955,0.05989190303592896
2021-04-23,5.994455942971346,0.05994455942971346
2021-04-24,5.999740805499131,0.059997408054991305
2021-04-25,6.005044799524905,0.06005044799524905
2021-04-26,6.010367833397322,0.060103678333973225
2021-04-27,6.015709815465041,0.0601570981546504
2021-04-28,6.021070654076717,0.06021070654076717
2021-04-29,6.026450257581006,0.06026450257581006
2021-04-30,6.031848534326562,0.060318485343265615
2021-05-01,6.037265392662041,0.06037265392662041
2021-05-02,6.042700740936098,0.06042700740936098
2021-05-03,6.048154487497392,0.06048154487497392
2021-05-04,6.053626540694576,0.06053626540694576
2021-05-05,6.059116808876306,0.06059116808876306
2021-05-06,6.064625200391237,0.060646252003912375
2021-05-07,6.070151623588025,0.06070151623588025
2021-05-08,6.075695986815326,0.06075695986815326
2021-05-09,6.081258198421796,0.06081258198421796
2021-05-10,6.086838166756089,0.060868381667560895
2021-05-11,6.092435800166864,0.06092435800166864
2021-05-12,6.098051007002775,0.06098051007002775
2021-05-13,6.103683695612477,0.061036836956124774
2021-05-14,6.109333774344625,0.061093337743446254
2021-05-15,6.115001151547877,0.06115001151547877
2021-05-16,6.120685735570888,0.061206857355708875
2021-05-17,6.126387434762311,0.06126387434762311
2021-05-18,6.132106157470805,0.06132106157470805
2021-05-19,6.137841812045024,0.06137841812045024
2021-05-20,6.143594306833622,0.06143594306833622
2021-05-21,6.149363550185259,0.06149363550185259
2021-05-22,6.155149450448589,0.061551494504485896
2021-05-23,6.160951915972266,0.06160951915972266
2021-05-24,6.1667708551049465,0.061667708551049465
2021-05-25,6.172606176195287,0.06172606176195287
2021-05-26,6.178457787591942,0.06178457787591942
2021-05-27,6.184325597643569,0.06184325597643569
2021-05-28,6.190209514698821,0.06190209514698821
2021-05-29,6.196109447106355,0.06196109447106355
2021-05-30,6.2020253032148265,0.06202025303214827
2021-05-31,6.207956991372892,0.06207956991372891
2021-06-01,6.213904419929207,0.06213904419929207
2021-06-02,6.219867497232427,0.062198674972324265
2021-06-03,6.225846131631205,0.062258461316312054
2021-06-04,6.231840231474201,0.062318402314742005
2021-06-05,6.237849705110068,0.06237849705110068
2021-06-06,6.243874460887463,0.062438744608874636
2021-06-07,6.249914407155042,0.06249914407155042
2021-06-08,6.25596945226146,0.0625596945226146
2021-06-09,6.262039504555369,0.06262039504555368
2021-06-10,6.2681244723854315,0.06268124472385432
2021-06-11,6.274224264100297,0.06274224264100298
2021-06-12,6.280338788048625,0.06280338788048626
2021-06-13,6.28646795257907,0.0628646795257907
2021-06-14,6.292611666040287,0.06292611666040288
2021-06-15,6.2987698367809335,0.06298769836780933
2021-06-16,6.3049423731496645,0.06304942373149665
2021-06-17,6.311129183495135,0.06311129183495134
2021-06-18,6.317330176165999,0.06317330176165999
2021-06-19,6.323545259510915,0.06323545259510915
2021-06-20,6.329774341878539,0.0632977434187854
2021-06-21,6.336017331617525,0.06336017331617524
2021-06-22,6.3422741370765285,0.06342274137076528
2021-06-23,6.348544666604207,0.06348544666604207
2021-06-24,6.354828828549212,0.06354828828549212
2021-06-25,6.3611265312602026,0.06361126531260203
2021-06-26,6.367437683085835,0.06367437683085835
2021-06-27,6.373762192374763,0.06373762192374763
2021-06-28,6.380099967475644,0.06380099967475644
2021-06-29,6.386450916737133,0.06386450916737134
2021-06-30,6.392814948507885,0.06392814948507886
2021-07-01,6.399191971136556,0.06399191971136556
2021-07-02,6.405581892971801,0.06405581892971801
2021-07-03,6.411984622362278,0.06411984622362278
2021-07-04,6.41840006765664,0.0641840006765664
2021-07-05,6.424828137203543,0.06424828137203543
2021-07-06,6.431268739351645,0.06431268739351645
2021-07-07,6.437721782449599,0.06437721782449599
2021-07-08,6.444187174846063,0.06444187174846064
2021-07-09,6.4506648248896905,0.0645066482488969
2021-07-10,6.457154640929137,0.06457154640929137
2021-07-11,6.4636565313130605,0.06463656531313061
2021-07-12,6.470170404390116,0.06470170404390116
2021-07-13,6.476696168508957,0.06476696168508957
2021-07-14,6.483233732018239,0.0648323373201824
2021-07-15,6.489783003266623,0.06489783003266622
2021-07-16,6.496343890602759,0.06496343890602758
2021-07-17,6.502916302375307,0.06502916302375307
2021-07-18,6.5095001469329175,0.06509500146932917
2021-07-19,6.516095332624251,0.06516095332624251
2021-07-20,6.52270176779796,0.0652270176779796
2021-07-21,6.5293193608027025,0.06529319360802703
2021-07-22,6.535948019987133,0.06535948019987133
2021-07-23,6.542587653699906,0.06542587653699906
2021-07-24,6.549238170289679,0.06549238170289678
2021-07-25,6.5558994781051085,0.06555899478105108
2021-07-26,6.562571485494846,0.06562571485494846
2021-07-27,6.569254100807552,0.06569254100807552
2021-07-28,6.575947232391878,0.06575947232391878
2021-07-29,6.582650788596483,0.06582650788596484
2021-07-30,6.589364677770022,0.06589364677770022
2021-07-31,6.596088808261149,0.06596088808261148
2021-08-01,6.602823088418521,0.06602823088418522
2021-08-02,6.609567426590793,0.06609567426590793
2021-08-03,6.616321731126622,0.06616321731126622
2021-08-04,6.623085910374663,0.06623085910374664
2021-08-05,6.62985987268357,0.06629859872683569
2021-08-06,6.636643526402001,0.06636643526402002
2021-08-07,6.64343677987861,0.0664343677987861
2021-08-08,6.650239541462054,0.06650239541462054
2021-08-09,6.657051719500988,0.06657051719500988
2021-08-10,6.66387322234407,0.0666387322234407
2021-08-11,6.670703958339949,0.06670703958339949
2021-08-12,6.677543835837287,0.06677543835837288
2021-08-13,6.684392763184738,0.06684392763184738
2021-08-14,6.691250648730958,0.06691250648730958
2021-08-15,6.6981174008246,0.066981174008246
2021-08-16,6.704992927814322,0.06704992927814322
2021-08-17,6.711877138048782,0.06711877138048782
2021-08-18,6.718769939876632,0.06718769939876632
2021-08-19,6.725671241646528,0.06725671241646528
2021-08-20,6.732580951707126,0.06732580951707126
2021-08-21,6.739498978407084,0.06739498978407084
2021-08-22,6.746425230095052,0.06746425230095052
2021-08-23,6.753359615119692,0.06753359615119692
2021-08-24,6.760302041829658,0.06760302041829658
2021-08-25,6.767252418573602,0.06767252418573602
2021-08-26,6.774210653700184,0.06774210653700184
2021-08-27,6.781176655558059,0.06781176655558059
2021-08-28,6.78815033249588,0.06788150332495879
2021-08-29,6.7951315928623055,0.06795131592862305
2021-08-30,6.802120345005987,0.06802120345005987
2021-08-31,6.809116497275587,0.06809116497275587
2021-09-01,6.816119958019757,0.06816119958019758
2021-09-02,6.823130635587152,0.06823130635587152
2021-09-03,6.830148438326429,0.06830148438326429
2021-09-04,6.837173274586242,0.06837173274586242
2021-09-05,6.844205052715249,0.06844205052715249
2021-09-06,6.851243681062105,0.06851243681062105
2021-09-07,6.858289067975465,0.06858289067975465
2021-09-08,6.865341121803987,0.06865341121803988
2021-09-09,6.8723997508963235,0.06872399750896324
2021-09-10,6.87946486360113,0.0687946486360113
2021-09-11,6.886536368267065,0.06886536368267065
2021-09-12,6.893614173242781,0.06893614173242782
2021-09-13,6.900698186876938,0.06900698186876938
2021-09-14,6.907788317518188,0.06907788317518188
2021-09-15,6.914884473515187,0.06914884473515187
2021-09-16,6.921986563216593,0.06921986563216592
2021-09-17,6.929094494971058,0.06929094494971058
2021-09-18,6.9362081771272415,0.06936208177127241
2021-09-19,6.943327518033796,0.06943327518033797
2021-09-20,6.950452426039381,0.06950452426039382
2021-09-21,6.9575828094926475,0.06957582809492648
2021-09-22,6.9647185767422535,0.06964718576742253
2021-09-23,6.9718596361368546,0.06971859636136854
2021-09-24,6.979005896025106,0.06979005896025106
2021-09-25,6.986157264755663,0.06986157264755663
2021-09-26,6.993313650677185,0.06993313650677185
2021-09-27,7.000474962138323,0.07000474962138323
2021-09-28,7.007641107487735,0.07007641107487735
2021-09-29,7.0148119950740755,0.07014811995074076
2021-09-30,7.021987533246001,0.07021987533246002
2021-10-01,7.029167630352168,0.07029167630352168
2021-10-02,7.036352194741228,0.07036352194741229
2021-10-03,7.043541134761843,0.07043541134761842
2021-10-04,7.050734358762662,0.07050734358762661
2021-10-05,7.057931775092347,0.07057931775092346
2021-10-06,7.065133292099548,0.07065133292099549
2021-10-07,7.072338818132927,0.07072338818132927
2021-10-08,7.079548261541135,0.07079548261541135
2021-10-09,7.0867615306728275,0.07086761530672828
2021-10-10,7.093978533876661,0.0709397853387666
2021-10-11,7.101199179501292,0.07101199179501293
2021-10-12,7.108423375895375,0.07108423375895376
2021-10-13,7.11565103140757,0.0711565103140757
2021-10-14,7.122882054386526,0.07122882054386526
2021-10-15,7.1301163531809015,0.07130116353180901
2021-10-16,7.1373538361393525,0.07137353836139353
2021-10-17,7.144594411610536,0.07144594411610536
2021-10-18,7.151837987943106,0.07151837987943106
2021-10-19,7.159084473485717,0.07159084473485718
2021-10-20,7.166333776587027,0.07166333776587028
2021-10-21,7.173585805595691,0.0717358580559569
2021-10-22,7.180840468860364,0.07180840468860364
2021-10-23,7.1880976747297005,0.071880976747297
2021-10-24,7.19535733155236,0.0719535733155236
2021-10-25,7.202619347676997,0.07202619347676997
2021-10-26,7.2098836314522625,0.07209883631452263
2021-10-27,7.217150091226817,0.07217150091226818
2021-10-28,7.224418635349317,0.07224418635349317
2021-10-29,7.231689172168414,0.07231689172168414
2021-10-30,7.238961610032765,0.07238961610032765
2021-10-31,7.246235857291029,0.0724623585729103
2021-11-01,7.253511822291856,0.07253511822291857
2021-11-02,7.2607894133839075,0.07260789413383907
2021-11-03,7.268068538915835,0.07268068538915835
2021-11-04,7.275349107236296,0.07275349107236295
2021-11-05,7.282631026693943,0.07282631026693943
2021-11-06,7.289914205637438,0.07289914205637438
2021-11-07,7.297198552415432,0.07297198552415432
2021-11-08,7.3044839753765824,0.07304483975376583
2021-11-09,7.311770382869543,0.07311770382869544
2021-11-10,7.319057683242971,0.0731905768324297
2021-11-11,7.326345784845524,0.07326345784845524
2021-11-12,7.33363459602585,0.0733363459602585
2021-11-13,7.340924025132614,0.07340924025132614
2021-11-14,7.348213980514467,0.07348213980514468
2021-11-15,7.355504370520067,0.07355504370520066
2021-11-16,7.362795103498066,0.07362795103498067
2021-11-17,7.370086087797122,0.07370086087797122
2021-11-18,7.377377231765892,0.07377377231765891
2021-11-19,7.384668443753027,0.07384668443753027
2021-11-20,7.391959632107188,0.07391959632107188
2021-11-21,7.399250705177026,0.07399250705177027
2021-11-22,7.406541571311201,0.07406541571311201
2021-11-23,7.413832138858367,0.07413832138858367
2021-11-24,7.42112231616718,0.0742112231616718
2021-11-25,7.4284120115862935,0.07428412011586294
2021-11-26,7.435701133464366,0.07435701133464366
2021-11-27,7.44298959015005,0.0744298959015005
2021-11-28,7.4502772899920044,0.07450277289992005
2021-11-29,7.457564141338883,0.07457564141338884
2021-11-30,7.464850052539343,0.07464850052539343
2021-12-01,7.472134931942038,0.07472134931942037
2021-12-02,7.479418687895624,0.07479418687895624
2021-12-03,7.48670122874876,0.0748670122874876
2021-12-04,7.493982462850097,0.07493982462850096
2021-12-05,7.501262298548293,0.07501262298548293
2021-12-06,7.5085406441920055,0.07508540644192005
2021-12-07,7.515817408129885,0.07515817408129885
2021-12-08,7.523092498710591,0.07523092498710592
2021-12-09,7.530365824282778,0.07530365824282778
2021-12-10,7.537637293195104,0.07537637293195104
2021-12-11,7.5449068137962225,0.07544906813796222
2021-12-12,7.5521742944347885,0.07552174294434788
2021-12-13,7.559439643459459,0.07559439643459459
2021-12-14,7.566702769218887,0.07566702769218887
2021-12-15,7.573963580061734,0.07573963580061734
2021-12-16,7.581221984336651,0.0758122198433665
2021-12-17,7.5884778903922925,0.07588477890392292
2021-12-18,7.595731206577319,0.07595731206577319
2021-12-19,7.602981841240382,0.07602981841240382
2021-12-20,7.6102297027301375,0.07610229702730137
2021-12-21,7.617474699395245,0.07617474699395245
2021-12-22,7.624716739584358,0.07624716739584357
2021-12-23,7.63195573164613,0.0763195573164613
2021-12-24,7.639191583929217,0.07639191583929217
2021-12-25,7.64642420478228,0.0764642420478228
2021-12-26,7.653653502553968,0.07653653502553967
2021-12-27,7.66087938559294,0.0766087938559294
2021-12-28,7.6681017622478524,0.07668101762247853
2021-12-29,7.675320540867357,0.07675320540867357
2021-12-30,7.682535629800115,0.07682535629800115
2021-12-31,7.689746937394774,0.07689746937394774
2022-01-01,7.696954372,0.07696954372
2022-01-02,7.7041578535513455,0.07704157853551345
2022-01-03,7.711357348331992,0.07711357348331992
2022-01-04,7.718552834212029,0.0771855283421203
2022-01-05,7.725744289061536,0.07725744289061537
2022-01-06,7.7329316907506005,0.07732931690750601
2022-01-07,7.7401150171493045,0.07740115017149304
2022-01-08,7.7472942461277325,0.07747294246127732
2022-01-09,7.754469355555976,0.07754469355555976
2022-01-10,7.7616403233041105,0.0776164032330411
2022-01-11,7.768807127242226,0.07768807127242226
2022-01-12,7.775969745240406,0.07775969745240406
2022-01-13,7.783128155168737,0.07783128155168736
2022-01-14,7.790282334897303,0.07790282334897303
2022-01-15,7.7974322622961845,0.07797432262296185
2022-01-16,7.804577915235472,0.07804577915235472
2022-01-17,7.811719271585249,0.07811719271585249
2022-01-18,7.818856309215597,0.07818856309215598
2022-01-19,7.825989005996604,0.07825989005996604
2022-01-20,7.833117339798352,0.07833117339798351
2022-01-21,7.840241288490929,0.07840241288490929
2022-01-22,7.847360829944419,0.07847360829944419
2022-01-23,7.854475942028905,0.07854475942028906
2022-01-24,7.861586602614473,0.07861586602614473
2022-01-25,7.868692789571206,0.07868692789571206
2022-01-26,7.875794480769191,0.07875794480769191
2022-01-27,7.882891654078513,0.07882891654078512
2022-01-28,7.889984287369252,0.07889984287369252
2022-01-29,7.897072358511499,0.07897072358511499
2022-01-30,7.904155845375334,0.07904155845375334
2022-01-31,7.911234725830849,0.07911234725830849
2022-02-01,7.918308977748119,0.07918308977748119
2022-02-02,7.925378578997233,0.07925378578997233
2022-02-03,7.932443507448276,0.07932443507448277
2022-02-04,7.939503740971337,0.07939503740971338
2022-02-05,7.946559257436492,0.07946559257436492
2022-02-06,7.95361003471383,0.0795361003471383
2022-02-07,7.960656050673437,0.07960656050673437
2022-02-08,7.967697283185399,0.07967697283185399
2022-02-09,7.9747337101197955,0.07974733710119795
2022-02-10,7.981765309346715,0.07981765309346715
2022-02-11,7.988792058736241,0.07988792058736241
2022-02-12,7.99581393615846,0.07995813936158461
2022-02-13,8.002830919483456,0.08002830919483456
2022-02-14,8.00984298658131,0.0800984298658131
2022-02-15,8.01685011532211,0.0801685011532211
2022-02-16,8.02385228357594,0.0802385228357594
2022-02-17,8.03084946921289,0.0803084946921289
2022-02-18,8.037841650103038,0.08037841650103038
2022-02-19,8.044828804116468,0.08044828804116469
2022-02-20,8.05181090912327,0.0805181090912327
2022-02-21,8.058787942993526,0.08058787942993526
2022-02-22,8.065759883597321,0.08065759883597322
2022-02-23,8.07272670880474,0.08072726708804741
2022-02-24,8.079688396485867,0.08079688396485868
2022-02-25,8.086644924510788,0.08086644924510787
2022-02-26,8.093596270749586,0.08093596270749587
2022-02-27,8.100542413072343,0.08100542413072344
2022-02-28,8.107483329349153,0.08107483329349152
2022-03-01,8.114418997450093,0.08114418997450093
2022-03-02,8.121349395245252,0.08121349395245252
2022-03-03,8.12827450060471,0.08128274500604711
2022-03-04,8.135194291398554,0.08135194291398554
2022-03-05,8.14210874549687,0.0814210874549687
2022-03-06,8.149017840769742,0.08149017840769743
2022-03-07,8.155921555087254,0.08155921555087253
2022-03-08,8.162819866319492,0.08162819866319491
2022-03-09,8.169712752336538,0.08169712752336539
2022-03-10,8.176600191008482,0.08176600191008482
2022-03-11,8.183482160205404,0.08183482160205405
2022-03-12,8.190358637797392,0.08190358637797392
2022-03-13,8.197229601654527,0.08197229601654527
2022-03-14,8.204095029646895,0.08204095029646895
2022-03-15,8.210954899644586,0.08210954899644586
2022-03-16,8.217809189517675,0.08217809189517675
2022-03-17,8.224657877136252,0.08224657877136252
2022-03-18,8.2315009403704,0.08231500940370401
2022-03-19,8.238338357090212,0.08238338357090212
2022-03-20,8.245170105165762,0.08245170105165762
2022-03-21,8.25199616246714,0.0825199616246714
2022-03-22,8.25881650686443,0.0825881650686443
2022-03-23,8.265631116227718,0.08265631116227717
2022-03-24,8.272439968427081,0.08272439968427081
2022-03-25,8.279243041332617,0.08279243041332617
2022-03-26,8.286040312814396,0.08286040312814397
2022-03-27,8.292831760742517,0.08292831760742518
2022-03-28,8.299617362987055,0.08299617362987055
2022-03-29,8.306397097418097,0.08306397097418097
2022-03-30,8.31317094190573,0.0831317094190573
2022-03-31,8.319938874320039,0.08319938874320039
2022-04-01,8.326700872531104,0.08326700872531104
2022-04-02,8.333456914409014,0.08333456914409014
2022-04-03,8.34020697782385,0.08340206977823851
2022-04-04,8.346951040645703,0.08346951040645703
2022-04-05,8.353689080744655,0.08353689080744654
2022-04-06,8.360421075990784,0.08360421075990784
2022-04-07,8.367147004254184,0.08367147004254184
2022-04-08,8.373866843404935,0.08373866843404935
2022-04-09,8.380580571313123,0.08380580571313123
2022-04-10,8.387288165848833,0.08387288165848833
2022-04-11,8.393989604882151,0.08393989604882152
2022-04-12,8.400684866283157,0.08400684866283158
2022-04-13,8.40737392792194,0.0840737392792194
2022-04-14,8.414056767668583,0.08414056767668583
2022-04-15,8.420733363393174,0.08420733363393174
2022-04-16,8.427403692965791,0.08427403692965792
2022-04-17,8.434067734256526,0.08434067734256527
2022-04-18,8.440725465135461,0.08440725465135461
2022-04-19,8.447376863472677,0.08447376863472676
2022-04-20,8.454021907138264,0.08454021907138264
2022-04-21,8.460660574002304,0.08460660574002304
2022-04-22,8.467292841934883,0.08467292841934883
2022-04-23,8.473918688806085,0.08473918688806086
2022-04-24,8.480538092485995,0.08480538092485995
2022-04-25,8.4871510308447,0.084871510308447
2022-04-26,8.493757481752281,0.08493757481752282
2022-04-27,8.50035742307882,0.08500357423078819
2022-04-28,8.50695083269441,0.0850695083269441
2022-04-29,8.51353768846913,0.0851353768846913
2022-04-30,8.520117968273068,0.08520117968273068
2022-05-01,8.526691649976305,0.08526691649976305
2022-05-02,8.53325871144893,0.0853325871144893
2022-05-03,8.539819130561023,0.08539819130561023
2022-05-04,8.546372885182674,0.08546372885182674
2022-05-05,8.552919953183963,0.08552919953183963
2022-05-06,8.559460312434979,0.08559460312434979
2022-05-07,8.565993940805804,0.08565993940805804
2022-05-08,8.57252081616652,0.0857252081616652
2022-05-09,8.579040916387218,0.08579040916387218
2022-05-10,8.58555421933798,0.0858555421933798
2022-05-11,8.59206070288889,0.0859206070288889
2022-05-12,8.59856034491003,0.0859856034491003
2022-05-13,8.60505312327149,0.0860505312327149
2022-05-14,8.611539015843356,0.08611539015843356
2022-05-15,8.618018000495706,0.08618018000495706
2022-05-16,8.624490055098631,0.08624490055098631
2022-05-17,8.63095515752221,0.0863095515752221
2022-05-18,8.637413285636532,0.08637413285636532
2022-05-19,8.643864417311676,0.08643864417311675
2022-05-20,8.650308530417737,0.08650308530417737
2022-05-21,8.65674560282479,0.0865674560282479
2022-05-22,8.663175612402927,0.08663175612402928
2022-05-23,8.669598537022228,0.08669598537022229
2022-05-24,8.676014354552777,0.08676014354552777
2022-05-25,8.682423042864661,0.0868242304286466
2022-05-26,8.688824579827969,0.0868882457982797
2022-05-27,8.695218943312776,0.08695218943312776
2022-05-28,8.701606111189173,0.08701606111189174
2022-05-29,8.707986061327247,0.08707986061327247
2022-05-30,8.714358771597079,0.08714358771597079
2022-05-31,8.720724219868751,0.08720724219868752
2022-06-01,8.727082384012354,0.08727082384012354
2022-06-02,8.733433241897966,0.08733433241897966
2022-06-03,8.739776771395677,0.08739776771395677
2022-06-04,8.746112950375572,0.08746112950375572
2022-06-05,8.752441756707732,0.08752441756707732
2022-06-06,8.758763168262243,0.08758763168262243
2022-06-07,8.765077162909192,0.08765077162909192
2022-06-08,8.771383718518663,0.08771383718518663
2022-06-09,8.777682812960737,0.08777682812960737
2022-06-10,8.783974424105502,0.08783974424105502
2022-06-11,8.790258529823046,0.08790258529823046
2022-06-12,8.796535107983445,0.08796535107983444
2022-06-13,8.802804136456793,0.08802804136456793
2022-06-14,8.80906559311317,0.08809065593113169
2022-06-15,8.815319455822657,0.08815319455822657
2022-06-16,8.821565702455345,0.08821565702455345
2022-06-17,8.82780431088132,0.0882780431088132
2022-06-18,8.834035258970662,0.08834035258970661
2022-06-19,8.840258524593452,0.08840258524593451
2022-06-20,8.846474085619787,0.08846474085619788
2022-06-21,8.852681919919743,0.08852681919919743
2022-06-22,8.858882005363405,0.08858882005363405
2022-06-23,8.86507431982086,0.08865074319820859
2022-06-24,8.87125884116219,0.0887125884116219
2022-06-25,8.877435547257482,0.08877435547257483
2022-06-26,8.883604415976823,0.08883604415976823
2022-06-27,8.889765425190292,0.08889765425190292
2022-06-28,8.895918552767975,0.08895918552767976
2022-06-29,8.902063776579965,0.08902063776579965
2022-06-30,8.908201074496336,0.08908201074496336
2022-07-01,8.914330424387181,0.0891433042438718
2022-07-02,8.920451804122576,0.08920451804122577
2022-07-03,8.926565191572612,0.08926565191572612
2022-07-04,8.932670564607372,0.08932670564607373
2022-07-05,8.938767901096943,0.08938767901096943
2022-07-06,8.944857178911407,0.08944857178911407
2022-07-07,8.950938375920847,0.08950938375920847
2022-07-08,8.957011469995352,0.08957011469995352
2022-07-09,8.963076439005008,0.08963076439005008
2022-07-10,8.969133260819893,0.08969133260819893
2022-07-11,8.975181913310097,0.08975181913310097
2022-07-12,8.9812223743457,0.089812223743457
2022-07-13,8.987254621796794,0.08987254621796793
2022-07-14,8.993278633533457,0.08993278633533457
2022-07-15,8.999294387425778,0.08999294387425777
2022-07-16,9.005301861343835,0.09005301861343834
2022-07-17,9.011301033157727,0.09011301033157727
2022-07-18,9.017291880737522,0.09017291880737523
2022-07-19,9.023274381953314,0.09023274381953314
2022-07-20,9.029248514675187,0.09029248514675187
2022-07-21,9.035214256773223,0.09035214256773223
2022-07-22,9.041171586117512,0.09041171586117512
2022-07-23,9.047120480578135,0.09047120480578136
2022-07-24,9.053060918025174,0.09053060918025174
2022-07-25,9.058992876328716,0.09058992876328716
2022-07-26,9.064916333358854,0.09064916333358854
2022-07-27,9.070831266985655,0.09070831266985654
2022-07-28,9.07673765507922,0.0907673765507922
2022-07-29,9.082635475509624,0.09082635475509625
2022-07-30,9.088524706146961,0.09088524706146961
2022-07-31,9.094405324861306,0.09094405324861306
2022-08-01,9.100277309522749,0.09100277309522749
2022-08-02,9.106140638001373,0.09106140638001373
2022-08-03,9.111995288167265,0.09111995288167264
2022-08-04,9.117841237890506,0.09117841237890506
2022-08-05,9.123678465041184,0.09123678465041184
2022-08-06,9.129506947489382,0.09129506947489383
2022-08-07,9.135326663105188,0.09135326663105188
2022-08-08,9.141137589758682,0.09141137589758681
2022-08-09,9.146939705319948,0.09146939705319948
2022-08-10,9.152732987659077,0.09152732987659076
2022-08-11,9.158517414646148,0.09158517414646149
2022-08-12,9.164292964151251,0.09164292964151251
2022-08-13,9.170059614044465,0.09170059614044465
2022-08-14,9.175817342195879,0.09175817342195879
2022-08-15,9.181566126475575,0.09181566126475575
2022-08-16,9.187305944753641,0.0918730594475364
2022-08-17,9.193036774900158,0.09193036774900158
2022-08-18,9.19875859478521,0.0919875859478521
2022-08-19,9.20447138227889,0.09204471382278889
2022-08-20,9.210175115251273,0.09210175115251273
2022-08-21,9.215869771572448,0.09215869771572448
2022-08-22,9.2215553291125,0.09221555329112499
2022-08-23,9.227231765741513,0.09227231765741513
2022-08-24,9.232899059329569,0.09232899059329569
2022-08-25,9.23855718774676,0.0923855718774676
2022-08-26,9.244206128863166,0.09244206128863165
2022-08-27,9.24984586054887,0.0924984586054887
2022-08-28,9.255476360673958,0.09255476360673959
2022-08-29,9.261097607108518,0.09261097607108518
2022-08-30,9.266709577722633,0.09266709577722633
2022-08-31,9.272312250386385,0.09272312250386384
2022-09-01,9.27790560296986,0.09277905602969859
2022-09-02,9.283489613343145,0.09283489613343145
2022-09-03,9.28906425937632,0.09289064259376319
2022-09-04,9.294629518939475,0.09294629518939475
2022-09-05,9.30018536990269,0.0930018536990269
2022-09-06,9.305731790136058,0.09305731790136057
2022-09-07,9.311268757509655,0.09311268757509655
2022-09-08,9.31679624989357,0.0931679624989357
2022-09-09,9.322314245157887,0.09322314245157887
2022-09-10,9.32782272117269,0.0932782272117269
2022-09-11,9.333321655808064,0.09333321655808063
2022-09-12,9.338811026934094,0.09338811026934093
2022-09-13,9.344290812420862,0.09344290812420862
2022-09-14,9.34976099013846,0.0934976099013846
2022-09-15,9.355221537956965,0.09355221537956965
2022-09-16,9.360672433746466,0.09360672433746466
2022-09-17,9.366113655377044,0.09366113655377044
2022-09-18,9.371545180718789,0.09371545180718789
2022-09-19,9.37696698764178,0.0937696698764178
2022-09-20,9.38237905401611,0.09382379054016109
2022-09-21,9.387781357711852,0.09387781357711851
2022-09-22,9.3931738765991,0.093931738765991
2022-09-23,9.398556588547937,0.09398556588547936
2022-09-24,9.403929471428448,0.09403929471428447
2022-09-25,9.409292503110713,0.09409292503110712
2022-09-26,9.414645661464823,0.09414645661464822
2022-09-27,9.419988924360858,0.09419988924360859
2022-09-28,9.425322269668904,0.09425322269668904
2022-09-29,9.430645675259047,0.09430645675259047
2022-09-30,9.435959119001371,0.0943595911900137
2022-10-01,9.441262578765963,0.09441262578765963
2022-10-02,9.446556032422901,0.09446556032422901
2022-10-03,9.45183945784228,0.09451839457842279
2022-10-04,9.457112832894175,0.09457112832894175
2022-10-05,9.462376135448677,0.09462376135448677
2022-10-06,9.467629343375867,0.09467629343375866
2022-10-07,9.472872434545835,0.09472872434545834
2022-10-08,9.478105386828656,0.09478105386828656
2022-10-09,9.483328178094425,0.09483328178094425
2022-10-10,9.48854078621322,0.09488540786213219
2022-10-11,9.493743189055127,0.09493743189055127
2022-10-12,9.498935364490238,0.09498935364490238
2022-10-13,9.504117290388626,0.09504117290388626
2022-10-14,9.509288944620385,0.09509288944620385
2022-10-15,9.514450305055592,0.09514450305055591
2022-10-16,9.51960134956434,0.0951960134956434
2022-10-17,9.524742056016706,0.09524742056016705
2022-10-18,9.529872402282782,0.09529872402282782
2022-10-19,9.534992366232649,0.09534992366232649
2022-10-20,9.540101925736387,0.09540101925736387
2022-10-21,9.545201058664093,0.09545201058664093
2022-10-22,9.550289742885836,0.09550289742885835
2022-10-23,9.555367956271715,0.09555367956271715
2022-10-24,9.560435676691807,0.09560435676691807
2022-10-25,9.565492882016198,0.09565492882016198
2022-10-26,9.570539550114974,0.09570539550114975
2022-10-27,9.575575658858218,0.09575575658858218
2022-10-28,9.580601186116018,0.09580601186116018
2022-10-29,9.585616109758453,0.09585616109758453
2022-10-30,9.590620407655614,0.09590620407655613
2022-10-31,9.595614057677583,0.09595614057677583
2022-11-01,9.600597037694444,0.09600597037694443
2022-11-02,9.605569325576282,0.09605569325576281
2022-11-03,9.610530899193183,0.09610530899193183
2022-11-04,9.61548173641523,0.0961548173641523
2022-11-05,9.620421815112508,0.09620421815112508
2022-11-06,9.625351113155105,0.09625351113155105
2022-11-07,9.6302696084131,0.096302696084131
2022-11-08,9.635177278756583,0.09635177278756583
2022-11-09,9.640074102055635,0.09640074102055635
2022-11-10,9.644960056180343,0.09644960056180343
2022-11-11,9.649835119000791,0.09649835119000791
2022-11-12,9.654699268387064,0.09654699268387064
2022-11-13,9.659552482209246,0.09659552482209247
2022-11-14,9.664394738337423,0.09664394738337423
2022-11-15,9.66922601464168,0.0966922601464168
2022-11-16,9.6740462889921,0.096740462889921
2022-11-17,9.678855539258766,0.09678855539258766
2022-11-18,9.683653743311766,0.09683653743311765
2022-11-19,9.688440879021188,0.09688440879021189
2022-11-20,9.693216924257108,0.09693216924257107
2022-11-21,9.697981856889616,0.09697981856889616
2022-11-22,9.7027356547888,0.097027356547888
2022-11-23,9.707478295824737,0.09707478295824737
2022-11-24,9.712209757867518,0.09712209757867518
2022-11-25,9.716930018787224,0.09716930018787223
2022-11-26,9.721639056453942,0.09721639056453941
2022-11-27,9.726336848737752,0.09726336848737752
2022-11-28,9.731023373508748,0.09731023373508747
2022-11-29,9.735698608637005,0.09735698608637006
2022-11-30,9.740362531992616,0.09740362531992616
2022-12-01,9.745015121445661,0.0974501512144566
2022-12-02,9.749656354866223,0.09749656354866224
2022-12-03,9.754286210124391,0.09754286210124391
2022-12-04,9.758904665090247,0.09758904665090247
2022-12-05,9.763511697633879,0.0976351169763388
2022-12-06,9.768107285625366,0.09768107285625366
2022-12-07,9.772691406934797,0.09772691406934797
2022-12-08,9.777264039432259,0.0977726403943226
2022-12-09,9.781825160987832,0.09781825160987832
2022-12-10,9.786374749471602,0.09786374749471602
2022-12-11,9.790912782753654,0.09790912782753654
2022-12-12,9.795439238704072,0.09795439238704072
2022-12-13,9.799954095192945,0.09799954095192945
2022-12-14,9.80445733009035,0.0980445733009035
2022-12-15,9.808948921266381,0.09808948921266382
2022-12-16,9.813428846591114,0.09813428846591114
2022-12-17,9.81789708393464,0.09817897083934639
2022-12-18,9.822353611167038,0.09822353611167038
2022-12-19,9.8267984061584,0.09826798406158399
2022-12-20,9.831231446778803,0.09831231446778803
2022-12-21,9.835652710898337,0.09835652710898338
2022-12-22,9.840062176387088,0.09840062176387088
2022-12-23,9.844459821115134,0.09844459821115134
2022-12-24,9.848845622952567,0.09848845622952566
2022-12-25,9.853219559769466,0.09853219559769466
2022-12-26,9.857581609435917,0.09857581609435917
2022-12-27,9.86193174982201,0.09861931749822009
2022-12-28,9.866269958797822,0.09866269958797823
2022-12-29,9.870596214233444,0.09870596214233444
2022-12-30,9.874910493998957,0.09874910493998958
2022-12-31,9.879212775964447,0.09879212775964447
2023-01-01,9.883503038,0.09883503038000001
2023-01-02,9.887781257975698,0.09887781257975697
2023-01-03,9.892047413761627,0.09892047413761627
2023-01-04,9.896301483227873,0.09896301483227873
2023-01-05,9.900543444244517,0.09900543444244518
2023-01-06,9.904773274681647,0.09904773274681647
2023-01-07,9.908990952409349,0.0990899095240935
2023-01-08,9.913196455297705,0.09913196455297704
2023-01-09,9.917389761216802,0.09917389761216802
2023-01-10,9.92157084803672,0.0992157084803672
2023-01-11,9.925739693627548,0.09925739693627549
2023-01-12,9.92989627585937,0.0992989627585937
2023-01-13,9.934040572602273,0.09934040572602272
2023-01-14,9.938172561726338,0.09938172561726338
2023-01-15,9.94229222110165,0.09942292221101649
2023-01-16,9.946399528598295,0.09946399528598296
2023-01-17,9.950494462086358,0.09950494462086358
2023-01-18,9.954576999435922,0.09954576999435921
2023-01-19,9.95864711851707,0.09958647118517071
2023-01-20,9.962704797199894,0.09962704797199894
2023-01-21,9.966750013354474,0.09966750013354474
2023-01-22,9.970782744850892,0.09970782744850892
2023-01-23,9.97480296955924,0.0997480296955924
2023-01-24,9.978810665349597,0.09978810665349597
2023-01-25,9.982805810092048,0.09982805810092048
2023-01-26,9.986788381656682,0.09986788381656682
2023-01-27,9.990758357913577,0.09990758357913578
2023-01-28,9.994715716732825,0.09994715716732826
2023-01-29,9.998660435984506,0.09998660435984506
2023-01-30,10.002592493538705,0.10002592493538705
2023-01-31,10.006511867265507,0.10006511867265507
2023-02-01,10.010418535035,0.10010418535035001
2023-02-02,10.014312474717265,0.10014312474717264
2023-02-03,10.018193664182387,0.10018193664182387
2023-02-04,10.022062081300454,0.10022062081300455
2023-02-05,10.025917703941547,0.10025917703941546
2023-02-06,10.029760509975752,0.10029760509975752
2023-02-07,10.033590477273156,0.10033590477273156
2023-02-08,10.037407583703839,0.10037407583703839
2023-02-09,10.04121180713789,0.1004121180713789
2023-02-10,10.04500312544539,0.1004500312544539
2023-02-11,10.048781516496426,0.10048781516496426
2023-02-12,10.052546958161088,0.10052546958161088
2023-02-13,10.05629942830945,0.1005629942830945
2023-02-14,10.060038904811602,0.10060038904811602
2023-02-15,10.06376536553763,0.1006376536553763
2023-02-16,10.067478788357619,0.10067478788357619
2023-02-17,10.071179151141651,0.10071179151141652
2023-02-18,10.07486643175981,0.1007486643175981
2023-02-19,10.078540608082184,0.10078540608082184
2023-02-20,10.082201657978857,0.10082201657978856
2023-02-21,10.085849559319914,0.10085849559319915
2023-02-22,10.089484289975438,0.10089484289975438
2023-02-23,10.093105827815513,0.10093105827815513
2023-02-24,10.096714150710229,0.10096714150710229
2023-02-25,10.100309236529665,0.10100309236529664
2023-02-26,10.103891063143909,0.10103891063143909
2023-02-27,10.107459608423042,0.10107459608423042
2023-02-28,10.111014850237154,0.10111014850237154
2023-03-01,10.114556766456328,0.10114556766456329
2023-03-02,10.118085334950646,0.10118085334950645
2023-03-03,10.121600533590193,0.10121600533590193
2023-03-04,10.125102340245057,0.10125102340245057
2023-03-05,10.128590732785325,0.10128590732785325
2023-03-06,10.132065689081072,0.10132065689081073
2023-03-07,10.13552718700239,0.1013552718700239
2023-03-08,10.138975204419364,0.10138975204419363
2023-03-09,10.142409719202076,0.10142409719202077
2023-03-10,10.145830709220611,0.10145830709220612
2023-03-11,10.149238152345056,0.10149238152345057
2023-03-12,10.152632026445492,0.10152632026445492
2023-03-13,10.156012309392008,0.10156012309392008
2023-03-14,10.159378979054685,0.10159378979054684
2023-03-15,10.16273201330361,0.1016273201330361
2023-03-16,10.166071390008868,0.10166071390008868
2023-03-17,10.169397087040544,0.10169397087040544
2023-03-18,10.172709082268717,0.10172709082268717
2023-03-19,10.176007353563481,0.1017600735356348
2023-03-20,10.179291878794913,0.10179291878794913
2023-03-21,10.182562635833104,0.10182562635833105
2023-03-22,10.185819602548133,0.10185819602548132
2023-03-23,10.18906275681009,0.1018906275681009
2023-03-24,10.192292076489055,0.10192292076489055
2023-03-25,10.195507539455114,0.10195507539455115
2023-03-26,10.198709123578354,0.10198709123578353
2023-03-27,10.201896806728861,0.1020189680672886
2023-03-28,10.205070566776714,0.10205070566776714
2023-03-29,10.208230381591996,0.10208230381591996
2023-03-30,10.211376229044802,0.10211376229044802
2023-03-31,10.21450808700521,0.1021450808700521
2023-04-01,10.217625933343307,0.10217625933343306
2023-04-02,10.220729745929177,0.10220729745929176
2023-04-03,10.223819502632903,0.10223819502632903
2023-04-04,10.226895181324572,0.10226895181324572
2023-04-05,10.229956759874266,0.10229956759874266
2023-04-06,10.233004216152075,0.10233004216152075
2023-04-07,10.23603752802808,0.1023603752802808
2023-04-08,10.239056673372364,0.10239056673372364
2023-04-09,10.242061630055012,0.10242061630055012
2023-04-10,10.245052375946115,0.10245052375946115
2023-04-11,10.24802888891575,0.1024802888891575
2023-04-12,10.250991146834007,0.10250991146834007
2023-04-13,10.253939127570966,0.10253939127570966
2023-04-14,10.25687280899672,0.1025687280899672
2023-04-15,10.259792168981344,0.10259792168981344
2023-04-16,10.26269718539493,0.10262697185394931
2023-04-17,10.265587836107557,0.10265587836107556
2023-04-18,10.268464098989313,0.10268464098989312
2023-04-19,10.271325951910281,0.10271325951910282
2023-04-20,10.274173372740549,0.10274173372740548
2023-04-21,10.277006339350201,0.10277006339350202
2023-04-22,10.279824829609318,0.10279824829609317
2023-04-23,10.282628821387988,0.10282628821387987
2023-04-24,10.285418292556294,0.10285418292556293
2023-04-25,10.288193220984322,0.10288193220984322
2023-04-26,10.290953584542157,0.10290953584542156
2023-04-27,10.293699361099883,0.10293699361099883
2023-04-28,10.296430528527583,0.10296430528527584
2023-04-29,10.299147064695346,0.10299147064695345
2023-04-30,10.301848947473255,0.10301848947473255
2023-05-01,10.304536154731391,0.1030453615473139
2023-05-02,10.307208664339845,0.10307208664339845
2023-05-03,10.309866454168695,0.10309866454168695
2023-05-04,10.312509502088032,0.10312509502088033
2023-05-05,10.315137785967936,0.10315137785967936
2023-05-06,10.317751283678497,0.10317751283678497
2023-05-07,10.320349973089796,0.10320349973089796
2023-05-08,10.322933832071914,0.10322933832071915
2023-05-09,10.325502838494943,0.10325502838494943
2023-05-10,10.328056970228964,0.10328056970228965
2023-05-11,10.330596205144063,0.10330596205144063
2023-05-12,10.333120521110324,0.10333120521110324
2023-05-13,10.335629895997831,0.10335629895997832
2023-05-14,10.338124307676672,0.10338124307676672
2023-05-15,10.340603734016927,0.10340603734016927
2023-05-16,10.343068152888684,0.10343068152888683
2023-05-17,10.345517542162026,0.10345517542162026
2023-05-18,10.34795187970704,0.1034795187970704
2023-05-19,10.35037114339381,0.10350371143393809
2023-05-20,10.352775311092419,0.10352775311092419
2023-05-21,10.355164360672951,0.10355164360672951
2023-05-22,10.357538270005495,0.10357538270005495
2023-05-23,10.359897016960133,0.10359897016960133
2023-05-24,10.362240579406947,0.10362240579406948
2023-05-25,10.36456893521603,0.10364568935216029
2023-05-26,10.366882062257456,0.10366882062257457
2023-05-27,10.36917993840132,0.1036917993840132
2023-05-28,10.371462541517698,0.10371462541517698
2023-05-29,10.373729849476682,0.10373729849476682
2023-05-30,10.375981840148352,0.10375981840148352
2023-05-31,10.378218491402793,0.10378218491402792
2023-06-01,10.380439781110091,0.10380439781110092
2023-06-02,10.382645687140332,0.10382645687140332
2023-06-03,10.384836187363598,0.10384836187363598
2023-06-04,10.387011259649977,0.10387011259649977
2023-06-05,10.389170881869552,0.10389170881869551
2023-06-06,10.391315031892406,0.10391315031892406
2023-06-07,10.393443687588626,0.10393443687588626
2023-06-08,10.395556826828297,0.10395556826828298
2023-06-09,10.397654427481502,0.10397654427481502
2023-06-10,10.399736467418325,0.10399736467418325
2023-06-11,10.401802924508853,0.10401802924508853
2023-06-12,10.403853776623171,0.1040385377662317
2023-06-13,10.405889001631365,0.10405889001631366
2023-06-14,10.407908577403514,0.10407908577403514
2023-06-15,10.409912481809705,0.10409912481809705
2023-06-16,10.411900692720028,0.10411900692720027
2023-06-17,10.41387318800456,0.1041387318800456
2023-06-18,10.415829945533392,0.10415829945533392
2023-06-19,10.417770943176603,0.10417770943176602
2023-06-20,10.419696158804285,0.10419696158804286
2023-06-21,10.421605570286516,0.10421605570286516
2023-06-22,10.423499155493385,0.10423499155493385
2023-06-23,10.425376892294974,0.10425376892294974
2023-06-24,10.42723875856137,0.10427238758561369
2023-06-25,10.429084732162657,0.10429084732162658
2023-06-26,10.430914790968917,0.10430914790968916
2023-06-27,10.432728912850237,0.10432728912850237
2023-06-28,10.434527075676705,0.10434527075676706
2023-06-29,10.436309257318399,0.10436309257318399
2023-06-30,10.438075435645407,0.10438075435645407
2023-07-01,10.439825588527818,0.10439825588527818
2023-07-02,10.44155969383571,0.1044155969383571
2023-07-03,10.44327772943917,0.10443277729439171
2023-07-04,10.444979673208287,0.10444979673208288
2023-07-05,10.446665503013138,0.10446665503013138
2023-07-06,10.448335196723814,0.10448335196723814
2023-07-07,10.449988732210397,0.10449988732210397
2023-07-08,10.451626087342971,0.10451626087342972
2023-07-09,10.453247239991622,0.10453247239991623
2023-07-10,10.454852168026434,0.10454852168026435
2023-07-11,10.456440849317495,0.10456440849317496
2023-07-12,10.458013261734884,0.10458013261734883
2023-07-13,10.459569383148693,0.10459569383148694
2023-07-14,10.461109191429,0.10461109191429
2023-07-15,10.462632664445891,0.10462632664445891
2023-07-16,10.464139780069452,0.10464139780069452
2023-07-17,10.46563051616977,0.10465630516169769
2023-07-18,10.467104850616927,0.10467104850616928
2023-07-19,10.468562761281008,0.10468562761281008
2023-07-20,10.470004226032097,0.10470004226032098
2023-07-21,10.471429222740282,0.10471429222740282
2023-07-22,10.472837729275643,0.10472837729275643
2023-07-23,10.474229723508271,0.10474229723508272
2023-07-24,10.475605183308245,0.10475605183308245
2023-07-25,10.47696408654565,0.1047696408654565
2023-07-26,10.478306411090575,0.10478306411090575
2023-07-27,10.479632134813098,0.10479632134813098
2023-07-28,10.48094123558331,0.1048094123558331
2023-07-29,10.482233691271297,0.10482233691271298
2023-07-30,10.483509479747136,0.10483509479747136
2023-07-31,10.484768578880917,0.10484768578880917
2023-08-01,10.486010966542725,0.10486010966542725
2023-08-02,10.487236620602646,0.10487236620602645
2023-08-03,10.488445518930757,0.10488445518930757
2023-08-04,10.489637639397152,0.10489637639397152
2023-08-05,10.49081295987191,0.1049081295987191
2023-08-06,10.491971458225118,0.10491971458225118
2023-08-07,10.493113112326862,0.10493113112326861
2023-08-08,10.49423790004722,0.10494237900047221
2023-08-09,10.495345799256285,0.10495345799256285
2023-08-10,10.49643678782414,0.1049643678782414
2023-08-11,10.497510843620866,0.10497510843620866
2023-08-12,10.49856794451655,0.1049856794451655
2023-08-13,10.499608068381278,0.10499608068381278
2023-08-14,10.500631193085134,0.10500631193085135
2023-08-15,10.501637296498203,0.10501637296498202
2023-08-16,10.502626356490566,0.10502626356490566
2023-08-17,10.503598350932311,0.10503598350932311
2023-08-18,10.504553257693523,0.10504553257693523
2023-08-19,10.505491054644285,0.10505491054644285
2023-08-20,10.506411719654686,0.10506411719654686
2023-08-21,10.507315230594806,0.10507315230594806
2023-08-22,10.50820156533473,0.1050820156533473
2023-08-23,10.509070701744545,0.10509070701744544
2023-08-24,10.509922617694333,0.10509922617694333
2023-08-25,10.510757291054183,0.10510757291054183
2023-08-26,10.51157469969418,0.10511574699694179
2023-08-27,10.5123748214844,0.10512374821484399
2023-08-28,10.513157634294938,0.10513157634294938
2023-08-29,10.513923115995873,0.10513923115995873
2023-08-30,10.514671244457288,0.10514671244457288
2023-08-31,10.515401997549274,0.10515401997549274
2023-09-01,10.516115353141913,0.10516115353141914
2023-09-02,10.516811289105291,0.10516811289105292
2023-09-03,10.51748978330949,0.1051748978330949
2023-09-04,10.518150813624594,0.10518150813624594
2023-09-05,10.51879435792069,0.1051879435792069
2023-09-06,10.519420394067865,0.10519420394067865
2023-09-07,10.520028899936198,0.10520028899936198
2023-09-08,10.520619853395779,0.1052061985339578
2023-09-09,10.521193232316687,0.10521193232316688
2023-09-10,10.521749014569016,0.10521749014569017
2023-09-11,10.522287178022843,0.10522287178022843
2023-09-12,10.522807700548253,0.10522807700548252
2023-09-13,10.523310560015336,0.10523310560015336
2023-09-14,10.523795734294168,0.10523795734294168
2023-09-15,10.524263201254843,0.10524263201254844
2023-09-16,10.52471293876744,0.1052471293876744
2023-09-17,10.525144924702047,0.10525144924702047
2023-09-18,10.525559136928745,0.10525559136928746
2023-09-19,10.525955553317623,0.10525955553317623
2023-09-20,10.526334151738762,0.10526334151738763
2023-09-21,10.52669491006225,0.10526694910062251
2023-09-22,10.52703780615817,0.1052703780615817
2023-09-23,10.527362817896607,0.10527362817896607
2023-09-24,10.527669923147645,0.10527669923147645
2023-09-25,10.52795909978137,0.1052795909978137
2023-09-26,10.528230325667867,0.10528230325667867
2023-09-27,10.528483578677218,0.10528483578677218
2023-09-28,10.52871883667951,0.1052871883667951
2023-09-29,10.528936077544829,0.10528936077544829
2023-09-30,10.529135279143253,0.10529135279143252
2023-10-01,10.529316419344878,0.10529316419344878
2023-10-02,10.52947947601978,0.1052947947601978
2023-10-03,10.529624427038048,0.10529624427038048
2023-10-04,10.52975125026976,0.1052975125026976
2023-10-05,10.529859923585008,0.10529859923585008
2023-10-06,10.52995042485388,0.10529950424853879
2023-10-07,10.530022731946449,0.10530022731946449
2023-10-08,10.530076822732806,0.10530076822732806
2023-10-09,10.53011267508304,0.10530112675083039
2023-10-10,10.530130266867229,0.10530130266867228
2023-10-11,10.530129575955456,0.10530129575955456
2023-10-12,10.530110580217816,0.10530110580217816
2023-10-13,10.530073257524386,0.10530073257524386
2023-10-14,10.530017585745252,0.10530017585745252
2023-10-15,10.529943542750498,0.10529943542750499
2023-10-16,10.529851106410213,0.10529851106410212
2023-10-17,10.529740254594476,0.10529740254594476
2023-10-18,10.529610965173376,0.10529610965173376
2023-10-19,10.529463216016993,0.10529463216016993
2023-10-20,10.529296984995415,0.10529296984995415
2023-10-21,10.529112249978729,0.10529112249978728
2023-10-22,10.528908988837017,0.10528908988837017
2023-10-23,10.528687179440361,0.1052868717944036
2023-10-24,10.528446799658854,0.10528446799658854
2023-10-25,10.528187827362574,0.10528187827362574
2023-10-26,10.527910240421605,0.10527910240421605
2023-10-27,10.527614016706035,0.10527614016706036
2023-10-28,10.527299134085947,0.10527299134085948
2023-10-29,10.526965570431429,0.10526965570431429
2023-10-30,10.52661330361256,0.1052661330361256
2023-10-31,10.526242311499429,0.10526242311499429
2023-11-01,10.525852571962123,0.10525852571962123
2023-11-02,10.525444062870719,0.10525444062870719
2023-11-03,10.525016762095307,0.10525016762095307
2023-11-04,10.524570647505971,0.10524570647505971
2023-11-05,10.524105696972796,0.10524105696972796
2023-11-06,10.523621888365865,0.10523621888365865
2023-11-07,10.523119199555264,0.10523119199555264
2023-11-08,10.52259760841108,0.10522597608411081
2023-11-09,10.522057092803397,0.10522057092803397
2023-11-10,10.521497630602294,0.10521497630602294
2023-11-11,10.520919199677863,0.10520919199677863
2023-11-12,10.520321777900184,0.10520321777900184
2023-11-13,10.519705343139346,0.10519705343139346
2023-11-14,10.51906987326543,0.1051906987326543
2023-11-15,10.51841534614852,0.1051841534614852
2023-11-16,10.517741739658703,0.10517741739658704
2023-11-17,10.517049031666067,0.10517049031666068
2023-11-18,10.51633720004069,0.1051633720004069
2023-11-19,10.515606222652659,0.10515606222652658
2023-11-20,10.514856077372064,0.10514856077372065
2023-11-21,10.514086742068981,0.10514086742068982
2023-11-22,10.513298194613501,0.10513298194613502
2023-11-23,10.512490412875707,0.10512490412875707
2023-11-24,10.511663374725686,0.10511663374725685
2023-11-25,10.510817058033517,0.10510817058033517
2023-11-26,10.509951440669287,0.10509951440669286
2023-11-27,10.509066500503083,0.10509066500503084
2023-11-28,10.50816221540499,0.1050816221540499
2023-11-29,10.507238563245092,0.10507238563245093
2023-11-30,10.506295521893472,0.10506295521893472
2023-12-01,10.505333069220214,0.10505333069220214
2023-12-02,10.504351183095405,0.10504351183095405
2023-12-03,10.503349841389127,0.10503349841389127
2023-12-04,10.502329021971471,0.10502329021971471
2023-12-05,10.501288702712518,0.10501288702712518
2023-12-06,10.500228861482352,0.10500228861482352
2023-12-07,10.499149476151057,0.10499149476151057
2023-12-08,10.498050524588717,0.10498050524588716
2023-12-09,10.496931984665421,0.10496931984665421
2023-12-10,10.495793834251254,0.10495793834251253
2023-12-11,10.494636051216293,0.10494636051216294
2023-12-12,10.49345861343063,0.1049345861343063
2023-12-13,10.492261498764348,0.10492261498764348
2023-12-14,10.491044685087529,0.10491044685087529
2023-12-15,10.489808150270264,0.10489808150270263
2023-12-16,10.488551872182633,0.10488551872182633
2023-12-17,10.48727582869472,0.1048727582869472
2023-12-18,10.485979997676614,0.10485979997676614
2023-12-19,10.48466435699839,0.10484664356998391
2023-12-20,10.483328884530145,0.10483328884530145
2023-12-21,10.48197355814196,0.10481973558141959
2023-12-22,10.480598355703917,0.10480598355703917
2023-12-23,10.479203255086102,0.10479203255086102
2023-12-24,10.477788234158597,0.10477788234158597
2023-12-25,10.476353270791492,0.10476353270791491
2023-12-26,10.474898342854871,0.10474898342854871
2023-12-27,10.473423428218814,0.10473423428218814
2023-12-28,10.471928504753409,0.10471928504753408
2023-12-29,10.47041355032874,0.1047041355032874
2023-12-30,10.468878542814892,0.10468878542814891
2023-12-31,10.46732346008195,0.1046732346008195
2024-01-01,10.46574828,0.10465748279999999
