Date,Value,Rate_Log_Returns
2007-01-02,68.5,0.0
2007-01-03,68.5,0.0
2007-01-04,68.5,0.0
2007-01-05,68.5,0.0
2007-01-06,68.5,0.0
2007-01-07,68.5,0.0
2007-01-08,68.5,0.0
2007-01-09,68.5,0.0
2007-01-10,68.5,0.0
2007-01-11,68.5,0.0
2007-01-12,68.5,0.0
2007-01-13,68.5,0.0
2007-01-14,68.5,0.0
2007-01-15,68.5,0.0
2007-01-16,68.5,0.0
2007-01-17,68.5,0.0
2007-01-18,68.5,0.0
2007-01-19,68.5,0.0
2007-01-20,68.5,0.0
2007-01-21,68.5,0.0
2007-01-22,68.5,0.0
2007-01-23,68.5,0.0
2007-01-24,68.5,0.0
2007-01-25,68.5,0.0
2007-01-26,68.5,0.0
2007-01-27,68.5,0.0
2007-01-28,68.5,0.0
2007-01-29,68.5,0.0
2007-01-30,68.5,0.0
2007-01-31,68.5,0.0
2007-02-01,68.5,0.0
2007-02-02,68.5,0.0
2007-02-03,68.5,0.0
2007-02-04,68.5,0.0
2007-02-05,68.5,0.0
2007-02-06,68.5,0.0
2007-02-07,68.5,0.0
2007-02-08,68.5,0.0
2007-02-09,68.5,0.0
2007-02-10,68.5,0.0
2007-02-11,68.5,0.0
2007-02-12,68.5,0.0
2007-02-13,68.5,0.0
2007-02-14,68.5,0.0
2007-02-15,68.5,0.0
2007-02-16,68.5,0.0
2007-02-17,68.5,0.0
2007-02-18,68.5,0.0
2007-02-19,68.5,0.0
2007-02-20,68.5,0.0
2007-02-21,68.5,0.0
2007-02-22,68.5,0.0
2007-02-23,68.5,0.0
2007-02-24,68.5,0.0
2007-02-25,68.5,0.0
2007-02-26,68.5,0.0
2007-02-27,68.5,0.0
2007-02-28,68.5,0.0
2007-03-01,68.5,0.0
2007-03-02,68.5,0.0
2007-03-03,68.5,0.0
2007-03-04,68.5,0.0
2007-03-05,68.5,0.0
2007-03-06,68.5,0.0
2007-03-07,68.5,0.0
2007-03-08,68.5,0.0
2007-03-09,68.5,0.0
2007-03-10,68.5,0.0
2007-03-11,68.5,0.0
2007-03-12,68.5,0.0
2007-03-13,68.5,0.0
2007-03-14,68.5,0.0
2007-03-15,68.5,0.0
2007-03-16,68.5,0.0
2007-03-17,68.5,0.0
2007-03-18,68.5,0.0
2007-03-19,68.5,0.0
2007-03-20,68.5,0.0
2007-03-21,68.5,0.0
2007-03-22,68.5,0.0
2007-03-23,68.5,0.0
2007-03-24,68.5,0.0
2007-03-25,68.5,0.0
2007-03-26,68.5,0.0
2007-03-27,68.5,0.0
2007-03-28,68.5,0.0
2007-03-29,68.5,0.0
2007-03-30,68.5,0.0
2007-03-31,68.5,0.0
2007-04-01,68.5,0.0
2007-04-02,68.5,0.0
2007-04-03,68.5,0.0
2007-04-04,68.5,0.0
2007-04-05,68.5,0.0
2007-04-06,68.5,0.0
2007-04-07,68.5,0.0
2007-04-08,68.5,0.0
2007-04-09,68.5,0.0
2007-04-10,68.5,0.0
2007-04-11,68.5,0.0
2007-04-12,68.5,0.0
2007-04-13,68.5,0.0
2007-04-14,68.5,0.0
2007-04-15,68.5,0.0
2007-04-16,68.5,0.0
2007-04-17,68.5,0.0
2007-04-18,68.5,0.0
2007-04-19,68.5,0.0
2007-04-20,68.5,0.0
2007-04-21,68.5,0.0
2007-04-22,68.5,0.0
2007-04-23,68.5,0.0
2007-04-24,68.5,0.0
2007-04-25,68.5,0.0
2007-04-26,68.5,0.0
2007-04-27,68.5,0.0
2007-04-28,68.5,0.0
2007-04-29,68.5,0.0
2007-04-30,68.5,0.0
2007-05-01,68.5,0.0
2007-05-02,68.5,0.0
2007-05-03,68.5,0.0
2007-05-04,68.5,0.0
2007-05-05,68.5,0.0
2007-05-06,68.5,0.0
2007-05-07,68.5,0.0
2007-05-08,68.5,0.0
2007-05-09,68.5,0.0
2007-05-10,68.5,0.0
2007-05-11,68.5,0.0
2007-05-12,68.5,0.0
2007-05-13,68.5,0.0
2007-05-14,68.5,0.0
2007-05-15,68.5,0.0
2007-05-16,68.5,0.0
2007-05-17,68.5,0.0
2007-05-18,68.5,0.0
2007-05-19,68.5,0.0
2007-05-20,68.5,0.0
2007-05-21,68.5,0.0
2007-05-22,68.5,0.0
2007-05-23,68.5,0.0
2007-05-24,68.5,0.0
2007-05-25,68.5,0.0
2007-05-26,68.5,0.0
2007-05-27,68.5,0.0
2007-05-28,68.5,0.0
2007-05-29,68.5,0.0
2007-05-30,68.5,0.0
2007-05-31,68.5,0.0
2007-06-01,68.5,0.0
2007-06-02,68.5,0.0
2007-06-03,68.5,0.0
2007-06-04,68.5,0.0
2007-06-05,68.5,0.0
2007-06-06,68.5,0.0
2007-06-07,68.5,0.0
2007-06-08,68.5,0.0
2007-06-09,68.5,0.0
2007-06-10,68.5,0.0
2007-06-11,68.5,0.0
2007-06-12,68.5,0.0
2007-06-13,68.5,0.0
2007-06-14,68.5,0.0
2007-06-15,68.5,0.0
2007-06-16,68.5,0.0
2007-06-17,68.5,0.0
2007-06-18,68.5,0.0
2007-06-19,68.5,0.0
2007-06-20,68.5,0.0
2007-06-21,68.5,0.0
2007-06-22,68.5,0.0
2007-06-23,68.5,0.0
2007-06-24,68.5,0.0
2007-06-25,68.5,0.0
2007-06-26,68.5,0.0
2007-06-27,68.5,0.0
2007-06-28,68.5,0.0
2007-06-29,68.5,0.0
2007-06-30,68.5,0.0
2007-07-01,68.5,0.0
2007-07-02,68.5,0.0
2007-07-03,68.5,0.0
2007-07-04,68.5,0.0
2007-07-05,68.5,0.0
2007-07-06,68.5,0.0
2007-07-07,68.5,0.0
2007-07-08,68.5,0.0
2007-07-09,68.5,0.0
2007-07-10,68.5,0.0
2007-07-11,68.5,0.0
2007-07-12,68.5,0.0
2007-07-13,68.5,0.0
2007-07-14,68.5,0.0
2007-07-15,68.5,0.0
2007-07-16,68.5,0.0
2007-07-17,68.5,0.0
2007-07-18,68.5,0.0
2007-07-19,68.5,0.0
2007-07-20,68.5,0.0
2007-07-21,68.5,0.0
2007-07-22,68.5,0.0
2007-07-23,68.5,0.0
2007-07-24,68.5,0.0
2007-07-25,68.5,0.0
2007-07-26,68.5,0.0
2007-07-27,68.5,0.0
2007-07-28,68.5,0.0
2007-07-29,68.5,0.0
2007-07-30,68.5,0.0
2007-07-31,68.5,0.0
2007-08-01,68.5,0.0
2007-08-02,68.5,0.0
2007-08-03,68.5,0.0
2007-08-04,68.5,0.0
2007-08-05,68.5,0.0
2007-08-06,68.5,0.0
2007-08-07,68.5,0.0
2007-08-08,68.5,0.0
2007-08-09,68.5,0.0
2007-08-10,68.5,0.0
2007-08-11,68.5,0.0
2007-08-12,68.5,0.0
2007-08-13,68.5,0.0
2007-08-14,68.5,0.0
2007-08-15,68.5,0.0
2007-08-16,68.5,0.0
2007-08-17,68.5,0.0
2007-08-18,68.5,0.0
2007-08-19,68.5,0.0
2007-08-20,68.5,0.0
2007-08-21,68.5,0.0
2007-08-22,68.5,0.0
2007-08-23,68.5,0.0
2007-08-24,68.5,0.0
2007-08-25,68.5,0.0
2007-08-26,68.5,0.0
2007-08-27,68.5,0.0
2007-08-28,68.5,0.0
2007-08-29,68.5,0.0
2007-08-30,68.5,0.0
2007-08-31,68.5,0.0
2007-09-01,68.5,0.0
2007-09-02,68.5,0.0
2007-09-03,68.5,0.0
2007-09-04,68.5,0.0
2007-09-05,68.5,0.0
2007-09-06,68.5,0.0
2007-09-07,68.5,0.0
2007-09-08,68.5,0.0
2007-09-09,68.5,0.0
2007-09-10,68.5,0.0
2007-09-11,68.5,0.0
2007-09-12,68.5,0.0
2007-09-13,68.5,0.0
2007-09-14,68.5,0.0
2007-09-15,68.5,0.0
2007-09-16,68.5,0.0
2007-09-17,68.5,0.0
2007-09-18,68.5,0.0
2007-09-19,68.5,0.0
2007-09-20,68.5,0.0
2007-09-21,68.5,0.0
2007-09-22,68.5,0.0
2007-09-23,68.5,0.0
2007-09-24,68.5,0.0
2007-09-25,68.5,0.0
2007-09-26,68.5,0.0
2007-09-27,68.5,0.0
2007-09-28,68.5,0.0
2007-09-29,68.5,0.0
2007-09-30,68.5,0.0
2007-10-01,68.5,0.0
2007-10-02,68.5,0.0
2007-10-03,68.5,0.0
2007-10-04,68.5,0.0
2007-10-05,68.5,0.0
2007-10-06,68.5,0.0
2007-10-07,68.5,0.0
2007-10-08,68.5,0.0
2007-10-09,68.5,0.0
2007-10-10,68.5,0.0
2007-10-11,68.5,0.0
2007-10-12,68.5,0.0
2007-10-13,68.5,0.0
2007-10-14,68.5,0.0
2007-10-15,68.5,0.0
2007-10-16,68.5,0.0
2007-10-17,68.5,0.0
2007-10-18,68.5,0.0
2007-10-19,68.5,0.0
2007-10-20,68.5,0.0
2007-10-21,68.5,0.0
2007-10-22,68.5,0.0
2007-10-23,68.5,0.0
2007-10-24,68.5,0.0
2007-10-25,68.5,0.0
2007-10-26,68.5,0.0
2007-10-27,68.5,0.0
2007-10-28,68.5,0.0
2007-10-29,68.5,0.0
2007-10-30,68.5,0.0
2007-10-31,68.5,0.0
2007-11-01,68.5,0.0
2007-11-02,68.5,0.0
2007-11-03,68.5,0.0
2007-11-04,68.5,0.0
2007-11-05,68.5,0.0
2007-11-06,68.5,0.0
2007-11-07,68.5,0.0
2007-11-08,68.5,0.0
2007-11-09,68.5,0.0
2007-11-10,68.5,0.0
2007-11-11,68.5,0.0
2007-11-12,68.5,0.0
2007-11-13,68.5,0.0
2007-11-14,68.5,0.0
2007-11-15,68.5,0.0
2007-11-16,68.5,0.0
2007-11-17,68.5,0.0
2007-11-18,68.5,0.0
2007-11-19,68.5,0.0
2007-11-20,68.5,0.0
2007-11-21,68.5,0.0
2007-11-22,68.5,0.0
2007-11-23,68.5,0.0
2007-11-24,68.5,0.0
2007-11-25,68.5,0.0
2007-11-26,68.5,0.0
2007-11-27,68.5,0.0
2007-11-28,68.5,0.0
2007-11-29,68.5,0.0
2007-11-30,68.5,0.0
2007-12-01,68.5,0.0
2007-12-02,68.5,0.0
2007-12-03,68.5,0.0
2007-12-04,68.5,0.0
2007-12-05,68.5,0.0
2007-12-06,68.5,0.0
2007-12-07,68.5,0.0
2007-12-08,68.5,0.0
2007-12-09,68.5,0.0
2007-12-10,68.5,0.0
2007-12-11,68.5,0.0
2007-12-12,68.5,0.0
2007-12-13,68.5,0.0
2007-12-14,68.5,0.0
2007-12-15,68.5,0.0
2007-12-16,68.5,0.0
2007-12-17,68.5,0.0
2007-12-18,68.5,0.0
2007-12-19,68.5,0.0
2007-12-20,68.5,0.0
2007-12-21,68.5,0.0
2007-12-22,68.5,0.0
2007-12-23,68.5,0.0
2007-12-24,68.5,0.0
2007-12-25,68.5,0.0
2007-12-26,68.5,0.0
2007-12-27,68.5,0.0
2007-12-28,68.5,0.0
2007-12-29,68.5,0.0
2007-12-30,68.5,0.0
2007-12-31,68.5,0.0
2008-01-01,68.5,0.0
2008-01-02,68.5,0.0
2008-01-03,68.5,0.0
2008-01-04,68.5,0.0
2008-01-05,68.5,0.0
2008-01-06,68.5,0.0
2008-01-07,68.5,0.0
2008-01-08,68.5,0.0
2008-01-09,68.5,0.0
2008-01-10,68.5,0.0
2008-01-11,68.5,0.0
2008-01-12,68.5,0.0
2008-01-13,68.5,0.0
2008-01-14,68.5,0.0
2008-01-15,68.5,0.0
2008-01-16,68.5,0.0
2008-01-17,68.5,0.0
2008-01-18,68.5,0.0
2008-01-19,68.5,0.0
2008-01-20,68.5,0.0
2008-01-21,68.5,0.0
2008-01-22,68.5,0.0
2008-01-23,68.5,0.0
2008-01-24,68.5,0.0
2008-01-25,68.5,0.0
2008-01-26,68.5,0.0
2008-01-27,68.5,0.0
2008-01-28,68.5,0.0
2008-01-29,68.5,0.0
2008-01-30,68.5,0.0
2008-01-31,68.5,0.0
2008-02-01,68.5,0.0
2008-02-02,68.5,0.0
2008-02-03,68.5,0.0
2008-02-04,68.5,0.0
2008-02-05,68.5,0.0
2008-02-06,68.5,0.0
2008-02-07,68.5,0.0
2008-02-08,68.5,0.0
2008-02-09,68.5,0.0
2008-02-10,68.5,0.0
2008-02-11,68.5,0.0
2008-02-12,68.5,0.0
2008-02-13,68.5,0.0
2008-02-14,68.5,0.0
2008-02-15,68.5,0.0
2008-02-16,68.5,0.0
2008-02-17,68.5,0.0
2008-02-18,68.5,0.0
2008-02-19,68.5,0.0
2008-02-20,68.5,0.0
2008-02-21,68.5,0.0
2008-02-22,68.5,0.0
2008-02-23,68.5,0.0
2008-02-24,68.5,0.0
2008-02-25,68.5,0.0
2008-02-26,68.5,0.0
2008-02-27,68.5,0.0
2008-02-28,68.5,0.0
2008-02-29,68.5,0.0
2008-03-01,68.5,0.0
2008-03-02,68.5,0.0
2008-03-03,68.5,0.0
2008-03-04,68.5,0.0
2008-03-05,68.5,0.0
2008-03-06,68.5,0.0
2008-03-07,68.5,0.0
2008-03-08,68.5,0.0
2008-03-09,68.5,0.0
2008-03-10,68.5,0.0
2008-03-11,68.5,0.0
2008-03-12,68.5,0.0
2008-03-13,68.5,0.0
2008-03-14,68.5,0.0
2008-03-15,68.5,0.0
2008-03-16,68.5,0.0
2008-03-17,68.5,0.0
2008-03-18,68.5,0.0
2008-03-19,68.5,0.0
2008-03-20,68.5,0.0
2008-03-21,68.5,0.0
2008-03-22,68.5,0.0
2008-03-23,68.5,0.0
2008-03-24,68.5,0.0
2008-03-25,68.5,0.0
2008-03-26,68.5,0.0
2008-03-27,68.5,0.0
2008-03-28,68.5,0.0
2008-03-29,68.5,0.0
2008-03-30,68.5,0.0
2008-03-31,68.5,0.0
2008-04-01,68.5,0.0
2008-04-02,68.5,0.0
2008-04-03,68.5,0.0
2008-04-04,68.5,0.0
2008-04-05,68.5,0.0
2008-04-06,68.5,0.0
2008-04-07,68.5,0.0
2008-04-08,68.5,0.0
2008-04-09,68.5,0.0
2008-04-10,68.5,0.0
2008-04-11,68.5,0.0
2008-04-12,68.5,0.0
2008-04-13,68.5,0.0
2008-04-14,68.5,0.0
2008-04-15,68.5,0.0
2008-04-16,68.5,0.0
2008-04-17,68.5,0.0
2008-04-18,68.5,0.0
2008-04-19,68.5,0.0
2008-04-20,68.5,0.0
2008-04-21,68.5,0.0
2008-04-22,68.5,0.0
2008-04-23,68.5,0.0
2008-04-24,68.5,0.0
2008-04-25,68.5,0.0
2008-04-26,68.5,0.0
2008-04-27,68.5,0.0
2008-04-28,68.5,0.0
2008-04-29,68.5,0.0
2008-04-30,68.5,0.0
2008-05-01,68.5,0.0
2008-05-02,68.5,0.0
2008-05-03,68.5,0.0
2008-05-04,68.5,0.0
2008-05-05,68.5,0.0
2008-05-06,68.5,0.0
2008-05-07,68.5,0.0
2008-05-08,68.5,0.0
2008-05-09,68.5,0.0
2008-05-10,68.5,0.0
2008-05-11,68.5,0.0
2008-05-12,68.5,0.0
2008-05-13,68.5,0.0
2008-05-14,68.5,0.0
2008-05-15,68.5,0.0
2008-05-16,68.5,0.0
2008-05-17,68.5,0.0
2008-05-18,68.5,0.0
2008-05-19,68.5,0.0
2008-05-20,68.5,0.0
2008-05-21,68.5,0.0
2008-05-22,68.5,0.0
2008-05-23,68.5,0.0
2008-05-24,68.5,0.0
2008-05-25,68.5,0.0
2008-05-26,68.5,0.0
2008-05-27,68.5,0.0
2008-05-28,68.5,0.0
2008-05-29,68.5,0.0
2008-05-30,68.5,0.0
2008-05-31,68.5,0.0
2008-06-01,68.5,0.0
2008-06-02,68.5,0.0
2008-06-03,68.5,0.0
2008-06-04,68.5,0.0
2008-06-05,68.5,0.0
2008-06-06,68.5,0.0
2008-06-07,68.5,0.0
2008-06-08,68.5,0.0
2008-06-09,68.5,0.0
2008-06-10,68.5,0.0
2008-06-11,68.5,0.0
2008-06-12,68.5,0.0
2008-06-13,68.5,0.0
2008-06-14,68.5,0.0
2008-06-15,68.5,0.0
2008-06-16,68.5,0.0
2008-06-17,68.5,0.0
2008-06-18,68.5,0.0
2008-06-19,68.5,0.0
2008-06-20,68.5,0.0
2008-06-21,68.5,0.0
2008-06-22,68.5,0.0
2008-06-23,68.5,0.0
2008-06-24,68.5,0.0
2008-06-25,68.5,0.0
2008-06-26,68.5,0.0
2008-06-27,68.5,0.0
2008-06-28,68.5,0.0
2008-06-29,68.5,0.0
2008-06-30,68.5,0.0
2008-07-01,68.5,0.0
2008-07-02,68.5,0.0
2008-07-03,68.5,0.0
2008-07-04,68.5,0.0
2008-07-05,68.5,0.0
2008-07-06,68.5,0.0
2008-07-07,68.5,0.0
2008-07-08,68.5,0.0
2008-07-09,68.5,0.0
2008-07-10,68.5,0.0
2008-07-11,68.5,0.0
2008-07-12,68.5,0.0
2008-07-13,68.5,0.0
2008-07-14,68.5,0.0
2008-07-15,68.5,0.0
2008-07-16,68.5,0.0
2008-07-17,68.5,0.0
2008-07-18,68.5,0.0
2008-07-19,68.5,0.0
2008-07-20,68.5,0.0
2008-07-21,68.5,0.0
2008-07-22,68.5,0.0
2008-07-23,68.5,0.0
2008-07-24,68.5,0.0
2008-07-25,68.5,0.0
2008-07-26,68.5,0.0
2008-07-27,68.5,0.0
2008-07-28,68.5,0.0
2008-07-29,68.5,0.0
2008-07-30,68.5,0.0
2008-07-31,68.5,0.0
2008-08-01,68.5,0.0
2008-08-02,68.5,0.0
2008-08-03,68.5,0.0
2008-08-04,68.5,0.0
2008-08-05,68.5,0.0
2008-08-06,68.5,0.0
2008-08-07,68.45,-0.0007301935337216764
2008-08-08,68.5,0.0007301935337216852
2008-08-09,68.48333333333333,-0.00024333860687052593
2008-08-10,68.46666666666667,-0.00024339783496085695
2008-08-11,68.45,-0.00024345709189021043
2008-08-12,68.5,0.0007301935337216852
2008-08-13,68.45,-0.0007301935337216764
2008-08-14,68.45,0.0
2008-08-15,68.45,0.0
2008-08-16,68.46666666666667,0.00024345709189026044
2008-08-17,68.48333333333333,0.00024339783496095686
2008-08-18,68.5,0.00024333860687048993
2008-08-19,68.45,-0.0007301935337216764
2008-08-20,68.45,0.0
2008-08-21,68.45,0.0
2008-08-22,68.45,0.0
2008-08-23,68.45,0.0
2008-08-24,68.45,0.0
2008-08-25,68.45,0.0
2008-08-26,68.35,-0.0014619885644994997
2008-08-27,68.45,0.0014619885644994101
2008-08-28,68.45,0.0
2008-08-29,68.35,-0.0014619885644994997
2008-08-30,68.38333333333333,0.0004875670501268609
2008-08-31,68.41666666666667,0.0004873294443427936
2008-09-01,68.45,0.0004870920700299516
2008-09-02,68.35,-0.0014619885644994997
2008-09-03,68.5,0.002192182098221051
2008-09-04,68.5,0.0
2008-09-05,68.5,0.0
2008-09-06,68.43333333333334,-0.0009737099114013643
2008-09-07,68.36666666666666,-0.0009746589465531004
2008-09-08,68.3,-0.0009756098334808073
2008-09-09,68.45,0.0021937851577136127
2008-09-10,68.3,-0.0021937851577135507
2008-09-11,68.3,0.0
2008-09-12,68.15,-0.002198608434202634
2008-09-13,68.13333333333334,-0.00024458848110196627
2008-09-14,68.11666666666666,-0.0002446483192632692
2008-09-15,68.1,-0.00024470818670990004
2008-09-16,68.1,0.0
2008-09-17,68.45,0.005126338578991363
2008-09-18,68.45,0.0
2008-09-19,68.45,0.0
2008-09-20,68.4,-0.0007307271059530922
2008-09-21,68.35,-0.0007312614585463425
2008-09-22,68.3,-0.0007317965932141176
2008-09-23,68.45,0.0021937851577136127
2008-09-24,68.3,-0.0021937851577135507
2008-09-25,68.3,0.0
2008-09-26,68.3,0.0
2008-09-27,68.35,0.000731796593214146
2008-09-28,68.4,0.0007312614585463625
2008-09-29,68.45,0.0007307271059531384
2008-09-30,68.45,0.0
2008-10-01,68.45,0.0
2008-10-02,68.45,0.0
2008-10-03,68.3,-0.0021937851577135507
2008-10-04,68.35,0.000731796593214146
2008-10-05,68.4,0.0007312614585463625
2008-10-06,68.45,0.0007307271059531384
2008-10-07,68.3,-0.0021937851577135507
2008-10-08,68.5,0.002923978691435282
2008-10-09,68.5,0.0
2008-10-10,68.5,0.0
2008-10-11,68.5,0.0
2008-10-12,68.5,0.0
2008-10-13,68.5,0.0
2008-10-14,68.55,0.0007296607401436462
2008-10-15,68.45,-0.0014598542738654056
2008-10-16,68.45,0.0
2008-10-17,68.45,0.0
2008-10-18,68.45,0.0
2008-10-19,68.45,0.0
2008-10-20,68.45,0.0
2008-10-21,68.5,0.0007301935337216852
2008-10-22,68.0,-0.007326040092072898
2008-10-23,68.5,0.007326040092072881
2008-10-24,68.5,0.0
2008-10-25,68.5,0.0
2008-10-26,68.5,0.0
2008-10-27,68.5,0.0
2008-10-28,68.6,0.0014587894636598666
2008-10-29,68.55,-0.0007291287235160571
2008-10-30,67.85,-0.010264019727445242
2008-10-31,67.65,-0.0029520316640808814
2008-11-01,67.88333333333334,0.003443190809514968
2008-11-02,68.11666666666666,0.0034313759158644576
2008-11-03,68.35,0.003419641827782033
2008-11-04,68.15,-0.002930405027416777
2008-11-05,67.9,-0.0036751235778911943
2008-11-06,67.9,0.0
2008-11-07,67.9,0.0
2008-11-08,67.91666666666667,0.00024542888821195435
2008-11-09,67.93333333333334,0.0002453686676524364
2008-11-10,67.95,0.00024530847663795585
2008-11-11,67.9,-0.0007361060325022046
2008-11-12,67.9,0.0
2008-11-13,68.65,0.010985097649329574
2008-11-14,68.05,-0.008778403116505112
2008-11-15,68.25,0.002934704967594022
2008-11-16,68.45,0.002926117669388771
2008-11-17,68.65,0.0029175804795222803
2008-11-18,68.65,0.0
2008-11-19,67.9,-0.010985097649329584
2008-11-20,68.1,0.0029411785908160073
2008-11-21,68.1,0.0
2008-11-22,68.11666666666666,0.0002447081867099061
2008-11-23,68.13333333333334,0.0002446483192633459
2008-11-24,68.15,0.000244588481101936
2008-11-25,68.17,0.0002934272321522167
2008-11-26,68.2,0.000439979474722627
2008-11-27,68.2,0.0
2008-11-28,68.2,0.0
2008-11-29,68.38333333333334,0.002684565370668983
2008-11-30,68.56666666666666,0.0026773777707161726
2008-12-01,68.75,0.002670228555878892
2008-12-02,68.85,0.0014534886279830986
2008-12-03,68.6,-0.003637690442824361
2008-12-04,68.5,-0.001458789463659873
2008-12-05,68.15,-0.0051225871256378565
2008-12-06,68.16666666666667,0.00024452867220503663
2008-12-07,68.18333333333334,0.00024446889255112
2008-12-08,68.2,0.0002444091421184363
2008-12-09,68.2,0.0
2008-12-10,68.2,0.0
2008-12-11,68.2,0.0
2008-12-12,67.95,-0.003672424252263694
2008-12-13,67.93333333333334,-0.00024530847663798425
2008-12-14,67.91666666666667,-0.00024536866765233423
2008-12-15,67.9,-0.0002454288882119316
2008-12-16,67.7,-0.0029498546464211237
2008-12-17,68.5,0.011747565349950235
2008-12-18,68.3,-0.002923978691435312
2008-12-19,68.25,-0.000732332511675224
2008-12-20,68.25,0.0
2008-12-21,68.25,0.0
2008-12-22,68.25,0.0
2008-12-23,68.25,0.0
2008-12-24,68.3,0.0007323325116752631
2008-12-25,68.3,0.0
2008-12-26,68.3,0.0
2008-12-27,68.13333333333333,-0.0024431969153047854
2008-12-28,67.96666666666667,-0.002449180749139696
2008-12-29,67.8,-0.0024551939659499763
2008-12-30,68.85,0.015368030228313937
2008-12-31,68.9,0.0007259528449491545
2009-01-01,68.9,0.0
2009-01-02,68.0,-0.013148472843506323
2009-01-03,68.08333333333333,0.0012247398958958697
2009-01-04,68.16666666666667,0.0012232417427442321
2009-01-05,68.25,0.0012217472503222913
2009-01-06,68.85,0.008752791109594708
2009-01-07,68.0,-0.012422519998557096
2009-01-08,67.5,-0.007380107297622534
2009-01-09,67.5,0.0
2009-01-10,67.66666666666667,0.0024660924951934683
2009-01-11,67.83333333333333,0.0024600258408621774
2009-01-12,68.0,0.002453988961566787
2009-01-13,68.3,0.004402061400637665
2009-01-14,68.3,0.0
2009-01-15,68.3,0.0
2009-01-16,68.25,-0.000732332511675224
2009-01-17,68.21666666666667,-0.0004885197947667948
2009-01-18,68.18333333333334,-0.0004887585630044071
2009-01-19,68.15,-0.0004889975647562846
2009-01-20,68.15,0.0
2009-01-21,67.9,-0.0036751235778911943
2009-01-22,68.2,0.004408530284765956
2009-01-23,68.2,0.0
2009-01-24,68.2,0.0
2009-01-25,68.2,0.0
2009-01-26,68.2,0.0
2009-01-27,68.3,0.0014652017273279626
2009-01-28,68.3,0.0
2009-01-29,68.3,0.0
2009-01-30,68.65,0.005111365637235829
2009-01-31,68.63333333333334,-0.00024280684834597732
2009-02-01,68.61666666666666,-0.00024286581783025443
2009-02-02,68.6,-0.00024292481596450223
2009-02-03,68.25,-0.005115100666770377
2009-02-04,68.3,0.0007323325116752631
2009-02-05,68.3,0.0
2009-02-06,68.5,0.002923978691435282
2009-02-07,68.55,0.0007296607401436462
2009-02-08,68.60000000000001,0.0007291287235162065
2009-02-09,68.65,0.0007285974821405398
2009-02-10,68.65,0.0
2009-02-11,68.1,-0.008043919058513524
2009-02-12,68.3,0.00293255342127772
2009-02-13,68.3,0.0
2009-02-14,68.41666666666667,0.0017066930876836568
2009-02-15,68.53333333333333,0.0017037852484724377
2009-02-16,68.65,0.0017008873010799204
2009-02-17,68.65,0.0
2009-02-18,68.5,-0.002187386945800511
2009-02-19,68.3,-0.002923978691435312
2009-02-20,68.2,-0.0014652017273278806
2009-02-21,68.35000000000001,0.0021969983205421496
2009-02-22,68.5,0.0021921820982208295
2009-02-23,68.65,0.0021873869458004583
2009-02-24,68.3,-0.005111365637235783
2009-02-25,68.65,0.005111365637235829
2009-02-26,68.0,-0.009513427037873475
2009-02-27,68.3,0.004402061400637665
2009-02-28,68.41666666666667,0.0017066930876836568
2009-03-01,68.53333333333333,0.0017037852484724377
2009-03-02,68.65,0.0017008873010799204
2009-03-03,68.0,-0.009513427037873475
2009-03-04,68.3,0.004402061400637665
2009-03-05,68.65,0.005111365637235829
2009-03-06,68.3,-0.005111365637235783
2009-03-07,68.23333333333333,-0.00097656257761017
2009-03-08,68.16666666666666,-0.0009775171843875755
2009-03-09,68.1,-0.0009784736592800003
2009-03-10,68.1,0.0
2009-03-11,68.65,0.008043919058513547
2009-03-12,68.3,-0.005111365637235783
2009-03-13,68.65,0.005111365637235829
2009-03-14,68.46666666666667,-0.0026741233876319418
2009-03-15,68.28333333333333,-0.002681293501577796
2009-03-16,68.1,-0.0026885021693038103
2009-03-17,68.75,0.009499523391214175
2009-03-18,68.1,-0.009499523391214031
2009-03-19,68.3,0.00293255342127772
2009-03-20,68.3,0.0
2009-03-21,68.3,0.0
2009-03-22,68.3,0.0
2009-03-23,68.3,0.0
2009-03-24,68.75,0.0065669699699363645
2009-03-25,68.75,0.0
2009-03-26,68.75,0.0
2009-03-27,68.1,-0.009499523391214031
2009-03-28,68.16666666666666,0.0009784736592799222
2009-03-29,68.23333333333333,0.0009775171843875686
2009-03-30,68.3,0.0009765625776101702
2009-03-31,68.75,0.0065669699699363645
2009-04-01,68.3,-0.006566969969936382
2009-04-02,68.75,0.0065669699699363645
2009-04-03,68.3,-0.006566969969936382
2009-04-04,68.28333333333333,-0.0002440512519739746
2009-04-05,68.26666666666667,-0.00024411082752736184
2009-04-06,68.25,-0.0002441704321739145
2009-04-07,68.25,0.0
2009-04-08,68.3,0.0007323325116752631
2009-04-09,68.25,-0.000732332511675224
2009-04-10,68.5,0.003656311203110479
2009-04-11,68.43333333333334,-0.0009737099114013643
2009-04-12,68.36666666666666,-0.0009746589465531004
2009-04-13,68.3,-0.0009756098334808073
2009-04-14,69.0,0.010196738020515085
2009-04-15,68.75,-0.0036297680505787237
2009-04-16,68.25,-0.007299302481611608
2009-04-17,68.25,0.0
2009-04-18,68.25,0.0
2009-04-19,68.25,0.0
2009-04-20,68.25,0.0
2009-04-21,68.75,0.007299302481611535
2009-04-22,68.25,-0.007299302481611608
2009-04-23,68.75,0.007299302481611535
2009-04-24,68.75,0.0
2009-04-25,68.75,0.0
2009-04-26,68.75,0.0
2009-04-27,68.75,0.0
2009-04-28,68.75,0.0
2009-04-29,68.75,0.0
2009-04-30,68.75,0.0
2009-05-01,68.75,0.0
2009-05-02,68.75,0.0
2009-05-03,68.75,0.0
2009-05-04,68.75,0.0
2009-05-05,68.7,-0.0007275373183769789
2009-05-06,68.75,0.0007275373183769279
2009-05-07,68.75,0.0
2009-05-08,68.75,0.0
2009-05-09,68.75,0.0
2009-05-10,68.75,0.0
2009-05-11,68.75,0.0
2009-05-12,68.75,0.0
2009-05-13,68.75,0.0
2009-05-14,68.75,0.0
2009-05-15,68.75,0.0
2009-05-16,68.75,0.0
2009-05-17,68.75,0.0
2009-05-18,68.75,0.0
2009-05-19,68.75,0.0
2009-05-20,68.75,0.0
2009-05-21,68.75,0.0
2009-05-22,68.75,0.0
2009-05-23,68.75,0.0
2009-05-24,68.75,0.0
2009-05-25,68.75,0.0
2009-05-26,68.6,-0.002184201814841237
2009-05-27,68.7,0.0014566644964641641
2009-05-28,68.75,0.0007275373183769279
2009-05-29,68.75,0.0
2009-05-30,68.75333333333333,4.848367313246695e-05
2009-05-31,68.75666666666667,4.848132258010211e-05
2009-06-01,68.76,4.847897225531643e-05
2009-06-02,68.75,-0.00014544396796788614
2009-06-03,68.75,0.0
2009-06-04,68.7,-0.0007275373183769789
2009-06-05,68.7,0.0
2009-06-06,68.71666666666667,0.00024257125649571412
2009-06-07,68.73333333333333,0.0002425124299504561
2009-06-08,68.75,0.00024245363193088208
2009-06-09,68.6,-0.002184201814841237
2009-06-10,68.6,0.0
2009-06-11,68.75,0.0021842018148412073
2009-06-12,68.5,-0.003642991278501092
2009-06-13,68.55,0.0007296607401436462
2009-06-14,68.60000000000001,0.0007291287235162065
2009-06-15,68.65,0.0007285974821405398
2009-06-16,68.75,0.0014556043327005853
2009-06-17,68.75,0.0
2009-06-18,68.75,0.0
2009-06-19,68.75,0.0
2009-06-20,68.75,0.0
2009-06-21,68.75,0.0
2009-06-22,68.75,0.0
2009-06-23,68.75,0.0
2009-06-24,68.75,0.0
2009-06-25,68.75,0.0
2009-06-26,68.75,0.0
2009-06-27,68.75,0.0
2009-06-28,68.75,0.0
2009-06-29,68.75,0.0
2009-06-30,68.75,0.0
2009-07-01,68.6,-0.002184201814841237
2009-07-02,68.7,0.0014566644964641641
2009-07-03,68.76,0.0008729812863449192
2009-07-04,68.76,0.0
2009-07-05,68.76,0.0
2009-07-06,68.76,0.0
2009-07-07,68.75,-0.00014544396796788614
2009-07-08,68.75,0.0
2009-07-09,68.75,0.0
2009-07-10,68.75,0.0
2009-07-11,68.75,0.0
2009-07-12,68.75,0.0
2009-07-13,68.75,0.0
2009-07-14,68.75,0.0
2009-07-15,68.75,0.0
2009-07-16,68.75,0.0
2009-07-17,68.75,0.0
2009-07-18,68.83333333333333,0.0012113871862970882
2009-07-19,68.91666666666667,0.0012099215027133728
2009-07-20,69.0,0.001208459361568327
2009-07-21,68.75,-0.0036297680505787237
2009-07-22,68.6,-0.002184201814841237
2009-07-23,68.75,0.0021842018148412073
2009-07-24,68.75,0.0
2009-07-25,68.68333333333334,-0.000970167429963993
2009-07-26,68.61666666666666,-0.0009711095689127769
2009-07-27,68.55,-0.000972053539480546
2009-07-28,68.75,0.002913330538357307
2009-07-29,68.75,0.0
2009-07-30,68.75,0.0
2009-07-31,68.75,0.0
2009-08-01,68.75,0.0
2009-08-02,68.75,0.0
2009-08-03,68.75,0.0
2009-08-04,69.05,0.004354143308620434
2009-08-05,68.75,-0.004354143308620392
2009-08-06,68.75,0.0
2009-08-07,68.65,-0.0014556043327005389
2009-08-08,68.60000000000001,-0.0007285974821404986
2009-08-09,68.55,-0.0007291287235162793
2009-08-10,68.5,-0.0007296607401437432
2009-08-11,68.75,0.0036429912785010087
2009-08-12,68.75,0.0
2009-08-13,68.75,0.0
2009-08-14,68.5,-0.003642991278501092
2009-08-15,68.58333333333333,0.001215805620889728
2009-08-16,68.66666666666667,0.0012143292324019804
2009-08-17,68.75,0.0012128564252092296
2009-08-18,69.05,0.004354143308620434
2009-08-19,68.5,-0.007997134587121523
2009-08-20,68.75,0.0036429912785010087
2009-08-21,68.75,0.0
2009-08-22,68.75,0.0
2009-08-23,68.75,0.0
2009-08-24,68.75,0.0
2009-08-25,68.75,0.0
2009-08-26,68.75,0.0
2009-08-27,68.5,-0.003642991278501092
2009-08-28,68.5,0.0
2009-08-29,68.5,0.0
2009-08-30,68.5,0.0
2009-08-31,68.5,0.0
2009-09-01,68.75,0.0036429912785010087
2009-09-02,68.75,0.0
2009-09-03,69.05,0.004354143308620434
2009-09-04,68.75,-0.004354143308620392
2009-09-05,68.75,0.0
2009-09-06,68.75,0.0
2009-09-07,68.75,0.0
2009-09-08,68.5,-0.003642991278501092
2009-09-09,68.75,0.0036429912785010087
2009-09-10,68.75,0.0
2009-09-11,68.75,0.0
2009-09-12,68.75,0.0
2009-09-13,68.75,0.0
2009-09-14,68.75,0.0
2009-09-15,68.55,-0.0029133305383573405
2009-09-16,68.75,0.002913330538357307
2009-09-17,68.75,0.0
2009-09-18,68.75,0.0
2009-09-19,68.75,0.0
2009-09-20,68.75,0.0
2009-09-21,68.75,0.0
2009-09-22,68.75,0.0
2009-09-23,68.5,-0.003642991278501092
2009-09-24,68.45,-0.0007301935337216764
2009-09-25,68.45,0.0
2009-09-26,68.55,0.001459854273865451
2009-09-27,68.65,0.0014577262056567847
2009-09-28,68.75,0.0014556043327005853
2009-09-29,68.5,-0.003642991278501092
2009-09-30,68.75,0.0036429912785010087
2009-10-01,68.7,-0.0007275373183769789
2009-10-02,68.75,0.0007275373183769279
2009-10-03,68.85,0.0014534886279830986
2009-10-04,68.95,0.0014513790646469855
2009-10-05,69.05,0.0014492756159902157
2009-10-06,68.5,-0.007997134587121523
2009-10-07,68.75,0.0036429912785010087
2009-10-08,68.75,0.0
2009-10-09,68.75,0.0
2009-10-10,68.75,0.0
2009-10-11,68.75,0.0
2009-10-12,68.75,0.0
2009-10-13,69.05,0.004354143308620434
2009-10-14,68.75,-0.004354143308620392
2009-10-15,68.75,0.0
2009-10-16,68.75,0.0
2009-10-17,68.75,0.0
2009-10-18,68.75,0.0
2009-10-19,68.75,0.0
2009-10-20,68.75,0.0
2009-10-21,69.1,0.005077994226943483
2009-10-22,68.5,-0.00872098550544454
2009-10-23,68.5,0.0
2009-10-24,68.53333333333333,0.0004864996447207225
2009-10-25,68.56666666666666,0.00048626307790144004
2009-10-26,68.6,0.00048602674103762864
2009-10-27,68.6,0.0
2009-10-28,68.75,0.0021842018148412073
2009-10-29,68.65,-0.0014556043327005389
2009-10-30,68.75,0.0014556043327005853
2009-10-31,68.75,0.0
2009-11-01,68.75,0.0
2009-11-02,68.75,0.0
2009-11-03,68.75,0.0
2009-11-04,68.75,0.0
2009-11-05,68.7,-0.0007275373183769789
2009-11-06,68.75,0.0007275373183769279
2009-11-07,68.75,0.0
2009-11-08,68.75,0.0
2009-11-09,68.75,0.0
2009-11-10,68.75,0.0
2009-11-11,68.75,0.0
2009-11-12,68.75,0.0
2009-11-13,68.7,-0.0007275373183769789
2009-11-14,68.7,0.0
2009-11-15,68.7,0.0
2009-11-16,68.7,0.0
2009-11-17,68.75,0.0007275373183769279
2009-11-18,68.65,-0.0014556043327005389
2009-11-19,68.75,0.0014556043327005853
2009-11-20,68.75,0.0
2009-11-21,68.75,0.0
2009-11-22,68.75,0.0
2009-11-23,68.75,0.0
2009-11-24,68.65,-0.0014556043327005389
2009-11-25,68.65,0.0
2009-11-26,68.65,0.0
2009-11-27,68.75,0.0014556043327005853
2009-11-28,68.75,0.0
2009-11-29,68.75,0.0
2009-11-30,68.75,0.0
2009-12-01,68.65,-0.0014556043327005389
2009-12-02,68.75,0.0014556043327005853
2009-12-03,68.75,0.0
2009-12-04,68.75,0.0
2009-12-05,68.76666666666667,0.00024239486241568598
2009-12-06,68.78333333333333,0.0002423361213846717
2009-12-07,68.8,0.00024227740881675505
2009-12-08,68.8,0.0
2009-12-09,68.9,0.0014524330803150226
2009-12-10,68.9,0.0
2009-12-11,68.65,-0.003635045805632855
2009-12-12,68.73333333333333,0.0012131507007697756
2009-12-13,68.81666666666668,0.0012116807492398036
2009-12-14,68.9,0.0012102143556232475
2009-12-15,68.9,0.0
2009-12-16,68.65,-0.003635045805632855
2009-12-17,68.9,0.003635045805632747
2009-12-18,68.65,-0.003635045805632855
2009-12-19,68.65,0.0
2009-12-20,68.65,0.0
2009-12-21,68.65,0.0
2009-12-22,68.9,0.003635045805632747
2009-12-23,68.9,0.0
2009-12-24,68.65,-0.003635045805632855
2009-12-25,68.7125,0.0009100009727986133
2009-12-26,68.775,0.0009091736238595019
2009-12-27,68.8375,0.0009083477779616314
2009-12-28,68.9,0.0009075234310130572
2009-12-29,68.95,0.000725426219697804
2009-12-30,68.95,0.0
2009-12-31,68.75,-0.0029048676926301848
2010-01-01,68.7375,-0.0001818347127475711
2010-01-02,68.725,-0.0001818677826236924
2010-01-03,68.7125,-0.00018190086453047437
2010-01-04,68.7,-0.00018193395847513602
2010-01-05,68.75,0.0007275373183769279
2010-01-06,68.98,0.003339870962014169
2010-01-07,68.98,0.0
2010-01-08,68.98,0.0
2010-01-09,68.98,0.0
2010-01-10,68.98,0.0
2010-01-11,68.98,0.0
2010-01-12,68.98,0.0
2010-01-13,68.98,0.0
2010-01-14,68.98,0.0
2010-01-15,68.7,-0.004067408280391166
2010-01-16,68.7,0.0
2010-01-17,68.7,0.0
2010-01-18,68.7,0.0
2010-01-19,68.98,0.004067408280391217
2010-01-20,68.88,-0.0014507473892196212
2010-01-21,68.73,-0.0021800749859613587
2010-01-22,68.88,0.002180074985961405
2010-01-23,68.86999999999999,-0.00014519056286851174
2010-01-24,68.86,-0.0001452116462290117
2010-01-25,68.85,-0.00014523273571394752
2010-01-26,68.85,0.0
2010-01-27,69.1,0.003624505598960298
2010-01-28,68.74,-0.005223459351936347
2010-01-29,68.85,0.001598953752975997
2010-01-30,68.85,0.0
2010-01-31,68.85,0.0
2010-02-01,68.85,0.0
2010-02-02,68.85,0.0
2010-02-03,68.85,0.0
2010-02-04,68.85,0.0
2010-02-05,68.85,0.0
2010-02-06,68.85,0.0
2010-02-07,68.85,0.0
2010-02-08,68.85,0.0
2010-02-09,68.85,0.0
2010-02-10,69.0,0.00217627942259567
2010-02-11,69.0,0.0
2010-02-12,69.0,0.0
2010-02-13,69.08333333333333,0.0012070007500352875
2010-02-14,69.16666666666667,0.0012055456553486893
2010-02-15,69.25,0.00120409406480451
2010-02-16,69.0,-0.0036166404701885504
2010-02-17,69.0,0.0
2010-02-18,69.0,0.0
2010-02-19,69.0,0.0
2010-02-20,69.0,0.0
2010-02-21,69.0,0.0
2010-02-22,69.0,0.0
2010-02-23,69.0,0.0
2010-02-24,69.0,0.0
2010-02-25,69.0,0.0
2010-02-26,69.0,0.0
2010-02-27,69.06666666666666,0.0009657171199587913
2010-02-28,69.13333333333334,0.0009647854100991251
2010-03-01,69.2,0.000963855496306659
2010-03-02,69.0,-0.002894358026364526
2010-03-03,69.0,0.0
2010-03-04,69.0,0.0
2010-03-05,69.0,0.0
2010-03-06,69.0,0.0
2010-03-07,69.0,0.0
2010-03-08,69.0,0.0
2010-03-09,69.0,0.0
2010-03-10,69.0,0.0
2010-03-11,69.22,0.0031833336099388082
2010-03-12,69.0,-0.003183333609938833
2010-03-13,69.0,0.0
2010-03-14,69.0,0.0
2010-03-15,69.0,0.0
2010-03-16,69.0,0.0
2010-03-17,69.0,0.0
2010-03-18,69.0,0.0
2010-03-19,69.2,0.0028943580263645565
2010-03-20,69.13333333333334,-0.0009638554963065164
2010-03-21,69.06666666666666,-0.0009647854100991121
2010-03-22,69.0,-0.0009657171199588627
2010-03-23,69.0,0.0
2010-03-24,69.25,0.003616640470188515
2010-03-25,69.22,-0.00043330686024967103
2010-03-26,69.22,0.0
2010-03-27,69.13,-0.001301048250024642
2010-03-28,69.04,-0.0013027431820009517
2010-03-29,68.95,-0.0013044425358617379
2010-03-30,69.2,0.003619258384313058
2010-03-31,69.2,0.0
2010-04-01,68.95,-0.0036192583843130685
2010-04-02,68.75,-0.0029048676926301848
2010-04-03,68.75,0.0
2010-04-04,68.75,0.0
2010-04-05,68.75,0.0
2010-04-06,68.95,0.002904867692630207
2010-04-07,68.95,0.0
2010-04-08,68.95,0.0
2010-04-09,68.95,0.0
2010-04-10,68.95,0.0
2010-04-11,68.95,0.0
2010-04-12,68.95,0.0
2010-04-13,68.95,0.0
2010-04-14,68.95,0.0
2010-04-15,68.95,0.0
2010-04-16,68.95,0.0
2010-04-17,68.95,0.0
2010-04-18,68.95,0.0
2010-04-19,68.95,0.0
2010-04-20,68.95,0.0
2010-04-21,68.95,0.0
2010-04-22,68.95,0.0
2010-04-23,68.95,0.0
2010-04-24,68.95,0.0
2010-04-25,68.95,0.0
2010-04-26,68.95,0.0
2010-04-27,68.95,0.0
2010-04-28,68.95,0.0
2010-04-29,68.95,0.0
2010-04-30,68.95,0.0
2010-05-01,68.95,0.0
2010-05-02,68.95,0.0
2010-05-03,68.95,0.0
2010-05-04,68.95,0.0
2010-05-05,68.95,0.0
2010-05-06,68.95,0.0
2010-05-07,68.95,0.0
2010-05-08,68.95,0.0
2010-05-09,68.95,0.0
2010-05-10,68.95,0.0
2010-05-11,68.95,0.0
2010-05-12,69.25,0.004341540828137013
2010-05-13,69.25,0.0
2010-05-14,69.25,0.0
2010-05-15,69.25,0.0
2010-05-16,69.25,0.0
2010-05-17,69.25,0.0
2010-05-18,69.25,0.0
2010-05-19,69.25,0.0
2010-05-20,69.25,0.0
2010-05-21,69.25,0.0
2010-05-22,69.26666666666667,0.00024064492956937518
2010-05-23,69.28333333333333,0.00024058703351940118
2010-05-24,69.3,0.00024052916532086544
2010-05-25,69.25,-0.000721761128409624
2010-05-26,69.35,0.0014430016933927351
2010-05-27,68.9,-0.006509968741227542
2010-05-28,68.9,0.0
2010-05-29,68.9,0.0
2010-05-30,68.9,0.0
2010-05-31,68.9,0.0
2010-06-01,69.3,0.005788728176244525
2010-06-02,69.28,-0.00028864194167777
2010-06-03,69.28,0.0
2010-06-04,69.28,0.0
2010-06-05,69.29666666666667,0.00024054073673346958
2010-06-06,69.31333333333333,0.0002404828908013033
2010-06-07,69.33,0.0002404250726846214
2010-06-08,69.3,-0.0004328067585415272
2010-06-09,69.25,-0.000721761128409624
2010-06-10,69.25,0.0
2010-06-11,69.25,0.0
2010-06-12,69.27333333333333,0.00033688668894299337
2010-06-13,69.29666666666667,0.0003367732345223272
2010-06-14,69.32,0.0003366598564921481
2010-06-15,69.25,-0.0010103197799573665
2010-06-16,69.25,0.0
2010-06-17,69.25,0.0
2010-06-18,69.25,0.0
2010-06-19,69.28333333333333,0.0004812319630889564
2010-06-20,69.31666666666666,0.0004810004902741555
2010-06-21,69.35,0.0004807692400296633
2010-06-22,69.38,0.00043249478076297766
2010-06-23,69.4,0.0002882259711553251
2010-06-24,69.25,-0.0021637224453110305
2010-06-25,69.4,0.0021637224453109672
2010-06-26,69.35000000000001,-0.0007207207519181792
2010-06-27,69.3,-0.0007212405649832143
2010-06-28,69.25,-0.000721761128409624
2010-06-29,69.42,0.0024518653661922724
2010-06-30,69.5,0.001151742137106107
2010-07-01,69.25,-0.0036036075032985443
2010-07-02,69.25,0.0
2010-07-03,69.3,0.0007217611284096771
2010-07-04,69.35000000000001,0.0007212405649832267
2010-07-05,69.4,0.0007207207519181666
2010-07-06,69.42,0.00028814292088128347
2010-07-07,69.4,-0.00028814292088135595
2010-07-08,69.4,0.0
2010-07-09,69.4,0.0
2010-07-10,69.41666666666667,0.0002401248660835482
2010-07-11,69.43333333333334,0.00024006721997433248
2010-07-12,69.45,0.0002400096015361194
2010-07-13,69.45,0.0
2010-07-14,69.45,0.0
2010-07-15,69.4,-0.0007202016875939215
2010-07-16,69.4,0.0
2010-07-17,69.4,0.0
2010-07-18,69.4,0.0
2010-07-19,69.4,0.0
2010-07-20,69.4,0.0
2010-07-21,69.4,0.0
2010-07-22,69.4,0.0
2010-07-23,69.4,0.0
2010-07-24,69.4,0.0
2010-07-25,69.4,0.0
2010-07-26,69.4,0.0
2010-07-27,69.4,0.0
2010-07-28,69.4,0.0
2010-07-29,69.4,0.0
2010-07-30,69.4,0.0
2010-07-31,69.4,0.0
2010-08-01,69.4,0.0
2010-08-02,69.4,0.0
2010-08-03,69.4,0.0
2010-08-04,69.4,0.0
2010-08-05,69.4,0.0
2010-08-06,69.4,0.0
2010-08-07,69.4,0.0
2010-08-08,69.4,0.0
2010-08-09,69.4,0.0
2010-08-10,69.4,0.0
2010-08-11,69.4,0.0
2010-08-12,69.4,0.0
2010-08-13,69.4,0.0
2010-08-14,69.27333333333334,-0.0018268357563678026
2010-08-15,69.14666666666666,-0.0018301791940918475
2010-08-16,69.02,-0.001833534892441826
2010-08-17,69.4,0.005490549842901619
2010-08-18,69.4,0.0
2010-08-19,69.05,-0.005055987657457838
2010-08-20,69.05,0.0
2010-08-21,69.03333333333333,-0.00024140012187233667
2010-08-22,69.01666666666667,-0.00024145840996225452
2010-08-23,69.0,-0.00024151672620718794
2010-08-24,69.0,0.0
2010-08-25,69.55,0.007939413772192525
2010-08-26,69.55,0.0
2010-08-27,69.55,0.0
2010-08-28,69.55,0.0
2010-08-29,69.55,0.0
2010-08-30,69.55,0.0
2010-08-31,69.4,-0.002159050856692927
2010-09-01,69.4,0.0
2010-09-02,69.58,0.0025903022110370898
2010-09-03,69.58,0.0
2010-09-04,69.52,-0.0008626887666593801
2010-09-05,69.46000000000001,-0.0008634336412084299
2010-09-06,69.4,-0.0008641798031692008
2010-09-07,69.4,0.0
2010-09-08,69.15,-0.003608809401991609
2010-09-09,69.0,-0.002171553513507907
2010-09-10,69.05,0.0007243752580417016
2010-09-11,69.07333333333334,0.0003378623001948959
2010-09-12,69.09666666666666,0.0003377481878140193
2010-09-13,69.12,0.00033763415248998056
2010-09-14,69.0,-0.0017376198985408486
2010-09-15,69.26,0.003761034377016617
2010-09-16,69.58,0.004609630749520035
2010-09-17,69.58,0.0
2010-09-18,69.58666666666666,9.580838330663593e-05
2010-09-19,69.59333333333333,9.579920493997047e-05
2010-09-20,69.6,9.579002833120152e-05
2010-09-21,69.26,-0.004897028366097912
2010-09-22,69.2,-0.0008666763506520148
2010-09-23,69.21,0.00014449823014794788
2010-09-24,69.22,0.00014447735342621452
2010-09-25,69.21333333333334,-9.631591627949405e-05
2010-09-26,69.20666666666666,-9.632519392899836e-05
2010-09-27,69.2,-9.633447336566485e-05
2010-09-28,69.4,0.002886004889135073
2010-09-29,69.4,0.0
2010-09-30,69.2,-0.0028860048891349867
2010-10-01,69.2,0.0
2010-10-02,69.63333333333334,0.006242517270786641
2010-10-03,70.06666666666666,0.006203789880330445
2010-10-04,70.5,0.006165540043481954
2010-10-05,70.0,-0.0071174677688639896
2010-10-06,70.0,0.0
2010-10-07,69.8,-0.002861232281032235
2010-10-08,70.0,0.002861232281032195
2010-10-09,70.09,0.0012848884628744491
2010-10-10,70.17999999999999,0.0012832396428354845
2010-10-11,70.27,0.0012815950490372512
2010-10-12,69.55,-0.010299046834654409
2010-10-13,70.1,0.007876875671092347
2010-10-14,70.1,0.0
2010-10-15,70.1,0.0
2010-10-16,70.1,0.0
2010-10-17,70.1,0.0
2010-10-18,70.1,0.0
2010-10-19,70.1,0.0
2010-10-20,70.1,0.0
2010-10-21,70.4,0.004270469123452506
2010-10-22,69.85,-0.007843177461026005
2010-10-23,70.11666666666666,0.003810435665449416
2010-10-24,70.38333333333334,0.0037959713434227815
2010-10-25,70.65,0.003781616418693485
2010-10-26,70.22,-0.00610493839025041
2010-10-27,70.08,-0.001995724112150241
2010-10-28,70.7,0.008808126274391117
2010-10-29,70.7,0.0
2010-10-30,70.66666666666667,-0.0004715868986242526
2010-10-31,70.63333333333333,-0.0004718093977592056
2010-11-01,70.6,-0.0004720321069473077
2010-11-02,70.52,-0.0011337869695268459
2010-11-03,70.4,-0.001703094365672621
2010-11-04,69.8,-0.00855925339567006
2010-11-05,70.4,0.008559253395670131
2010-11-06,70.37666666666667,-0.00033149433211491645
2010-11-07,70.35333333333334,-0.000331604257047381
2010-11-08,70.33,-0.00033171425490769385
2010-11-09,70.4,0.0009948128440699418
2010-11-10,70.4,0.0
2010-11-11,70.4,0.0
2010-11-12,70.4,0.0
2010-11-13,70.36666666666667,-0.0004735969778314957
2010-11-14,70.33333333333333,-0.00047382137820857614
2010-11-15,70.3,-0.00047404599133753336
2010-11-16,69.85,-0.006421713113648395
2010-11-17,70.3,0.0064217131136485054
2010-11-18,70.3,0.0
2010-11-19,70.3,0.0
2010-11-20,70.3,0.0
2010-11-21,70.3,0.0
2010-11-22,70.3,0.0
2010-11-23,70.32,0.0002844545603021941
2010-11-24,70.35,0.0004265301834765393
2010-11-25,70.3,-0.0007109847437788233
2010-11-26,70.3,0.0
2010-11-27,70.31666666666666,0.00023705108561864762
2010-11-28,70.33333333333333,0.00023699490571874144
2010-11-29,70.35,0.00023693875244117758
2010-11-30,70.35,0.0
2010-12-01,70.35,0.0
2010-12-02,70.45,0.0014204547842913444
2010-12-03,70.45,0.0
2010-12-04,70.48333333333333,0.000473036905698545
2010-12-05,70.51666666666667,0.00047281324757881047
2010-12-06,70.55,0.0004725898008561038
2010-12-07,70.55,0.0
2010-12-08,70.58,0.00042513994830106354
2010-12-09,70.6,0.00028332625207229596
2010-12-10,70.6,0.0
2010-12-11,70.61,0.00014163302905904722
2010-12-12,70.61999999999999,0.00014161297198472906
2010-12-13,70.63,0.00014159292059065949
2010-12-14,70.45,-0.0025517450761415807
2010-12-15,70.45,0.0
2010-12-16,70.45,0.0
2010-12-17,70.45,0.0
2010-12-18,70.51666666666667,0.0009458501532775353
2010-12-19,70.58333333333334,0.0009449563660875049
2010-12-20,70.65,0.0009440642664823036
2010-12-21,70.45,-0.0028348707858472967
2010-12-22,70.45,0.0
2010-12-23,70.45,0.0
2010-12-24,70.45,0.0
2010-12-25,70.51666666666667,0.0009458501532775353
2010-12-26,70.58333333333334,0.0009449563660875049
2010-12-27,70.65,0.0009440642664823036
2010-12-28,70.65,0.0
2010-12-29,70.45,-0.0028348707858472967
2010-12-30,70.45,0.0
2010-12-31,70.45,0.0
2011-01-01,70.45,0.0
2011-01-02,70.45,0.0
2011-01-03,70.45,0.0
2011-01-04,70.95,0.007072165261362533
2011-01-05,70.95,0.0
2011-01-06,70.9,-0.0007049700679698213
2011-01-07,70.9,0.0
2011-01-08,70.9,0.0
2011-01-09,70.9,0.0
2011-01-10,70.9,0.0
2011-01-11,70.75,-0.0021178970147349174
2011-01-12,70.95,0.002822867082704724
2011-01-13,70.95,0.0
2011-01-14,70.95,0.0
2011-01-15,70.95,0.0
2011-01-16,70.95,0.0
2011-01-17,70.95,0.0
2011-01-18,71.0,0.0007044734352636159
2011-01-19,71.07,0.0009854297974882958
2011-01-20,70.95,-0.0016899032327519737
2011-01-21,70.95,0.0
2011-01-22,70.95,0.0
2011-01-23,70.95,0.0
2011-01-24,70.95,0.0
2011-01-25,70.95,0.0
2011-01-26,70.7,-0.003529830703524559
2011-01-27,70.7,0.0
2011-01-28,70.7,0.0
2011-01-29,70.66666666666667,-0.0004715868986242526
2011-01-30,70.63333333333333,-0.0004718093977592056
2011-01-31,70.6,-0.0004720321069473077
2011-02-01,70.95,0.004945259106855332
2011-02-02,70.95,0.0
2011-02-03,71.1,0.0021119332031433297
2011-02-04,71.1,0.0
2011-02-05,71.1,0.0
2011-02-06,71.1,0.0
2011-02-07,71.1,0.0
2011-02-08,71.1,0.0
2011-02-09,71.1,0.0
2011-02-10,70.95,-0.0021119332031433904
2011-02-11,70.95,0.0
2011-02-12,70.94333333333334,-9.396729944885885e-05
2011-02-13,70.93666666666667,-9.397613013228037e-05
2011-02-14,70.93,-9.398496247516413e-05
2011-02-15,70.92,-0.00014099400798827077
2011-02-16,70.92,0.0
2011-02-17,70.92,0.0
2011-02-18,70.9,-0.0002820476679252459
2011-02-19,70.9,0.0
2011-02-20,70.9,0.0
2011-02-21,70.9,0.0
2011-02-22,70.9,0.0
2011-02-23,70.9,0.0
2011-02-24,70.9,0.0
2011-02-25,70.9,0.0
2011-02-26,70.9,0.0
2011-02-27,70.9,0.0
2011-02-28,70.9,0.0
2011-03-01,71.28,0.0053453496244720905
2011-03-02,71.27,-0.00014030164877455934
2011-03-03,71.47,0.0028022997181082073
2011-03-04,71.47,0.0
2011-03-05,71.46333333333334,-9.32835821570923e-05
2011-03-06,71.45666666666666,-9.329228479583131e-05
2011-03-07,71.45,-9.33009890580546e-05
2011-03-08,71.53,0.0011190377444160766
2011-03-09,71.53,0.0
2011-03-10,71.52,-0.00013981125503378735
2011-03-11,71.5,-0.00027968116529662447
2011-03-12,71.5,0.0
2011-03-13,71.5,0.0
2011-03-14,71.5,0.0
2011-03-15,71.5,0.0
2011-03-16,71.9,0.005578815027039155
2011-03-17,71.9,0.0
2011-03-18,71.9,0.0
2011-03-19,71.9,0.0
2011-03-20,71.9,0.0
2011-03-21,71.9,0.0
2011-03-22,71.9,0.0
2011-03-23,72.55,0.008999714603195682
2011-03-24,72.5,-0.0006894174695677704
2011-03-25,72.5,0.0
2011-03-26,72.55,0.0006894174695677843
2011-03-27,72.60000000000001,0.0006889425005537833
2011-03-28,72.65,0.0006884681855414845
2011-03-29,72.7,0.0006879945231818285
2011-03-30,72.7,0.0
2011-03-31,72.5,-0.00275482267884462
2011-04-01,72.5,0.0
2011-04-02,72.58333333333333,0.0011487652038733585
2011-04-03,72.66666666666667,0.0011474470564769215
2011-04-04,72.75,0.0011461319306225416
2011-04-05,72.75,0.0
2011-04-06,72.78,0.00041228613241195617
2011-04-07,72.8,0.00027476301862656353
2011-04-08,72.8,0.0
2011-04-09,72.8,0.0
2011-04-10,72.8,0.0
2011-04-11,72.8,0.0
2011-04-12,72.77,-0.00041217284364520197
2011-04-13,72.8,0.00041217284364532817
2011-04-14,72.8,0.0
2011-04-15,72.8,0.0
2011-04-16,72.8,0.0
2011-04-17,72.8,0.0
2011-04-18,72.8,0.0
2011-04-19,72.82,0.00027468754464709985
2011-04-20,72.8,-0.0002746875446469976
2011-04-21,72.82,0.00027468754464709985
2011-04-22,72.82,0.0
2011-04-23,72.81,-0.0001373343406675749
2011-04-24,72.8,-0.00013735320397947347
2011-04-25,72.79,-0.0001373720724736285
2011-04-26,72.82,0.0004120596171206109
2011-04-27,72.93,0.001509434248854562
2011-04-28,72.85,-0.0010975443549280427
2011-04-29,72.85,0.0
2011-04-30,72.85,0.0
2011-05-01,72.85,0.0
2011-05-02,72.85,0.0
2011-05-03,72.92,0.00096041716924844
2011-05-04,72.95,0.00041132515833231014
2011-05-05,73.1,0.002054091786938048
2011-05-06,73.1,0.0
2011-05-07,73.1,0.0
2011-05-08,73.1,0.0
2011-05-09,73.1,0.0
2011-05-10,73.15,0.0006837607104006278
2011-05-11,73.1,-0.0006837607104006424
2011-05-12,73.12,0.00027356039016184625
2011-05-13,73.12,0.0
2011-05-14,73.13000000000001,0.00013675213696530866
2011-05-15,73.14,0.00013673343837530545
2011-05-16,73.15,0.0001367147448981628
2011-05-17,73.15,0.0
2011-05-18,73.16,0.00013669605653143885
2011-05-19,73.1,-0.0008204567669322079
2011-05-20,73.1,0.0
2011-05-21,73.16666666666666,0.0009115770913835572
2011-05-22,73.23333333333333,0.0009107468753386158
2011-05-23,73.3,0.0009099181701508606
2011-05-24,73.25,-0.0006823609954290284
2011-05-25,73.25,0.0
2011-05-26,73.42,0.002318130171511608
2011-05-27,73.42,0.0
2011-05-28,73.41333333333334,-9.080590244593556e-05
2011-05-29,73.40666666666667,-9.081414890687601e-05
2011-05-30,73.4,-9.082239686537824e-05
2011-05-31,73.55,0.0020415114269764084
2011-06-01,73.5,-0.0006800408286555144
2011-06-02,73.55,0.0006800408286554666
2011-06-03,73.55,0.0
2011-06-04,73.61666666666666,0.0009060023269792289
2011-06-05,73.68333333333334,0.0009051822297169389
2011-06-06,73.75,0.0009043636157865816
2011-06-07,73.75,0.0
2011-06-08,73.75,0.0
2011-06-09,73.8,0.000677736386497595
2011-06-10,73.8,0.0
2011-06-11,73.82666666666667,0.0003612716802299429
2011-06-12,73.85333333333332,0.00036114121013651343
2011-06-13,73.88,0.000361010834245757
2011-06-14,73.9,0.0002706726231170305
2011-06-15,73.85,-0.0006768189767674393
2011-06-16,73.85,0.0
2011-06-17,73.85,0.0
2011-06-18,73.85,0.0
2011-06-19,73.85,0.0
2011-06-20,73.85,0.0
2011-06-21,73.95,0.0013531801794200435
2011-06-22,73.95,0.0
2011-06-23,73.85,-0.0013531801794200813
2011-06-24,73.85,0.0
2011-06-25,73.91666666666666,0.0009023235441904031
2011-06-26,73.98333333333333,0.0009015100903554525
2011-06-27,74.05,0.0009006981018731283
2011-06-28,74.05,0.0
2011-06-29,74.05,0.0
2011-06-30,74.2,0.0020236094595269924
2011-07-01,74.2,0.0
2011-07-02,74.2,0.0
2011-07-03,74.2,0.0
2011-07-04,74.2,0.0
2011-07-05,74.22,0.00026950545911678334
2011-07-06,74.23,0.00013472549700413032
2011-07-07,74.26,0.00040406761947850965
2011-07-08,74.26,0.0
2011-07-09,74.31333333333333,0.0007179395444335277
2011-07-10,74.36666666666667,0.0007174244770094743
2011-07-11,74.42,0.0007169101480991348
2011-07-12,74.42,0.0
2011-07-13,74.45,0.0004030362115415549
2011-07-14,74.52,0.000939786603369727
2011-07-15,74.52,0.0
2011-07-16,74.50666666666666,-0.00017893889284574966
2011-07-17,74.49333333333334,-0.00017897091770348076
2011-07-18,74.48,-0.00017900295402667604
2011-07-19,74.5,0.00026849241670216345
2011-07-20,74.6,0.0013413818242013111
2011-07-21,74.65,0.0006700167754842812
2011-07-22,74.65,0.0
2011-07-23,74.61666666666667,-0.0004466279663345396
2011-07-24,74.58333333333333,-0.00044682753200999276
2011-07-25,74.55,-0.00044702727610759123
2011-07-26,74.65,0.0013404827744520503
2011-07-27,74.65,0.0
2011-07-28,74.65,0.0
2011-07-29,74.65,0.0
2011-07-30,74.66666666666667,0.00022323920173076628
2011-07-31,74.68333333333334,0.000223189377112263
2011-08-01,74.7,0.00022313957472918868
2011-08-02,74.7,0.0
2011-08-03,74.68,-0.0002677734652497163
2011-08-04,74.65,-0.0004017946883224818
2011-08-05,74.65,0.0
2011-08-06,74.65,0.0
2011-08-07,74.65,0.0
2011-08-08,74.65,0.0
2011-08-09,74.65,0.0
2011-08-10,74.7,0.0006695681535722229
2011-08-11,74.73,0.00040152580342717143
2011-08-12,74.73,0.0
2011-08-13,74.73,0.0
2011-08-14,74.73,0.0
2011-08-15,74.73,0.0
2011-08-16,74.73,0.0
2011-08-17,74.55,-0.002411576731451466
2011-08-18,74.55,0.0
2011-08-19,74.55,0.0
2011-08-20,74.55,0.0
2011-08-21,74.55,0.0
2011-08-22,74.55,0.0
2011-08-23,74.2,-0.004705891037412617
2011-08-24,73.65,-0.007440007264695478
2011-08-25,73.45,-0.0027192402887530457
2011-08-26,73.45,0.0
2011-08-27,73.56666666666666,0.0015871219746945566
2011-08-28,73.68333333333334,0.001584607009561648
2011-08-29,73.8,0.0015821000022841645
2011-08-30,73.6,-0.002713705871596273
2011-08-31,73.6,0.0
2011-09-01,73.6,0.0
2011-09-02,73.6,0.0
2011-09-03,73.6,0.0
2011-09-04,73.6,0.0
2011-09-05,73.6,0.0
2011-09-06,74.1,0.006770506567210707
2011-09-07,73.8,-0.004056800695614318
2011-09-08,73.8,0.0
2011-09-09,73.8,0.0
2011-09-10,73.98333333333333,0.0024811110055078054
2011-09-11,74.16666666666666,0.002474970326250538
2011-09-12,74.35,0.002468859967978905
2011-09-13,74.55,0.0026863683045834337
2011-09-14,74.75,0.002679171060048327
2011-09-15,74.9,0.0020046782523781624
2011-09-16,74.9,0.0
2011-09-17,74.96000000000001,0.0008007474069929632
2011-09-18,75.02,0.000800106723574442
2011-09-19,75.08,0.0007994670645669347
2011-09-20,74.9,-0.002400321195134209
2011-09-21,74.9,0.0
2011-09-22,75.0,0.0013342230131366622
2011-09-23,75.0,0.0
2011-09-24,75.03333333333333,0.0004443457082664513
2011-09-25,75.06666666666666,0.000444148352848627
2011-09-26,75.1,0.00044395117266331495
2011-09-27,75.13,0.0003993876109801181
2011-09-28,75.17,0.000532268808308387
2011-09-29,75.0,-0.0022641016530671226
2011-09-30,75.0,0.0
2011-10-01,75.1,0.001332445233778473
2011-10-02,75.2,0.0013306721857051724
2011-10-03,75.3,0.0013289038500537342
2011-10-04,75.38,0.0010618530331414327
2011-10-05,75.45,0.0009281973748687304
2011-10-06,75.45,0.0
2011-10-07,75.45,0.0
2011-10-08,75.45666666666666,8.835483306672739e-05
2011-10-09,75.46333333333334,8.83470271801409e-05
2011-10-10,75.47,8.833922267226865e-05
2011-10-11,75.45,-0.00026504108291910007
2011-10-12,75.47,0.00026504108291900563
2011-10-13,75.65,0.002382213937588011
2011-10-14,75.65,0.0
2011-10-15,75.65666666666667,8.812125490357087e-05
2011-10-16,75.66333333333334,8.811349023255571e-05
2011-10-17,75.67,8.810572692915452e-05
2011-10-18,75.85,0.002375925088110903
2011-10-19,75.85,0.0
2011-10-20,75.88,0.00039543927227226754
2011-10-21,75.88,0.0
2011-10-22,75.83666666666666,-0.0005712402660006681
2011-10-23,75.79333333333334,-0.0005715667679618508
2011-10-24,75.75,-0.0005718936433723935
2011-10-25,75.75,0.0
2011-10-26,75.75,0.0
2011-10-27,76.1,0.004609820478161486
2011-10-28,75.75,-0.004609820478161584
2011-10-29,75.73333333333333,-0.00022004621059188128
2011-10-30,75.71666666666667,-0.00022009464158401245
2011-10-31,75.7,-0.0002201430938994644
2011-11-01,76.2,0.006583302249197396
2011-11-02,76.22,0.0002624327531134626
2011-11-03,76.01,-0.0027589848677650407
2011-11-04,76.23,0.0028901754222334236
2011-11-05,76.23,0.0
2011-11-06,76.23,0.0
2011-11-07,76.23,0.0
2011-11-08,76.22,-0.00013119055446827394
2011-11-09,76.29,0.0009179726564238624
2011-11-10,76.35,0.0007861635625033561
2011-11-11,76.35,0.0
2011-11-12,76.36666666666666,0.0002182691266986285
2011-11-13,76.38333333333334,0.00021822149568330413
2011-11-14,76.4,0.0002181738854514341
2011-11-15,76.45,0.0006542362025964107
2011-11-16,76.47,0.00026157468106231894
2011-11-17,76.55,0.001045615047559078
2011-11-18,76.55,0.0
2011-11-19,76.55,0.0
2011-11-20,76.55,0.0
2011-11-21,76.55,0.0
2011-11-22,76.6,0.000652954642852817
2011-11-23,76.6,0.0
2011-11-24,76.68,0.0010438414308984022
2011-11-25,76.67,-0.0001304206066407806
2011-11-26,76.68,0.00013042060664078956
2011-11-27,76.69,0.00013040359932400245
2011-11-28,76.7,0.00013038659644279887
2011-11-29,76.75,0.0006516780940959621
2011-11-30,76.8,0.0006512536863199927
2011-12-01,76.9,0.0013012363579719556
2011-12-02,76.9,0.0
2011-12-03,76.93333333333334,0.000433369454236544
2011-12-04,76.96666666666667,0.00043318172650506215
2011-12-05,77.0,0.00043299416134378894
2011-12-06,77.2,0.002594035177046749
2011-12-07,77.0,-0.0025940351770466466
2011-12-08,77.2,0.002594035177046749
2011-12-09,77.0,-0.0025940351770466466
2011-12-10,77.0,0.0
2011-12-11,77.0,0.0
2011-12-12,77.0,0.0
2011-12-13,77.0,0.0
2011-12-14,77.0,0.0
2011-12-15,77.0,0.0
2011-12-16,77.01,0.00012986169747495545
2011-12-17,78.25666666666667,0.016058739258148415
2011-12-18,79.50333333333333,0.01580492669316861
2011-12-19,80.75,0.01555901260028997
2011-12-20,80.8,0.0006190034242837364
2011-12-21,80.4,-0.004962789342128902
2011-12-22,80.5,0.0012430082395970227
2011-12-23,80.2,-0.003733669552048838
2011-12-24,80.61666666666667,0.005181895728413761
2011-12-25,81.03333333333333,0.0051551820530854045
2011-12-26,81.45,0.0051287423940862735
2011-12-27,81.0,-0.005540180375615356
2011-12-28,81.2,0.0024660924951934683
2011-12-29,81.78,0.007117467768863955
2011-12-30,81.78,0.0
2011-12-31,81.78,0.0
2012-01-01,81.78,0.0
2012-01-02,81.78,0.0
2012-01-03,81.5,-0.0034296946896792157
2012-01-04,81.5,0.0
2012-01-05,81.5,0.0
2012-01-06,81.5,0.0
2012-01-07,81.5,0.0
2012-01-08,81.5,0.0
2012-01-09,81.5,0.0
2012-01-10,82.5,0.012195273093818206
2012-01-11,82.95,0.005439723295818121
2012-01-12,82.5,-0.00543972329581821
2012-01-13,82.0,-0.006079046076382226
2012-01-14,82.53333333333333,0.006483004878078312
2012-01-15,83.06666666666666,0.006441246102857075
2012-01-16,83.6,0.006400021845467505
2012-01-17,83.75,0.0017926506145199274
2012-01-18,83.75,0.0
2012-01-19,83.7,-0.0005971932097461632
2012-01-20,83.7,0.0
2012-01-21,83.71666666666667,0.0001991040325144002
2012-01-22,83.73333333333333,0.00019906439798977744
2012-01-23,83.75,0.0001990247792418194
2012-01-24,84.35,0.007138638286801521
2012-01-25,84.37,0.0002370791855582767
2012-01-26,84.4,0.0003555134243761104
2012-01-27,84.4,0.0
2012-01-28,84.41666666666667,0.00019745285877164636
2012-01-29,84.43333333333334,0.00019741387883677838
2012-01-30,84.45,0.00019737491428926322
2012-01-31,84.45,0.0
2012-02-01,84.05,-0.004747783399184519
2012-02-02,84.3,0.0029700051531851663
2012-02-03,84.3,0.0
2012-02-04,84.3,0.0
2012-02-05,84.3,0.0
2012-02-06,84.3,0.0
2012-02-07,84.15,-0.0017809443709946974
2012-02-08,84.05,-0.0011890607821904659
2012-02-09,83.75,-0.003575689149448764
2012-02-10,83.75,0.0
2012-02-11,83.75,0.0
2012-02-12,83.75,0.0
2012-02-13,83.75,0.0
2012-02-14,83.4,-0.004187861340474629
2012-02-15,83.05,-0.00420547330539728
2012-02-16,83.05,0.0
2012-02-17,82.45,-0.007250787053695855
2012-02-18,82.33333333333333,-0.0014160010457405104
2012-02-19,82.21666666666667,-0.0014180089482298587
2012-02-20,82.1,-0.0014200225532551587
2012-02-21,82.1,0.0
2012-02-22,82.05,-0.0006091989222826492
2012-02-23,81.65,-0.004886998119625732
2012-02-24,81.65,0.0
2012-02-25,81.66000000000001,0.00012246647495556642
2012-02-26,81.67,0.00012245147875439763
2012-02-27,81.68,0.00012243648622583817
2012-02-28,81.68,0.0
2012-02-29,81.68,0.0
2012-03-01,81.4,-0.0034339008479155396
2012-03-02,81.68,0.0034339008479156077
2012-03-03,81.65,-0.000367354439936029
2012-03-04,81.62,-0.00036748943881454663
2012-03-05,81.59,-0.0003676245369508554
2012-03-06,81.6,0.00012255652935241608
2012-03-07,81.58,-0.0002451280806489303
2012-03-08,81.55,-0.00036780482238953484
2012-03-09,81.55,0.0
2012-03-10,81.61666666666666,0.0008171604131937865
2012-03-11,81.68333333333334,0.0008164932072302406
2012-03-12,81.75,0.0008158270899158708
2012-03-13,81.75,0.0
2012-03-14,81.75,0.0
2012-03-15,81.75,0.0
2012-03-16,81.75,0.0
2012-03-17,81.75,0.0
2012-03-18,81.75,0.0
2012-03-19,81.75,0.0
2012-03-20,81.75,0.0
2012-03-21,81.75,0.0
2012-03-22,81.75,0.0
2012-03-23,81.75,0.0
2012-03-24,81.66666666666667,-0.0010198879007454116
2012-03-25,81.58333333333333,-0.0010209291341073447
2012-03-26,81.5,-0.0010219724956929692
2012-03-27,81.75,0.003062789530545731
2012-03-28,81.75,0.0
2012-03-29,81.75,0.0
2012-03-30,81.75,0.0
2012-03-31,81.75,0.0
2012-04-01,81.75,0.0
2012-04-02,81.75,0.0
2012-04-03,81.75,0.0
2012-04-04,81.6,-0.0018365478073015034
2012-04-05,81.75,0.001836547807301552
2012-04-06,81.75,0.0
2012-04-07,81.75,0.0
2012-04-08,81.75,0.0
2012-04-09,81.75,0.0
2012-04-10,81.75,0.0
2012-04-11,81.7,-0.000611807911405555
2012-04-12,81.7,0.0
2012-04-13,81.7,0.0
2012-04-14,81.71666666666667,0.0002039775631754142
2012-04-15,81.73333333333333,0.00020393596481413397
2012-04-16,81.75,0.0002038943834160906
2012-04-17,81.75,0.0
2012-04-18,81.7,-0.000611807911405555
2012-04-19,81.75,0.0006118079114054928
2012-04-20,81.7,-0.000611807911405555
2012-04-21,81.73333333333333,0.0004079135279893156
2012-04-22,81.76666666666667,0.0004077472023872055
2012-04-23,81.8,0.00040758101236740464
2012-04-24,81.8,0.0
2012-04-25,81.65,-0.0018354241922271357
2012-04-26,81.58,-0.0008576855270618104
2012-04-27,81.6,0.00024512808064879494
2012-04-28,81.61666666666666,0.00020422751015525224
2012-04-29,81.63333333333334,0.00020418580979592632
2012-04-30,81.65,0.00020414412646176225
2012-05-01,81.65,0.0
2012-05-02,81.85,0.0024464844006696243
2012-05-03,81.85,0.0
2012-05-04,81.85,0.0
2012-05-05,81.8,-0.0006110602084425462
2012-05-06,81.75,-0.0006114338313385593
2012-05-07,81.7,-0.000611807911405555
2012-05-08,81.8,0.0012232417427440103
2012-05-09,81.85,0.0006110602084426109
2012-05-10,81.7,-0.0018343019511866214
2012-05-11,81.7,0.0
2012-05-12,81.68333333333334,-0.00020401917851032108
2012-05-13,81.66666666666667,-0.0002040608108294991
2012-05-14,81.65,-0.00020410246014317717
2012-05-15,81.65,0.0
2012-05-16,81.65,0.0
2012-05-17,81.65,0.0
2012-05-18,81.65,0.0
2012-05-19,81.65,0.0
2012-05-20,81.65,0.0
2012-05-21,81.65,0.0
2012-05-22,81.7,0.0006121824494829835
2012-05-23,81.8,0.0012232417427440103
2012-05-24,81.85,0.0006110602084426109
2012-05-25,81.7,-0.0018343019511866214
2012-05-26,81.7,0.0
2012-05-27,81.7,0.0
2012-05-28,81.7,0.0
2012-05-29,81.85,0.0018343019511866904
2012-05-30,81.85,0.0
2012-05-31,81.7,-0.0018343019511866214
2012-06-01,81.85,0.0018343019511866904
2012-06-02,81.85,0.0
2012-06-03,81.85,0.0
2012-06-04,81.85,0.0
2012-06-05,81.85,0.0
2012-06-06,81.85,0.0
2012-06-07,81.88,0.0003664569759448967
2012-06-08,81.88,0.0
2012-06-09,81.82,-0.0007330482918363427
2012-06-10,81.76,-0.0007335860458580177
2012-06-11,81.7,-0.0007341245894370835
2012-06-12,81.88,0.0022007589271315566
2012-06-13,81.88,0.0
2012-06-14,81.8,-0.0009775171843873533
2012-06-15,81.8,0.0
2012-06-16,81.8,0.0
2012-06-17,81.8,0.0
2012-06-18,81.8,0.0
2012-06-19,81.8,0.0
2012-06-20,81.8,0.0
2012-06-21,81.8,0.0
2012-06-22,81.8,0.0
2012-06-23,81.8,0.0
2012-06-24,81.8,0.0
2012-06-25,81.8,0.0
2012-06-26,81.8,0.0
2012-06-27,81.8,0.0
2012-06-28,81.75,-0.0006114338313385593
2012-06-29,81.75,0.0
2012-06-30,81.75,0.0
2012-07-01,81.75,0.0
2012-07-02,81.75,0.0
2012-07-03,81.75,0.0
2012-07-04,81.77,0.0002446183965230235
2012-07-05,81.77,0.0
2012-07-06,81.77,0.0
2012-07-07,81.71333333333332,-0.0006932409289765051
2012-07-08,81.65666666666667,-0.0006937218453721857
2012-07-09,81.6,-0.000694203429475795
2012-07-10,81.77,0.002081166203824671
2012-07-11,81.77,0.0
2012-07-12,81.8,0.00036681543481557313
2012-07-13,81.8,0.0
2012-07-14,81.8,0.0
2012-07-15,81.8,0.0
2012-07-16,81.8,0.0
2012-07-17,81.6,-0.0024479816386401127
2012-07-18,81.6,0.0
2012-07-19,81.6,0.0
2012-07-20,81.6,0.0
2012-07-21,81.64999999999999,0.0006125574464126803
2012-07-22,81.7,0.0006121824494832054
2012-07-23,81.75,0.0006118079114054928
2012-07-24,81.75,0.0
2012-07-25,81.75,0.0
2012-07-26,81.75,0.0
2012-07-27,81.7175,-0.00039763256216948195
2012-07-28,81.685,-0.0003977907367213812
2012-07-29,81.6525,-0.0003979490371641801
2012-07-30,81.62,-0.0003981074636481003
2012-07-31,81.65,0.0003674894388145559
2012-08-01,81.65,0.0
2012-08-02,81.65,0.0
2012-08-03,81.65,0.0
2012-08-04,81.65,0.0
2012-08-05,81.65,0.0
2012-08-06,81.65,0.0
2012-08-07,81.4,-0.003066546407979462
2012-08-08,81.4,0.0
2012-08-09,81.4,0.0
2012-08-10,81.4,0.0
2012-08-11,81.43333333333334,0.0004094165870904547
2012-08-12,81.46666666666667,0.0004092490337454726
2012-08-13,81.5,0.00040908161748636716
2012-08-14,81.5,0.0
2012-08-15,81.5,0.0
2012-08-16,81.5,0.0
2012-08-17,81.5,0.0
2012-08-18,81.5,0.0
2012-08-19,81.5,0.0
2012-08-20,81.5,0.0
2012-08-21,81.5,0.0
2012-08-22,81.5,0.0
2012-08-23,81.25,-0.0030721990369701403
2012-08-24,81.25,0.0
2012-08-25,81.25,0.0
2012-08-26,81.25,0.0
2012-08-27,81.25,0.0
2012-08-28,81.25,0.0
2012-08-29,81.25,0.0
2012-08-30,81.7,0.005523180656110287
2012-08-31,81.7,0.0
2012-09-01,81.55,-0.0018376727989344135
2012-09-02,81.4,-0.001841056058528205
2012-09-03,81.25,-0.00184445179864786
2012-09-04,81.7,0.005523180656110287
2012-09-05,81.7,0.0
2012-09-06,81.75,0.0006118079114054928
2012-09-07,81.75,0.0
2012-09-08,81.75,0.0
2012-09-09,81.75,0.0
2012-09-10,81.75,0.0
2012-09-11,81.8,0.0006114338313385797
2012-09-12,81.8,0.0
2012-09-13,81.8,0.0
2012-09-14,81.8,0.0
2012-09-15,81.78999999999999,-0.00012225686181874276
2012-09-16,81.78,-0.0001222718103863756
2012-09-17,81.77,-0.00012228676261042133
2012-09-18,81.7,-0.000856426307928618
2012-09-19,81.7,0.0
2012-09-20,81.7,0.0
2012-09-21,81.7,0.0
2012-09-22,81.7,0.0
2012-09-23,81.7,0.0
2012-09-24,81.7,0.0
2012-09-25,81.7,0.0
2012-09-26,81.6,-0.0012247398958959348
2012-09-27,81.6,0.0
2012-09-28,81.6,0.0
2012-09-29,81.6,0.0
2012-09-30,81.6,0.0
2012-10-01,81.6,0.0
2012-10-02,81.6,0.0
2012-10-03,81.6,0.0
2012-10-04,81.5,-0.0012262417232441851
2012-10-05,81.5,0.0
2012-10-06,81.5,0.0
2012-10-07,81.5,0.0
2012-10-08,81.5,0.0
2012-10-09,81.3,-0.002457003693052103
2012-10-10,81.3,0.0
2012-10-11,81.2,-0.0012307693861326238
2012-10-12,81.2,0.0
2012-10-13,81.21666666666667,0.0002052334537731606
2012-10-14,81.23333333333333,0.00020519134164532896
2012-10-15,81.25,0.0002051492467959085
2012-10-16,81.25,0.0
2012-10-17,81.2,-0.0006155740422145572
2012-10-18,81.2,0.0
2012-10-19,81.2,0.0
2012-10-20,81.21666666666667,0.0002052334537731606
2012-10-21,81.23333333333333,0.00020519134164532896
2012-10-22,81.25,0.0002051492467959085
2012-10-23,81.2,-0.0006155740422145572
2012-10-24,81.2,0.0
2012-10-25,81.2,0.0
2012-10-26,81.2,0.0
2012-10-27,81.2,0.0
2012-10-28,81.2,0.0
2012-10-29,81.2,0.0
2012-10-30,81.2,0.0
2012-10-31,81.2,0.0
2012-11-01,80.9,-0.0037014231031862292
2012-11-02,81.3,0.004932192489318872
2012-11-03,81.33333333333333,0.00040992007132726314
2012-11-04,81.36666666666667,0.00040975210571273435
2012-11-05,81.4,0.00040958427768992943
2012-11-06,80.95,-0.005543592884850481
2012-11-07,81.0,0.0006174745487945271
2012-11-08,81.0,0.0
2012-11-09,81.0,0.0
2012-11-10,81.21666666666667,0.0026713259489667142
2012-11-11,81.43333333333334,0.0026642089741795156
2012-11-12,81.65,0.0026571298208891312
2012-11-13,81.65,0.0
2012-11-14,81.7,0.0006121824494829835
2012-11-15,81.7,0.0
2012-11-16,81.7,0.0
2012-11-17,81.56666666666666,-0.0016333200854409561
2012-11-18,81.43333333333334,-0.0016359921849310518
2012-11-19,81.3,-0.0016386730418202933
2012-11-20,81.1,-0.0024630554323977483
2012-11-21,81.1,0.0
2012-11-22,81.1,0.0
2012-11-23,81.1,0.0
2012-11-24,81.1,0.0
2012-11-25,81.1,0.0
2012-11-26,81.1,0.0
2012-11-27,81.1,0.0
2012-11-28,81.65,0.0067588582951069445
2012-11-29,81.1,-0.006758858295107033
2012-11-30,81.1,0.0
2012-12-01,81.16,0.000739553836246711
2012-12-02,81.22,0.0007390073005377368
2012-12-03,81.28,0.0007384615720200277
2012-12-04,81.28,0.0
2012-12-05,81.28,0.0
2012-12-06,81.0,-0.0034508291577329897
2012-12-07,81.0,0.0
2012-12-08,80.96666666666667,-0.00041160733242167496
2012-12-09,80.93333333333334,-0.00041177682278359195
2012-12-10,80.9,-0.0004119464527874376
2012-12-11,80.9,0.0
2012-12-12,80.9,0.0
2012-12-13,80.9,0.0
2012-12-14,80.9,0.0
2012-12-15,80.73333333333333,-0.0020622816135638625
2012-12-16,80.56666666666668,-0.0020665434095544413
2012-12-17,80.4,-0.002070822856406964
2012-12-18,80.6,0.002484473327661744
2012-12-19,80.28,-0.003978125584445096
2012-12-20,80.2,-0.0009970090556685222
2012-12-21,80.2,0.0
2012-12-22,80.13333333333334,-0.0008316008795258997
2012-12-23,80.06666666666666,-0.000832293015169458
2012-12-24,80.0,-0.0008329863038917735
2012-12-25,79.9,-0.0012507819016526025
2012-12-26,79.8,-0.0012523483164660599
2012-12-27,79.58,-0.0027606994569804636
2012-12-28,79.58,0.0
2012-12-29,79.6225,0.0005339112263890437
2012-12-30,79.66499999999999,0.0005336263173005705
2012-12-31,79.7075,0.0005333417121203435
2013-01-01,79.75,0.0005330574103617158
2013-01-02,79.73,-0.0002508151505498234
2013-01-03,79.74,0.000125415438804686
2013-01-04,79.72,-0.00025084660861495194
2013-01-05,79.70666666666666,-0.00016726603702125076
2013-01-06,79.69333333333334,-0.00016729401962887685
2013-01-07,79.68,-0.00016732201160091928
2013-01-08,79.68,0.0
2013-01-09,79.68,0.0
2013-01-10,79.68,0.0
2013-01-11,79.68,0.0
2013-01-12,79.68,0.0
2013-01-13,79.68,0.0
2013-01-14,79.68,0.0
2013-01-15,79.68,0.0
2013-01-16,79.68,0.0
2013-01-17,79.48,-0.002513195592726726
2013-01-18,79.48,0.0
2013-01-19,79.48,0.0
2013-01-20,79.48,0.0
2013-01-21,79.48,0.0
2013-01-22,79.48,0.0
2013-01-23,79.35,-0.0016369707111981403
2013-01-24,79.35,0.0
2013-01-25,79.35,0.0
2013-01-26,79.35,0.0
2013-01-27,79.35,0.0
2013-01-28,79.35,0.0
2013-01-29,79.35,0.0
2013-01-30,79.35,0.0
2013-01-31,78.85,-0.0063211335633707125
2013-02-01,78.35,-0.0063613446070176
2013-02-02,78.43333333333332,0.0010630382631771661
2013-02-03,78.51666666666667,0.0010619094127333956
2013-02-04,78.6,0.0010607829572204324
2013-02-05,78.35,-0.0031857306331309855
2013-02-06,79.1,0.009526905971578282
2013-02-07,79.02,-0.0010118897903634442
2013-02-08,78.08,-0.011967042878407566
2013-02-09,78.38666666666667,0.00391990276110742
2013-02-10,78.69333333333333,0.0039045971006296904
2013-02-11,79.0,0.003889410500447185
2013-02-12,79.0,0.0
2013-02-13,79.0,0.0
2013-02-14,79.0,0.0
2013-02-15,79.0,0.0
2013-02-16,78.97666666666667,-0.0002954022767455261
2013-02-17,78.95333333333333,-0.00029548956503668526
2013-02-18,78.93,-0.00029557690492812004
2013-02-19,78.93,0.0
2013-02-20,78.93,0.0
2013-02-21,78.924,-7.601961309675398e-05
2013-02-22,78.918,-7.602539251772989e-05
2013-02-23,78.912,-7.603117281743651e-05
2013-02-24,78.906,-7.603695399620696e-05
2013-02-25,78.9,-7.604273605426329e-05
2013-02-26,78.9,0.0
2013-02-27,78.85,-0.0006339144427813034
2013-02-28,78.84,-0.0001268311245278347
2013-03-01,78.84,0.0
2013-03-02,78.84,0.0
2013-03-03,78.84,0.0
2013-03-04,78.84,0.0
2013-03-05,78.84,0.0
2013-03-06,78.8,-0.000507485420686068
2013-03-07,78.6,-0.002541297428672644
2013-03-08,78.6325,0.0004134005433082118
2013-03-09,78.66499999999999,0.00041322971391747894
2013-03-10,78.6975,0.0004130590256522874
2013-03-11,78.73,0.00041288847833714456
2013-03-12,78.715,-0.0001905427297835484
2013-03-13,78.7,-0.00019057904323481562
2013-03-14,78.6,-0.001271455988196832
2013-03-15,78.6,0.0
2013-03-16,78.6,0.0
2013-03-17,78.6,0.0
2013-03-18,78.6,0.0
2013-03-19,78.53,-0.0008909820483775624
2013-03-20,78.3,-0.0029331143900259223
2013-03-21,78.38,0.0010211897747279776
2013-03-22,78.35499999999999,-0.00031900979630612605
2013-03-23,78.33,-0.000319111596032085
2013-03-24,78.305,-0.0003192134607498502
2013-03-25,78.28,-0.000319315390521745
2013-03-26,78.25,-0.0003833131076129011
2013-03-27,78.22,-0.0003834600928945243
2013-03-28,78.05,-0.002175722365926993
2013-03-29,78.07,0.00025621317075855956
2013-03-30,78.09,0.0002561475423843512
2013-03-31,78.11,0.00025608194762210683
2013-04-01,78.13,0.00025601638644697037
2013-04-02,78.08,-0.0006401639038158915
2013-04-03,78.08,0.0
2013-04-04,78.05,-0.00038429514339598545
2013-04-05,78.0525,3.2030236545903745e-05
2013-04-06,78.055,3.202921064298288e-05
2013-04-07,78.0575,3.202818480533999e-05
2013-04-08,78.06,3.2027159033641186e-05
2013-04-09,78.06,0.0
2013-04-10,78.05,-0.00012811479102792928
2013-04-11,78.03,-0.00025627883277115046
2013-04-12,78.03,0.0
2013-04-13,78.02,-0.00012816405015949508
2013-04-14,78.01,-0.00012818047828853197
2013-04-15,78.0,-0.0001281969106301208
2013-04-16,77.98,-0.00025644313514042313
2013-04-17,78.0,0.0002564431351403711
2013-04-18,77.98,-0.00025644313514042313
2013-04-19,77.95,-0.00038478805066570736
2013-04-20,77.95,0.0
2013-04-21,77.95,0.0
2013-04-22,77.95,0.0
2013-04-23,77.87,-0.001026825914890811
2013-04-24,77.9,0.0003851832878079639
2013-04-25,77.87,-0.00038518328780787507
2013-04-26,77.85,-0.0002568713088875589
2013-04-27,77.86666666666666,0.0002140640059549911
2013-04-28,77.88333333333334,0.000214018192363401
2013-04-29,77.9,0.00021397239837716173
2013-04-30,77.92,0.0002567064575769405
2013-05-01,77.88,-0.0005134788302807728
2013-05-02,77.92,0.0005134788302808095
2013-05-03,77.9,-0.0002567064575769941
2013-05-04,77.90666666666667,8.557614142403769e-05
2013-05-05,77.91333333333334,8.556881877469615e-05
2013-05-06,77.92,8.55614973784135e-05
2013-05-07,77.88,-0.0005134788302807728
2013-05-08,77.85,-0.00038528222399160963
2013-05-09,77.83,-0.00025693730871052155
2013-05-10,77.82,-0.00012849341488937237
2013-05-11,77.82,0.0
2013-05-12,77.82,0.0
2013-05-13,77.82,0.0
2013-05-14,77.77,-0.0006427148495555939
2013-05-15,77.77,0.0
2013-05-16,77.77,0.0
2013-05-17,77.75,-0.00025720164750831447
2013-05-18,77.75666666666666,8.574123301143601e-05
2013-05-19,77.76333333333334,8.573388208279652e-05
2013-05-20,77.77,8.57265324140981e-05
2013-05-21,77.76,-0.00012859255466818938
2013-05-22,77.74,-0.00025723472810666243
2013-05-23,77.72,-0.00025730091483768105
2013-05-24,77.68,-0.0005148005261698025
2013-05-25,77.71000000000001,0.0003861252380814654
2013-05-26,77.74,0.0003859762029261837
2013-05-27,77.77,0.00038582728277492136
2013-05-28,77.75,-0.00025720164750831447
2013-05-29,77.75,0.0
2013-05-30,77.75,0.0
2013-05-31,77.72,-0.0003859265501041916
2013-06-01,77.72,0.0
2013-06-02,77.72,0.0
2013-06-03,77.72,0.0
2013-06-04,77.72,0.0
2013-06-05,77.72,0.0
2013-06-06,77.75,0.00038592655010426876
2013-06-07,77.73,-0.0002572678172151554
2013-06-08,77.72666666666667,-4.2884405092644756e-05
2013-06-09,77.72333333333333,-4.288624424385452e-05
2013-06-10,77.72,-4.288808355250405e-05
2013-06-11,77.74,0.00025730091483767937
2013-06-12,77.75,0.0001286256352663683
2013-06-13,77.73,-0.0002572678172151554
2013-06-14,77.72,-0.00012865873288901464
2013-06-15,77.72,0.0
2013-06-16,77.72,0.0
2013-06-17,77.72,0.0
2013-06-18,77.73,0.0001286587328889139
2013-06-19,77.73,0.0
2013-06-20,77.72,-0.00012865873288901464
2013-06-21,77.7,-0.00025736713563749347
2013-06-22,77.68333333333334,-0.00021452322296148412
2013-06-23,77.66666666666667,-0.00021456925304942485
2013-06-24,77.65,-0.00021461530289481332
2013-06-25,77.6,-0.0006441224055231319
2013-06-26,77.58,-0.0002577651773519535
2013-06-27,77.72,0.0018029624974182919
2013-06-28,77.7,-0.00025736713563749347
2013-06-29,77.71000000000001,0.0001286918475492064
2013-06-30,77.72,0.00012867528808839832
2013-07-01,77.73,0.0001286587328889139
2013-07-02,77.75,0.00025726781721511236
2013-07-03,77.74,-0.00012862563526648972
2013-07-04,77.76,0.0002572347281066682
2013-07-05,77.75,-0.00012860909284018602
2013-07-06,77.74333333333334,-8.57485852007536e-05
2013-07-07,77.73666666666666,-8.575593865143213e-05
2013-07-08,77.73,-8.576329336293109e-05
2013-07-09,77.74,0.00012864218194875518
2013-07-10,77.72,-0.00025730091483768105
2013-07-11,77.7,-0.00025736713563749347
2013-07-12,77.7,0.0
2013-07-13,77.70666666666666,8.579640518311582e-05
2013-07-14,77.71333333333334,8.57890447917086e-05
2013-07-15,77.72,8.578168566268456e-05
2013-07-16,77.7,-0.00025736713563749347
2013-07-17,77.68,-0.0002574333905322034
2013-07-18,77.67,-0.0001287415515135814
2013-07-19,77.65,-0.00025753283685986535
2013-07-20,77.67666666666668,0.00034336237944105935
2013-07-21,77.70333333333333,0.0003432445221838923
2013-07-22,77.73,0.000343126745807009
2013-07-23,77.75,0.00025726781721511236
2013-07-24,77.7,-0.0006432936857417076
2013-07-25,77.72,0.00025736713563760986
2013-07-26,77.7,-0.00025736713563749347
2013-07-27,77.68333333333334,-0.00021452322296148412
2013-07-28,77.66666666666667,-0.00021456925304942485
2013-07-29,77.65,-0.00021461530289481332
2013-07-30,77.72,0.0009010749145432329
2013-07-31,77.7,-0.00025736713563749347
2013-08-01,77.67,-0.0003861749420458403
2013-08-02,77.65,-0.00025753283685986535
2013-08-03,77.67333333333333,0.00030044852898913796
2013-08-04,77.69666666666667,0.0003003582867833677
2013-08-05,77.72,0.0003002680987706958
2013-08-06,77.7,-0.00025736713563749347
2013-08-07,77.72,0.00025736713563760986
2013-08-08,77.7,-0.00025736713563749347
2013-08-09,77.68,-0.0002574333905322034
2013-08-10,77.69333333333334,0.00017162962369422628
2013-08-11,77.70666666666666,0.00017160017202106013
2013-08-12,77.72,0.00017157073045431705
2013-08-13,77.7,-0.00025736713563749347
2013-08-14,77.72,0.00025736713563760986
2013-08-15,77.7,-0.00025736713563749347
2013-08-16,77.7,0.0
2013-08-17,77.69333333333334,-8.580376683797722e-05
2013-08-18,77.68666666666667,-8.581112975630152e-05
2013-08-19,77.68,-8.581849393800021e-05
2013-08-20,76.9,-0.010091947471471208
2013-08-21,76.73,-0.0022131103220244188
2013-08-22,76.6,-0.0016956894430283306
2013-08-23,76.6,0.0
2013-08-24,76.7,0.0013046316266649492
2013-08-25,76.8,0.00130293178041584
2013-08-26,76.9,0.0013012363579719556
2013-08-27,77.22,0.004152614324492023
2013-08-28,77.22,0.0
2013-08-29,77.22,0.0
2013-08-30,77.22,0.0
2013-08-31,77.38666666666667,0.0021560096316778983
2013-09-01,77.55333333333333,0.002151371252742514
2013-09-02,77.72,0.0021467527887287724
2013-09-03,77.22,-0.00645413367314908
2013-09-04,77.22,0.0
2013-09-05,77.22,0.0
2013-09-06,76.85,-0.0048030208514854445
2013-09-07,76.85,0.0
2013-09-08,76.85,0.0
2013-09-09,76.85,0.0
2013-09-10,77.22,0.004803020851485579
2013-09-11,77.22,0.0
2013-09-12,77.22,0.0
2013-09-13,77.22,0.0
2013-09-14,77.22,0.0
2013-09-15,77.22,0.0
2013-09-16,77.22,0.0
2013-09-17,77.22,0.0
2013-09-18,77.22,0.0
2013-09-19,77.22,0.0
2013-09-20,77.22,0.0
2013-09-21,77.22,0.0
2013-09-22,77.22,0.0
2013-09-23,77.22,0.0
2013-09-24,77.22,0.0
2013-09-25,77.22,0.0
2013-09-26,77.72,0.006454133673149106
2013-09-27,77.22,-0.00645413367314908
2013-09-28,77.22,0.0
2013-09-29,77.22,0.0
2013-09-30,77.22,0.0
2013-10-01,77.72,0.006454133673149106
2013-10-02,77.72,0.0
2013-10-03,77.24,-0.006195166948925659
2013-10-04,77.22,-0.0002589667242233899
2013-10-05,77.22,0.0
2013-10-06,77.22,0.0
2013-10-07,77.22,0.0
2013-10-08,77.22,0.0
2013-10-09,77.22,0.0
2013-10-10,77.22,0.0
2013-10-11,77.72,0.006454133673149106
2013-10-12,77.72,0.0
2013-10-13,77.72,0.0
2013-10-14,77.72,0.0
2013-10-15,77.72,0.0
2013-10-16,77.72,0.0
2013-10-17,77.72,0.0
2013-10-18,77.72,0.0
2013-10-19,77.55333333333333,-0.00214675278872874
2013-10-20,77.38666666666667,-0.0021513712527424828
2013-10-21,77.22,-0.002156009631677843
2013-10-22,77.22,0.0
2013-10-23,77.65,0.005553058758605955
2013-10-24,77.57,-0.001030795091916035
2013-10-25,77.57,0.0
2013-10-26,77.40333333333332,-0.0021509085122902298
2013-10-27,77.23666666666666,-0.0021555448939423057
2013-10-28,77.07,-0.002160201306645771
2013-10-29,77.07,0.0
2013-10-30,77.07,0.0
2013-10-31,77.07,0.0
2013-11-01,77.07,0.0
2013-11-02,77.22999999999999,0.00207388279127057
2013-11-03,77.39,0.0020695907011954156
2013-11-04,77.55,0.0020653163401799504
2013-11-05,77.53,-0.00025793139168008754
2013-11-06,77.58,0.0006447037809534547
2013-11-07,77.58,0.0
2013-11-08,77.55,-0.00038677238927331314
2013-11-09,77.55,0.0
2013-11-10,77.55,0.0
2013-11-11,77.55,0.0
2013-11-12,77.55,0.0
2013-11-13,77.58,0.0003867723892733139
2013-11-14,77.58,0.0
2013-11-15,77.53,-0.0006447037809534372
2013-11-16,77.53,0.0
2013-11-17,77.53,0.0
2013-11-18,77.53,0.0
2013-11-19,77.5,-0.0003870218715663137
2013-11-20,77.52,0.0002580312232094237
2013-11-21,77.54,0.0002579646602724276
2013-11-22,77.55,0.0001289573797645466
2013-11-23,77.55,0.0
2013-11-24,77.55,0.0
2013-11-25,77.55,0.0
2013-11-26,77.55,0.0
2013-11-27,77.55,0.0
2013-11-28,77.55,0.0
2013-11-29,77.55,0.0
2013-11-30,77.54333333333334,-8.596973870491308e-05
2013-12-01,77.53666666666666,-8.597713013643876e-05
2013-12-02,77.53,-8.598452283877859e-05
2013-12-03,77.52,-0.0001289906483569243
2013-12-04,77.57,0.000644786920269467
2013-12-05,77.52,-0.0006447869202693665
2013-12-06,77.52,0.0
2013-12-07,77.53666666666666,0.00021497517119567434
2013-12-08,77.55333333333333,0.00021492896680410406
2013-12-09,77.57,0.0002148827822695753
2013-12-10,77.55,-0.0002578648802323854
2013-12-11,77.54,-0.00012895737976465954
2013-12-12,77.55,0.0001289573797645466
2013-12-13,77.54,-0.00012895737976465954
2013-12-14,77.52666666666667,-0.00017196904599561658
2013-12-15,77.51333333333334,-0.0001719986244350703
2013-12-16,77.5,-0.00017202821305112203
2013-12-17,77.52,0.0002580312232094237
2013-12-18,77.53,0.00012899064835682344
2013-12-19,77.52,-0.0001289906483569243
2013-12-20,77.55,0.0003869220400371524
2013-12-21,77.54333333333334,-8.596973870491308e-05
2013-12-22,77.53666666666666,-8.597713013643876e-05
2013-12-23,77.53,-8.598452283877859e-05
2013-12-24,77.18,-0.00452460212139491
2013-12-25,77.18,0.0
2013-12-26,77.15,-0.0003887773003028537
2013-12-27,77.1,-0.0006482982398861817
2013-12-28,77.12666666666667,0.00034581136334934027
2013-12-29,77.15333333333334,0.0003456918191889012
2013-12-30,77.18,0.0003455723576508174
2013-12-31,77.16,-0.00025916807194448026
2014-01-01,77.16,0.0
2014-01-02,77.15,-0.00012960922835841723
2014-01-03,77.12,-0.0003889285068797119
2014-01-04,77.26333333333334,0.001856850366185793
2014-01-05,77.40666666666667,0.0018534088622742812
2014-01-06,77.55,0.0018499800917973692
2014-01-07,77.17,-0.004912109153036096
2014-01-08,77.7,0.006844476904089992
2014-01-09,77.7,0.0
2014-01-10,77.7,0.0
2014-01-11,77.52333333333334,-0.0022762910595469183
2014-01-12,77.34666666666666,-0.002281484384301106
2014-01-13,77.17,-0.0022867014602421546
2014-01-14,77.53,0.004654177761356001
2014-01-15,77.61,0.0010313266351798826
2014-01-16,77.15,-0.005944706056877474
2014-01-17,77.53,0.004913379421697725
2014-01-18,77.41666666666667,-0.001462869205029444
2014-01-19,77.30333333333333,-0.0014650123268301876
2014-01-20,77.19,-0.0014671617372455923
2014-01-21,77.15,-0.0005183361525924884
2014-01-22,77.18,0.0003887773003027801
2014-01-23,77.52,0.004395611473037908
2014-01-24,77.48,-0.0005161290437155219
2014-01-25,77.38000000000001,-0.0012914892664282
2014-01-26,77.28,-0.0012931593681044997
2014-01-27,77.18,-0.0012948337947898026
2014-01-28,77.5,0.004137580249828425
2014-01-29,77.52,0.0002580312232094237
2014-01-30,77.53,0.00012899064835682344
2014-01-31,77.52,-0.0001289906483569243
2014-02-01,77.52666666666667,8.59956142768695e-05
2014-02-02,77.53333333333333,8.598821966680238e-05
2014-02-03,77.54,8.598082632888679e-05
2014-02-04,77.52,-0.0002579646602724043
2014-02-05,77.5,-0.0002580312232094097
2014-02-06,77.5,0.0
2014-02-07,77.52,0.0002580312232094237
2014-02-08,77.52,0.0
2014-02-09,77.52,0.0
2014-02-10,77.52,0.0
2014-02-11,77.17,-0.004525187112999091
2014-02-12,77.6,0.00555664671966133
2014-02-13,77.17,-0.005556646719661256
2014-02-14,77.5,0.004267155889789603
2014-02-15,77.5,0.0
2014-02-16,77.5,0.0
2014-02-17,77.5,0.0
2014-02-18,77.55,0.0006449532632463751
2014-02-19,77.57,0.0002578648802324062
2014-02-20,77.48,-0.001160915963984919
2014-02-21,77.46,-0.0002581644521891018
2014-02-22,77.45666666666666,-4.303388919433887e-05
2014-02-23,77.45333333333333,-4.3035741189658284e-05
2014-02-24,77.45,-4.3037593344416014e-05
2014-02-25,77.43,-0.0002582644642453961
2014-02-26,77.42,-0.00012915724913017788
2014-02-27,77.37,-0.0006460365881389595
2014-02-28,77.37,0.0
2014-03-01,77.35666666666667,-0.00017234693480554082
2014-03-02,77.34333333333333,-0.00017237664339174477
2014-03-03,77.33,-0.00017240636222184941
2014-03-04,77.72,0.005030645888295202
2014-03-05,77.65,-0.000901074914543178
2014-03-06,77.63,-0.0002575991771072862
2014-03-07,77.62,-0.00012882447682864478
2014-03-08,77.60333333333334,-0.00021474434768027831
2014-03-09,77.58666666666666,-0.00021479047272063607
2014-03-10,77.57,-0.00021483661757930802
2014-03-11,77.55,-0.0002578648802323854
2014-03-12,77.5,-0.000644953263246458
2014-03-13,77.47,-0.0003871717154901828
2014-03-14,77.43,-0.000516462245178913
2014-03-15,77.42,-0.00012915724913017788
2014-03-16,77.41000000000001,-0.0001291739328798883
2014-03-17,77.4,-0.00012919062094065282
2014-03-18,77.62,0.002838345345078702
2014-03-19,77.62,0.0
2014-03-20,77.58,-0.0005154639289391776
2014-03-21,77.53,-0.0006447037809534372
2014-03-22,77.50333333333333,-0.0003440120438140959
2014-03-23,77.47666666666667,-0.0003441304288272258
2014-03-24,77.45,-0.00034424889534858733
2014-03-25,77.47,0.00025819778093346345
2014-03-26,77.43,-0.000516462245178913
2014-03-27,77.4,-0.0003875218029507505
2014-03-28,77.37,-0.0003876720343183757
2014-03-29,77.42666666666668,0.0007321432743764465
2014-03-30,77.48333333333333,0.0007316076327444403
2014-03-31,77.54,0.0007310727742991422
2014-04-01,77.52,-0.0002579646602724043
2014-04-02,77.52,0.0
2014-04-03,77.48,-0.0005161290437155219
2014-04-04,77.47,-0.00012907389498402727
2014-04-05,77.45666666666666,-0.00017212444639938063
2014-04-06,77.44333333333334,-0.0001721540783247527
2014-04-07,77.43,-0.00017218372045470998
2014-04-08,77.52,0.0011616651838783612
2014-04-09,77.52,0.0
2014-04-10,77.5,-0.0002580312232094097
2014-04-11,77.47,-0.0003871717154901828
2014-04-12,77.46333333333334,-8.605851984645281e-05
2014-04-13,77.45666666666666,-8.606592655295435e-05
2014-04-14,77.45,-8.607333453404544e-05
2014-04-15,77.42,-0.0003874217133756239
2014-04-16,77.4,-0.00025836455382050895
2014-04-17,77.4,0.0
2014-04-18,77.4,0.0
2014-04-19,77.4,0.0
2014-04-20,77.4,0.0
2014-04-21,77.4,0.0
2014-04-22,77.38,-0.00025843132331466816
2014-04-23,77.38,0.0
2014-04-24,77.35,-0.0003877722532918222
2014-04-25,77.33,-0.00025859839813104665
2014-04-26,77.32,-0.00012932428081394788
2014-04-27,77.31,-0.00012934100774660468
2014-04-28,77.3,-0.00012935773900719526
2014-04-29,77.53,0.0029710026374915014
2014-04-30,77.53,0.0
2014-05-01,77.52,-0.0001289906483569243
2014-05-02,77.5,-0.0002580312232094097
2014-05-03,77.43333333333334,-0.0008605852510475396
2014-05-04,77.36666666666666,-0.0008613264959722234
2014-05-05,77.3,-0.0008620690189053755
2014-05-06,77.52,0.0028420119891344633
2014-05-07,77.53,0.00012899064835682344
2014-05-08,77.5,-0.0003870218715663137
2014-05-09,77.48,-0.0002580978205061262
2014-05-10,77.47,-0.00012907389498402727
2014-05-11,77.46000000000001,-0.00012909055720489732
2014-05-12,77.45,-0.00012910722372860362
2014-05-13,77.42,-0.0003874217133756239
2014-05-14,77.53,0.0014198130813655265
2014-05-15,77.43,-0.001290655832235338
2014-05-16,77.4,-0.0003875218029507505
2014-05-17,77.37333333333333,-0.00034458994138359566
2014-05-18,77.34666666666666,-0.0003447087245440171
2014-05-19,77.32,-0.000344827589623736
2014-05-20,77.42,0.0012924908093720994
2014-05-21,77.44,0.00025829781881953675
2014-05-22,77.42,-0.0002582978188194675
2014-05-23,77.4,-0.00025836455382050895
2014-05-24,77.39333333333333,-8.613635390148284e-05
2014-05-25,77.38666666666667,-8.614377401188368e-05
2014-05-26,77.38,-8.615119540120465e-05
2014-05-27,77.35,-0.0003877722532918222
2014-05-28,77.32,-0.0003879226789449784
2014-05-29,77.38,0.0007756949322367001
2014-05-30,77.36,-0.000258498127327938
2014-05-31,77.35666666666667,-4.308951848120563e-05
2014-06-01,77.35333333333332,-4.3091375268001994e-05
2014-06-02,77.35,-4.309323221445876e-05
2014-06-03,77.35,0.0
2014-06-04,77.42,0.0009045681304269146
2014-06-05,77.38,-0.0005167958771352641
2014-06-06,77.38,0.0
2014-06-07,77.39333333333333,0.0001722949694132225
2014-06-08,77.40666666666667,0.00017226528897033402
2014-06-09,77.42,0.00017223561875173376
2014-06-10,77.42,0.0
2014-06-11,77.52,0.0012908224330087756
2014-06-12,77.52,0.0
2014-06-13,77.48,-0.0005161290437155219
2014-06-14,77.49333333333334,0.00017207261506802502
2014-06-15,77.50666666666666,0.00017204301117678043
2014-06-16,77.52,0.00017201341747075772
2014-06-17,77.53,0.00012899064835682344
2014-06-18,77.38,-0.0019366089585008384
2014-06-19,77.35,-0.0003877722532918222
2014-06-20,77.33,-0.00025859839813104665
2014-06-21,77.32,-0.00012932428081394788
2014-06-22,77.31,-0.00012934100774660468
2014-06-23,77.3,-0.00012935773900719526
2014-06-24,77.53,0.0029710026374915014
2014-06-25,77.54,0.00012897401191559407
2014-06-26,77.54,0.0
2014-06-27,77.52,-0.0002579646602724043
2014-06-28,77.52,0.0
2014-06-29,77.52,0.0
2014-06-30,77.52,0.0
2014-07-01,77.52,0.0
2014-07-02,77.53,0.00012899064835682344
2014-07-03,77.54,0.00012897401191559407
2014-07-04,77.54,0.0
2014-07-05,77.54333333333334,4.2987641059819846e-05
2014-07-06,77.54666666666667,4.298579320189621e-05
2014-07-07,77.55,4.298394550294626e-05
2014-07-08,77.5,-0.000644953263246458
2014-07-09,77.55,0.0006449532632463751
2014-07-10,77.5,-0.000644953263246458
2014-07-11,77.5,0.0
2014-07-12,77.49333333333334,-8.602520543817311e-05
2014-07-13,77.48666666666666,-8.603260641096499e-05
2014-07-14,77.48,-8.604000865701393e-05
2014-07-15,77.48,0.0
2014-07-16,77.46,-0.0002581644521891018
2014-07-17,77.42,-0.0005165289371039668
2014-07-18,77.4,-0.00025836455382050895
2014-07-19,77.42333333333333,0.0003014188237344439
2014-07-20,77.44666666666667,0.00030132799780332374
2014-07-21,77.47,0.0003012372265921188
2014-07-22,77.43,-0.000516462245178913
2014-07-23,77.4,-0.0003875218029507505
2014-07-24,77.38,-0.00025843132331466816
2014-07-25,77.38,0.0
2014-07-26,77.37666666666667,-4.307838112106765e-05
2014-07-27,77.37333333333333,-4.308023694790316e-05
2014-07-28,77.37,-4.308209293473214e-05
2014-07-29,77.33,-0.0005171299404191036
2014-07-30,77.33,0.0
2014-07-31,77.32,-0.00012932428081394788
2014-08-01,77.3,-0.00025869874675377776
2014-08-02,77.33333333333333,0.00043112740482406615
2014-08-03,77.36666666666667,0.00043094161408149833
2014-08-04,77.4,0.00043075598339976164
2014-08-05,77.48,0.0010330579431135946
2014-08-06,77.47,-0.00012907389498402727
2014-08-07,77.45,-0.0002581977809334901
2014-08-08,77.43,-0.0002582644642453961
2014-08-09,77.44,0.00012914056968931149
2014-08-10,77.45,0.00012912389455608492
2014-08-11,77.46,0.00012910722372835742
2014-08-12,77.47,0.00012909055720501913
2014-08-13,77.43,-0.000516462245178913
2014-08-14,77.4,-0.0003875218029507505
2014-08-15,77.4,0.0
2014-08-16,77.4,0.0
2014-08-17,77.4,0.0
2014-08-18,77.4,0.0
2014-08-19,77.42,0.00025836455382064415
2014-08-20,77.4,-0.00025836455382050895
2014-08-21,77.38,-0.00025843132331466816
2014-08-22,77.35,-0.0003877722532918222
2014-08-23,77.35,0.0
2014-08-24,77.35,0.0
2014-08-25,77.35,0.0
2014-08-26,77.39,0.0005169962632926238
2014-08-27,77.04,-0.00453280579249753
2014-08-28,77.03,-0.00012981112499578943
2014-08-29,77.02,-0.00012982797811171974
2014-08-30,77.13,0.0014271815591450105
2014-08-31,77.24,0.001425147614405794
2014-09-01,77.35,0.0014231194587615078
2014-09-02,77.35,0.0
2014-09-03,77.35,0.0
2014-09-04,77.35,0.0
2014-09-05,77.35,0.0
2014-09-06,77.24,-0.0014231194587614304
2014-09-07,77.13,-0.0014251476144058499
2014-09-08,77.02,-0.0014271815591449884
2014-09-09,77.02,0.0
2014-09-10,77.32,0.0038875259533672794
2014-09-11,77.33,0.00012932428081410783
2014-09-12,77.0,-0.004276556767260194
2014-09-13,77.00666666666666,8.657633874054052e-05
2014-09-14,77.01333333333334,8.656884392716315e-05
2014-09-15,77.02,8.656135041102394e-05
2014-09-16,77.02,0.0
2014-09-17,77.33,0.0040168502341813355
2014-09-18,77.32,-0.00012932428081394788
2014-09-19,77.3,-0.00025869874675377776
2014-09-20,77.28999999999999,-0.0001293744745967192
2014-09-21,77.28,-0.00012939121451695332
2014-09-22,77.27,-0.00012940795877011853
2014-09-23,77.25,-0.0002588661676375689
2014-09-24,77.23,-0.0002589331966823155
2014-09-25,77.32,0.0011646717589575163
2014-09-26,77.32,0.0
2014-09-27,77.26333333333334,-0.0007331536716539483
2014-09-28,77.20666666666666,-0.000733691580354212
2014-09-29,77.15,-0.000734230278951983
2014-09-30,77.32,0.002201075530960051
2014-10-01,77.32,0.0
2014-10-02,77.3,-0.00025869874675377776
2014-10-03,77.3,0.0
2014-10-04,77.3,0.0
2014-10-05,77.3,0.0
2014-10-06,77.3,0.0
2014-10-07,77.3,0.0
2014-10-08,77.33,0.00038802302756789673
2014-10-09,77.33,0.0
2014-10-10,77.33,0.0
2014-10-11,77.32666666666667,-4.310623532358162e-05
2014-10-12,77.32333333333332,-4.310809355142961e-05
2014-10-13,77.32,-4.3109951939049035e-05
2014-10-14,77.33,0.00012932428081410783
2014-10-15,77.25,-0.0010350628430892514
2014-10-16,77.25,0.0
2014-10-17,77.25,0.0
2014-10-18,77.26666666666667,0.00021572645968675986
2014-10-19,77.28333333333333,0.000215679931818523
2014-10-20,77.3,0.00021563342401618172
2014-10-21,77.3,0.0
2014-10-22,77.33,0.00038802302756789673
2014-10-23,77.33,0.0
2014-10-24,77.33,0.0
2014-10-25,77.32,-0.00012932428081394788
2014-10-26,77.31,-0.00012934100774660468
2014-10-27,77.3,-0.00012935773900719526
2014-10-28,77.3,0.0
2014-10-29,77.3,0.0
2014-10-30,77.3,0.0
2014-10-31,77.3,0.0
2014-11-01,77.28999999999999,-0.0001293744745967192
2014-11-02,77.28,-0.00012939121451695332
2014-11-03,77.27,-0.00012940795877011853
2014-11-04,77.2,-0.0009063249147619022
2014-11-05,77.2,0.0
2014-11-06,77.2,0.0
2014-11-07,77.2,0.0
2014-11-08,77.2,0.0
2014-11-09,77.2,0.0
2014-11-10,77.2,0.0
2014-11-11,77.18,-0.00025910092125774653
2014-11-12,77.2,0.00025910092125779207
2014-11-13,77.2,0.0
2014-11-14,77.2,0.0
2014-11-15,77.2,0.0
2014-11-16,77.2,0.0
2014-11-17,77.2,0.0
2014-11-18,77.2,0.0
2014-11-19,77.2,0.0
2014-11-20,77.2,0.0
2014-11-21,77.2,0.0
2014-11-22,77.19333333333334,-8.63595147131483e-05
2014-11-23,77.18666666666667,-8.636697332318174e-05
2014-11-24,77.18,-8.637443322135181e-05
2014-11-25,77.18,0.0
2014-11-26,77.18,0.0
2014-11-27,77.18,0.0
2014-11-28,77.18,0.0
2014-11-29,77.18666666666667,8.637443322148302e-05
2014-11-30,77.19333333333334,8.636697332319939e-05
2014-12-01,77.2,8.635951471305164e-05
2014-12-02,77.2,0.0
2014-12-03,77.18,-0.00025910092125774653
2014-12-04,77.2,0.00025910092125779207
2014-12-05,77.17,-0.0003886765612188535
2014-12-06,77.18,0.00012957563996103698
2014-12-07,77.19,0.00012955885228968611
2014-12-08,77.2,0.00012954206896800984
2014-12-09,77.2,0.0
2014-12-10,77.2,0.0
2014-12-11,77.17,-0.0003886765612188535
2014-12-12,77.2,0.0003886765612188656
2014-12-13,77.2,0.0
2014-12-14,77.2,0.0
2014-12-15,77.2,0.0
2014-12-16,77.2,0.0
2014-12-17,77.18,-0.00025910092125774653
2014-12-18,77.2,0.00025910092125779207
2014-12-19,77.2,0.0
2014-12-20,77.41666666666667,0.0028026319951076567
2014-12-21,77.63333333333333,0.00279479919634734
2014-12-22,77.85,0.0027870100578217096
2014-12-23,77.83,-0.00025693730871052155
2014-12-24,77.82,-0.00012849341488937237
2014-12-25,77.82,0.0
2014-12-26,77.8,-0.00025703637206155657
2014-12-27,77.8,0.0
2014-12-28,77.8,0.0
2014-12-29,77.8,0.0
2014-12-30,77.77,-0.00038567847749395115
2014-12-31,77.8,0.0003856784774941105
2015-01-01,77.8,0.0
2015-01-02,77.77,-0.00038567847749395115
2015-01-03,77.76333333333334,-8.572653241419553e-05
2015-01-04,77.75666666666666,-8.573388208274601e-05
2015-01-05,77.75,-8.574123301133961e-05
2015-01-06,77.88,0.001670629444655334
2015-01-07,77.75,-0.0016706294446553127
2015-01-08,77.75,0.0
2015-01-09,77.75,0.0
2015-01-10,77.73333333333333,-0.00021438525111583978
2015-01-11,77.71666666666667,-0.0002144312220074091
2015-01-12,77.7,-0.00021447721261844024
2015-01-13,77.75,0.0006432936857417202
2015-01-14,77.72,-0.0003859265501041916
2015-01-15,77.73,0.0001286587328889139
2015-01-16,77.75,0.00025726781721511236
2015-01-17,77.74333333333334,-8.57485852007536e-05
2015-01-18,77.73666666666666,-8.575593865143213e-05
2015-01-19,77.73,-8.576329336293109e-05
2015-01-20,77.75,0.00025726781721511236
2015-01-21,77.75,0.0
2015-01-22,77.75,0.0
2015-01-23,77.75,0.0
2015-01-24,77.74666666666667,-4.2873373497949604e-05
2015-01-25,77.74333333333333,-4.287521170307748e-05
2015-01-26,77.74,-4.287705006553408e-05
2015-01-27,77.67,-0.0009008429925210665
2015-01-28,77.75,0.0010294686277874802
2015-01-29,77.35,-0.005157974040268425
2015-01-30,77.35,0.0
2015-01-31,77.46666666666667,0.0015071592905713386
2015-02-01,77.58333333333333,0.0015048911794203067
2015-02-02,77.7,0.0015026298845350965
2015-02-03,77.7,0.0
2015-02-04,77.7,0.0
2015-02-05,77.75,0.0006432936857417202
2015-02-06,77.75,0.0
2015-02-07,77.75,0.0
2015-02-08,77.75,0.0
2015-02-09,77.75,0.0
2015-02-10,77.73,-0.0002572678172151554
2015-02-11,77.75,0.00025726781721511236
2015-02-12,77.75,0.0
2015-02-13,77.75,0.0
2015-02-14,77.75666666666666,8.574123301143601e-05
2015-02-15,77.76333333333334,8.573388208279652e-05
2015-02-16,77.77,8.57265324140981e-05
2015-02-17,77.78,0.00012857602074941142
2015-02-18,77.8,0.0002571024567446549
2015-02-19,77.8,0.0
2015-02-20,77.8,0.0
2015-02-21,77.79333333333334,-8.569347449425469e-05
2015-02-22,77.78666666666666,-8.570081849538719e-05
2015-02-23,77.78,-8.570816375500825e-05
2015-02-24,77.8,0.0002571024567446549
2015-02-25,77.78,-0.0002571024567445929
2015-02-26,77.78,0.0
2015-02-27,77.8,0.0002571024567446549
2015-02-28,77.79333333333334,-8.569347449425469e-05
2015-03-01,77.78666666666666,-8.570081849538719e-05
2015-03-02,77.78,-8.570816375500825e-05
2015-03-03,77.78,0.0
2015-03-04,77.78,0.0
2015-03-05,77.7,-0.0010290713539994405
2015-03-06,77.68,-0.0002574333905322034
2015-03-07,77.67,-0.0001287415515135814
2015-03-08,77.66000000000001,-0.00012875812803464243
2015-03-09,77.65,-0.0001287747088252245
2015-03-10,77.8,0.001929881589649654
2015-03-11,77.8,0.0
2015-03-12,77.8,0.0
2015-03-13,77.8,0.0
2015-03-14,77.8,0.0
2015-03-15,77.8,0.0
2015-03-16,77.8,0.0
2015-03-17,77.8,0.0
2015-03-18,77.8,0.0
2015-03-19,77.78,-0.0002571024567445929
2015-03-20,77.8,0.0002571024567446549
2015-03-21,77.8,0.0
2015-03-22,77.8,0.0
2015-03-23,77.8,0.0
2015-03-24,77.8,0.0
2015-03-25,77.8,0.0
2015-03-26,77.8,0.0
2015-03-27,77.8,0.0
2015-03-28,77.8,0.0
2015-03-29,77.8,0.0
2015-03-30,77.8,0.0
2015-03-31,77.8,0.0
2015-04-01,77.8,0.0
2015-04-02,77.78,-0.0002571024567445929
2015-04-03,77.8,0.0002571024567446549
2015-04-04,77.8,0.0
2015-04-05,77.8,0.0
2015-04-06,77.8,0.0
2015-04-07,77.8,0.0
2015-04-08,77.8,0.0
2015-04-09,77.8,0.0
2015-04-10,77.78,-0.0002571024567445929
2015-04-11,77.78,0.0
2015-04-12,77.78,0.0
2015-04-13,77.78,0.0
2015-04-14,77.8,0.0002571024567446549
2015-04-15,77.78,-0.0002571024567445929
2015-04-16,77.74,-0.0005144033035241639
2015-04-17,77.73,-0.00012864218194865527
2015-04-18,77.74666666666667,0.0002143944437171699
2015-04-19,77.76333333333334,0.00021434848859209156
2015-04-20,77.78,0.0002143025531635854
2015-04-21,77.78,0.0
2015-04-22,77.78,0.0
2015-04-23,77.78,0.0
2015-04-24,77.78,0.0
2015-04-25,77.78,0.0
2015-04-26,77.78,0.0
2015-04-27,77.78,0.0
2015-04-28,77.8,0.0002571024567446549
2015-04-29,77.78,-0.0002571024567445929
2015-04-30,77.8,0.0002571024567446549
2015-05-01,77.78,-0.0002571024567445929
2015-05-02,77.78666666666666,8.570816375489975e-05
2015-05-03,77.79333333333334,8.570081849544026e-05
2015-05-04,77.8,8.569347449436778e-05
2015-05-05,77.8,0.0
2015-05-06,77.78,-0.0002571024567445929
2015-05-07,77.75,-0.0003857776682577706
2015-05-08,77.8,0.0006428801250023521
2015-05-09,77.78333333333333,-0.00021424745663094983
2015-05-10,77.76666666666667,-0.00021429336844032762
2015-05-11,77.75,-0.0002143392999310703
2015-05-12,77.75,0.0
2015-05-13,77.73,-0.0002572678172151554
2015-05-14,77.8,0.0009001479422174677
2015-05-15,77.77,-0.00038567847749395115
2015-05-16,77.75666666666666,-0.000171460414497039
2015-05-17,77.74333333333334,-0.00017148981821221886
2015-05-18,77.73,-0.00017151923201437087
2015-05-19,77.73,0.0
2015-05-20,77.75,0.00025726781721511236
2015-05-21,77.75,0.0
2015-05-22,77.75,0.0
2015-05-23,77.75,0.0
2015-05-24,77.75,0.0
2015-05-25,77.75,0.0
2015-05-26,77.72,-0.0003859265501041916
2015-05-27,77.75,0.00038592655010426876
2015-05-28,77.75,0.0
2015-05-29,77.75,0.0
2015-05-30,77.75,0.0
2015-05-31,77.75,0.0
2015-06-01,77.75,0.0
2015-06-02,77.75,0.0
2015-06-03,77.75,0.0
2015-06-04,77.75,0.0
2015-06-05,77.75,0.0
2015-06-06,77.71666666666667,-0.00042881647312334383
2015-06-07,77.68333333333334,-0.0004290004355798485
2015-06-08,77.65,-0.00042918455594415046
2015-06-09,77.7,0.000643707778905692
2015-06-10,77.75,0.0006432936857417202
2015-06-11,77.68,-0.0009007270762739282
2015-06-12,77.65,-0.0003862743883733837
2015-06-13,77.66000000000001,0.00012877470882526783
2015-06-14,77.67,0.000128758128034533
2015-06-15,77.68,0.0001287415515135574
2015-06-16,77.73,0.0006434592590588411
2015-06-17,77.66,-0.000900958938607109
2015-06-18,77.73,0.000900958938607154
2015-06-19,77.73,0.0
2015-06-20,77.73333333333333,4.288256609930846e-05
2015-06-21,77.73666666666666,4.2880727263586284e-05
2015-06-22,77.74,4.2878888585727675e-05
2015-06-23,77.74,0.0
2015-06-24,77.73,-0.00012864218194865527
2015-06-25,77.68,-0.000643459259058776
2015-06-26,77.72,0.0005148005261697026
2015-06-27,77.72333333333333,4.288808355254618e-05
2015-06-28,77.72666666666667,4.288624424389943e-05
2015-06-29,77.73,4.2884405092672166e-05
2015-06-30,77.73,0.0
2015-07-01,77.75,0.00025726781721511236
2015-07-02,77.73,-0.0002572678172151554
2015-07-03,77.74,0.00012864218194875518
2015-07-04,77.74,0.0
2015-07-05,77.74,0.0
2015-07-06,77.74,0.0
2015-07-07,77.75,0.0001286256352663683
2015-07-08,77.74,-0.00012862563526648972
2015-07-09,77.75,0.0001286256352663683
2015-07-10,77.73,-0.0002572678172151554
2015-07-11,77.72,-0.00012865873288901464
2015-07-12,77.71000000000001,-0.00012867528808834528
2015-07-13,77.7,-0.00012869184754920124
2015-07-14,77.7,0.0
2015-07-15,77.69,-0.00012870841127236
2015-07-16,77.72,0.0003860755469100118
2015-07-17,77.69,-0.0003860755469099063
2015-07-18,77.68333333333334,-8.581481168903477e-05
2015-07-19,77.67666666666666,-8.582217650319787e-05
2015-07-20,77.67,-8.582954258117954e-05
2015-07-21,77.63,-0.0005151320139670617
2015-07-22,77.72,0.0011586740916503088
2015-07-23,77.74,0.00025730091483767937
2015-07-24,77.68,-0.000772101441007487
2015-07-25,77.66333333333334,-0.00021457846143750243
2015-07-26,77.64666666666666,-0.0002146245152361131
2015-07-27,77.63,-0.00021467058880716603
2015-07-28,77.63,0.0
2015-07-29,77.74,0.0014159750064881367
2015-07-30,77.73,-0.00012864218194865527
2015-07-31,77.75,0.00025726781721511236
2015-08-01,77.75666666666666,8.574123301143601e-05
2015-08-02,77.76333333333334,8.573388208279652e-05
2015-08-03,77.77,8.57265324140981e-05
2015-08-04,77.75,-0.00025720164750831447
2015-08-05,77.78,0.0003857776682577265
2015-08-06,77.75,-0.0003857776682577706
2015-08-07,77.74,-0.00012862563526648972
2015-08-08,77.73666666666666,-4.287888858576352e-05
2015-08-09,77.73333333333333,-4.288072726365477e-05
2015-08-10,77.73,-4.288256609931886e-05
2015-08-11,77.74,0.00012864218194875518
2015-08-12,77.72,-0.00025730091483768105
2015-08-13,77.73,0.0001286587328889139
2015-08-14,77.73,0.0
2015-08-15,77.73333333333333,4.288256609930846e-05
2015-08-16,77.73666666666666,4.2880727263586284e-05
2015-08-17,77.74,4.2878888585727675e-05
2015-08-18,77.73,-0.00012864218194865527
2015-08-19,77.75,0.00025726781721511236
2015-08-20,77.74,-0.00012862563526648972
2015-08-21,77.72,-0.00025730091483768105
2015-08-22,77.72333333333333,4.288808355254618e-05
2015-08-23,77.72666666666667,4.288624424389943e-05
2015-08-24,77.73,4.2884405092672166e-05
2015-08-25,77.75,0.00025726781721511236
2015-08-26,77.75,0.0
2015-08-27,77.73,-0.0002572678172151554
2015-08-28,77.78,0.0006430454854728852
2015-08-29,77.77,-0.0001285760207493893
2015-08-30,77.76,-0.00012859255466818938
2015-08-31,77.75,-0.00012860909284018602
2015-09-01,77.75,0.0
2015-09-02,77.73,-0.0002572678172151554
2015-09-03,77.73,0.0
2015-09-04,77.75,0.00025726781721511236
2015-09-05,77.74666666666667,-4.2873373497949604e-05
2015-09-06,77.74333333333333,-4.287521170307748e-05
2015-09-07,77.74,-4.287705006553408e-05
2015-09-08,77.76,0.0002572347281066682
2015-09-09,77.73,-0.0003858769100553148
2015-09-10,77.77,0.0005144694647236432
2015-09-11,77.75,-0.00025720164750831447
2015-09-12,77.74333333333334,-8.57485852007536e-05
2015-09-13,77.73666666666666,-8.575593865143213e-05
2015-09-14,77.73,-8.576329336293109e-05
2015-09-15,77.74,0.00012864218194875518
2015-09-16,77.73,-0.00012864218194865527
2015-09-17,77.73,0.0
2015-09-18,77.75,0.00025726781721511236
2015-09-19,77.75,0.0
2015-09-20,77.75,0.0
2015-09-21,77.75,0.0
2015-09-22,77.74,-0.00012862563526648972
2015-09-23,77.7,-0.0005146680504752873
2015-09-24,77.75,0.0006432936857417202
2015-09-25,77.73,-0.0002572678172151554
2015-09-26,77.73666666666666,8.576329336299537e-05
2015-09-27,77.74333333333334,8.575593865142446e-05
2015-09-28,77.75,8.574858520090465e-05
2015-09-29,77.65,-0.0012870014646473376
2015-09-30,77.75,0.0012870014646474616
2015-10-01,77.73,-0.0002572678172151554
2015-10-02,77.75,0.00025726781721511236
2015-10-03,77.75,0.0
2015-10-04,77.75,0.0
2015-10-05,77.75,0.0
2015-10-06,77.7,-0.0006432936857417076
2015-10-07,76.97,-0.009439521827375768
2015-10-08,77.63,0.008538214871362929
2015-10-09,77.65,0.0002575991771071654
2015-10-10,77.64333333333333,-8.585901954283956e-05
2015-10-11,77.63666666666667,-8.58663919469094e-05
2015-10-12,77.63,-8.587376561746272e-05
2015-10-13,77.74,0.0014159750064881367
2015-10-14,77.72,-0.00025730091483768105
2015-10-15,77.74,0.00025730091483767937
2015-10-16,77.75,0.0001286256352663683
2015-10-17,77.75,0.0
2015-10-18,77.75,0.0
2015-10-19,77.75,0.0
2015-10-20,77.72,-0.0003859265501041916
2015-10-21,77.74,0.00025730091483767937
2015-10-22,77.74,0.0
2015-10-23,77.75,0.0001286256352663683
2015-10-24,77.75666666666666,8.574123301143601e-05
2015-10-25,77.76333333333334,8.573388208279652e-05
2015-10-26,77.77,8.57265324140981e-05
2015-10-27,77.73,-0.0005144694647235435
2015-10-28,77.76,0.00038587691005540105
2015-10-29,77.72,-0.0005145356429443377
2015-10-30,77.77,0.0006431281976125981
2015-10-31,77.76333333333334,-8.572653241419553e-05
2015-11-01,77.75666666666666,-8.573388208274601e-05
2015-11-02,77.75,-8.574123301133961e-05
2015-11-03,78.14,0.00500353856758097
2015-11-04,78.08,-0.0007681475220875229
2015-11-05,78.19,0.0014078200315855954
2015-11-06,78.05,-0.0017921151749815767
2015-11-07,78.03999999999999,-0.0001281312065306374
2015-11-08,78.03,-0.00012814762624045604
2015-11-09,78.02,-0.00012816405015949508
2015-11-10,77.98,-0.0005128205240591212
2015-11-11,77.97,-0.00012824623294274798
2015-11-12,77.95,-0.0002565418177229783
2015-11-13,77.93,-0.0002566076483158757
2015-11-14,77.93333333333334,4.2772514388679244e-05
2015-11-15,77.93666666666667,4.277068497903318e-05
2015-11-16,77.94,4.2768855725696494e-05
2015-11-17,77.38,-0.0072109506381963385
2015-11-18,77.35,-0.0003877722532918222
2015-11-19,77.33,-0.00025859839813104665
2015-11-20,77.33,0.0
2015-11-21,77.32,-0.00012932428081394788
2015-11-22,77.31,-0.00012934100774660468
2015-11-23,77.3,-0.00012935773900719526
2015-11-24,77.27,-0.0003881736478837502
2015-11-25,77.25,-0.0002588661676375689
2015-11-26,77.25,0.0
2015-11-27,78.0,0.00966191091173689
2015-11-28,77.99,-0.00012821334718515006
2015-11-29,77.98,-0.00012822978795528546
2015-11-30,77.97,-0.00012824623294274798
2015-12-01,77.97,0.0
2015-12-02,78.15,0.0023059195459771043
2015-12-03,78.1,-0.0006400000218454635
2015-12-04,78.08,-0.00025611474080317384
2015-12-05,78.06333333333333,-0.00021347906918812103
2015-12-06,78.04666666666667,-0.0002135246522322702
2015-12-07,78.03,-0.0002135702547467516
2015-12-08,78.0,-0.00038454143907814804
2015-12-09,78.0,0.0
2015-12-10,78.1,0.00128123015604854
2015-12-11,78.07,-0.00038419671344072897
2015-12-12,78.06666666666666,-4.269763669222266e-05
2015-12-13,78.06333333333333,-4.2699459858303474e-05
2015-12-14,78.06,-4.270128318004752e-05
2015-12-15,77.96,-0.0012818871131089892
2015-12-16,77.98,0.0002565089150914383
2015-12-17,78.1,0.001537673291188873
2015-12-18,78.07,-0.00038419671344072897
2015-12-19,78.06333333333333,-8.539709655058061e-05
2015-12-20,78.05666666666666,-8.54043898376564e-05
2015-12-21,78.05,-8.541168437022894e-05
2015-12-22,78.02,-0.00038444288293059434
2015-12-23,78.5,0.006133420709852438
2015-12-24,78.48,-0.0002548095312550157
2015-12-25,78.48,0.0
2015-12-26,78.36,-0.0015302221807677048
2015-12-27,78.24000000000001,-0.001532567349778005
2015-12-28,78.12,-0.0015349197180838127
2015-12-29,78.1,-0.00025604916283805635
2015-12-30,78.08,-0.00025611474080317384
2015-12-31,78.08,0.0
2016-01-01,78.08,0.0
2016-01-02,78.17666666666666,0.001237280700539163
2016-01-03,78.27333333333334,0.0012357517285800249
2016-01-04,78.37,0.0012342265308171803
2016-01-05,78.33,-0.0005105296856261694
2016-01-06,78.38,0.0006381213923382107
2016-01-07,78.3,-0.0010211897747279528
2016-01-08,78.27,-0.00038321518001068757
2016-01-09,78.28999999999999,0.0002554931030760581
2016-01-10,78.31,0.00025542784302352704
2016-01-11,78.33,0.00025536261630088573
2016-01-12,78.27,-0.0007662835624004786
2016-01-13,78.35,0.0010215809852830427
2016-01-14,78.43,0.0010205384225455394
2016-01-15,78.42,-0.00012751036038958537
2016-01-16,78.41333333333334,-8.50159405399227e-05
2016-01-17,78.40666666666667,-8.50231688648757e-05
2016-01-18,78.4,-8.503039841855823e-05
2016-01-19,78.43,0.0003825798682129951
2016-01-20,78.43,0.0
2016-01-21,78.38,-0.0006377144530898656
2016-01-22,78.35,-0.00038282396945562446
2016-01-23,78.36666666666666,0.0002126980758842348
2016-01-24,78.38333333333334,0.00021265284503338072
2016-01-25,78.4,0.00021260763341477969
2016-01-26,78.35,-0.0006379585543325175
2016-01-27,78.33,-0.0002552974228825636
2016-01-28,78.35,0.00025529742288261204
2016-01-29,78.33,-0.0002552974228825636
2016-01-30,78.32,-0.00012767315689231188
2016-01-31,78.31,-0.00012768945940848532
2016-02-01,78.3,-0.00012770576608890364
2016-02-02,78.53,0.0029331143900258577
2016-02-03,78.52,-0.0001273479785229911
2016-02-04,78.48,-0.0005095541511525638
2016-02-05,78.47,-0.00012742911772582884
2016-02-06,78.54,0.0008916630104818639
2016-02-07,78.61,0.0008908686558014111
2016-02-08,78.68,0.0008900757151933303
2016-02-09,78.65,-0.00038136401657145333
2016-02-10,78.58,-0.0008904153739732608
2016-02-11,78.57,-0.00012726694258351312
2016-02-12,78.4,-0.002166019831367875
2016-02-13,78.4,0.0
2016-02-14,78.4,0.0
2016-02-15,78.4,0.0
2016-02-16,78.38,-0.00025513458487690457
2016-02-17,78.4,0.00025513458487694924
2016-02-18,78.5,0.0012746974320005163
2016-02-19,78.4,-0.0012746974320004727
2016-02-20,78.40666666666667,8.503039841858463e-05
2016-02-21,78.41333333333334,8.502316886485252e-05
2016-02-22,78.42,8.501594053998056e-05
2016-02-23,78.36,-0.0007654037878455635
2016-02-24,78.37,0.00012760798843321837
2016-02-25,78.35,-0.0002552322627435613
2016-02-26,78.33,-0.0002552974228825636
2016-02-27,78.33666666666666,8.510638303007532e-05
2016-02-28,78.34333333333333,8.509914055011168e-05
2016-02-29,78.35,8.509189930256029e-05
2016-03-01,78.32,-0.00038297057977490674
2016-03-02,78.38,0.0007657945492304554
2016-03-03,78.37,-0.0001275917067120418
2016-03-04,78.36,-0.00012760798843330963
2016-03-05,78.35333333333334,-8.508103974151185e-05
2016-03-06,78.34666666666666,-8.508827914102004e-05
2016-03-07,78.34,-8.509551977214482e-05
2016-03-08,78.33,-0.00012765685853816238
2016-03-09,78.32,-0.00012767315689231188
2016-03-10,78.33,0.0001276731568923007
2016-03-11,78.32,-0.00012767315689231188
2016-03-12,78.31333333333333,-8.512449462469073e-05
2016-03-13,78.30666666666666,-8.513174142133796e-05
2016-03-14,78.3,-8.513898945160051e-05
2016-03-15,78.28,-0.0002554604688818787
2016-03-16,78.27,-0.00012775471112884317
2016-03-17,78.26,-0.0001277710344802336
2016-03-18,78.25,-0.00012778736200386452
2016-03-19,78.24333333333334,-8.520064757637235e-05
2016-03-20,78.23666666666666,-8.52079073454123e-05
2016-03-21,78.23,-8.52151683513988e-05
2016-03-22,78.21,-0.0002556890834693053
2016-03-23,78.2,-0.0001278690622544901
2016-03-24,78.33,0.0016610238278817963
2016-03-25,78.33,0.0
2016-03-26,78.32,-0.00012767315689231188
2016-03-27,78.31,-0.00012768945940848532
2016-03-28,78.3,-0.00012770576608890364
2016-03-29,78.27,-0.00038321518001068757
2016-03-30,78.25,-0.0002555583964841482
2016-03-31,78.22,-0.0003834600928945243
2016-04-01,78.18,-0.0005115089625591736
2016-04-02,78.17333333333333,-8.527693690418409e-05
2016-04-03,78.16666666666667,-8.528420968015061e-05
2016-04-04,78.16,-8.529148369717214e-05
2016-04-05,78.32,0.0020449904877276478
2016-04-06,78.3,-0.00025539522549745014
2016-04-07,78.27,-0.00038321518001068757
2016-04-08,78.25,-0.0002555583964841482
2016-04-09,78.27333333333333,0.00029814511369335257
2016-04-10,78.29666666666667,0.00029805624967854915
2016-04-11,78.32,0.00029796743862035174
2016-04-12,78.26,-0.0007663814399884223
2016-04-13,78.29,0.00038326413755636346
2016-04-14,78.28,-0.0001277383919473613
2016-04-15,78.27,-0.00012775471112884317
2016-04-16,78.27,0.0
2016-04-17,78.27,0.0
2016-04-18,78.27,0.0
2016-04-19,78.32,0.0006386104055080535
2016-04-20,78.3,-0.00025539522549745014
2016-04-21,78.25,-0.0006387735764947879
2016-04-22,78.25,0.0
2016-04-23,78.24333333333334,-8.520064757637235e-05
2016-04-24,78.23666666666666,-8.52079073454123e-05
2016-04-25,78.23,-8.52151683513988e-05
2016-04-26,78.33,0.0012774656821578354
2016-04-27,78.3,-0.0003830683823897844
2016-04-28,78.32,0.0002553952254974682
2016-04-29,78.27,-0.0006386104055081107
2016-04-30,78.27,0.0
2016-05-01,78.27,0.0
2016-05-02,78.27,0.0
2016-05-03,78.3,0.00038321518001075935
2016-05-04,78.27,-0.00038321518001068757
2016-05-05,78.3,0.00038321518001075935
2016-05-06,78.27,-0.00038321518001068757
2016-05-07,78.27333333333333,4.258671720930226e-05
2016-05-08,78.27666666666667,4.2584903658176836e-05
2016-05-09,78.28,4.258309026136256e-05
2016-05-10,78.5,0.002806482260487172
2016-05-11,78.5,0.0
2016-05-12,78.6,0.0012730746467981126
2016-05-13,78.61,0.00012721837050441042
2016-05-14,78.60666666666667,-4.2404325247460653e-05
2016-05-15,78.60333333333332,-4.24061234506929e-05
2016-05-16,78.6,-4.2407921806146404e-05
2016-05-17,78.42,-0.002292702570975162
2016-05-18,78.5,0.0010196279241772238
2016-05-19,78.58,0.001018589341951046
2016-05-20,78.27,-0.00395282631356702
2016-05-21,78.34333333333333,0.0009364890859805852
2016-05-22,78.41666666666666,0.0009356128946518639
2016-05-23,78.49,0.0009347383413429804
2016-05-24,78.47,-0.00025484199934039294
2016-05-25,78.58,0.0014008279909317439
2016-05-26,78.6,0.0002544853048472101
2016-05-27,78.42,-0.002292702570975162
2016-05-28,78.42,0.0
2016-05-29,78.42,0.0
2016-05-30,78.42,0.0
2016-05-31,78.6,0.002292702570975241
2016-06-01,78.4,-0.002547772078798553
2016-06-02,78.45,0.00063755182267929
2016-06-03,78.58,0.0016557349512720033
2016-06-04,78.58666666666666,8.483563101583027e-05
2016-06-05,78.59333333333333,8.48284345423078e-05
2016-06-06,78.6,8.482123928898718e-05
2016-06-07,78.57,-0.0003817522474306586
2016-06-08,78.58,0.000127266942583658
2016-06-09,78.52,-0.0007638447220534427
2016-06-10,78.58,0.0007638447220535046
2016-06-11,78.5,-0.001018589341950954
2016-06-12,78.42,-0.0010196279241771451
2016-06-13,78.34,-0.0010206686265002794
2016-06-14,78.34,0.0
2016-06-15,78.21,-0.0016608116241653098
2016-06-16,78.35,0.0017884521885098942
2016-06-17,78.52,0.0021674006062305648
2016-06-18,78.47333333333333,-0.0005945050920354336
2016-06-19,78.42666666666666,-0.0005948587385950079
2016-06-20,78.38,-0.0005952128061445101
2016-06-21,78.38,0.0
2016-06-22,78.4,0.00025513458487694924
2016-06-23,78.43,0.0003825798682129951
2016-06-24,78.41,-0.00025503698174464103
2016-06-25,78.42,0.0001275266213551098
2016-06-26,78.42999999999999,0.00012751036038945616
2016-06-27,78.44,0.00012749410357058055
2016-06-28,78.37,-0.0008928002633722099
2016-06-29,78.35,-0.0002552322627435613
2016-06-30,78.33,-0.0002552974228825636
2016-07-01,78.28,-0.0006385288512716675
2016-07-02,78.28,0.0
2016-07-03,78.28,0.0
2016-07-04,78.28,0.0
2016-07-05,78.25,-0.0003833131076129011
2016-07-06,78.17,-0.0010228871880234706
2016-07-07,78.17,0.0
2016-07-08,78.17,0.0
2016-07-09,78.22,0.0006394270951289612
2016-07-10,78.27,0.0006390184893785516
2016-07-11,78.32,0.0006386104055080535
2016-07-12,78.22,-0.0012776288948868394
2016-07-13,78.38,0.0020434234441172386
2016-07-14,78.27,-0.001404404954738673
2016-07-15,78.27,0.0
2016-07-16,78.30333333333333,0.00042578558081747336
2016-07-17,78.33666666666667,0.0004256043646132898
2016-07-18,78.37,0.0004254233025958956
2016-07-19,78.4,0.0003827262915888481
2016-07-20,78.17,-0.002937985124123129
2016-07-21,78.32,0.0019170559900157558
2016-07-22,78.33,0.0001276731568923007
2016-07-23,78.32,-0.00012767315689231188
2016-07-24,78.31,-0.00012768945940848532
2016-07-25,78.3,-0.00012770576608890364
2016-07-26,78.32,0.0002553952254974682
2016-07-27,78.38,0.0007657945492304554
2016-07-28,78.39,0.00012757542914539158
2016-07-29,78.32,-0.0008933699783759492
2016-07-30,78.30666666666666,-0.00017025623604596186
2016-07-31,78.29333333333334,-0.00017028522816781426
2016-08-01,78.28,-0.00017031423016562432
2016-08-02,78.23,-0.0006389368308861377
2016-08-03,78.33,0.0012774656821578354
2016-08-04,78.3,-0.0003830683823897844
2016-08-05,78.31,0.0001277057660888628
2016-08-06,78.26333333333334,-0.0005960998217898793
2016-08-07,78.21666666666667,-0.0005964553687394494
2016-08-08,78.17,-0.0005968113400779454
2016-08-09,78.32,0.0019170559900157558
2016-08-10,78.3,-0.00025539522549745014
2016-08-11,78.27,-0.00038321518001068757
2016-08-12,78.29,0.00025549310307628007
2016-08-13,78.28333333333333,-8.515711492845999e-05
2016-08-14,78.27666666666667,-8.516436728015144e-05
2016-08-15,78.27,-8.517162086756792e-05
2016-08-16,78.3,0.00038321518001075935
2016-08-17,78.17,-0.0016616607645183236
2016-08-18,78.27,0.001278445584507612
2016-08-19,78.26,-0.0001277710344802336
2016-08-20,78.27333333333334,0.00017035775168961712
2016-08-21,78.28666666666666,0.0001703287348691985
2016-08-22,78.3,0.00017029972793212439
2016-08-23,78.15,-0.0019175461292717062
2016-08-24,78.2,0.0006395906837797982
2016-08-25,78.26,0.0007669692310011226
2016-08-26,78.26,0.0
2016-08-27,78.3,0.0005109862144910146
2016-08-28,78.34,0.0005107252409279368
2016-08-29,78.38,0.0005104645338000539
2016-08-30,78.23,-0.001915587074495984
2016-08-31,78.35,0.0015327631050404856
2016-09-01,78.31,-0.0005106600391834345
2016-09-02,78.28,-0.00038316623497086405
2016-09-03,78.28,0.0
2016-09-04,78.28,0.0
2016-09-05,78.28,0.0
2016-09-06,78.17,-0.001406200295636378
2016-09-07,78.33,0.0020447291469080186
2016-09-08,78.17,-0.002044729146908025
2016-09-09,78.26,0.001150674550027449
2016-09-10,78.25666666666667,-4.259397295924861e-05
2016-09-11,78.25333333333333,-4.259578728316968e-05
2016-09-12,78.25,-4.259760176142162e-05
2016-09-13,78.26,0.0001277873620038409
2016-09-14,78.17,-0.0011506745500274131
2016-09-15,78.35,0.0023000265697907547
2016-09-16,78.29,-0.0007660878822068195
2016-09-17,78.31666666666668,0.00034055596089219056
2016-09-18,78.34333333333333,0.00034044002201206645
2016-09-19,78.37,0.0003403241620460336
2016-09-20,78.28,-0.0011490585368978267
2016-09-21,78.22,-0.0007667732005074556
2016-09-22,78.22,0.0
2016-09-23,78.43,0.0026811378972072504
2016-09-24,78.41666666666667,-0.00017001742719582183
2016-09-25,78.40333333333334,-0.00017004633803682174
2016-09-26,78.39,-0.00017007525871179868
2016-09-27,78.45,0.0007651109784109213
2016-09-28,78.46,0.00012746160236472745
2016-09-29,78.29,-0.0021690598615835403
2016-09-30,78.43,0.0017866263047523541
2016-10-01,78.42,-0.00012751036038958537
2016-10-02,78.41000000000001,-0.00012752662135492643
2016-10-03,78.4,-0.00012754288646852106
2016-10-04,78.27,-0.0016595395396154981
2016-10-05,78.37,0.0012768132480266514
2016-10-06,78.35,-0.0002552322627435613
2016-10-07,78.31,-0.0005106600391834345
2016-10-08,78.33333333333333,0.0002979167132029531
2016-10-09,78.35666666666667,0.00029782798526796695
2016-10-10,78.38,0.0002977393101682008
2016-10-11,78.32,-0.0007657945492304632
2016-10-12,78.24,-0.0010219724956930802
2016-10-13,78.24,0.0
2016-10-14,78.33,0.0011496456525854066
2016-10-15,78.34666666666666,0.00021275237831038017
2016-10-16,78.36333333333333,0.00021270712436359887
2016-10-17,78.38,0.00021266188966438532
2016-10-18,78.43,0.0006377144530898449
2016-10-19,78.27,-0.0020421194078285394
2016-10-20,78.35,0.0010215809852830427
2016-10-21,78.28,-0.0008938262741542764
2016-10-22,78.32000000000001,0.0005108556943794842
2016-10-23,78.36,0.0005105948540849109
2016-10-24,78.4,0.0005103342800223477
2016-10-25,78.39,-0.0001275591557313688
2016-10-26,78.34,-0.000638039962945527
2016-10-27,78.43,0.0011481789868898614
2016-10-28,78.32,-0.0014035090023203091
2016-10-29,78.28999999999999,-0.00038311730243211856
2016-10-30,78.26,-0.0003832641375562556
2016-10-31,78.23,-0.00038341108527720224
2016-11-01,78.33,0.0012774656821578354
2016-11-02,78.4,0.0008932559772151426
2016-11-03,78.36,-0.0005103342800222219
2016-11-04,78.36,0.0
2016-11-05,78.37333333333333,0.00017014036621220663
2016-11-06,78.38666666666667,0.00017011142339234692
2016-11-07,78.4,0.000170082490417653
2016-11-08,78.52,0.0015294420518981147
2016-11-09,78.4,-0.0015294420518980484
2016-11-10,78.41,0.00012754288646820726
2016-11-11,78.45,0.0005100089362110056
2016-11-12,78.44666666666667,-4.249081136837636e-05
2016-11-13,78.44333333333333,-4.249261691431404e-05
2016-11-14,78.44,-4.249442261336125e-05
2016-11-15,78.75,0.003944276377596918
2016-11-16,78.66,-0.0011435107020790491
2016-11-17,78.67,0.00012712133748778599
2016-11-18,78.65,-0.000254258836864218
2016-11-19,78.79333333333334,0.001820761411697872
2016-11-20,78.93666666666667,0.00181745226383584
2016-11-21,79.08,0.0018141551225953388
2016-11-22,78.94,-0.0017719280677150684
2016-11-23,79.2,0.0032882285856792744
2016-11-24,79.19,-0.00012627059805912555
2016-11-25,79.14,-0.0006315922650428933
2016-11-26,79.13666666666667,-4.2120337811353357e-05
2016-11-27,79.13333333333333,-4.2122112009042816e-05
2016-11-28,79.13,-4.212388635595568e-05
2016-11-29,79.27,0.001767677227962589
2016-11-30,79.11,-0.0020204578157594004
2016-12-01,79.47,0.00454030291878301
2016-12-02,79.45,-0.0002516989693629474
2016-12-03,79.39666666666668,-0.0006715071390114919
2016-12-04,79.34333333333333,-0.0006719583638670819
2016-12-05,79.29,-0.0006724101955387841
2016-12-06,79.5,0.002645004375978536
2016-12-07,79.53,0.00037728730875758007
2016-12-08,79.29,-0.0030222916847362784
2016-12-09,79.59,0.003776439533450324
2016-12-10,79.47666666666667,-0.0014249792855519014
2016-12-11,79.36333333333333,-0.0014270127495049916
2016-12-12,79.25,-0.0014290520253111491
2016-12-13,79.29,0.0005046045269176045
2016-12-14,79.35,0.0007564296881103531
2016-12-15,79.32,-0.0003781433208228107
2016-12-16,79.29,-0.0003782863672874865
2016-12-17,79.23666666666666,-0.0006728626352521545
2016-12-18,79.18333333333334,-0.0006733156842347525
2016-12-19,79.13,-0.0006737693437188064
2016-12-20,78.57,-0.007102122433371764
2016-12-21,79.0,0.005457905279291353
2016-12-22,78.95,-0.0006331117653704004
2016-12-23,78.96,0.00012665442357490095
2016-12-24,78.95666666666666,-4.221635884523485e-05
2016-12-25,78.95333333333333,-4.2218141141514323e-05
2016-12-26,78.95,-4.2219923588127517e-05
2016-12-27,78.92,-0.00038005954723650804
2016-12-28,78.92,0.0
2016-12-29,78.89,-0.0003802040474163788
2016-12-30,78.92,0.0003802040474162848
2016-12-31,78.90666666666667,-0.00016896173057006202
2017-01-01,78.89333333333333,-0.00016899028346087423
2017-01-02,78.88,-0.00016901884600363623
2017-01-03,79.29,0.005184306989927695
2017-01-04,79.0,-0.0036641648172861187
2017-01-05,79.08,0.001012145835394584
2017-01-06,79.08,0.0
2017-01-07,79.01,-0.0008855715677741218
2017-01-08,78.94,-0.0008863564999408975
2017-01-09,78.87,-0.0008871428248014337
2017-01-10,78.71,-0.0020307152555408747
2017-01-11,79.15,0.005574574172662622
2017-01-12,79.14,-0.0001263503697430294
2017-01-13,79.18,0.0005053057207063089
2017-01-14,79.17333333333333,-8.419989058993876e-05
2017-01-15,79.16666666666667,-8.420698080837985e-05
2017-01-16,79.16,-8.421407222134973e-05
2017-01-17,79.1,-0.0007582459607567756
2017-01-18,79.22,0.0015159174201624566
2017-01-19,79.01,-0.0026543654591286467
2017-01-20,79.2,0.0024018720857381234
2017-01-21,79.24,0.0005049230099698462
2017-01-22,79.28,0.0005046681913825317
2017-01-23,79.32,0.0005044136298625403
2017-01-24,79.27,-0.0006305568025307395
2017-01-25,79.12,-0.0018940595346076667
2017-01-26,79.12,0.0
2017-01-27,79.33,0.0026506799994549042
2017-01-28,79.30333333333333,-0.00033620508826885263
2017-01-29,79.27666666666667,-0.00033631816014646407
2017-01-30,79.25,-0.0003364313081062865
2017-01-31,79.49,0.0030238148276312926
2017-02-01,79.48,-0.00012580990140508152
2017-02-02,79.55,0.0008803371001795927
2017-02-03,79.55,0.0
2017-02-04,79.54666666666667,-4.190324541241801e-05
2017-02-05,79.54333333333334,-4.19050013679936e-05
2017-02-06,79.54,-4.1906757470683e-05
2017-02-07,79.54,0.0
2017-02-08,79.62,0.0010052777926264523
2017-02-09,79.67,0.0006277858201036051
2017-02-10,79.67,0.0
2017-02-11,79.72,0.0006273919523191909
2017-02-12,79.77,0.0006269985784440893
2017-02-13,79.82,0.0006266056975497649
2017-02-14,79.66,-0.0020065218670895788
2017-02-15,79.72,0.0007529175910957491
2017-02-16,80.1,0.004755358729719601
2017-02-17,80.09,-0.00012485173872248627
2017-02-18,80.08333333333333,-8.324315329877259e-05
2017-02-19,80.07666666666667,-8.325008329812785e-05
2017-02-20,80.07,-8.325701445170405e-05
2017-02-21,80.02,-0.0006246486554534655
2017-02-22,79.97,-0.0006250390852903886
2017-02-23,79.76,-0.002629438690215544
2017-02-24,79.76,0.0
2017-02-25,79.79333333333334,0.00041783312353171735
2017-02-26,79.82666666666667,0.0004176586119269422
2017-02-27,79.86,0.0004174842460335583
2017-02-28,79.56,-0.003763647649303833
2017-03-01,79.91,0.004389547400599959
2017-03-02,79.85,-0.0007511267253500167
2017-03-03,79.99,0.0017517521997090215
2017-03-04,80.01333333333334,0.00029166059247198804
2017-03-05,80.03666666666666,0.00029157555137324754
2017-03-06,80.06,0.0002914905598520331
2017-03-07,80.07,0.0001248985201148411
2017-03-08,80.13,0.0007490637054367439
2017-03-09,79.97,-0.0019987514461805964
2017-03-10,80.09,0.0014994379917924508
2017-03-11,80.10666666666667,0.00020807757206926054
2017-03-12,80.12333333333333,0.00020803428480025056
2017-03-13,80.14,0.00020799101553787915
2017-03-14,80.17,0.0003742748468618009
2017-03-15,80.04,-0.0016228703393274873
2017-03-16,79.52,-0.006517947367214216
2017-03-17,80.14,0.007766542859679882
2017-03-18,80.13333333333334,-8.319121505563454e-05
2017-03-19,80.12666666666667,-8.319813640982522e-05
2017-03-20,80.12,-8.320505891546088e-05
2017-03-21,80.08,-0.00049937579065239
2017-03-22,79.7,-0.004756549210795712
2017-03-23,80.11,0.005131104430856139
2017-03-24,80.2,0.001122824645443473
2017-03-25,80.17333333333333,-0.00033255736921065097
2017-03-26,80.14666666666668,-0.00033266800040650534
2017-03-27,80.12,-0.00033277870523411285
2017-03-28,80.2,0.0009980040748513695
2017-03-29,80.2,0.0
2017-03-30,80.12,-0.0009980040748513116
2017-03-31,80.2,0.0009980040748513695
2017-04-01,80.21666666666667,0.0002077922085397942
2017-04-02,80.23333333333333,0.00020774903990796134
2017-04-03,80.25,0.00020770588920863492
2017-04-04,80.14,-0.0013716568021266914
2017-04-05,80.32,0.002243550735420387
2017-04-06,80.57,0.003107715845685596
2017-04-07,80.35,-0.002734279605582947
2017-04-08,80.40666666666667,0.0007049993034656484
2017-04-09,80.46333333333332,0.000704502629581827
2017-04-10,80.52,0.0007040066550217636
2017-04-11,80.52,0.0
2017-04-12,80.92,0.004955411527954107
2017-04-13,80.9,-0.00024718823509865134
2017-04-14,80.88,-0.0002472493522301944
2017-04-15,80.83333333333333,-0.00057715300278776
2017-04-16,80.78666666666666,-0.000577486300749573
2017-04-17,80.74,-0.0005778199838838438
2017-04-18,81.54,0.009859581966312711
2017-04-19,81.77,0.0028167307827784275
2017-04-20,82.67,0.010946351090698525
2017-04-21,82.72,0.0006046314955348243
2017-04-22,82.75,0.00036260349705329644
2017-04-23,82.78,0.00036247206341396757
2017-04-24,82.81,0.00036234072502238523
2017-04-25,83.48,0.00805825516339138
2017-04-26,84.1,0.007399484769902183
2017-04-27,82.17,-0.023216295035805783
2017-04-28,81.46,-0.00867816972283002
2017-04-29,81.67999999999999,0.0026970716361435242
2017-04-30,81.9,0.0026898170026137085
2017-05-01,82.12,0.002682601291709073
2017-05-02,82.32,0.0024324993750611955
2017-05-03,82.5,0.0021842018148412073
2017-05-04,81.45,-0.012808958292581135
2017-05-05,81.39,-0.0007369197091040445
2017-05-06,81.38,-0.00012287276540618112
2017-05-07,81.37,-0.00012288786497791765
2017-05-08,81.36,-0.00012290296826148085
2017-05-09,81.24,-0.0014760150281206525
2017-05-10,81.2,-0.0004924895445515547
2017-05-11,81.3,0.0012307693861326667
2017-05-12,81.3,0.0
2017-05-13,81.29333333333334,-8.20041822591351e-05
2017-05-14,81.28666666666666,-8.201090749677399e-05
2017-05-15,81.28,-8.201763383722204e-05
2017-05-16,80.63,-0.008029195133241162
2017-05-17,80.66,0.0003720007482914884
2017-05-18,80.62,-0.0004960317562022493
2017-05-19,80.62,0.0
2017-05-20,80.62,0.0
2017-05-21,80.62,0.0
2017-05-22,80.62,0.0
2017-05-23,80.59,-0.0003721853525997571
2017-05-24,80.62,0.0003721853525998325
2017-05-25,80.62,0.0
2017-05-26,80.66,0.0004960317562021889
2017-05-27,80.65333333333334,-8.265487461819231e-05
2017-05-28,80.64666666666666,-8.266170701147024e-05
2017-05-29,80.64,-8.2668540533874e-05
2017-05-30,80.62,-0.0002480466340387036
2017-05-31,80.67,0.0006200012598631637
2017-06-01,80.67,0.0
2017-06-02,80.7,0.0003718163270200435
2017-06-03,80.70666666666666,8.2607079473611e-05
2017-06-04,80.71333333333334,8.26002561078478e-05
2017-06-05,80.72,8.259343386882132e-05
2017-06-06,80.67,-0.0006196170964705231
2017-06-07,80.69,0.00024789291153215167
2017-06-08,80.72,0.0003717241849384282
2017-06-09,80.72,0.0
2017-06-10,80.73666666666666,0.0002064537447719569
2017-06-11,80.75333333333333,0.00020641113042106106
2017-06-12,80.77,0.0002063685336584231
2017-06-13,80.61,-0.0019828981586953918
2017-06-14,80.71,0.0012397720407713723
2017-06-15,80.76,0.0006193101083558417
2017-06-16,80.69,-0.0008671415842216588
2017-06-17,80.70333333333333,0.000165227808215905
2017-06-18,80.71666666666667,0.00016520051249739452
2017-06-19,80.73,0.00016517322579565714
2017-06-20,80.65,-0.0009914488357062436
2017-06-21,80.69,0.0004958472891973279
2017-06-22,80.65,-0.0004958472891971752
2017-06-23,80.7,0.0006197707046852454
2017-06-24,80.68,-0.00024786218989198756
2017-06-25,80.66,-0.00024792364078911854
2017-06-26,80.64,-0.00024798512216354484
2017-06-27,80.64,0.0
2017-06-28,80.73,0.0011154490838656155
2017-06-29,80.65,-0.0009914488357062436
2017-06-30,80.57,-0.000992432782113398
2017-07-01,80.61333333333333,0.0005376900139883926
2017-07-02,80.65666666666667,0.0005374010587985598
2017-07-03,80.7,0.0005371124140117018
2017-07-04,80.55,-0.0018604656529197896
2017-07-05,80.74,0.0023560058018113135
2017-07-06,81.08,0.004202206159004622
2017-07-07,80.95,-0.0016046414601550523
2017-07-08,81.05666666666667,0.0013168184282140566
2017-07-09,81.16333333333333,0.0013150866975658881
2017-07-10,81.27,0.001313359515689193
2017-07-11,81.3,0.00036907178865138883
2017-07-12,81.27,-0.00036907178865146776
2017-07-13,81.23,-0.0004923077022508737
2017-07-14,81.05,-0.0022183888811774313
2017-07-15,80.95666666666666,-0.0011522160856647298
2017-07-16,80.86333333333333,-0.0011535452191690295
2017-07-17,80.77,-0.0011548774226464679
2017-07-18,80.62,-0.0018588517651851382
2017-07-19,80.59,-0.0003721853525997571
2017-07-20,80.54,-0.0006206169131117912
2017-07-21,80.57,0.0003724163657962814
2017-07-22,80.58666666666666,0.00020683806721520377
2017-07-23,80.60333333333334,0.00020679529407614133
2017-07-24,80.62,0.00020675253862388387
2017-07-25,81.02,0.004949280085524613
2017-07-26,80.78,-0.002966627639277577
2017-07-27,80.56,-0.0027271617249598986
2017-07-28,80.57,0.00012412337879761704
2017-07-29,80.78,0.0026030383461624297
2017-07-30,80.99,0.0025962801256316816
2017-07-31,81.2,0.0025895569067338983
2017-08-01,81.1,-0.0012322860462651674
2017-08-02,80.63,-0.005812172424436508
2017-08-03,80.71,0.0009916946393502609
2017-08-04,80.83,0.0014857004094720853
2017-08-05,80.76333333333334,-0.0008251165945250825
2017-08-06,80.69666666666666,-0.000825797974176233
2017-08-07,80.63,-0.000826480480121038
2017-08-08,80.84,0.0026011038384896423
2017-08-09,80.79,-0.0006186970438030254
2017-08-10,80.75,-0.0004952333888514203
2017-08-11,80.73,-0.0002477086958417735
2017-08-12,80.72333333333333,-8.258320262366763e-05
2017-08-13,80.71666666666667,-8.259002317206254e-05
2017-08-14,80.71,-8.259684484758446e-05
2017-08-15,80.63,-0.0009916946393502544
2017-08-16,80.71,0.0009916946393502609
2017-08-17,80.97,0.0032162323617420502
2017-08-18,80.97,0.0
2017-08-19,81.01,0.0004938881443770241
2017-08-20,81.05,0.0004936443392852336
2017-08-21,81.09,0.0004934007747808672
2017-08-22,80.93,-0.001975065448855349
2017-08-23,80.77,-0.0019789740534056893
2017-08-24,81.07,0.003707369545410902
2017-08-25,80.82,-0.0030885193492881787
2017-08-26,80.88,0.0007421150618884935
2017-08-27,80.94,0.0007415647355035913
2017-08-28,81.0,0.0007410152247192038
2017-08-29,81.07,0.0008638243271769027
2017-08-30,81.12,0.0006165608432573011
2017-08-31,80.88,-0.0029629651306571836
2017-09-01,80.67,-0.002599815763332948
2017-09-02,80.84,0.002105133586537274
2017-09-03,81.01,0.002100711306979647
2017-09-04,81.18,0.002096307568351798
2017-09-05,81.22,0.0004926108473999813
2017-09-06,81.12,-0.0012319824152786573
2017-09-07,81.42,0.003691403231959677
2017-09-08,81.43,0.00012281240420725645
2017-09-09,81.60333333333334,0.0021263553298988005
2017-09-10,81.77666666666667,0.002121843534892823
2017-09-11,81.95,0.00211735084600714
2017-09-12,81.69,-0.0031777098360608247
2017-09-13,81.92,0.0028115659374197553
2017-09-14,80.67,-0.015376402342314662
2017-09-15,80.63,-0.0004959702519524434
2017-09-16,80.64999999999999,0.0002480158742872468
2017-09-17,80.67,0.0002479543776653466
2017-09-18,80.69,0.00024789291153215167
2017-09-19,82.0,0.01610459540383802
2017-09-20,80.72,-0.01573287121889961
2017-09-21,81.85,0.013901927771790286
2017-09-22,81.84,-0.00012218217377280312
2017-09-23,81.83333333333333,-8.146307690553763e-05
2017-09-24,81.82666666666667,-8.146971367897513e-05
2017-09-25,81.82,-8.147635153412408e-05
2017-09-26,81.36,-0.005637960760947945
2017-09-27,82.08,0.008810629682154906
2017-09-28,81.83,-0.0030504568831690297
2017-09-29,82.07,0.002928617102329881
2017-09-30,81.99,-0.0009752530335339818
2017-10-01,81.91,-0.0009762050805755874
2017-10-02,81.83,-0.0009771589882203225
2017-10-03,81.4,-0.005268651530795629
2017-10-04,81.94,0.006611999110230276
2017-10-05,80.76,-0.014505478674088218
2017-10-06,81.27,0.006295151320476666
2017-10-07,81.48666666666666,0.0026624629158935207
2017-10-08,81.70333333333333,0.002655393026268723
2017-10-09,81.92,0.0026483605839219175
2017-10-10,81.94,0.0002441108275273627
2017-10-11,81.43,-0.006243516639684935
2017-10-12,80.77,-0.008138146024835136
2017-10-13,80.75,-0.0002476473514389515
2017-10-14,80.76333333333334,0.00016510504846189452
2017-10-15,80.77666666666667,0.00016507779328490168
2017-10-16,80.79,0.0001650505471047046
2017-10-17,80.74,-0.0006190800668226677
2017-10-18,82.31,0.019258491559757843
2017-10-19,82.4,0.001092829930873498
2017-10-20,82.45,0.000606612090181866
2017-10-21,82.53333333333333,0.0010102031367234332
2017-10-22,82.61666666666667,0.0010091836561419557
2017-10-23,82.7,0.0010081662311722814
2017-10-24,82.72,0.00024180873047322665
2017-10-25,82.7,-0.00024180873047330604
2017-10-26,82.77,0.0008460748676586083
2017-10-27,82.77,0.0
2017-10-28,82.78666666666666,0.00020134093127783322
2017-10-29,82.80333333333333,0.00020130040126758515
2017-10-30,82.82,0.00020125988757135657
2017-10-31,82.82,0.0
2017-11-01,82.68,-0.001691843303853574
2017-11-02,82.85,0.002054009059004265
2017-11-03,82.85,0.0
2017-11-04,82.85,0.0
2017-11-05,82.85,0.0
2017-11-06,82.85,0.0
2017-11-07,82.36,-0.005931861712983192
2017-11-08,83.0,0.007740725637009321
2017-11-09,82.62,-0.004588825827979342
2017-11-10,83.15,0.006394423670318197
2017-11-11,83.15,0.0
2017-11-12,83.15,0.0
2017-11-13,83.15,0.0
2017-11-14,83.14,-0.0001202718144453092
2017-11-15,83.3,0.0019226153483055508
2017-11-16,83.37,0.0008399832497250321
2017-11-17,83.45,0.0009591176853220502
2017-11-18,83.22333333333333,-0.002719892881123217
2017-11-19,82.99666666666667,-0.0027273108791533852
2017-11-20,82.77,-0.0027347694502630857
2017-11-21,83.7,0.011173300598125255
2017-11-22,83.7,0.0
2017-11-23,81.3,-0.02909296094166478
2017-11-24,84.25,0.03564255267870626
2017-11-25,84.30666666666667,0.0006723752898316481
2017-11-26,84.36333333333333,0.0006719235050531055
2017-11-27,84.42,0.0006714723269967435
2017-11-28,84.77,0.0041373662659614265
2017-11-29,81.82,-0.03541999411906167
2017-11-30,82.22,0.0048768689684798704
2017-12-01,82.2,-0.00024327940759811287
2017-12-02,82.20666666666666,8.109971214043177e-05
2017-12-03,82.21333333333334,8.109313551053608e-05
2017-12-04,82.22,8.108655994699092e-05
2017-12-05,82.2,-0.00024327940759811287
2017-12-06,82.32,0.0014587894636598666
2017-12-07,82.29,-0.00036449790817240195
2017-12-08,82.36,0.0008502885419670875
2017-12-09,82.35666666666667,-4.047354042843005e-05
2017-12-10,82.35333333333332,-4.047517860238228e-05
2017-12-11,82.35,-4.04768169085701e-05
2017-12-12,82.47,0.0014561342216147376
2017-12-13,82.45,-0.00024254183965609593
2017-12-14,82.48,0.0003637907030965753
2017-12-15,82.54,0.0007271846157312515
2017-12-16,82.62333333333333,0.001009102186580141
2017-12-17,82.70666666666668,0.0010080849257912614
2017-12-18,82.79,0.0010070697139073236
2017-12-19,82.5,-0.003508987810079251
2017-12-20,82.63,0.001574517372457679
2017-12-21,82.44,-0.0023020546908346434
2017-12-22,82.66,0.0026650530613280556
2017-12-23,82.66499999999999,6.0486919722089086e-05
2017-12-24,82.67,6.0483261276008157e-05
2017-12-25,82.67500000000001,6.0479603272421975e-05
2017-12-26,82.68,6.047594571088649e-05
2017-12-27,82.67,-0.00012095554898335993
2017-12-28,82.68,0.00012095554898341668
2017-12-29,82.65,-0.00036291054653437416
2017-12-30,82.65,0.0
2017-12-31,82.65,0.0
2018-01-01,82.65,0.0
2018-01-02,82.67,0.00024195499755107303
2018-01-03,82.67,0.0
2018-01-04,82.67,0.0
2018-01-05,82.68,0.00012095554898341668
2018-01-06,82.68666666666667,8.062890550620093e-05
2018-01-07,82.69333333333334,8.062240501016218e-05
2018-01-08,82.7,8.061590556182518e-05
2018-01-09,82.73,0.00036269117244601304
2018-01-10,82.74,0.00012086783117385729
2018-01-11,82.74,0.0
2018-01-12,82.75,0.00012085322390697773
2018-01-13,82.76333333333334,0.00016111491556182572
2018-01-14,82.77666666666667,0.0001610889617271946
2018-01-15,82.79,0.00016106301625318703
2018-01-16,82.77,-0.0002416042534102557
2018-01-17,82.55,-0.0026615065311673732
2018-01-18,82.76,0.002540682511205452
2018-01-19,82.8,0.0004832085138716423
2018-01-20,82.81333333333333,0.00016101763177861885
2018-01-21,82.82666666666667,0.0001609917092746834
2018-01-22,82.84,0.00016096579511627726
2018-01-23,82.94,0.0012064182908518128
2018-01-24,82.88,-0.0007236763070623838
2018-01-25,82.88,0.0
2018-01-26,82.87,-0.0001206636502217267
2018-01-27,82.87333333333333,4.022283450851691e-05
2018-01-28,82.87666666666667,4.0221216697090434e-05
2018-01-29,82.88,4.0219599015996286e-05
2018-01-30,82.87,-0.0001206636502217267
2018-01-31,82.87,0.0
2018-02-01,82.87,0.0
2018-02-02,82.88,0.0001206636502216567
2018-02-03,82.87666666666667,-4.021959901598937e-05
2018-02-04,82.87333333333333,-4.0221216697204e-05
2018-02-05,82.87,-4.022283450854462e-05
2018-02-06,82.99,0.001447003749405347
2018-02-07,82.79,-0.0024128374596419887
2018-02-08,82.88,0.0010864973604582035
2018-02-09,82.88,0.0
2018-02-10,82.88,0.0
2018-02-11,82.88,0.0
2018-02-12,82.88,0.0
2018-02-13,82.99,0.001326340099183683
2018-02-14,82.85,-0.0016883747377847414
2018-02-15,82.99,0.0016883747377847127
2018-02-16,82.88,-0.001326340099183704
2018-02-17,82.88,0.0
2018-02-18,82.88,0.0
2018-02-19,82.88,0.0
2018-02-20,82.93,0.0006030999519395491
2018-02-21,82.91,-0.00024119633498515902
2018-02-22,82.84,-0.0008446456007437992
2018-02-23,82.88,0.00048274198378937426
2018-02-24,82.88,0.0
2018-02-25,82.88,0.0
2018-02-26,82.88,0.0
2018-02-27,82.89,0.0001206490922619518
2018-02-28,82.92,0.0003618599641439792
2018-03-01,82.89,-0.00036185996414399014
2018-03-02,82.9,0.00012063453781457889
2018-03-03,82.9,0.0
2018-03-04,82.9,0.0
2018-03-05,82.9,0.0
2018-03-06,82.91,0.00012061998687798401
2018-03-07,82.9,-0.00012061998687793192
2018-03-08,82.9,0.0
2018-03-09,82.88,-0.00024128363007646218
2018-03-10,82.89,0.0001206490922619518
2018-03-11,82.89999999999999,0.00012063453781435688
2018-03-12,82.91,0.00012061998687820603
2018-03-13,82.88,-0.000361903616954401
2018-03-14,82.9,0.0002412836300764032
2018-03-15,82.88,-0.00024128363007646218
2018-03-16,83.12,0.0028915682797990743
2018-03-17,83.04666666666667,-0.0008826480011350636
2018-03-18,82.97333333333334,-0.0008834277569294115
2018-03-19,82.9,-0.0008842088916581732
2018-03-20,82.9,0.0
2018-03-21,82.88,-0.00024128363007646218
2018-03-22,82.9,0.0002412836300764032
2018-03-23,82.89,-0.0001206345378144809
2018-03-24,82.9,0.00012063453781457889
2018-03-25,82.91,0.00012061998687798401
2018-03-26,82.92,0.00012060543945150126
2018-03-27,82.92,0.0
2018-03-28,83.88,0.011510918466140272
2018-03-29,82.91,-0.011631523905591832
2018-03-30,82.91,0.0
2018-03-31,82.91333333333333,4.020342935801223e-05
2018-04-01,82.91666666666667,4.020181310724315e-05
2018-04-02,82.92,4.020019698636232e-05
2018-04-03,82.92,0.0
2018-04-04,82.88,-0.0004825090564059621
2018-04-05,82.75,-0.001569764254000581
2018-04-06,82.9,0.0018110478840769714
2018-04-07,82.90666666666667,8.041494113927503e-05
2018-04-08,82.91333333333334,8.040847509662275e-05
2018-04-09,82.92,8.040201009345792e-05
2018-04-10,82.7,-0.0026566855379332155
2018-04-11,82.92,0.002656685537933185
2018-04-12,82.89,-0.00036185996414399014
2018-04-13,82.88,-0.00012064909226196829
2018-04-14,82.88666666666667,8.04343455090409e-05
2018-04-15,82.89333333333333,8.04278763452621e-05
2018-04-16,82.9,8.042140822230283e-05
2018-04-17,82.88,-0.00024128363007646218
2018-04-18,82.89,0.0001206490922619518
2018-04-19,82.93,0.0004824508596776632
2018-04-20,82.92,-0.00012059089553365137
2018-04-21,83.31333333333333,0.004732312821948972
2018-04-22,83.70666666666666,0.004710023476060467
2018-04-23,84.1,0.004687943113313924
2018-04-24,84.1,0.0
2018-04-25,84.2,0.0011883542693787133
2018-04-26,84.2,0.0
2018-04-27,84.2,0.0
2018-04-28,84.2,0.0
2018-04-29,84.2,0.0
2018-04-30,84.2,0.0
2018-05-01,84.2,0.0
2018-05-02,84.2,0.0
2018-05-03,84.45,0.002964722005528102
2018-05-04,84.45,0.0
2018-05-05,83.93333333333334,-0.006136810311671919
2018-05-06,83.41666666666667,-0.006174703414916785
2018-05-07,82.9,-0.006213067385970952
2018-05-08,84.45,0.018524581112559668
2018-05-09,84.45,0.0
2018-05-10,84.45,0.0
2018-05-11,84.45,0.0
2018-05-12,83.97666666666667,-0.0056206607756661385
2018-05-13,83.50333333333333,-0.005652431258441045
2018-05-14,83.03,-0.005684562945762719
2018-05-15,83.96,0.011138506678492805
2018-05-16,84.6,0.007593771659745362
2018-05-17,84.6,0.0
2018-05-18,84.6,0.0
2018-05-19,84.6,0.0
2018-05-20,84.6,0.0
2018-05-21,84.6,0.0
2018-05-22,83.66,-0.011173300598125189
2018-05-23,83.62,-0.000478240085633333
2018-05-24,84.0,0.0045340729148946445
2018-05-25,84.0,0.0
2018-05-26,84.0,0.0
2018-05-27,84.0,0.0
2018-05-28,84.0,0.0
2018-05-29,84.0,0.0
2018-05-30,83.66,-0.004055832829261279
2018-05-31,84.0,0.004055832829261353
2018-06-01,84.0,0.0
2018-06-02,84.1,0.0011897681355887508
2018-06-03,84.2,0.0011883542693787133
2018-06-04,84.3,0.0011869437595286225
2018-06-05,84.3,0.0
2018-06-06,83.67,-0.007501374700302438
2018-06-07,84.3,0.007501374700302506
2018-06-08,84.3,0.0
2018-06-09,84.3,0.0
2018-06-10,84.3,0.0
2018-06-11,84.3,0.0
2018-06-12,84.05,-0.0029700051531852045
2018-06-13,84.05,0.0
2018-06-14,84.2,0.0017830613936565222
2018-06-15,84.0,-0.0023781224049674358
2018-06-16,84.0,0.0
2018-06-17,84.0,0.0
2018-06-18,84.0,0.0
2018-06-19,84.0,0.0
2018-06-20,84.0,0.0
2018-06-21,84.0,0.0
2018-06-22,84.0,0.0
2018-06-23,84.0,0.0
2018-06-24,84.0,0.0
2018-06-25,84.0,0.0
2018-06-26,84.0,0.0
2018-06-27,84.0,0.0
2018-06-28,83.62,-0.004534072914894623
2018-06-29,83.61,-0.0001195957664525095
2018-06-30,83.63,0.0002391772314677435
2018-07-01,83.65,0.00023912003939864589
2018-07-02,83.67,0.00023906287467430172
2018-07-03,83.7,0.00035848718792234945
2018-07-04,83.7,0.0
2018-07-05,83.47,-0.002751691632784412
2018-07-06,83.67,0.002393204444862128
2018-07-07,83.59666666666666,-0.0008768434200704129
2018-07-08,83.52333333333334,-0.000877612949259559
2018-07-09,83.45,-0.0008783838303331169
2018-07-10,83.67,0.002632840199663177
2018-07-11,83.67,0.0
2018-07-12,83.68,0.00011951000910549053
2018-07-13,83.67,-0.00011951000910560387
2018-07-14,83.78,0.0013138252113814998
2018-07-15,83.89,0.001312101339314457
2018-07-16,84.0,0.0013103819851103013
2018-07-17,84.0,0.0
2018-07-18,84.0,0.0
2018-07-19,84.0,0.0
2018-07-20,84.0,0.0
2018-07-21,84.0,0.0
2018-07-22,84.0,0.0
2018-07-23,84.0,0.0
2018-07-24,84.0,0.0
2018-07-25,84.0,0.0
2018-07-26,84.0,0.0
2018-07-27,84.0,0.0
2018-07-28,84.0,0.0
2018-07-29,84.0,0.0
2018-07-30,84.0,0.0
2018-07-31,84.0,0.0
2018-08-01,84.0,0.0
2018-08-02,84.0,0.0
2018-08-03,84.0,0.0
2018-08-04,84.0,0.0
2018-08-05,84.0,0.0
2018-08-06,84.0,0.0
2018-08-07,84.0,0.0
2018-08-08,84.0,0.0
2018-08-09,84.0,0.0
2018-08-10,84.0,0.0
2018-08-11,84.0,0.0
2018-08-12,84.0,0.0
2018-08-13,84.0,0.0
2018-08-14,84.0,0.0
2018-08-15,84.0,0.0
2018-08-16,83.64,-0.00429492428288073
2018-08-17,83.68,0.00047812575617995327
2018-08-18,83.68,0.0
2018-08-19,83.68,0.0
2018-08-20,83.68,0.0
2018-08-21,83.68,0.0
2018-08-22,83.68,0.0
2018-08-23,83.5,-0.0021533684598030647
2018-08-24,83.45,-0.0005989817489657307
2018-08-25,83.53,0.0009581986599707004
2018-08-26,83.61,0.0009572813941517009
2018-08-27,83.69,0.0009563658828161096
2018-08-28,83.53,-0.001913647276967724
2018-08-29,83.61,0.0009572813941517009
2018-08-30,83.68,0.0008368701546463663
2018-08-31,83.67,-0.00011951000910560387
2018-09-01,83.67,0.0
2018-09-02,83.67,0.0
2018-09-03,83.67,0.0
2018-09-04,83.52,-0.0017943661731787482
2018-09-05,83.68,0.0019138761822844192
2018-09-06,83.61,-0.000836870154646342
2018-09-07,83.68,0.0008368701546463663
2018-09-08,83.64666666666668,-0.00039842225316879105
2018-09-09,83.61333333333333,-0.00039858105673368753
2018-09-10,83.58,-0.0003987399869410369
2018-09-11,83.59,0.0001196386912954093
2018-09-12,83.6,0.00011962437959096876
2018-09-13,83.69,0.0010759759541268661
2018-09-14,83.69,0.0
2018-09-15,83.69,0.0
2018-09-16,83.69,0.0
2018-09-17,83.69,0.0
2018-09-18,83.78,0.001074819474106092
2018-09-19,83.7,-0.0009553380234591684
2018-09-20,83.68,-0.0002389771788168087
2018-09-21,83.68,0.0
2018-09-22,83.64666666666668,-0.00039842225316879105
2018-09-23,83.61333333333333,-0.00039858105673368753
2018-09-24,83.58,-0.0003987399869410369
2018-09-25,83.62,0.0004784689086497922
2018-09-26,83.64,0.00023914863201382434
2018-09-27,83.59,-0.0005979788493680825
2018-09-28,83.61,0.0002392344509017911
2018-09-29,83.63333333333334,0.0002790345423004971
2018-09-30,83.65666666666667,0.00027895670374369506
2018-10-01,83.68,0.0002788789086022022
2018-10-02,83.74,0.000716760274384271
2018-10-03,83.68,-0.0007167602743843542
2018-10-04,83.55,-0.001554745275210148
2018-10-05,83.68,0.0015547452752101407
2018-10-06,83.68,0.0
2018-10-07,83.68,0.0
2018-10-08,83.68,0.0
2018-10-09,83.69,0.00011949572816980318
2018-10-10,83.57,-0.0014348920314379901
2018-10-11,83.62,0.0005981219150743922
2018-10-12,83.7,0.0009562515670107132
2018-10-13,83.69333333333334,-7.965271420832965e-05
2018-10-14,83.68666666666667,-7.965905926872341e-05
2018-10-15,83.68,-7.966540533976295e-05
2018-10-16,83.67,-0.00011951000910560387
2018-10-17,83.69,0.0002390057372754024
2018-10-18,84.75,0.012586250215776881
2018-10-19,84.75,0.0
2018-10-20,84.7,-0.000590144602550918
2018-10-21,84.64999999999999,-0.0005904930788645438
2018-10-22,84.6,-0.0005908419669666586
2018-10-23,84.95,0.004128581505763524
2018-10-24,85.0,0.0005884083723753501
2018-10-25,85.05,0.0005880623515542229
2018-10-26,85.05,0.0
2018-10-27,84.96,-0.0010587613482420989
2018-10-28,84.87,-0.001059883512043024
2018-10-29,84.78,-0.0010610080570944954
2018-10-30,85.02,0.002826857006152848
2018-10-31,83.77,-0.014811574764925929
2018-11-01,83.7,-0.0008359706702883665
2018-11-02,83.67,-0.0003584871879223296
2018-11-03,83.69333333333333,0.0002788344737139291
2018-11-04,83.71666666666667,0.0002787567467227206
2018-11-05,83.74,0.00027867906305317064
2018-11-06,83.42,-0.003828671822198013
2018-11-07,83.52,0.0011980353655294338
2018-11-08,83.61,0.001077006027637966
2018-11-09,83.37,-0.002874597739444469
2018-11-10,83.52,0.0017975917118065088
2018-11-11,83.67,0.0017943661731787996
2018-11-12,83.82,0.001791152189418123
2018-11-13,83.36,-0.005503064491868595
2018-11-14,83.64,0.0033532965553759657
2018-11-15,83.6,-0.0004783544697770076
2018-11-16,83.6,0.0
2018-11-17,83.61,0.00011961007131072977
2018-11-18,83.61999999999999,0.00011959576645225027
2018-11-19,83.63,0.00011958146501553041
2018-11-20,83.15,-0.005756101754497605
2018-11-21,83.07,-0.0009625797879566991
2018-11-22,83.88,0.00970358018273898
2018-11-23,83.88,0.0
2018-11-24,83.82666666666667,-0.0006360311869685318
2018-11-25,83.77333333333333,-0.0006364359801141202
2018-11-26,83.72,-0.0006368412888375613
2018-11-27,83.48,-0.0028708153687988856
2018-11-28,83.74,0.0031096783819972267
2018-11-29,83.65,-0.001075333158164129
2018-11-30,84.7,0.012474174225175598
2018-12-01,84.42666666666666,-0.0032322941934164917
2018-12-02,84.15333333333334,-0.003242775807986311
2018-12-03,83.88,-0.0032533256228867847
2018-12-04,83.08,-0.009583207025807563
2018-12-05,83.24,0.0019240025175221607
2018-12-06,83.48,0.002879080683566498
2018-12-07,83.16,-0.003840619219187943
2018-12-08,83.27,0.0013218772579158475
2018-12-09,83.38,0.0013201322049228162
2018-12-10,83.49,0.0013183917532582322
2018-12-11,83.5,0.00011976765090070159
2018-12-12,83.56,0.0007183048315551695
2018-12-13,83.66,0.0011960293256873243
2018-12-14,83.34,-0.00383234001974489
2018-12-15,83.46666666666667,0.0015187245635263761
2018-12-16,83.59333333333333,0.0015164215364483129
2018-12-17,83.72,0.001514125483516895
2018-12-18,83.48,-0.0028708153687988856
2018-12-19,83.56,0.0009578544793649559
2018-12-20,83.24,-0.0038369351629315004
2018-12-21,83.4,0.0019203078392675146
2018-12-22,83.41333333333334,0.00015985932413550795
2018-12-23,83.42666666666666,0.0001598337732163919
2018-12-24,83.44,0.0001598082304638946
2018-12-25,83.44,0.0
2018-12-26,83.48,0.0004792715164830005
2018-12-27,83.45,-0.00035943210115588605
2018-12-28,83.13,-0.003842002564847392
2018-12-29,83.13,0.0
2018-12-30,83.13,0.0
2018-12-31,83.13,0.0
2019-01-01,83.85,0.00862384072622116
2019-01-02,83.45,-0.00478183816137362
2019-01-03,83.63,0.00215465728559014
2019-01-04,83.48,-0.0017952251844343288
2019-01-05,83.51333333333334,0.00039921753893621314
2019-01-06,83.54666666666667,0.0003990582278904976
2019-01-07,83.58,0.00039889904394273154
2019-01-08,83.42,-0.001916168250970054
2019-01-09,83.18,-0.002881154454033518
2019-01-10,83.42,0.0028811544540334522
2019-01-11,83.26,-0.00191984700196977
2019-01-12,83.34,0.0009603842274780554
2019-01-13,83.42,0.000959462774491745
2019-01-14,83.5,0.0009585430880105919
2019-01-15,83.42,-0.0009585430880105917
2019-01-16,83.42,0.0
2019-01-17,83.18,-0.002881154454033518
2019-01-18,83.18,0.0
2019-01-19,83.43333333333334,0.003040975454853196
2019-01-20,83.68666666666667,0.00303175595233386
2019-01-21,83.94,0.0030225921834920342
2019-01-22,83.66,-0.003341291891392421
2019-01-23,83.26,-0.004792724247222862
2019-01-24,83.42,0.0019198470019696585
2019-01-25,83.26,-0.00191984700196977
2019-01-26,83.43333333333334,0.002079668002789464
2019-01-27,83.60666666666667,0.00207535195817523
2019-01-28,83.78,0.0020710537910947203
2019-01-29,83.61,-0.002031185356922318
2019-01-30,83.58,-0.00035887314219723777
2019-01-31,83.26,-0.0038360152529398808
2019-02-01,83.18,-0.000961307452063692
2019-02-02,83.34,0.0019216916795417782
2019-02-03,83.5,0.0019180058625023124
2019-02-04,83.66,0.0019143341572425306
2019-02-05,83.74,0.0009557945769449669
2019-02-06,83.5,-0.0028701287341874474
2019-02-07,83.58,0.0009576251629595164
2019-02-08,83.26,-0.0038360152529398808
2019-02-09,83.28666666666668,0.0003202305687441849
2019-02-10,83.31333333333333,0.00032012805395438006
2019-02-11,83.34,0.000320025604779438
2019-02-12,83.6,0.003114894096348399
2019-02-13,83.52,-0.0009573959563273326
2019-02-14,83.47,-0.0005988382716832615
2019-02-15,83.47,0.0
2019-02-16,83.67999999999999,0.002512714453967474
2019-02-17,83.89,0.002506416541590545
2019-02-18,84.1,0.0025001501206990376
2019-02-19,84.1,0.0
2019-02-20,84.1,0.0
2019-02-21,83.54,-0.006681007909872987
2019-02-22,83.54,0.0
2019-02-23,83.54666666666667,7.979890679713963e-05
2019-02-24,83.55333333333334,7.979253943990164e-05
2019-02-25,83.56,7.978617309839612e-05
2019-02-26,83.64,0.0009569378720677407
2019-02-27,83.4,-0.002873565195731696
2019-02-28,83.4,0.0
2019-03-01,83.4,0.0
2019-03-02,83.52333333333334,0.0014777245734760877
2019-03-03,83.64666666666666,0.0014755441252665878
2019-03-04,83.77,0.0014733701022741161
2019-03-05,83.56,-0.0025100114773530394
2019-03-06,83.8,0.002868070799672174
2019-03-07,83.4,-0.0047846981233361585
2019-03-08,83.32,-0.0009596929719300234
2019-03-09,83.33,0.00012001200134425712
2019-03-10,83.33999999999999,0.00011999760019190235
2019-03-11,83.35,0.00011998320249571585
2019-03-12,83.67,0.0038318811107043867
2019-03-13,83.72,0.0005974072702916894
2019-03-14,83.64,-0.000956023017366124
2019-03-15,83.56,-0.0009569378720678076
2019-03-16,83.60000000000001,0.0004785834022909885
2019-03-17,83.64,0.00047835446977676784
2019-03-18,83.68,0.00047812575617995327
2019-03-19,83.68,0.0
2019-03-20,83.51,-0.002033615151474702
2019-03-21,83.44,-0.0008385744726211385
2019-03-22,83.44,0.0
2019-03-23,83.44,0.0
2019-03-24,83.44,0.0
2019-03-25,83.44,0.0
2019-03-26,83.44,0.0
2019-03-27,83.51,0.0008385744726211675
2019-03-28,83.76,0.0029891813971434484
2019-03-29,83.44,-0.0038277558697645494
2019-03-30,83.49333333333333,0.000638977657523569
2019-03-31,83.54666666666667,0.0006385696257862429
2019-04-01,83.6,0.0006381621148293363
2019-04-02,83.77,0.0020314280750622954
2019-04-03,83.85,0.0009545401034997356
2019-04-04,83.57,-0.0033448842558730313
2019-04-05,83.41,-0.001916397759824348
2019-04-06,83.59666666666666,0.0022354406339163773
2019-04-07,83.78333333333333,0.002230454583037669
2019-04-08,83.97,0.002225490724997232
2019-04-09,83.62,-0.004176866267052848
2019-04-10,83.78,0.0019115895904699219
2019-04-11,83.62,-0.0019115895904698414
2019-04-12,83.62,0.0
2019-04-13,83.75333333333333,0.001593244979742981
2019-04-14,83.88666666666667,0.0015907105875502087
2019-04-15,84.02,0.0015881842455237245
2019-04-16,83.94,-0.000952607835791171
2019-04-17,84.34,0.004753990412969059
2019-04-18,83.94,-0.004753990412969089
2019-04-19,83.62,-0.003819531977025751
2019-04-20,83.72666666666667,0.0012747989934520833
2019-04-21,83.83333333333333,0.0012731759498130705
2019-04-22,83.94,0.001271557033760601
2019-04-23,83.86,-0.0009535161628281593
2019-04-24,83.65,-0.0025073143097834954
2019-04-25,83.55,-0.0011961723914303889
2019-04-26,83.55,0.0
2019-04-27,83.84666666666666,0.0035444789094970248
2019-04-28,84.14333333333333,0.0035319599389239476
2019-04-29,84.44,0.0035195290902959573
2019-04-30,83.8,-0.00760821549208251
2019-05-01,83.8,0.0
2019-05-02,84.27,0.0055929222962247125
2019-05-03,84.27,0.0
2019-05-04,84.32666666666667,0.0006722157670241417
2019-05-05,84.38333333333333,0.0006717641965223568
2019-05-06,84.44,0.0006713132323114557
2019-05-07,84.17,-0.0032026597566350615
2019-05-08,84.33,0.0018991103630655259
2019-05-09,84.17,-0.0018991103630654012
2019-05-10,83.69,-0.005719067178702094
2019-05-11,83.79666666666667,0.0012737334047044722
2019-05-12,83.90333333333334,0.0012721130715718381
2019-05-13,84.01,0.0012704968556967935
2019-05-14,83.93,-0.0009527212820196194
2019-05-15,83.69,-0.0028636220499535683
2019-05-16,83.84,0.0017907245279493614
2019-05-17,83.76,-0.0009546540104505499
2019-05-18,83.81666666666668,0.0006763073875827732
2019-05-19,83.87333333333333,0.0006758503050110462
2019-05-20,83.93,0.0006753938398611671
2019-05-21,84.01,0.0009527212820194727
2019-05-22,83.85,-0.0019063511075380778
2019-05-23,83.85,0.0
2019-05-24,83.77,-0.0009545401034997166
2019-05-25,84.00999999999999,0.002860891211037677
2019-05-26,84.25,0.002852729855715396
2019-05-27,84.49,0.002844614932282183
2019-05-28,83.77,-0.008558235999035322
2019-05-29,84.17,0.00476361505776665
2019-05-30,83.93,-0.0028554451287485178
2019-05-31,83.93,0.0
2019-06-01,84.03666666666668,0.0012700934432109913
2019-06-02,84.14333333333333,0.0012684823518765603
2019-06-03,84.25,0.001266875342647312
2019-06-04,84.09,-0.00190091538766444
2019-06-05,84.16,0.0008320951445931452
2019-06-06,84.08,-0.0009510224207039691
2019-06-07,84.08,0.0
2019-06-08,84.14333333333333,0.0007529673211281473
2019-06-09,84.20666666666666,0.0007524007878956565
2019-06-10,84.27,0.0007518351065423819
2019-06-11,84.27,0.0
2019-06-12,84.49,0.0026072543804914507
2019-06-13,84.42,-0.0008288438104006309
2019-06-14,84.42,0.0
2019-06-15,84.42,0.0
2019-06-16,84.42,0.0
2019-06-17,84.42,0.0
2019-06-18,84.42,0.0
2019-06-19,84.42,0.0
2019-06-20,84.41,-0.0001184623587241654
2019-06-21,84.41,0.0
2019-06-22,84.41333333333333,3.948901218741998e-05
2019-06-23,84.41666666666667,3.9487452867039106e-05
2019-06-24,84.42,3.9485893669663654e-05
2019-06-25,84.42,0.0
2019-06-26,84.42,0.0
2019-06-27,84.49,0.0008288438104006905
2019-06-28,84.49,0.0
2019-06-29,84.46666666666667,-0.0002762049458243391
2019-06-30,84.44333333333333,-0.00027628125607436464
2019-07-01,84.42,-0.00027635760850191956
2019-07-02,84.42,0.0
2019-07-03,84.49,0.0008288438104006905
2019-07-04,84.49,0.0
2019-07-05,84.49,0.0
2019-07-06,84.46666666666667,-0.0002762049458243391
2019-07-07,84.44333333333333,-0.00027628125607436464
2019-07-08,84.42,-0.00027635760850191956
2019-07-09,84.41,-0.0001184623587241654
2019-07-10,84.42,0.00011846235872410113
2019-07-11,84.49,0.0008288438104006905
2019-07-12,84.49,0.0
2019-07-13,84.46666666666667,-0.0002762049458243391
2019-07-14,84.44333333333333,-0.00027628125607436464
2019-07-15,84.42,-0.00027635760850191956
2019-07-16,84.41,-0.0001184623587241654
2019-07-17,84.41,0.0
2019-07-18,84.25,-0.0018973087631574828
2019-07-19,84.25,0.0
2019-07-20,84.25,0.0
2019-07-21,84.25,0.0
2019-07-22,84.25,0.0
2019-07-23,84.24,-0.00011870140675107457
2019-07-24,84.25,0.00011870140675101873
2019-07-25,84.24,-0.00011870140675107457
2019-07-26,84.24,0.0
2019-07-27,84.21666666666667,-0.0002770247559120341
2019-07-28,84.19333333333333,-0.00027710151989362845
2019-07-29,84.17,-0.00027717832642954826
2019-07-30,84.17,0.0
2019-07-31,84.25,0.0009500060089862914
2019-08-01,84.25,0.0
2019-08-02,84.25,0.0
2019-08-03,84.25,0.0
2019-08-04,84.25,0.0
2019-08-05,84.25,0.0
2019-08-06,84.25,0.0
2019-08-07,84.25,0.0
2019-08-08,84.25,0.0
2019-08-09,84.25,0.0
2019-08-10,84.25,0.0
2019-08-11,84.25,0.0
2019-08-12,84.25,0.0
2019-08-13,84.25,0.0
2019-08-14,84.25,0.0
2019-08-15,84.25,0.0
2019-08-16,84.25,0.0
2019-08-17,84.25,0.0
2019-08-18,84.25,0.0
2019-08-19,84.25,0.0
2019-08-20,84.25,0.0
2019-08-21,84.25,0.0
2019-08-22,84.25,0.0
2019-08-23,84.25,0.0
2019-08-24,84.33,0.0009491043540791207
2019-08-25,84.41,0.0009482044090783563
2019-08-26,84.49,0.0009473061691248968
2019-08-27,84.49,0.0
2019-08-28,84.49,0.0
2019-08-29,84.49,0.0
2019-08-30,84.49,0.0
2019-08-31,84.49,0.0
2019-09-01,84.49,0.0
2019-09-02,84.49,0.0
2019-09-03,84.25,-0.002844614932282227
2019-09-04,84.49,0.002844614932282183
2019-09-05,84.25,-0.002844614932282227
2019-09-06,84.25,0.0
2019-09-07,84.25,0.0
2019-09-08,84.25,0.0
2019-09-09,84.25,0.0
2019-09-10,84.25,0.0
2019-09-11,84.25,0.0
2019-09-12,84.25,0.0
2019-09-13,84.25,0.0
2019-09-14,84.25,0.0
2019-09-15,84.25,0.0
2019-09-16,84.25,0.0
2019-09-17,84.25,0.0
2019-09-18,84.25,0.0
2019-09-19,84.25,0.0
2019-09-20,84.25,0.0
2019-09-21,84.25,0.0
2019-09-22,84.25,0.0
2019-09-23,84.25,0.0
2019-09-24,84.25,0.0
2019-09-25,84.25,0.0
2019-09-26,84.25,0.0
2019-09-27,84.25,0.0
2019-09-28,84.33,0.0009491043540791207
2019-09-29,84.41,0.0009482044090783563
2019-09-30,84.49,0.0009473061691248968
2019-10-01,84.49,0.0
2019-10-02,84.25,-0.002844614932282227
2019-10-03,84.25,0.0
2019-10-04,84.25,0.0
2019-10-05,84.25,0.0
2019-10-06,84.25,0.0
2019-10-07,84.25,0.0
2019-10-08,84.25,0.0
2019-10-09,84.25,0.0
2019-10-10,84.5,0.0029629651306570487
2019-10-11,84.5,0.0
2019-10-12,84.56333333333333,0.000749226163322841
2019-10-13,84.62666666666667,0.0007486652437086108
2019-10-14,84.69,0.0007481051633480086
2019-10-15,84.5,-0.0022459965703794955
2019-10-16,84.5,0.0
2019-10-17,84.5,0.0
2019-10-18,84.5,0.0
2019-10-19,84.5,0.0
2019-10-20,84.5,0.0
2019-10-21,84.5,0.0
2019-10-22,84.5,0.0
2019-10-23,84.5,0.0
2019-10-24,84.5,0.0
2019-10-25,84.5,0.0
2019-10-26,84.5,0.0
2019-10-27,84.5,0.0
2019-10-28,84.5,0.0
2019-10-29,84.5,0.0
2019-10-30,84.5,0.0
2019-10-31,84.5,0.0
2019-11-01,84.5,0.0
2019-11-02,84.53333333333333,0.0003943995318329176
2019-11-03,84.56666666666666,0.00039424404216521823
2019-11-04,84.6,0.00039408867505115724
2019-11-05,84.74,0.001653478586235512
2019-11-06,84.74,0.0
2019-11-07,84.74,0.0
2019-11-08,84.74,0.0
2019-11-09,84.74,0.0
2019-11-10,84.74,0.0
2019-11-11,84.74,0.0
2019-11-12,84.6,-0.0016534785862355756
2019-11-13,84.6,0.0
2019-11-14,84.6,0.0
2019-11-15,84.6,0.0
2019-11-16,84.6,0.0
2019-11-17,84.6,0.0
2019-11-18,84.6,0.0
2019-11-19,84.6,0.0
2019-11-20,84.6,0.0
2019-11-21,84.6,0.0
2019-11-22,84.6,0.0
2019-11-23,84.6,0.0
2019-11-24,84.6,0.0
2019-11-25,84.6,0.0
2019-11-26,84.6,0.0
2019-11-27,84.6,0.0
2019-11-28,84.89,0.0034220341376989777
2019-11-29,84.89,0.0
2019-11-30,84.81,-0.0009428403762677171
2019-12-01,84.73,-0.000943730163235877
2019-12-02,84.65,-0.0009446216312284138
2019-12-03,84.6,-0.0005908419669668807
2019-12-04,84.6,0.0
2019-12-05,84.6,0.0
2019-12-06,84.6,0.0
2019-12-07,84.6,0.0
2019-12-08,84.6,0.0
2019-12-09,84.6,0.0
2019-12-10,84.6,0.0
2019-12-11,84.6,0.0
2019-12-12,84.6,0.0
2019-12-13,84.6,0.0
2019-12-14,84.6,0.0
2019-12-15,84.6,0.0
2019-12-16,84.6,0.0
2019-12-17,84.6,0.0
2019-12-18,84.6,0.0
2019-12-19,84.89,0.0034220341376989777
2019-12-20,84.89,0.0
2019-12-21,84.8,-0.0010607579520190726
2019-12-22,84.71000000000001,-0.0010618843543977212
2019-12-23,84.62,-0.001063013151538218
2019-12-24,84.6,-0.00023637867974398658
2019-12-25,84.6,0.0
2019-12-26,84.6,0.0
2019-12-27,84.6,0.0
2019-12-28,84.69666666666666,0.0011419796866099672
2019-12-29,84.79333333333334,0.0011406770564412452
2019-12-30,84.89,0.0011393773946476431
2019-12-31,84.89,0.0
2020-01-01,84.89,0.0
2020-01-02,84.6,-0.00342203413769886
2020-01-03,84.6,0.0
2020-01-04,84.6,0.0
2020-01-05,84.6,0.0
2020-01-06,84.6,0.0
2020-01-07,84.6,0.0
2020-01-08,84.6,0.0
2020-01-09,84.6,0.0
2020-01-10,84.6,0.0
2020-01-11,84.69666666666666,0.0011419796866099672
2020-01-12,84.79333333333334,0.0011406770564412452
2020-01-13,84.89,0.0011393773946476431
2020-01-14,84.6,-0.00342203413769886
2020-01-15,84.6,0.0
2020-01-16,84.6,0.0
2020-01-17,84.6,0.0
2020-01-18,84.69666666666666,0.0011419796866099672
2020-01-19,84.79333333333334,0.0011406770564412452
2020-01-20,84.89,0.0011393773946476431
2020-01-21,84.89,0.0
2020-01-22,84.6,-0.00342203413769886
2020-01-23,84.6,0.0
2020-01-24,84.6,0.0
2020-01-25,84.6,0.0
2020-01-26,84.6,0.0
2020-01-27,84.6,0.0
2020-01-28,84.6,0.0
2020-01-29,84.6,0.0
2020-01-30,84.6,0.0
2020-01-31,84.6,0.0
2020-02-01,84.6,0.0
2020-02-02,84.6,0.0
2020-02-03,84.6,0.0
2020-02-04,84.65,0.0005908419669668666
2020-02-05,84.7,0.0005904930788644295
2020-02-06,84.65,-0.0005904930788643216
2020-02-07,84.65,0.0
2020-02-08,84.65,0.0
2020-02-09,84.65,0.0
2020-02-10,84.65,0.0
2020-02-11,84.65,0.0
2020-02-12,84.65,0.0
2020-02-13,84.65,0.0
2020-02-14,84.65,0.0
2020-02-15,84.74666666666667,0.0011413055411518443
2020-02-16,84.84333333333333,0.0011400044476176817
2020-02-17,84.94,0.0011387063172110482
2020-02-18,84.65,-0.0034200163059807027
2020-02-19,84.65,0.0
2020-02-20,84.65,0.0
2020-02-21,84.65,0.0
2020-02-22,84.65,0.0
2020-02-23,84.65,0.0
2020-02-24,84.65,0.0
2020-02-25,84.65,0.0
2020-02-26,84.7,0.0005904930788644295
2020-02-27,84.65,-0.0005904930788643216
2020-02-28,84.65,0.0
2020-02-29,84.65,0.0
2020-03-01,84.65,0.0
2020-03-02,84.65,0.0
2020-03-03,84.65,0.0
2020-03-04,84.65,0.0
2020-03-05,84.65,0.0
2020-03-06,84.65,0.0
2020-03-07,84.65,0.0
2020-03-08,84.65,0.0
2020-03-09,84.65,0.0
2020-03-10,84.94,0.0034200163059805834
2020-03-11,84.94,0.0
2020-03-12,84.69,-0.002947593951617451
2020-03-13,84.65,-0.0004724223543632416
2020-03-14,84.65,0.0
2020-03-15,84.65,0.0
2020-03-16,84.65,0.0
2020-03-17,84.65,0.0
2020-03-18,84.69,0.0004724223543631395
2020-03-19,84.65,-0.0004724223543632416
2020-03-20,84.65,0.0
2020-03-21,84.65,0.0
2020-03-22,84.65,0.0
2020-03-23,84.65,0.0
2020-03-24,84.65,0.0
2020-03-25,84.67,0.00023623907504153406
2020-03-26,84.67,0.0
2020-03-27,84.67,0.0
2020-03-28,84.67,0.0
2020-03-29,84.67,0.0
2020-03-30,84.67,0.0
2020-03-31,84.67,0.0
2020-04-01,84.67,0.0
2020-04-02,84.67,0.0
2020-04-03,84.67,0.0
2020-04-04,84.66333333333334,-7.874015752092978e-05
2020-04-05,84.65666666666667,-7.874635802177261e-05
2020-04-06,84.65,-7.875255949883884e-05
2020-04-07,84.65,0.0
2020-04-08,84.65,0.0
2020-04-09,84.69,0.0004724223543631395
2020-04-10,84.65,-0.0004724223543632416
2020-04-11,84.65,0.0
2020-04-12,84.65,0.0
2020-04-13,84.65,0.0
2020-04-14,84.65,0.0
2020-04-15,84.73,0.0009446216312284705
2020-04-16,84.73,0.0
2020-04-17,84.73,0.0
2020-04-18,84.73,0.0
2020-04-19,84.73,0.0
2020-04-20,84.73,0.0
2020-04-21,84.73,0.0
2020-04-22,84.73,0.0
2020-04-23,84.76,0.00035400318972564197
2020-04-24,84.76,0.0
2020-04-25,84.75,-0.0001179871395387645
2020-04-26,84.74000000000001,-0.00011800106214638951
2020-04-27,84.73,-0.00011801498804052326
2020-04-28,84.73,0.0
2020-04-29,84.73,0.0
2020-04-30,84.78,0.0005899357141184245
2020-05-01,84.78,0.0
2020-05-02,84.76333333333334,-0.00019660657122486523
2020-05-03,84.74666666666667,-0.00019664523297001514
2020-05-04,84.73,-0.0001966839099233776
2020-05-05,84.73,0.0
2020-05-06,84.73,0.0
2020-05-07,84.76,0.00035400318972564197
2020-05-08,84.76,0.0
2020-05-09,84.75,-0.0001179871395387645
2020-05-10,84.74000000000001,-0.00011800106214638951
2020-05-11,84.73,-0.00011801498804052326
2020-05-12,84.73,0.0
2020-05-13,84.73,0.0
2020-05-14,84.73,0.0
2020-05-15,84.73,0.0
2020-05-16,84.8,0.000825812587484548
2020-05-17,84.87,0.0008251311837282254
2020-05-18,84.94,0.0008244509035395157
2020-05-19,84.73,-0.002475394674752341
2020-05-20,84.73,0.0
2020-05-21,84.73,0.0
2020-05-22,84.73,0.0
2020-05-23,84.73,0.0
2020-05-24,84.73,0.0
2020-05-25,84.73,0.0
2020-05-26,84.73,0.0
2020-05-27,84.78,0.0005899357141184245
2020-05-28,84.73,-0.0005899357141182617
2020-05-29,84.73,0.0
2020-05-30,84.73,0.0
2020-05-31,84.73,0.0
2020-06-01,84.73,0.0
2020-06-02,84.78,0.0005899357141184245
2020-06-03,84.73,-0.0005899357141182617
2020-06-04,84.73,0.0
2020-06-05,84.73,0.0
2020-06-06,84.73,0.0
2020-06-07,84.73,0.0
2020-06-08,84.73,0.0
2020-06-09,84.73,0.0
2020-06-10,84.73,0.0
2020-06-11,84.94,0.002475394674752255
2020-06-12,84.94,0.0
2020-06-13,84.87,-0.0008244509035395438
2020-06-14,84.8,-0.0008251311837281551
2020-06-15,84.73,-0.0008258125874845448
2020-06-16,84.73,0.0
2020-06-17,84.73,0.0
2020-06-18,84.73,0.0
2020-06-19,84.73,0.0
2020-06-20,84.73,0.0
2020-06-21,84.73,0.0
2020-06-22,84.73,0.0
2020-06-23,84.73,0.0
2020-06-24,84.73,0.0
2020-06-25,84.73,0.0
2020-06-26,84.73,0.0
2020-06-27,84.73,0.0
2020-06-28,84.73,0.0
2020-06-29,84.73,0.0
2020-06-30,84.73,0.0
2020-07-01,84.73,0.0
2020-07-02,84.84,0.0012973994861089195
2020-07-03,84.84,0.0
2020-07-04,84.80333333333334,-0.0004322794950697101
2020-07-05,84.76666666666667,-0.0004324664414477091
2020-07-06,84.73,-0.0004326535495915223
2020-07-07,84.79,0.0007078811055390048
2020-07-08,84.73,-0.0007078811055388923
2020-07-09,84.73,0.0
2020-07-10,84.73,0.0
2020-07-11,84.69666666666667,-0.00039348391158515033
2020-07-12,84.66333333333333,-0.0003936388021229015
2020-07-13,84.63,-0.0003937938146502507
2020-07-14,84.63,0.0
2020-07-15,84.63,0.0
2020-07-16,84.63,0.0
2020-07-17,84.63,0.0
2020-07-18,84.63,0.0
2020-07-19,84.63,0.0
2020-07-20,84.63,0.0
2020-07-21,84.63,0.0
2020-07-22,84.63,0.0
2020-07-23,84.63,0.0
2020-07-24,84.63,0.0
2020-07-25,84.63,0.0
2020-07-26,84.63,0.0
2020-07-27,84.63,0.0
2020-07-28,84.63,0.0
2020-07-29,84.63,0.0
2020-07-30,84.63,0.0
2020-07-31,84.63,0.0
2020-08-01,84.63,0.0
2020-08-02,84.63,0.0
2020-08-03,84.63,0.0
2020-08-04,84.63,0.0
2020-08-05,84.63,0.0
2020-08-06,84.63,0.0
2020-08-07,84.63,0.0
2020-08-08,84.63,0.0
2020-08-09,84.63,0.0
2020-08-10,84.63,0.0
2020-08-11,84.63,0.0
2020-08-12,84.63,0.0
2020-08-13,84.63,0.0
2020-08-14,84.63,0.0
2020-08-15,84.63,0.0
2020-08-16,84.63,0.0
2020-08-17,84.63,0.0
2020-08-18,84.63,0.0
2020-08-19,84.63,0.0
2020-08-20,84.63,0.0
2020-08-21,84.63,0.0
2020-08-22,84.63,0.0
2020-08-23,84.63,0.0
2020-08-24,84.63,0.0
2020-08-25,84.63,0.0
2020-08-26,84.63,0.0
2020-08-27,84.63,0.0
2020-08-28,84.63,0.0
2020-08-29,84.63,0.0
2020-08-30,84.63,0.0
2020-08-31,84.63,0.0
2020-09-01,84.63,0.0
2020-09-02,84.63,0.0
2020-09-03,84.63,0.0
2020-09-04,84.63,0.0
2020-09-05,84.68666666666667,0.0006693572451903472
2020-09-06,84.74333333333333,0.0006689095057495517
2020-09-07,84.8,0.0006684623649027962
2020-09-08,84.63,-0.0020067291158428393
2020-09-09,84.63,0.0
2020-09-10,84.63,0.0
2020-09-11,84.63,0.0
2020-09-12,84.63,0.0
2020-09-13,84.63,0.0
2020-09-14,84.63,0.0
2020-09-15,84.63,0.0
2020-09-16,84.63,0.0
2020-09-17,84.8,0.0020067291158427487
2020-09-18,84.63,-0.0020067291158428393
2020-09-19,84.63,0.0
2020-09-20,84.63,0.0
2020-09-21,84.63,0.0
2020-09-22,84.63,0.0
2020-09-23,84.63,0.0
2020-09-24,84.63,0.0
2020-09-25,84.63,0.0
2020-09-26,84.63,0.0
2020-09-27,84.63,0.0
2020-09-28,84.63,0.0
2020-09-29,84.63,0.0
2020-09-30,84.79,0.0018887976338972353
2020-10-01,84.63,-0.0018887976338971945
2020-10-02,84.63,0.0
2020-10-03,84.63,0.0
2020-10-04,84.63,0.0
2020-10-05,84.63,0.0
2020-10-06,84.63,0.0
2020-10-07,84.63,0.0
2020-10-08,84.63,0.0
2020-10-09,84.63,0.0
2020-10-10,84.68333333333334,0.000629995689616668
2020-10-11,84.73666666666666,0.0006295990449188237
2020-10-12,84.79,0.0006292028993615234
2020-10-13,84.63,-0.0018887976338971945
2020-10-14,84.63,0.0
2020-10-15,84.63,0.0
2020-10-16,84.63,0.0
2020-10-17,84.63,0.0
2020-10-18,84.63,0.0
2020-10-19,84.63,0.0
2020-10-20,84.63,0.0
2020-10-21,84.63,0.0
2020-10-22,84.63,0.0
2020-10-23,84.63,0.0
2020-10-24,84.63,0.0
2020-10-25,84.63,0.0
2020-10-26,84.63,0.0
2020-10-27,84.46,-0.0020107641762170656
2020-10-28,84.15,-0.0036771288689823973
2020-10-29,84.57,0.0049786731573157605
2020-10-30,84.29,-0.0033163597847398712
2020-10-31,84.25,-0.00047466477691971267
2020-11-01,84.21000000000001,-0.0004748901905701922
2020-11-02,84.17,-0.00047511581841620803
2020-11-03,84.79,0.007339048092427031
2020-11-04,84.22,-0.006745188582130004
2020-11-05,84.43,0.002490365947626855
2020-11-06,84.37,-0.0007109005038732046
2020-11-07,84.39,0.00023702299233976432
2020-11-08,84.41000000000001,0.00023696682575358164
2020-11-09,84.43,0.0002369106857799759
2020-11-10,84.39,-0.00047387751153350234
2020-11-11,84.4,0.00011849043203622686
2020-11-12,84.37,-0.00035551342437605763
2020-11-13,84.41,0.0004739898180931404
2020-11-14,84.42333333333333,0.00015794669331941036
2020-11-15,84.43666666666667,0.00015792175010121418
2020-11-16,84.45,0.0001578968147597386
2020-11-17,84.2,-0.0029647220055280146
2020-11-18,84.29,0.001068312761109766
2020-11-19,84.33,0.00047443957715932115
2020-11-20,83.9,-0.005112060113389628
2020-11-21,84.07000000000001,0.0020241716740450385
2020-11-22,84.24,0.0020200826785144468
2020-11-23,84.41,0.00201601016990855
2020-11-24,84.45,0.00047376525818051187
2020-11-25,84.46,0.00011840625198840409
2020-11-26,84.79,0.0038995618101143035
2020-11-27,84.45,-0.004017968062102551
2020-11-28,84.45333333333333,3.947030846564822e-05
2020-11-29,84.45666666666666,3.946875062177653e-05
2020-11-30,84.46,3.9467192900910265e-05
2020-12-01,84.36,-0.0011846938952235497
2020-12-02,84.36,0.0
2020-12-03,84.39,0.0003555555593012582
2020-12-04,84.18,-0.0024915478274505033
2020-12-05,84.27000000000001,0.0010685664418374349
2020-12-06,84.36,0.0010674258263116245
2020-12-07,84.45,0.0010662876432352517
2020-12-08,84.4,-0.0005922416518976005
2020-12-09,84.46,0.0007106479038858431
2020-12-10,84.45,-0.00011840625198835747
2020-12-11,84.5,0.0005918911093191449
2020-12-12,84.46333333333334,-0.00043401922202740894
2020-12-13,84.42666666666666,-0.0004342076765085045
2020-12-14,84.39,-0.00043439629471710145
2020-12-15,84.54,0.0017758839687686556
2020-12-16,84.43,-0.001302006457235276
2020-12-17,84.63,0.0023660250006058655
2020-12-18,84.18,-0.005331450339589929
2020-12-19,84.22666666666667,0.0005542140199653353
2020-12-20,84.27333333333333,0.0005539070369116612
2020-12-21,84.32,0.000553600393750257
2020-12-22,84.37,0.0005928033844832937
2020-12-23,84.45,0.0009477550762737566
2020-12-24,84.51,0.0007102273025818731
2020-12-25,84.51,0.0
2020-12-26,84.50333333333333,-7.88892395487764e-05
2020-12-27,84.49666666666667,-7.88954635517113e-05
2020-12-28,84.49,-7.890168853719878e-05
2020-12-29,84.46,-0.0003551346589559511
2020-12-30,84.45,-0.00011840625198835747
2020-12-31,84.27,-0.002133713469547179
2021-01-01,84.27,0.0
2021-01-02,84.26333333333334,-7.911392409178995e-05
2021-01-03,84.25666666666666,-7.912018360020084e-05
2021-01-04,84.25,-7.912644409882616e-05
2021-01-05,84.29,0.0004746647769198116
2021-01-06,84.79,0.005914377306520755
2021-01-07,84.33,-0.005439937729361498
2021-01-08,84.33,0.0
2021-01-09,84.31333333333333,-0.00019765580282956414
2021-01-10,84.29666666666667,-0.0001976948783696088
2021-01-11,84.28,-0.00019773396936276675
2021-01-12,84.29,0.00011864507340248289
2021-01-13,84.15,-0.001662313372575809
2021-01-14,84.28,0.0015436682991731242
2021-01-15,84.28,0.0
2021-01-16,84.45333333333333,0.002054524626286357
2021-01-17,84.62666666666667,0.002050312207885033
2021-01-18,84.8,0.002046117027697625
2021-01-19,84.28,-0.006150953861869018
2021-01-20,84.29,0.00011864507340248289
2021-01-21,84.79,0.005914377306520755
2021-01-22,84.15,-0.007576690679096625
2021-01-23,84.19666666666667,0.0005544115459608621
2021-01-24,84.24333333333334,0.0005541043441067429
2021-01-25,84.29,0.0005537974825081999
2021-01-26,84.13,-0.0019000124466686753
2021-01-27,84.58,0.005334610481620369
2021-01-28,84.54,-0.000473036905698587
2021-01-29,84.37,-0.002012906961108502
2021-01-30,84.51,0.0016579823788554627
2021-01-31,84.65,0.0016552380227533798
2021-02-01,84.79,0.001652502736767213
2021-02-02,84.45,-0.004017968062102551
2021-02-03,84.28,-0.002015054317820807
2021-02-04,84.54,0.00308020620265553
2021-02-05,84.03,-0.006050917198517047
2021-02-06,84.16666666666667,0.0016250821071780058
2021-02-07,84.30333333333333,0.001622445499447425
2021-02-08,84.44,0.0016198174333675063
2021-02-09,84.37,-0.0008293348025843648
2021-02-10,84.79,0.004965723138376205
2021-02-11,84.54,-0.002952816177267757
2021-02-12,84.22,-0.0037923724048622284
2021-02-13,84.35666666666667,0.0016214188987173903
2021-02-14,84.49333333333333,0.0016187941547073988
2021-02-15,84.63,0.0016161778948081105
2021-02-16,84.11,-0.006163347707668577
2021-02-17,84.56,0.005335875587636208
2021-02-18,84.44,-0.0014201185818624043
2021-02-19,84.27,-0.0020152931958578794
2021-02-20,84.23666666666666,-0.0003956322254485607
2021-02-21,84.20333333333333,-0.00039578881225920185
2021-02-22,84.17,-0.0003959455230695318
2021-02-23,84.37,0.002373324954050644
2021-02-24,84.62,0.002958757114386039
2021-02-25,84.79,0.0020069660239903403
2021-02-26,84.62,-0.002006966023990217
2021-02-27,84.43333333333334,-0.0022083769524015875
2021-02-28,84.24666666666667,-0.002213264677094845
2021-03-01,84.06,-0.0022181740854543292
2021-03-02,84.45,0.004628813676838553
2021-03-03,84.45,0.0
2021-03-04,84.79,0.004017968062102581
2021-03-05,84.62,-0.002006966023990217
2021-03-06,84.61,-0.00011818235551192434
2021-03-07,84.60000000000001,-0.00011819632423183744
2021-03-08,84.59,-0.00011821029625447238
2021-03-09,84.59,0.0
2021-03-10,84.54,-0.0005912611772793009
2021-03-11,84.54,0.0
2021-03-12,83.97,-0.006765202943172086
2021-03-13,84.13,0.0019036293672503638
2021-03-14,84.29,0.0019000124466687046
2021-03-15,84.45,0.0018964092444181597
2021-03-16,84.79,0.004017968062102581
2021-03-17,84.79,0.0
2021-03-18,84.18,-0.00722024797348702
2021-03-19,84.14,-0.00047528518004979055
2021-03-20,84.22333333333333,0.0009899226688929405
2021-03-21,84.30666666666667,0.000988943691035236
2021-03-22,84.39,0.0009879666475722507
2021-03-23,84.37,-0.00023702299233974784
2021-03-24,84.56,0.0022494533844467307
2021-03-25,84.45,-0.0013016983081730771
2021-03-26,84.03,-0.004985765313682222
2021-03-27,84.22666666666667,0.002337699422263099
2021-03-28,84.42333333333333,0.0023322473265580115
2021-03-29,84.62,0.002326820602973341
2021-03-30,84.45,-0.002011002038112346
2021-03-31,84.37,-0.0009477550762736835
2021-04-01,84.54,0.002012906961108432
2021-04-02,84.2,-0.004029873890362836
2021-04-03,84.26333333333334,0.0007518946118890943
2021-04-04,84.32666666666667,0.0007513296911158551
2021-04-05,84.39,0.0007507656185890977
2021-04-06,84.62,0.002721734122046197
2021-04-07,84.62,0.0
2021-04-08,84.43,-0.0022478566105128108
2021-04-09,84.16,-0.0032030396920089844
2021-04-10,84.22333333333333,0.0007522518418679921
2021-04-11,84.28666666666666,0.0007516863843741252
2021-04-12,84.35,0.0007511217763352875
2021-04-13,84.62,0.0031958362999443203
2021-04-14,84.62,0.0
2021-04-15,84.62,0.0
2021-04-16,84.28,-0.00402605635593315
2021-04-17,84.35666666666667,0.0009092526965106939
2021-04-18,84.43333333333334,0.0009084267070208161
2021-04-19,84.51,0.0009076022168709889
2021-04-20,84.51,0.0
2021-04-21,84.39,-0.001420959386515781
2021-04-22,84.51,0.0014209593865158216
2021-04-23,84.17,-0.004031307332906225
2021-04-24,84.32000000000001,0.0017805215695674743
2021-04-25,84.47,0.0017773569463530303
2021-04-26,84.62,0.001774203552516115
2021-04-27,84.62,0.0
2021-04-28,84.62,0.0
2021-04-29,84.62,0.0
2021-04-30,84.28,-0.00402605635593315
2021-05-01,84.39333333333333,0.0013438206045841487
2021-05-02,84.50666666666667,0.001342017173983146
2021-05-03,84.62,0.001340218577365688
2021-05-04,84.62,0.0
2021-05-05,84.29,-0.003907411282530614
2021-05-06,84.62,0.003907411282530626
2021-05-07,84.28,-0.00402605635593315
2021-05-08,84.33666666666667,0.0006721360340023635
2021-05-09,84.39333333333333,0.0006716845705817469
2021-05-10,84.45,0.0006712337132366982
2021-05-11,84.39,-0.0007107320839339375
2021-05-12,84.62,0.002721734122046197
2021-05-13,84.45,-0.002011002038112346
2021-05-14,84.06,-0.0046288136768384185
2021-05-15,84.21000000000001,0.0017828494649303399
2021-05-16,84.36,0.001779676568672969
2021-05-17,84.51,0.0017765149458171805
2021-05-18,84.51,0.0
2021-05-19,84.62,0.001300774735530384
2021-05-20,84.62,0.0
2021-05-21,84.27,-0.004144715507659581
2021-05-22,84.31,0.00047455215032231064
2021-05-23,84.35,0.0004743270573929096
2021-05-24,84.39,0.0004741021778978638
2021-05-25,84.51,0.0014209593865158216
2021-05-26,84.23,-0.003318718229118551
2021-05-27,84.62,0.004619492964648991
2021-05-28,84.28,-0.00402605635593315
2021-05-29,84.36666666666667,0.0010277899469803814
2021-05-30,84.45333333333333,0.0010267346793059766
2021-05-31,84.54,0.0010256815763693122
2021-06-01,84.4,-0.0016573935367324183
2021-06-02,84.62,0.0026032436900099857
2021-06-03,84.39,-0.0027217341220463023
2021-06-04,84.01,-0.004513071793119325
2021-06-05,84.10000000000001,0.001070727602146535
2021-06-06,84.19,0.0010695823706700649
2021-06-07,84.28,0.0010684395864158146
2021-06-08,84.45,0.002015054317820781
2021-06-09,84.51,0.0007102273025818731
2021-06-10,84.8,0.003425672241466456
2021-06-11,84.34,-0.00543929447944346
2021-06-12,84.35666666666667,0.0001975933140851468
2021-06-13,84.37333333333333,0.000197554278680432
2021-06-14,84.39,0.00019751525869569764
2021-06-15,84.62,0.002721734122046197
2021-06-16,84.63,0.00011816839009310881
2021-06-17,84.62,-0.00011816839009306741
2021-06-18,84.45,-0.002011002038112346
2021-06-19,84.47,0.00023679848559614576
2021-06-20,84.49000000000001,0.0002367424253481917
2021-06-21,84.51,0.00023668639163735515
2021-06-22,84.39,-0.001420959386515781
2021-06-23,84.36,-0.000355555559301344
2021-06-24,84.51,0.0017765149458171805
2021-06-25,84.2,-0.003674949308109932
2021-06-26,84.28,0.0009496676877071559
2021-06-27,84.36,0.0009487666745855683
2021-06-28,84.44,0.000947867369545981
2021-06-29,84.63,0.0022475907018947223
2021-06-30,84.57,-0.0007092198878837604
2021-07-01,84.4,-0.0020121921922193007
2021-07-02,84.34,-0.0007111532834976084
2021-07-03,84.43666666666667,0.0011454981206354203
2021-07-04,84.53333333333333,0.0011441874559119402
2021-07-05,84.63,0.0011428797870533364
2021-07-06,84.42,-0.0024844733276618335
2021-07-07,84.63,0.002484473327661744
2021-07-08,84.63,0.0
2021-07-09,84.12,-0.006044462847515491
2021-07-10,84.25,0.00154421839797191
2021-07-11,84.38000000000001,0.0015418374637215743
2021-07-12,84.51,0.0015394638601982616
2021-07-13,84.8,0.003425672241466456
2021-07-14,84.8,0.0
2021-07-15,84.8,0.0
2021-07-16,84.8,0.0
2021-07-17,84.79666666666667,-3.930894868713894e-05
2021-07-18,84.79333333333334,-3.9310493941409944e-05
2021-07-19,84.79,-3.9312039317035487e-05
2021-07-20,84.79,0.0
2021-07-21,84.79,0.0
2021-07-22,84.62,-0.002006966023990217
2021-07-23,84.14,-0.005688567129546649
2021-07-24,84.36,0.002611277448198987
2021-07-25,84.58,0.002604476433768695
2021-07-26,84.8,0.002597710753514953
2021-07-27,84.8,0.0
2021-07-28,84.42,-0.0044912024435046285
2021-07-29,84.46,0.0004737091514446664
2021-07-30,84.25,-0.0024894802733263144
2021-07-31,84.43333333333334,0.0021736991070488224
2021-08-01,84.61666666666666,0.0021689843857736753
2021-08-02,84.8,0.002164290072563785
2021-08-03,84.81,0.00011791757575122938
2021-08-04,84.81,0.0
2021-08-05,84.21,-0.007099781331707928
2021-08-06,84.17,-0.0004751158184159859
2021-08-07,84.27333333333334,0.0012269211758172964
2021-08-08,84.37666666666667,0.0012254176847221116
2021-08-09,84.48,0.001223917873927404
2021-08-10,84.47,-0.0001183782185461675
2021-08-11,84.33,-0.001658768152855053
2021-08-12,84.25,-0.0009491043540790612
2021-08-13,84.08,-0.0020198426637753875
2021-08-14,84.17333333333333,0.0011094382626194031
2021-08-15,84.26666666666667,0.001108208773277432
2021-08-16,84.36,0.0011069820059810757
2021-08-17,84.58,0.002604476433768695
2021-08-18,84.58,0.0
2021-08-19,84.88,0.0035406622613850915
2021-08-20,84.48,-0.004723674347776217
2021-08-21,84.59,0.001301236357971734
2021-08-22,84.7,0.0012995453420856474
2021-08-23,84.81,0.0012978587156000124
2021-08-24,84.74,-0.0008257151751956442
2021-08-25,84.79,0.0005898661174986956
2021-08-26,85.25,0.005410504847714485
2021-08-27,84.91,-0.00399624415235414
2021-08-28,84.83666666666666,-0.0008640327298987591
2021-08-29,84.76333333333334,-0.0008647799281070607
2021-08-30,84.69,-0.0008655284197585722
2021-08-31,85.03,0.00400660446419348
2021-09-01,84.64,-0.004597167287711918
2021-09-02,84.98,0.004008966576676213
2021-09-03,84.98,0.0
2021-09-04,85.03666666666668,0.0006666013382808835
2021-09-05,85.09333333333333,0.000666157276931888
2021-09-06,85.15,0.0006657138068188776
2021-09-07,84.54,-0.007189611970053437
2021-09-08,84.81,0.003188665234964846
2021-09-09,84.81,0.0
2021-09-10,84.49,-0.003780276208855305
2021-09-11,84.65333333333334,0.0019313014693861218
2021-09-12,84.81666666666666,0.001927578732592429
2021-09-13,84.98,0.0019238703199335105
2021-09-14,85.2,0.0025854991486046214
2021-09-15,84.74,-0.005413688636856955
2021-09-16,85.25,0.006000370965213058
2021-09-17,84.74,-0.006000370965213122
2021-09-18,84.70333333333333,-0.0004327897299666292
2021-09-19,84.66666666666666,-0.00043297711801964855
2021-09-20,84.63,-0.00043316466841218654
2021-09-21,84.98,0.004127121004651048
2021-09-22,85.18,0.0023507298084019753
2021-09-23,84.91,-0.003174792483795467
2021-09-24,84.61,-0.003539409074862561
2021-09-25,84.65666666666667,0.0005513982022336503
2021-09-26,84.70333333333333,0.0005510943298031824
2021-09-27,84.75,0.0005507907921132495
2021-09-28,85.09,0.004003773600906318
2021-09-29,85.29,0.0023476944695521606
2021-09-30,85.6,0.003628068816678118
2021-10-01,85.26,-0.003979871810632028
2021-10-02,85.25333333333333,-7.819525358806958e-05
2021-10-03,85.24666666666667,-7.820136856369555e-05
2021-10-04,85.24,-7.820748449622395e-05
2021-10-05,85.53,0.0033963843622740867
2021-10-06,85.46,-0.0008187613768115635
2021-10-07,85.37,-0.0010536791936637106
2021-10-08,85.2,-0.001993317186944985
2021-10-09,85.31666666666666,0.0013683904002125095
2021-10-10,85.43333333333334,0.0013665204664333045
2021-10-11,85.55,0.0013646556362865866
2021-10-12,85.24,-0.003630193107786172
2021-10-13,85.34,0.0011724705294376041
2021-10-14,85.35,0.00011717148059561957
2021-10-15,85.07,-0.0032860022526566743
2021-10-16,85.19666666666666,0.0014878624514549556
2021-10-17,85.32333333333334,0.0014856520052135527
2021-10-18,85.45,0.001483448117138556
2021-10-19,85.35,-0.0011709603211503589
2021-10-20,85.26,-0.0010550379033852522
2021-10-21,85.49,0.0026939987010779023
2021-10-22,85.26,-0.0026939987010779222
2021-10-23,85.33333333333334,0.0008597444743885708
2021-10-24,85.40666666666667,0.0008590059487250634
2021-10-25,85.48,0.0008582686907689101
2021-10-26,85.55,0.0008185698872555165
2021-10-27,85.51,-0.00046767217033849323
2021-10-28,85.56,0.0005845560463409873
2021-10-29,85.41,-0.0017546942561490894
2021-10-30,85.42999999999999,0.00023413720547132389
2021-10-31,85.45,0.0002340823980727538
2021-11-01,85.47,0.00023402761632664807
2021-11-02,85.6,0.0015198459697697102
2021-11-03,85.53,-0.0008180915550060281
2021-11-04,85.57,0.00046756283727299224
2021-11-05,85.39,-0.0021057565104485652
2021-11-06,85.45666666666666,0.000780426933121617
2021-11-07,85.52333333333334,0.0007798183418541186
2021-11-08,85.59,0.0007792106990279513
2021-11-09,85.56,-0.00035056967931347625
2021-11-10,85.66,0.0011680879730199527
2021-11-11,85.75,0.0010501138588243078
2021-11-12,85.57,-0.0021013316160859346
2021-11-13,85.64333333333333,0.0008566311558809592
2021-11-14,85.71666666666667,0.0008558979669712092
2021-11-15,85.79,0.0008551660320584392
2021-11-16,85.7,-0.0010496239811397885
2021-11-17,85.56,-0.0016349413895292452
2021-11-18,85.57,0.00011687021575840772
2021-11-19,85.5,-0.0008183784872488151
2021-11-20,85.53666666666666,0.00042875797269634474
2021-11-21,85.57333333333334,0.00042857421808076913
2021-11-22,85.61,0.00042839062090260294
2021-11-23,85.6,-0.00011681560669796644
2021-11-24,85.7,0.0011675424560378682
2021-11-25,85.79,0.0010496239811398262
2021-11-26,85.64,-0.0017499858633918662
2021-11-27,85.63333333333334,-7.784827375373889e-05
2021-11-28,85.62666666666667,-7.785433457944911e-05
2021-11-29,85.62,-7.786039634862601e-05
2021-11-30,85.61,-0.00011680196240587092
2021-12-01,85.61,0.0
2021-12-02,85.62,0.00011680196240584897
2021-12-03,85.44,-0.0021045255049153867
2021-12-04,85.49666666666667,0.0006630136160663502
2021-12-05,85.55333333333333,0.0006625743202540664
2021-12-06,85.61,0.000662135606189094
2021-12-07,85.66,0.0005838734328306413
2021-12-08,85.57,-0.0010512177572615106
2021-12-09,85.66,0.0010512177572615275
2021-12-10,85.5,-0.0018695962445103
2021-12-11,85.53666666666666,0.00042875797269634474
2021-12-12,85.57333333333334,0.00042857421808076913
2021-12-13,85.61,0.00042839062090260294
2021-12-14,85.56,-0.0005842145401894275
2021-12-15,85.7,0.0016349413895291479
2021-12-16,85.52,-0.002102558886944344
2021-12-17,85.37,-0.0017555156945746155
2021-12-18,85.48,0.0012876794287318021
2021-12-19,85.59,0.0012860234425714552
2021-12-20,85.7,0.0012843717102157277
2021-12-21,85.62,-0.0009339248869340664
2021-12-22,85.7,0.000933924886934076
2021-12-23,85.62,-0.0009339248869340664
2021-12-24,85.57,-0.0005841462868367227
2021-12-25,85.61333333333333,0.0005062798277746066
2021-12-26,85.65666666666667,0.0005060236382086345
2021-12-27,85.7,0.000505767707787555
2021-12-28,85.7,0.0
2021-12-29,85.62,-0.0009339248869340664
2021-12-30,85.62,0.0
2021-12-31,85.62,0.0
2022-01-01,85.62,0.0
2022-01-02,85.62,0.0
2022-01-03,85.62,0.0
2022-01-04,85.7,0.000933924886934076
2022-01-05,85.57,-0.0015180711737707276
2022-01-06,85.86,0.003383308366451205
2022-01-07,85.69,-0.0019819301153871666
2022-01-08,85.72666666666666,0.0004278074931556812
2022-01-09,85.76333333333334,0.0004276245521654578
2022-01-10,85.8,0.0004274417675679304
2022-01-11,85.8,0.0
2022-01-12,85.86,0.0006990563024980425
2022-01-13,85.81,-0.0005825129773849385
2022-01-14,85.81,0.0
2022-01-15,85.85666666666667,0.000543689333781193
2022-01-16,85.90333333333334,0.0005433938963085163
2022-01-17,85.95,0.0005430987797390521
2022-01-18,85.74,-0.002446270659027333
2022-01-19,85.86,0.001398601626583598
2022-01-20,85.86,0.0
2022-01-21,85.86,0.0
2022-01-22,85.84,-0.00023296447397145171
2022-01-23,85.82,-0.00023301875906448684
2022-01-24,85.8,-0.00023307306946201975
2022-01-25,85.86,0.0006990563024980425
2022-01-26,85.86,0.0
2022-01-27,85.86,0.0
2022-01-28,85.86,0.0
2022-01-29,85.84,-0.00023296447397145171
2022-01-30,85.82,-0.00023301875906448684
2022-01-31,85.8,-0.00023307306946201975
2022-02-01,85.95,0.0017467253349418002
2022-02-02,85.8,-0.0017467253349417598
2022-02-03,85.79,-0.00011655690904260116
2022-02-04,85.7,-0.0010496239811397885
2022-02-05,85.73,0.0003499970869304146
2022-02-06,85.76,0.0003498746318273486
2022-02-07,85.79,0.000349752262382096
2022-02-08,85.8,0.00011655690904258808
2022-02-09,85.86,0.0006990563024980425
2022-02-10,85.95,0.0010476690324436838
2022-02-11,85.77,-0.002096436826528182
2022-02-12,85.78,0.00011658408640437375
2022-02-13,85.78999999999999,0.00011657049613935864
2022-02-14,85.8,0.0001165569090428101
2022-02-15,85.76,-0.0004663091714246569
2022-02-16,85.86,0.001165365473922538
2022-02-17,85.86,0.0
2022-02-18,85.77,-0.001048767794084488
2022-02-19,85.83,0.0006993007277983927
2022-02-20,85.89,0.0006988120480048394
2022-02-21,85.95,0.0006983240507250022
2022-02-22,85.78,-0.0019798527401238874
2022-02-23,85.86,0.0009321837076801877
2022-02-24,85.95,0.0010476690324436838
2022-02-25,85.95,0.0
2022-02-26,85.89,-0.0006983240507249036
2022-02-27,85.83,-0.0006988120480047944
2022-02-28,85.77,-0.0006993007277985042
2022-03-01,85.7,-0.0008164693985959477
2022-03-02,85.78,0.0009330534850003056
2022-03-03,85.91,0.0015143575612307065
2022-03-04,85.74,-0.001980775480134136
2022-03-05,85.81,0.0008160886491986419
2022-03-06,85.88,0.0008154231915505625
2022-03-07,85.95,0.0008147588182780629
2022-03-08,85.86,-0.0010476690324438
2022-03-09,85.91,0.0005821738535504564
2022-03-10,85.91,0.0
2022-03-11,85.82,-0.0010481570865865594
2022-03-12,85.85,0.0003495077801060144
2022-03-13,85.88,0.00034938566709567673
2022-03-14,85.91,0.00034926363938480123
2022-03-15,85.86,-0.0005821738535505123
2022-03-16,86.0,0.0016292334570932325
2022-03-17,85.91,-0.0010470596035426468
2022-03-18,85.91,0.0
2022-03-19,85.94,0.0003491416968839664
2022-03-20,85.97,0.0003490198395037507
2022-03-21,86.0,0.0003488980671549544
2022-03-22,86.2,0.0023228814161397287
2022-03-23,86.19,-0.00011601601033959086
2022-03-24,86.11,-0.0009286129512340801
2022-03-25,86.02,-0.0010457213524835624
2022-03-26,86.05,0.00034869530195817965
2022-03-27,86.08,0.000348573755925819
2022-03-28,86.11,0.00034845229459958747
2022-03-29,86.2,0.00104462896157369
2022-03-30,86.2,0.0
2022-03-31,86.2,0.0
2022-04-01,86.11,-0.0010446289615736234
2022-04-02,86.08333333333333,-0.0003097293764356455
2022-04-03,86.05666666666667,-0.0003098253384451244
2022-04-04,86.03,-0.0003099213599362383
2022-04-05,86.1,0.000813338800428281
2022-04-06,86.01,-0.0010458428702968155
2022-04-07,86.11,0.0011619801446856547
2022-04-08,86.02,-0.0010457213524835624
2022-04-09,85.99333333333333,-0.0003100534867099197
2022-04-10,85.96666666666667,-0.00031014964969079375
2022-04-11,85.94,-0.0003102458723403802
2022-04-12,85.93,-0.00011636702171724083
2022-04-13,86.11,0.002092537382942091
2022-04-14,85.94,-0.001976170361224824
2022-04-15,85.94,0.0
2022-04-16,85.97,0.0003490198395037507
2022-04-17,86.0,0.0003488980671549544
2022-04-18,86.03,0.00034877637974904365
2022-04-19,86.11,0.0009294760748171385
2022-04-20,86.2,0.00104462896157369
2022-04-21,86.2,0.0
2022-04-22,86.02,-0.0020903503140572302
2022-04-23,86.05,0.00034869530195817965
2022-04-24,86.08,0.000348573755925819
2022-04-25,86.11,0.00034845229459958747
2022-04-26,86.36,0.0028990569385327685
2022-04-27,86.36,0.0
2022-04-28,86.36,0.0
2022-04-29,86.36,0.0
2022-04-30,86.33,-0.0003474433991753568
2022-05-01,86.3,-0.00034756415804902723
2022-05-02,86.27,-0.0003476850008948859
2022-05-03,86.18,-0.001043780900795298
2022-05-04,86.27,0.0010437809007952455
2022-05-05,86.36,0.0010426925581192464
2022-05-06,86.18,-0.002086473458914597
2022-05-07,86.29333333333334,0.0013142130143252745
2022-05-08,86.40666666666667,0.001312488125102093
2022-05-09,86.52,0.0013107677577387587
2022-05-10,86.7,0.002078282701638149
2022-05-11,86.61,-0.0010386014435427664
2022-05-12,86.7,0.0010386014435427066
2022-05-13,86.61,-0.0010386014435427664
2022-05-14,86.87666666666667,0.0030742060102579016
2022-05-15,87.14333333333333,0.003064784224776454
2022-05-16,87.41,0.003055420014408822
2022-05-17,87.41,0.0
2022-05-18,87.41,0.0
2022-05-19,87.32,-0.001030160910653471
2022-05-20,87.14,-0.0020635109924470128
2022-05-21,87.33333333333333,0.002216194403690995
2022-05-22,87.52666666666667,0.0022112937448675444
2022-05-23,87.72,0.0022064147118327085
2022-05-24,87.72,0.0
2022-05-25,87.81,0.0010254658222167022
2022-05-26,87.72,-0.0010254658222167289
2022-05-27,87.63,-0.0010265184819282455
2022-05-28,88.08666666666666,0.005197773250201745
2022-05-29,88.54333333333334,0.005170896044861905
2022-05-30,89.0,0.005144295369316886
2022-05-31,88.91,-0.001011747599092301
2022-06-01,88.91,0.0
2022-06-02,88.91,0.0
2022-06-03,88.82,-0.0010127722690914643
2022-06-04,89.62333333333333,0.009003852881060892
2022-06-05,90.42666666666666,0.008923506404256347
2022-06-06,91.23,0.00884458120810963
2022-06-07,91.95,0.00786116069294722
2022-06-08,92.9,0.010278694769462807
2022-06-09,92.81,-0.0009692532124913764
2022-06-10,92.81,0.0
2022-06-11,93.12666666666667,0.003406181023993719
2022-06-12,93.44333333333334,0.0033946183283188104
2022-06-13,93.76,0.0033831338690884197
2022-06-14,93.67,-0.0009603586076633068
2022-06-15,92.81,-0.009223574613737781
2022-06-16,92.9,0.000969253212491539
2022-06-17,92.81,-0.0009692532124913764
2022-06-18,92.84,0.00032318879893497316
2022-06-19,92.87,0.0003230843816807232
2022-06-20,92.9,0.00032298003187579844
2022-06-21,92.72,-0.0019394467882966418
2022-06-22,92.86,0.0015087835602793033
2022-06-23,92.63,-0.002479919325839511
2022-06-24,92.63,0.0
2022-06-25,92.66,0.00032381672256610227
2022-06-26,92.69,0.00032371189923900495
2022-06-27,92.72,0.00032360714375488523
2022-06-28,93.31,0.0063430842144342825
2022-06-29,93.4,0.0009640619888663547
2022-06-30,93.45,0.0005351886667747975
2022-07-01,93.45,0.0
2022-07-02,93.43333333333334,-0.0001783643989388748
2022-07-03,93.41666666666667,-0.0001783962184733386
2022-07-04,93.4,-0.00017842804936264896
2022-07-05,93.36,-0.0004283572564965068
2022-07-06,93.31,-0.0005357047323699387
2022-07-07,93.36,0.0005357047323699022
2022-07-08,93.18,-0.0019298815896497778
2022-07-09,93.12,-0.0006441224055230209
2022-07-10,93.06,-0.0006445375666252353
2022-07-11,93.0,-0.0006449532632465692
2022-07-12,93.4,0.004291852081541084
2022-07-13,93.81,0.0043801149030625935
2022-07-14,93.9,0.0009589260763577473
2022-07-15,93.9,0.0
2022-07-16,93.81,-0.0009589260763576395
2022-07-17,93.72,-0.000959846498264721
2022-07-18,93.63,-0.0009607686887972037
2022-07-19,93.95,0.0034118809086767536
2022-07-20,93.95,0.0
2022-07-21,94.4,0.004778347291980681
2022-07-22,94.31,-0.0009538445956616048
2022-07-23,94.28,-0.00031815048786310463
2022-07-24,94.25,-0.0003182517398102784
2022-07-25,94.22,-0.0003183530562251213
2022-07-26,94.7,0.005081526920137491
2022-07-27,94.61,-0.0009508214756796941
2022-07-28,94.53,-0.0008459342790599558
2022-07-29,94.44,-0.0009525322199807977
2022-07-30,94.49666666666667,0.0005998482916583763
2022-07-31,94.55333333333333,0.0005994886893813481
2022-08-01,94.61,0.00059912951800103
2022-08-02,94.7,0.0009508214756797057
2022-08-03,94.7,0.0
2022-08-04,94.53,-0.0017967557547396273
2022-08-05,94.44,-0.0009525322199807977
2022-08-06,94.52666666666667,0.0009172694239901511
2022-08-07,94.61333333333333,0.0009164288118026043
2022-08-08,94.7,0.0009155897389276302
2022-08-09,94.61,-0.0009508214756796941
2022-08-10,94.95,0.0035872585419420766
2022-08-11,94.91,-0.00042136311589408693
2022-08-12,94.91,0.0
2022-08-13,94.88,-0.0003161388929854905
2022-08-14,94.85,-0.0003162388683921743
2022-08-15,94.82,-0.00031633890705095013
2022-08-16,94.91,0.0009487166684286479
2022-08-17,94.91,0.0
2022-08-18,94.91,0.0
2022-08-19,94.94,0.0003160389807712483
2022-08-20,94.92999999999999,-0.00010533522946496167
2022-08-21,94.92,-0.00010534632614423227
2022-08-22,94.91,-0.00010535742516200207
2022-08-23,94.89,-0.00021074815673357953
2022-08-24,94.91,0.00021074815673369766
2022-08-25,94.91,0.0
2022-08-26,94.73,-0.0018983342549576314
2022-08-27,94.79,0.0006331785775071342
2022-08-28,94.85,0.0006327779160729559
2022-08-29,94.91,0.0006323777613776386
2022-08-30,95.0,0.0009478174581400747
2022-08-31,94.91,-0.0009478174581400726
2022-09-01,94.91,0.0
2022-09-02,94.82,-0.0009487166684286214
2022-09-03,94.85,0.00031633890705104386
2022-09-04,94.88,0.00031623886839223295
2022-09-05,94.91,0.00031613889298545786
2022-09-06,94.91,0.0
2022-09-07,95.0,0.0009478174581400747
2022-09-08,95.0,0.0
2022-09-09,94.91,-0.0009478174581400726
2022-09-10,94.91,0.0
2022-09-11,94.91,0.0
2022-09-12,94.91,0.0
2022-09-13,102.4,0.07595763846300675
2022-09-14,102.9,0.004870930234596512
2022-09-15,103.9,0.00967125526517789
2022-09-16,103.8,-0.0009629273733935527
2022-09-17,103.8,0.0
2022-09-18,103.8,0.0
2022-09-19,103.8,0.0
2022-09-20,103.3,-0.004828594606195445
2022-09-21,103.2,-0.0009685230781304258
2022-09-22,102.7,-0.004856736112949822
2022-09-23,102.6,-0.0009741841978434859
2022-09-24,102.6,0.0
2022-09-25,102.6,0.0
2022-09-26,102.6,0.0
2022-09-27,100.82,-0.01750118408218438
2022-09-28,102.3,0.014572924303096157
2022-09-29,101.2,-0.010810916104215617
2022-09-30,101.1,-0.0009886308269395432
2022-10-01,101.23333333333333,0.001317957357167804
2022-10-02,101.36666666666666,0.0013162226316157447
2022-10-03,101.5,0.0013144924666328415
2022-10-04,101.6,0.000984736662539338
2022-10-05,101.6,0.0
2022-10-06,102.9,0.012714107695622602
2022-10-07,102.9,0.0
2022-10-08,102.35333333333334,-0.005326763277360603
2022-10-09,101.80666666666667,-0.005355289705717552
2022-10-10,101.26,-0.00538412331516262
2022-10-11,101.6,0.003352068602618373
2022-10-12,101.5,-0.0009847366625394926
2022-10-13,102.0,0.004914014802429163
2022-10-14,101.9,-0.000980873055591948
2022-10-15,102.06666666666668,0.001634254326794534
2022-10-16,102.23333333333333,0.0016315878966223765
2022-10-17,102.4,0.0016289301533114035
2022-10-18,104.9,0.02412080279684408
2022-10-19,105.0,0.0009528347552718458
2022-10-20,101.2,-0.03686159330415823
2022-10-21,101.2,0.0
2022-10-22,101.3,0.0009876544012724102
2022-10-23,101.4,0.0009866799024451063
2022-10-24,101.5,0.0009857073247591282
2022-10-25,105.2,0.03580450182176744
2022-10-26,101.4,-0.036790209146526615
2022-10-27,101.26,-0.0013816246153197046
2022-10-28,101.1,-0.0015813405153374653
2022-10-29,101.0,-0.0009896091851662782
2022-10-30,100.89999999999999,-0.0009905894816962903
2022-10-31,100.8,-0.0009915717222949406
2022-11-01,100.8,0.0
2022-11-02,101.7,0.008888947417245994
2022-11-03,101.8,0.0009828010619080778
2022-11-04,101.7,-0.0009828010619080888
2022-11-05,101.7,0.0
2022-11-06,101.7,0.0
2022-11-07,101.7,0.0
2022-11-08,101.33,-0.003644785594288113
2022-11-09,104.8,0.03367125442671558
2022-11-10,101.8,-0.029043667770519383
2022-11-11,101.7,-0.0009828010619080888
2022-11-12,101.83333333333333,0.001310186889025876
2022-11-13,101.96666666666667,0.0013084725452077773
2022-11-14,102.1,0.0013067626818717235
2022-11-15,102.4,0.0029339874347875704
2022-11-16,102.6,0.0019512201312615277
2022-11-17,102.7,0.0009741841978434143
2022-11-18,102.6,-0.0009741841978434859
2022-11-19,102.66666666666666,0.0006495615687955615
2022-11-20,102.73333333333333,0.0006491399124410467
2022-11-21,102.8,0.0006487188031589059
2022-11-22,102.2,-0.005853675251460653
2022-11-23,101.6,-0.0058881426252225975
2022-11-24,101.8,0.0019665689720408473
2022-11-25,101.7,-0.0009828010619080888
2022-11-26,102.8,0.010758049966550434
2022-11-27,103.9,0.010643545084117158
2022-11-28,105.0,0.010531452052341513
2022-11-29,101.4,-0.03488725900044055
2022-11-30,101.5,0.0009857073247591282
2022-12-01,102.3,0.007850874475738854
2022-12-02,102.2,-0.000977995187976737
2022-12-03,102.43333333333334,0.002280502698725303
2022-12-04,102.66666666666667,0.0022753138371356054
2022-12-05,102.9,0.0022701485345390775
2022-12-06,103.1,0.0019417481829101624
2022-12-07,102.5,-0.005836592444451314
2022-12-08,102.7,0.001949318356049679
2022-12-09,102.7,0.0
2022-12-10,102.7,0.0
2022-12-11,102.7,0.0
2022-12-12,102.7,0.0
2022-12-13,103.7,0.009689998300969201
2022-12-14,103.1,-0.005802724212567535
2022-12-15,104.2,0.010612738296352363
2022-12-16,104.1,-0.0009601536983433704
2022-12-17,104.63333333333333,0.005110199558874895
2022-12-18,105.16666666666667,0.005084218133360046
2022-12-19,105.7,0.005058499563033739
2022-12-20,102.5,-0.03074209429772911
2022-12-21,105.4,0.027899837528799105
2022-12-22,105.2,-0.0018993358036525163
2022-12-23,105.2,0.0
2022-12-24,104.78333333333333,-0.003968574142649177
2022-12-25,104.36666666666667,-0.003984386496709963
2022-12-26,103.95,-0.004000325360228416
2022-12-27,102.7,-0.012097897369509409
2022-12-28,105.4,0.025950519172749525
2022-12-29,102.6,-0.02692470337059295
2022-12-30,102.5,-0.0009751341582062071
2022-12-31,103.65,0.011157040303325736
2023-01-01,104.8,0.011033933005153164
2023-01-02,105.95,0.010913512827366396
2023-01-03,103.35,-0.02484599858653089
2023-01-04,103.3,-0.00048391000218443107
2023-01-05,103.5,0.0019342365798309684
2023-01-06,103.4,-0.00096665063109499
2023-01-07,103.76666666666667,0.003539826705123987
2023-01-08,104.13333333333334,0.0035273405179684406
2023-01-09,104.5,0.0035149421074443707
2023-01-10,105.0,0.0047732787526575905
2023-01-11,104.1,-0.008608374536600275
2023-01-12,104.14,0.0003841721138299733
2023-01-13,104.0,-0.0013452485933803542
2023-01-14,103.97,-0.0002885031514937996
2023-01-15,103.94,-0.00028858640958310264
2023-01-16,103.91,-0.00028866971574044214
2023-01-17,103.7,-0.0020230246290736413
2023-01-18,105.7,0.019102777640710222
2023-01-19,105.1,-0.00569261499328657
2023-01-20,105.1,0.0
2023-01-21,105.23333333333333,0.0012678290129309819
2023-01-22,105.36666666666666,0.0012662236576260642
2023-01-23,105.5,0.001264622362658796
2023-01-24,106.2,0.00661315589171723
2023-01-25,104.6,-0.015180557177015979
2023-01-26,105.5,0.008567401285298804
2023-01-27,105.5,0.0
2023-01-28,105.63333333333334,0.001263025112644271
2023-01-29,105.76666666666667,0.001261431892274831
2023-01-30,105.9,0.0012598426863207328
2023-01-31,106.7,0.0075259057003469665
2023-02-01,105.58,-0.010552198912237604
2023-02-02,107.3,0.016159690241182544
2023-02-03,107.3,0.0
2023-02-04,106.94,-0.00336072011606727
2023-02-05,106.58,-0.0033720526519492684
2023-02-06,106.22,-0.003383461874383083
2023-02-07,106.23,9.413979766900951e-05
2023-02-08,106.4,0.0015990221156219897
2023-02-09,104.63,-0.01677525951458814
2023-02-10,104.63,0.0
2023-02-11,105.36999999999999,0.00704764821848021
2023-02-12,106.11,0.006998326274062785
2023-02-13,106.85,0.006949689879657636
2023-02-14,107.1,0.0023369956885465285
2023-02-15,106.2,-0.008438868645864595
2023-02-16,105.75,-0.004246290881451097
2023-02-17,105.75,0.0
2023-02-18,105.88333333333334,0.001260041118045214
2023-02-19,106.01666666666667,0.0012584554122709213
2023-02-20,106.15,0.0012568736925615538
2023-02-21,106.15,0.0
2023-02-22,106.63,0.004511709880823011
2023-02-23,106.59,-0.0003751993290426727
2023-02-24,106.59,0.0
2023-02-25,106.59333333333333,3.12719881190633e-05
2023-02-26,106.59666666666666,3.1271010212579716e-05
2023-02-27,106.6,3.12700323669335e-05
2023-02-28,104.45,-0.020375023729169328
2023-03-01,104.42,-0.00028726002016847107
2023-03-02,106.5,0.01972375716707356
2023-03-03,106.5,0.0
2023-03-04,105.96333333333334,-0.0050518628284368485
2023-03-05,105.42666666666666,-0.005077513786426333
2023-03-06,104.89,-0.005103426561104002
2023-03-07,105.23,0.0032362487792083248
2023-03-08,105.23,0.0
2023-03-09,105.37,0.0013295348587155113
2023-03-10,105.37,0.0
2023-03-11,105.39,0.00018978933440904052
2023-03-12,105.41000000000001,0.00018975332125251957
2023-03-13,105.43,0.00018971732176050854
2023-03-14,105.54,0.0010428023886634376
2023-03-15,105.4,-0.0013273918702598978
2023-03-16,106.75,0.012727016001471882
2023-03-17,106.75,0.0
2023-03-18,106.24666666666667,-0.004726217345355971
2023-03-19,105.74333333333333,-0.004748660589375721
2023-03-20,105.24,-0.004771318001910359
2023-03-21,106.51,0.011995421282982439
2023-03-22,105.06,-0.013707261929258831
2023-03-23,105.05,-9.518823480614082e-05
2023-03-24,105.05,0.0
2023-03-25,105.04666666666667,-3.173142521956121e-05
2023-03-26,105.04333333333334,-3.173243213486653e-05
2023-03-27,105.04,-3.1733439114123754e-05
2023-03-28,107.65,0.024543993815831253
2023-03-29,106.36,-0.012055657435552989
2023-03-30,107.2,0.007866682261882543
2023-03-31,107.2,0.0
2023-04-01,106.54666666666667,-0.006113174798549236
2023-04-02,105.89333333333333,-0.006150775683266079
2023-04-03,105.24,-0.006188841982794362
2023-04-04,105.47,0.002183096116430904
2023-04-05,107.4,0.018133629786241508
2023-04-06,105.81,-0.014915149158693995
2023-04-07,105.81,0.0
2023-04-08,105.92666666666666,0.001101997876040797
2023-04-09,106.04333333333334,0.0011007848133920781
2023-04-10,106.16,0.0010995744184486868
2023-04-11,106.28,0.0011297308676607694
2023-04-12,106.34,0.0005643871845796432
2023-04-13,106.37,0.0002820741873809924
2023-04-14,106.37,0.0
2023-04-15,106.33,-0.00037611660057873937
2023-04-16,106.29,-0.0003762581175043607
2023-04-17,106.25,-0.00037639974096414526
2023-04-18,106.11,-0.0013185159190272741
2023-04-19,106.11,0.0
2023-04-20,106.11,0.0
2023-04-21,106.11,0.0
2023-04-22,106.10666666666667,-3.14144349353799e-05
2023-04-23,106.10333333333332,-3.141542183330426e-05
2023-04-24,106.1,-3.14164087928489e-05
2023-04-25,107.5,0.013108801947780148
2023-04-26,106.12,-0.012920318298178572
2023-04-27,106.1,-0.0001884836496015267
2023-04-28,106.1,0.0
2023-04-29,106.09666666666666,-3.141739581456896e-05
2023-04-30,106.09333333333333,-3.1418382898353415e-05
2023-05-01,106.09,-3.1419370044202256e-05
2023-05-02,106.06,-0.00028281876219630217
2023-05-03,106.44,0.003576474400504468
2023-05-04,106.44,0.0
2023-05-05,106.44,0.0
2023-05-06,106.60333333333334,0.0015333346768385055
2023-05-07,106.76666666666667,0.0015309871606759395
2023-05-08,106.93,0.0015286468215625398
2023-05-09,107.74,0.007546502483822378
2023-05-10,107.33,-0.003812716758954582
2023-05-11,107.34,9.316625524983981e-05
2023-05-12,107.34,0.0
2023-05-13,107.51,0.001582499748453861
2023-05-14,107.67999999999999,0.001579999399280857
2023-05-15,107.85,0.0015775069387477067
2023-05-16,107.36,-0.004553699611793702
2023-05-17,107.35,-9.314889858164632e-05
2023-05-18,107.26,-0.0008387307700107993
2023-05-19,107.26,0.0
2023-05-20,107.24000000000001,-0.00018648018702057214
2023-05-21,107.22,-0.0001865149683669288
2023-05-22,107.2,-0.00018654976268998264
2023-05-23,107.79,0.005488641156835383
2023-05-24,107.18,-0.005675225726832872
2023-05-25,107.16,-0.00018661939029627982
2023-05-26,107.16,0.0
2023-05-27,107.16666666666667,6.22103331565173e-05
2023-05-28,107.17333333333333,6.220646327148872e-05
2023-05-29,107.18,6.2202593868252e-05
2023-05-30,107.24,0.0005596493010543404
2023-05-31,107.2,-0.00037306473105682336
2023-06-01,107.23,0.0002798115953526954
2023-06-02,107.23,0.0
2023-06-03,107.38000000000001,0.0013978847623691232
2023-06-04,107.53,0.0013959334080113136
2023-06-05,107.68,0.001393987493982887
2023-06-06,107.87,0.0017629324909200072
2023-06-07,107.92,0.00046341351216268366
2023-06-08,108.21,0.002683571684056758
2023-06-09,108.21,0.0
2023-06-10,108.23666666666666,0.0002464040422730107
2023-06-11,108.26333333333334,0.0002463433422773362
2023-06-12,108.29,0.00024628267218046413
2023-06-13,108.25,-0.00036944675768892446
2023-06-14,109.25,0.009195467093100394
2023-06-15,108.2,-0.009657467563318376
2023-06-16,108.2,0.0
2023-06-17,108.19666666666667,-3.080762180802364e-05
2023-06-18,108.19333333333333,-3.0808570946944095e-05
2023-06-19,108.19,-3.080952014415395e-05
2023-06-20,108.16,-0.0002773284048280656
2023-06-21,108.14,-0.0001849283407951765
2023-06-22,108.13,-9.24769964130905e-05
2023-06-23,108.13,0.0
2023-06-24,108.13,0.0
2023-06-25,108.13,0.0
2023-06-26,108.13,0.0
2023-06-27,108.13,0.0
2023-06-28,108.13,0.0
2023-06-29,108.13,0.0
2023-06-30,108.13,0.0
2023-07-01,108.14333333333333,0.0001233007615384741
2023-07-02,108.15666666666667,0.00012328556033488637
2023-07-03,108.17,0.00012327036287916254
2023-07-04,108.3,0.0012010903647466894
2023-07-05,108.4,0.0009229349986008987
2023-07-06,108.58,0.0016591394717591157
2023-07-07,108.58,0.0
2023-07-08,108.56666666666666,-0.00012280486322689696
2023-07-09,108.55333333333334,-0.00012281994611345904
2023-07-10,108.54,-0.00012283503270574
2023-07-11,108.74,0.0018409430825158302
2023-07-12,108.72,-0.00018394187488630353
2023-07-13,108.72,0.0
2023-07-14,108.72,0.0
2023-07-15,108.72666666666666,6.131771777378851e-05
2023-07-16,108.73333333333333,6.131395814189916e-05
2023-07-17,108.74,6.131019897070997e-05
2023-07-18,108.48,-0.002393887525689112
2023-07-19,108.5,0.0001843487884287705
2023-07-20,108.49,-9.217014615502356e-05
2023-07-21,108.49,0.0
2023-07-22,108.49333333333333,3.0724325987556176e-05
2023-07-23,108.49666666666667,3.072338203233444e-05
2023-07-24,108.5,3.072243813506368e-05
2023-07-25,108.48,-0.00018434878842876182
2023-07-26,108.48,0.0
2023-07-27,108.47,-9.218713995936723e-05
2023-07-28,108.47,0.0
2023-07-29,108.47,0.0
2023-07-30,108.47,0.0
2023-07-31,108.47,0.0
2023-08-01,108.48,9.218713995940488e-05
2023-08-02,109.4,0.00844506579579547
2023-08-03,108.95,-0.004121828597252009
2023-08-04,108.95,0.0
2023-08-05,109.07666666666667,0.0011619375084182823
2023-08-06,109.20333333333333,0.001160588976403241
2023-08-07,109.33,0.0011592435709430048
2023-08-08,109.4,0.0006400585414875158
2023-08-09,109.4,0.0
2023-08-10,109.4,0.0
2023-08-11,109.4,0.0
2023-08-12,109.4,0.0
2023-08-13,109.4,0.0
2023-08-14,109.4,0.0
2023-08-15,109.4,0.0
2023-08-16,109.4,0.0
2023-08-17,109.4,0.0
2023-08-18,109.4,0.0
2023-08-19,109.4,0.0
2023-08-20,109.4,0.0
2023-08-21,109.4,0.0
2023-08-22,109.0,-0.0036630077587371467
2023-08-23,109.4,0.0036630077587372417
2023-08-24,109.0,-0.0036630077587371467
2023-08-25,109.0,0.0
2023-08-26,109.0,0.0
2023-08-27,109.0,0.0
2023-08-28,109.0,0.0
2023-08-29,109.4,0.0036630077587372417
2023-08-30,109.0,-0.0036630077587371467
2023-08-31,109.0,0.0
2023-09-01,109.0,0.0
2023-09-02,109.3,0.0027485129533490935
2023-09-03,109.60000000000001,0.002740979331422488
2023-09-04,109.9,0.002733486895660419
2023-09-05,109.5,-0.0036463121530201986
2023-09-06,109.5,0.0
2023-09-07,109.5,0.0
2023-09-08,109.5,0.0
2023-09-09,109.5,0.0
2023-09-10,109.5,0.0
2023-09-11,109.5,0.0
2023-09-12,109.5,0.0
2023-09-13,109.5,0.0
2023-09-14,109.5,0.0
2023-09-15,109.5,0.0
2023-09-16,109.5,0.0
2023-09-17,109.5,0.0
2023-09-18,109.5,0.0
2023-09-19,109.5,0.0
2023-09-20,109.5,0.0
2023-09-21,109.5,0.0
2023-09-22,109.5,0.0
2023-09-23,109.66666666666667,0.0015209128407067448
2023-09-24,109.83333333333333,0.001518603177189838
2023-09-25,110.0,0.001516300517964008
2023-09-26,110.0,0.0
2023-09-27,110.0,0.0
2023-09-28,110.0,0.0
2023-09-29,110.0,0.0
2023-09-30,110.0,0.0
2023-10-01,110.0,0.0
2023-10-02,110.0,0.0
2023-10-03,110.0,0.0
2023-10-04,110.0,0.0
2023-10-05,110.0,0.0
2023-10-06,110.0,0.0
2023-10-07,110.0,0.0
2023-10-08,110.0,0.0
2023-10-09,110.0,0.0
2023-10-10,110.0,0.0
2023-10-11,110.0,0.0
2023-10-12,110.0,0.0
2023-10-13,110.0,0.0
2023-10-14,110.0,0.0
2023-10-15,110.0,0.0
2023-10-16,110.0,0.0
2023-10-17,110.0,0.0
2023-10-18,110.0,0.0
2023-10-19,110.0,0.0
2023-10-20,110.0,0.0
2023-10-21,110.0,0.0
2023-10-22,110.0,0.0
2023-10-23,110.0,0.0
2023-10-24,110.0,0.0
2023-10-25,110.0,0.0
2023-10-26,110.0,0.0
2023-10-27,110.0,0.0
2023-10-28,110.0,0.0
2023-10-29,110.0,0.0
2023-10-30,110.0,0.0
2023-10-31,110.0,0.0
2023-11-01,110.0,0.0
2023-11-02,110.5,0.004535155165391363
2023-11-03,110.5,0.0
2023-11-04,110.33333333333333,-0.001509434248854292
2023-11-05,110.16666666666667,-0.001511716085321856
2023-11-06,110.0,-0.0015140048312150718
2023-11-07,110.0,0.0
2023-11-08,110.5,0.004535155165391363
2023-11-09,110.0,-0.004535155165391262
2023-11-10,110.0,0.0
2023-11-11,110.16666666666667,0.0015140048312150113
2023-11-12,110.33333333333333,0.0015117160853219392
2023-11-13,110.5,0.0015094342488543404
2023-11-14,110.5,0.0
2023-11-15,110.5,0.0
2023-11-16,110.5,0.0
2023-11-17,110.5,0.0
2023-11-18,110.5,0.0
2023-11-19,110.5,0.0
2023-11-20,110.5,0.0
2023-11-21,110.5,0.0
2023-11-22,110.5,0.0
2023-11-23,110.0,-0.004535155165391262
2023-11-24,110.0,0.0
2023-11-25,110.0,0.0
2023-11-26,110.0,0.0
2023-11-27,110.0,0.0
2023-11-28,110.0,0.0
2023-11-29,110.0,0.0
2023-11-30,110.0,0.0
2023-12-01,110.0,0.0
2023-12-02,109.91666666666667,-0.0007578628631019169
2023-12-03,109.83333333333333,-0.0007584376548621528
2023-12-04,109.75,-0.0007590133191714863
2023-12-05,109.75,0.0
2023-12-06,109.75,0.0
2023-12-07,109.75,0.0
2023-12-08,109.75,0.0
2023-12-09,109.75,0.0
2023-12-10,109.75,0.0
2023-12-11,109.75,0.0
2023-12-12,109.75,0.0
2023-12-13,109.75,0.0
2023-12-14,109.75,0.0
2023-12-15,109.75,0.0
2023-12-16,109.66666666666667,-0.0007595898580184558
2023-12-17,109.58333333333333,-0.0007601672733977171
2023-12-18,109.5,-0.0007607455673090442
2023-12-19,109.5,0.0
2023-12-20,109.5,0.0
2023-12-21,109.5,0.0
2023-12-22,109.5,0.0
2023-12-23,109.5,0.0
2023-12-24,109.5,0.0
2023-12-25,109.5,0.0
2023-12-26,109.5,0.0
2023-12-27,109.5,0.0
2023-12-28,109.5,0.0
2023-12-29,109.5,0.0
2023-12-30,109.5,0.0
2023-12-31,109.5,0.0
2024-01-01,109.5,0.0
2024-01-02,109.5,0.0
2024-01-03,109.5,0.0
2024-01-04,109.5,0.0
2024-01-05,109.5,0.0
2024-01-06,109.5,0.0
2024-01-07,109.5,0.0
2024-01-08,109.5,0.0
2024-01-09,109.5,0.0
2024-01-10,109.5,0.0
2024-01-11,109.5,0.0
2024-01-12,109.5,0.0
2024-01-13,109.5,0.0
2024-01-14,109.5,0.0
2024-01-15,109.5,0.0
2024-01-16,109.5,0.0
2024-01-17,109.5,0.0
2024-01-18,109.5,0.0
2024-01-19,109.5,0.0
2024-01-20,109.5,0.0
2024-01-21,109.5,0.0
2024-01-22,109.5,0.0
2024-01-23,109.5,0.0
2024-01-24,109.5,0.0
2024-01-25,109.5,0.0
2024-01-26,109.5,0.0
2024-01-27,109.5,0.0
2024-01-28,109.5,0.0
2024-01-29,109.5,0.0
2024-01-30,109.5,0.0
2024-01-31,109.5,0.0
2024-02-01,109.5,0.0
2024-02-02,109.5,0.0
2024-02-03,109.5,0.0
2024-02-04,109.5,0.0
2024-02-05,109.5,0.0
2024-02-06,109.5,0.0
2024-02-07,109.5,0.0
2024-02-08,109.5,0.0
2024-02-09,109.5,0.0
2024-02-10,109.5,0.0
2024-02-11,109.5,0.0
2024-02-12,109.5,0.0
2024-02-13,109.5,0.0
2024-02-14,109.5,0.0
2024-02-15,109.5,0.0
2024-02-16,109.5,0.0
2024-02-17,109.5,0.0
2024-02-18,109.5,0.0
2024-02-19,109.5,0.0
2024-02-20,109.5,0.0
2024-02-21,109.5,0.0
2024-02-22,109.5,0.0
2024-02-23,109.5,0.0
2024-02-24,109.5,0.0
2024-02-25,109.5,0.0
2024-02-26,109.5,0.0
2024-02-27,109.5,0.0
2024-02-28,109.5,0.0
2024-02-29,109.5,0.0
2024-03-01,109.5,0.0
2024-03-02,109.5,0.0
2024-03-03,109.5,0.0
2024-03-04,109.5,0.0
2024-03-05,109.5,0.0
2024-03-06,109.5,0.0
2024-03-07,109.5,0.0
2024-03-08,109.5,0.0
2024-03-09,109.5,0.0
2024-03-10,109.5,0.0
2024-03-11,109.5,0.0
2024-03-12,109.48,-0.00018266508407716855
2024-03-13,109.5,0.0001826650840771159
2024-03-14,109.5,0.0
2024-03-15,109.5,0.0
2024-03-16,109.5,0.0
2024-03-17,109.5,0.0
2024-03-18,109.5,0.0
2024-03-19,109.5,0.0
2024-03-20,109.5,0.0
2024-03-21,109.5,0.0
2024-03-22,109.5,0.0
2024-03-23,109.5,0.0
2024-03-24,109.5,0.0
2024-03-25,109.5,0.0
2024-03-26,109.5,0.0
2024-03-27,109.5,0.0
2024-03-28,109.5,0.0
2024-03-29,109.5,0.0
2024-03-30,109.5,0.0
2024-03-31,109.5,0.0
2024-04-01,109.5,0.0
2024-04-02,109.5,0.0
2024-04-03,109.5,0.0
2024-04-04,109.5,0.0
2024-04-05,109.5,0.0
2024-04-06,109.5,0.0
2024-04-07,109.5,0.0
2024-04-08,109.5,0.0
2024-04-09,108.108,-0.012793821799252246
2024-04-10,109.877,0.016230830885218317
2024-04-11,108.066,-0.01661940675954614
2024-04-12,108.003,-0.000583147066773349
2024-04-13,108.56769333333334,0.0052148756082751515
2024-04-14,109.13238666666666,0.00518782170242636
2024-04-15,109.69708,0.005161047050789309
2024-04-16,109.697,-7.292813005981672e-07
2024-04-17,109.66842,-0.0002605697849890199
2024-04-18,109.74365,0.0006857417000625643
2024-04-19,109.75541,0.0001071530785713161
2024-04-20,109.78495666666666,0.0002691684203106585
2024-04-21,109.81450333333333,0.00026909598816841554
2024-04-22,109.84405,0.0002690235949976969
2024-04-23,109.621,-0.002032670594237211
2024-04-24,109.76569,0.0013190410136410453
2024-04-25,109.75382,-0.00010814528523291377
2024-04-26,109.68833,-0.0005968771445624126
2024-04-27,109.70064333333333,0.0001122511597476987
2024-04-28,109.71295666666666,0.00011223856083893362
2024-04-29,109.72527,0.0001122259647583186
2024-04-30,109.79317,0.0006186268649272409
2024-05-01,109.73707,-0.0005110913304807249
2024-05-02,109.7867,0.00045216060971943754
2024-05-03,109.70821,-0.0007151874578376013
2024-05-04,109.72247333333333,0.00013000308923754886
2024-05-05,109.73673666666667,0.00012998619063121853
2024-05-06,109.751,0.0001299692964174062
2024-05-07,109.76856,0.0001599857437527024
2024-05-08,109.776,6.77766736998747e-05
2024-05-09,117.027,0.06396275145686717
2024-05-10,116.99384,-0.0002833935663329711
2024-05-11,116.97989333333334,-0.00011921566138633218
2024-05-12,116.96594666666667,-0.00011922987545481615
2024-05-13,116.952,-0.00011924409291319518
2024-05-14,116.99,0.00032486685019539183
2024-05-15,117.08849,0.0008415126551105667
2024-05-16,117.094,4.705731842725779e-05
2024-05-17,117.09135,-2.2631646258891864e-05
2024-05-18,117.1349,0.0003718626797964283
2024-05-19,117.17845,0.00037172444934498606
2024-05-20,117.222,0.00037158632162269525
2024-05-21,117.178,-0.00037542662556993954
2024-05-22,117.21206,0.00029062666087223345
2024-05-23,117.299,0.0007414576010447155
2024-05-24,117.21004,-0.0007586914710597995
2024-05-25,117.25733333333334,0.0004034107884808321
2024-05-26,117.30462666666668,0.0004032481138391654
2024-05-27,117.35192,0.0004030855703407407
2024-05-28,117.578,0.0019246596584145393
2024-05-29,117.47497,-0.0008766535185528787
2024-05-30,117.406,-0.0005872762019185248
2024-05-31,117.35495,-0.00043491049771831567
2024-06-01,117.36100666666667,5.1608478213690426e-05
2024-06-02,117.36706333333333,5.1605814916111084e-05
2024-06-03,117.37312,5.160315189340168e-05
2024-06-04,117.438,0.0005526143876925803
2024-06-05,117.5014,0.0005397136584070792
2024-06-06,117.274,-0.0019371711952136026
2024-06-07,117.43532,0.0013746367242925795
2024-06-08,117.42954666666667,-4.916302226413591e-05
2024-06-09,117.42377333333334,-4.9165439385678e-05
2024-06-10,117.418,-4.9167856745047396e-05
2024-06-11,117.677,0.002203365488701741
2024-06-12,117.49889,-0.0015146963751532481
2024-06-13,117.778,0.002372609829484641
2024-06-14,117.49149,-0.0024355911311230607
2024-06-15,117.48832666666667,-2.6924298251617968e-05
2024-06-16,117.48516333333333,-2.692502318903988e-05
2024-06-17,117.482,-2.69257481654322e-05
2024-06-18,117.51917,0.00031633885320627586
2024-06-19,117.536,0.00014320042421318038
2024-06-20,117.48,-0.00047656330683746174
2024-06-21,117.47527,-4.02629828277144e-05
2024-06-22,117.48611666666666,9.232722727970787e-05
2024-06-23,117.49696333333334,9.231870374985377e-05
2024-06-24,117.50781,9.231018179341188e-05
2024-06-25,117.55815,0.0004283053213621172
2024-06-26,117.531,-0.00023097620728729858
2024-06-27,117.537,5.1049058155906555e-05
2024-06-28,117.51193,-0.00021331728755430676
2024-06-29,117.51045333333333,-1.256617898051959e-05
2024-06-30,117.50897666666667,-1.256633689119005e-05
2024-07-01,117.5075,-1.256649480619046e-05
2024-07-02,117.49667,-9.21685773292476e-05
2024-07-03,117.48362,-0.00011107314586602356
2024-07-04,117.527,0.00036917480999537784
2024-07-05,117.32962,-0.0016808557192985866
2024-07-06,117.39841333333334,0.0005861535524840581
2024-07-07,117.46720666666667,0.0005858101777576213
2024-07-08,117.536,0.0005854672051002819
2024-07-09,117.582,0.0003912928877151861
2024-07-10,117.47966,-0.0008707503083764224
2024-07-11,117.493,0.00011354512490379436
2024-07-12,117.5023,7.915051922208372e-05
2024-07-13,117.4972,-4.340434767558036e-05
2024-07-14,117.4921,-4.3406231694916505e-05
2024-07-15,117.487,-4.340811587757709e-05
2024-07-16,117.514,0.00022978625723980853
2024-07-17,117.44911,-0.0005523420391373404
2024-07-18,117.521,0.0006119076357683061
2024-07-19,117.46013,-0.000518084165834998
2024-07-20,117.48475333333334,0.0002096094460465329
2024-07-21,117.50937666666667,0.00020956551913395332
2024-07-22,117.534,0.00020952161062885748
2024-07-23,117.44136,-0.0007885082486936233
2024-07-24,117.527,0.0007289492405885979
2024-07-25,117.504,-0.0001957188632428867
2024-07-26,117.44991,-0.0004604307368673034
2024-07-27,117.47725333333334,0.0002327813699262916
2024-07-28,117.50459666666667,0.0002327271953705874
2024-07-29,117.53194,0.0002326730460250193
2024-07-30,117.54168,8.286765657124208e-05
2024-07-31,117.46034,-0.0006922493963944482
2024-08-01,117.399,-0.0005223552224471703
2024-08-02,117.43954,0.0003452584946464835
2024-08-03,117.43675666666667,-2.370041909686764e-05
2024-08-04,117.43397333333333,-2.370098082008153e-05
2024-08-05,117.43119,-2.3701542569830693e-05
2024-08-06,117.533,0.0008666001944514639
2024-08-07,117.48707,-0.0003908602408699092
2024-08-08,117.486,-9.107426651159133e-06
2024-08-09,117.5576,0.0006092486859010937
2024-08-10,117.54667666666666,-9.292330616928958e-05
2024-08-11,117.53575333333333,-9.293194171243303e-05
2024-08-12,117.52483,-9.29405788609607e-05
2024-08-13,117.469,-0.0004751614206247691
2024-08-14,117.518,0.0004170443531788235
2024-08-15,117.904,0.0032792206836861925
2024-08-16,117.51809,-0.0032784548438526753
2024-08-17,118.11343666666667,0.005053211188956139
2024-08-18,118.70878333333333,0.005027804576821522
2024-08-19,119.30413,0.005002652166641777
2024-08-20,119.01,-0.0024684239188616525
2024-08-21,119.34042,0.002772558249854879
2024-08-22,119.59,0.0020891445365127676
2024-08-23,119.55001,-0.000334448429376296
2024-08-24,119.53600666666667,-0.00011714054669180357
2024-08-25,119.52200333333333,-0.00011715427020710486
2024-08-26,119.508,-0.00011716799693828813
2024-08-27,119.47889,-0.0002436116905320473
2024-08-28,119.28074,-0.00165982871972509
2024-08-29,119.832,0.004610887539172117
2024-08-30,119.49944,-0.002779076698301236
2024-08-31,119.49662666666667,-2.3542925812156114e-05
2024-09-01,119.49381333333334,-2.3543480094613693e-05
2024-09-02,119.491,-2.354403440305141e-05
2024-09-03,119.47546,-0.00013006009313527254
2024-09-04,119.19878,-0.002318474955127932
2024-09-05,119.358,0.0013348606033518086
2024-09-06,119.51681,0.0013296506517168653
2024-09-07,119.0,-0.004333537823082753
2024-09-08,119.269855,0.002265121749291175
2024-09-09,119.53971,0.0022600025661411844
2024-09-10,119.54188,1.8152798800395643e-05
2024-09-11,119.47,-0.0006014763966295637
2024-09-12,119.56611,0.0008041463290139097
2024-09-13,119.51846,-0.00039860372947442556
2024-09-14,119.0,-0.0043473433171425145
2024-09-15,119.2805,0.0023543691537401385
2024-09-16,119.561,0.002348839116827925
2024-09-17,119.704,0.001195327499020855
2024-09-18,119.53,-0.0014546429912286037
2024-09-19,119.677,0.0012290611771792674
2024-09-20,119.53691,-0.0011712530932253657
2024-09-21,119.49527333333334,-0.00034837708050142435
2024-09-22,119.45363666666667,-0.0003484984893890535
2024-09-23,119.412,-0.0003486199829275785
2024-09-24,119.538,0.0010546140337159668
2024-09-25,119.51173,-0.00021978690463904689
2024-09-26,119.512,2.259189914020588e-06
2024-09-27,119.47517,-0.00030821738498813047
2024-09-28,119.46744666666667,-6.464592581905016e-05
2024-09-29,119.45972333333333,-6.465010518507629e-05
2024-09-30,119.452,-6.465428509127832e-05
2024-10-01,119.408,-0.00036841664990103
2024-10-02,119.45624,0.00040391144907943864
2024-10-03,119.54685,0.0007582329110567427
2024-10-04,119.45954,-0.0007306081137308208
2024-10-05,119.45169333333334,-6.568687926484416e-05
2024-10-06,119.44384666666667,-6.569119431438626e-05
2024-10-07,119.436,-6.569550993086411e-05
2024-10-08,119.52869,0.0007757631861717324
2024-10-09,119.51189,-0.00014056190817195033
2024-10-10,119.543,0.00026027495338537895
2024-10-11,119.57343,0.00025452036201995177
2024-10-12,119.55885,-0.00012194087739271649
2024-10-13,119.54427,-0.00012195574878382724
2024-10-14,119.52969,-0.00012197062380247812
2024-10-15,119.52334,-5.312628751446194e-05
2024-10-16,119.48109,-0.00035354993579074094
2024-10-17,119.475,-5.097170782563531e-05
2024-10-18,119.5142,0.00032804829968513955
2024-10-19,119.0,-0.004311699652377646
2024-10-20,119.24751499999999,0.0020777978653715064
2024-10-21,119.49503,0.0020734895716190914
2024-10-22,119.511,0.0001336367958898085
2024-10-23,119.47401,-0.00030955916687301356
2024-10-24,119.51287,0.00032520613970514023
2024-10-25,119.753,0.0020072238520487114
2024-10-26,119.0,-0.006307795057761108
2024-10-27,119.215,0.0018050925288410394
2024-10-28,119.43,0.0018018400399652744
2024-10-29,119.517,0.0007281949875447258
2024-10-30,119.6024,0.0007142875369458222
2024-10-31,119.427,-0.001467602156740512
2024-11-01,119.5196,0.0007750686106070179
2024-11-02,119.53939,0.00016556582996697872
2024-11-03,119.55918,0.0001655384224605352
2024-11-04,119.57897,0.00016551102402680162
2024-11-05,119.529,-0.00041797018081392247
2024-11-06,119.50041,-0.00023921742631031275
2024-11-07,119.46886,-0.00026405068888819057
2024-11-08,119.55725,0.0007395845083952585
2024-11-09,119.0,-0.004671843036000387
2024-11-10,119.260435,0.0021861380696511054
2024-11-11,119.52087,0.0021813692932999835
2024-11-12,119.57259,0.0004326341741569999
2024-11-13,119.5827,8.454757581165757e-05
2024-11-14,119.485,-0.0008173417441087185
2024-11-15,119.58033,0.0007975226274158654
2024-11-16,119.38688666666667,-0.0016189950930110282
2024-11-17,119.19344333333333,-0.0016216204892001572
2024-11-18,119.0,-0.0016242544140156947
2024-11-19,119.0,0.0
2024-11-20,119.0,0.0
2024-11-21,119.0,0.0
2024-11-22,119.0,0.0
2024-11-23,119.0,0.0
2024-11-24,119.0,0.0
2024-11-25,119.0,0.0
2024-11-26,119.0,0.0
2024-11-27,119.0,0.0
2024-11-28,119.0,0.0
2024-11-29,119.0,0.0
2024-11-30,119.13619,0.001143799393513905
2024-12-01,119.27238,0.0011424926110160149
2024-12-02,119.0,-0.002286292004529922
2024-12-03,119.0,0.0
2024-12-04,119.0,0.0
2024-12-05,119.0,0.0
2024-12-06,119.0,0.0
2024-12-07,119.0,0.0
2024-12-08,119.635,0.00532194773411102
2024-12-09,119.0,-0.00532194773411116
2024-12-10,119.0,0.0
2024-12-11,119.0,0.0
2024-12-12,119.0,0.0
2024-12-13,119.0,0.0
2024-12-14,119.0,0.0
2024-12-15,119.29574,0.0024821270563771623
2024-12-16,119.0,-0.002482127056377196
2024-12-17,119.0,0.0
2024-12-18,119.0,0.0
2024-12-19,119.0,0.0
2024-12-20,119.0,0.0
2024-12-21,119.0,0.0
2024-12-22,119.02046,0.00017191799436404838
2024-12-23,119.0,-0.00017191799436398633
2024-12-24,119.0,0.0
2024-12-25,119.0,0.0
2024-12-26,119.0,0.0
2024-12-27,119.0,0.0
2024-12-28,119.0,0.0
2024-12-29,119.66624,0.0055830412426735926
2024-12-30,119.0,-0.005583041242673566
2024-12-31,119.0,0.0
2025-01-01,119.0,0.0
2025-01-02,121.0,0.016667052485211643
2025-01-03,121.0,0.0
2025-01-04,121.0,0.0
2025-01-05,121.29527,0.0024372753637848096
2025-01-06,121.0,-0.0024372753637848564
2025-01-07,121.5,0.004123717183862156
2025-01-08,121.0,-0.004123717183862041
2025-01-09,121.99,0.00814852856390501
2025-01-10,121.99,0.0
2025-01-11,121.99,0.0
2025-01-12,122.52718,0.0043938087639724495
2025-01-13,121.0,-0.012542337327877554
2025-01-14,121.75,0.006179216365958118
2025-01-15,121.5,-0.002055499182095999
2025-01-16,121.0,-0.004123717183862041
2025-01-17,121.0,0.0
2025-01-18,121.249115,0.0020566852251417862
2025-01-19,121.49823,0.002052463951372843
2025-01-20,121.75,0.0020700671894435378
2025-01-21,121.5,-0.002055499182095999
2025-01-22,121.9,0.003286773706622723
2025-01-23,121.9,0.0
2025-01-24,121.9,0.0
2025-01-25,121.81336,-0.0007109992135832185
2025-01-26,121.72672,-0.0007115050931661724
2025-01-27,121.9,0.001422504306749344
2025-01-28,121.0,-0.00741049089048479
2025-01-29,121.0,0.0
2025-01-30,121.9,0.007410490890484751
2025-01-31,121.9,0.0
2025-02-01,122.88343,0.008035145934022568
2025-02-02,123.86686,0.007971096667191199
2025-02-03,121.9,-0.016006242601213767
2025-02-04,121.9,0.0
2025-02-05,121.0,-0.00741049089048479
2025-02-06,121.9,0.007410490890484751
2025-02-07,121.9,0.0
2025-02-08,122.20006000000001,0.0024585012485118774
2025-02-09,122.50012,0.0024524718404008053
2025-02-10,121.0,-0.012321463979397502
2025-02-11,121.0,0.0
2025-02-12,121.0,0.0
2025-02-13,121.0,0.0
2025-02-14,121.0,0.0
2025-02-15,121.07532,0.0006222856789413438
2025-02-16,121.15064,0.0006218986802863749
2025-02-17,121.0,-0.001244184359227679
2025-02-18,121.0,0.0
2025-02-19,121.0,0.0
2025-02-20,121.0,0.0
2025-02-21,121.0,0.0
2025-02-22,121.271105,0.002238030929514459
2025-02-23,121.54221,0.002233033329774332
2025-02-24,121.0,-0.0044710642592888095
2025-02-25,121.0,0.0
2025-02-26,121.0,0.0
2025-02-27,121.0,0.0
2025-02-28,121.0,0.0
2025-03-01,121.36035,0.0029736734209195913
2025-03-02,121.7207,0.002964856898286615
2025-03-03,121.0,-0.005938530319206286
2025-03-04,121.0,0.0
2025-03-05,121.0,0.0
2025-03-06,121.0,0.0
2025-03-07,121.0,0.0
2025-03-08,121.32222,0.002659435770364312
2025-03-09,121.64444,0.002652381926844962
2025-03-10,121.0,-0.005311817697209201
2025-03-11,121.0,0.0
2025-03-12,121.0,0.0
2025-03-13,121.0,0.0
2025-03-14,121.0,0.0
2025-03-15,121.108835,0.0008990585356456694
2025-03-16,121.21767,0.0008982509554028995
2025-03-17,121.0,-0.0017973094910485733
2025-03-18,121.0,0.0
2025-03-19,121.0,0.0
2025-03-20,121.0,0.0
2025-03-21,121.0,0.0
2025-03-22,121.10216,0.0008439413019982883
2025-03-23,121.20432,0.0008432296656142889
2025-03-24,121.0,-0.0016871709676126534
2025-03-25,121.0,0.0
2025-03-26,121.0,0.0
2025-03-27,121.0,0.0
2025-03-28,121.0,0.0
2025-03-29,120.62399500000001,-0.003112317578516677
2025-03-30,120.24799,-0.003122034348769169
2025-03-31,121.0,0.006234351927285878
2025-04-01,121.0,0.0
2025-04-02,121.0,0.0
2025-04-03,121.0,0.0
2025-04-04,121.0,0.0
2025-04-05,121.62657,0.005164903356432371
2025-04-06,122.25314,0.005138364143526974
2025-04-07,121.0,-0.010303267499959178
2025-04-08,121.0,0.0
2025-04-09,121.0,0.0
2025-04-10,121.0,0.0
2025-04-11,121.0,0.0
2025-04-12,121.229635,0.0018960113513123672
2025-04-13,121.45927,0.0018924232941921098
2025-04-14,121.0,-0.003788434645504472
2025-04-15,121.0,0.0
2025-04-16,121.0,0.0
2025-04-17,121.0,0.0
2025-04-18,121.0,0.0
2025-04-19,121.0,0.0
2025-04-20,121.0,0.0
2025-04-21,121.0,0.0
2025-04-22,121.5,0.004123717183862156
2025-04-23,121.5,0.0
2025-04-24,121.5,0.0
2025-04-25,121.5,0.0
2025-04-26,121.5,0.0
2025-04-27,121.5,0.0
2025-04-28,121.5,0.0
2025-04-29,121.5,0.0
2025-04-30,121.5,0.0
2025-05-01,121.5,0.0
2025-05-02,121.5,0.0
2025-05-03,121.5,0.0
2025-05-04,121.5,0.0
2025-05-05,121.5,0.0
2025-05-06,121.5,0.0
2025-05-07,121.5,0.0
2025-05-08,121.5,0.0
2025-05-09,121.5,0.0
2025-05-10,121.5,0.0
2025-05-11,121.5,0.0
2025-05-12,121.5,0.0
2025-05-13,121.5,0.0
2025-05-14,121.5,0.0
2025-05-15,121.5,0.0
2025-05-16,121.5,0.0
2025-05-17,121.5,0.0
2025-05-18,121.5,0.0
2025-05-19,121.5,0.0
2025-05-20,121.7,0.0016447372128784667
2025-05-21,121.8,0.0008213552823151789
2025-05-22,121.8,0.0
2025-05-23,121.8,0.0
2025-05-24,121.85,0.0004104247954186651
2025-05-25,121.925,0.0006153215249011841
2025-05-26,122.0,0.0006149431371402312
2025-05-27,122.1,0.0008193363834024275
2025-05-28,122.2,0.0008186656208361257
2025-05-29,122.2,0.0
2025-05-30,122.2,0.0
2025-05-31,122.2,0.0
2025-06-01,122.2,0.0
2025-06-02,122.2,0.0
2025-06-03,122.2,0.0
2025-06-04,122.2,0.0
2025-06-05,122.2,0.0
2025-06-06,122.2,0.0
2025-06-07,122.2,0.0
2025-06-08,122.2,0.0
2025-06-09,122.2,0.0
2025-06-10,122.2,0.0
2025-06-11,122.2,0.0
2025-06-12,122.2,0.0
2025-06-13,122.2,0.0
2025-06-14,122.23333333333333,0.00027273967167570136
2025-06-15,122.26666666666667,0.0002726653050293754
2025-06-16,122.3,0.00027259097892646405
2025-06-17,122.3,0.0
2025-06-18,122.3,0.0
2025-06-19,122.3,0.0
2025-06-20,122.3,0.0
2025-06-21,122.3,0.0
2025-06-22,122.3,0.0
2025-06-23,122.3,0.0
2025-06-24,122.3,0.0
2025-06-25,122.3,0.0
2025-06-26,122.3,0.0
2025-06-27,122.3,0.0
2025-06-28,122.44166666666666,0.0011576834007735928
2025-06-29,122.58333333333333,0.0011563447195368107
2025-06-30,122.725,0.0011550091306790505
2025-07-01,122.725,0.0
2025-07-02,122.3,-0.003469037250989519
2025-07-03,122.675,0.003061539282840329
2025-07-04,122.675,0.0
2025-07-05,122.55,-0.001019472001845516
2025-07-06,122.425,-0.0010205123857405236
2025-07-07,122.3,-0.0010215548952544333
2025-07-08,122.0,-0.0024559979598700386
2025-07-09,121.9,-0.000820008246030707
2025-07-10,121.6,-0.002464066955159295
2025-07-11,121.6,0.0
2025-07-12,121.39999999999999,-0.0016460909066687917
2025-07-13,121.2,-0.001648804990183671
2025-07-14,121.0,-0.0016515280384730646
2025-07-15,121.5,0.004123717183862156
2025-07-16,121.3,-0.0016474468305987156
2025-07-17,121.4,0.0008240626753935657
2025-07-18,121.4,0.0
2025-07-19,121.47500000000001,0.0006176016665688189
2025-07-20,121.55,0.0006172204701655807
2025-07-21,121.625,0.0006168397440366843
2025-07-22,121.75,0.0010272214565300948
2025-07-23,121.9,0.0012312745245266984
2025-07-24,122.25,0.0028670918677554448
2025-07-25,122.25,0.0
2025-07-26,122.33333333333333,0.0006814310314791943
2025-07-27,122.41666666666667,0.0006809669994165629
2025-07-28,122.5,0.0006805035989046138
2025-07-29,122.85,0.0028530689824064807
2025-07-30,122.6,-0.0020370754650771267
2025-07-31,122.25,-0.0028588951471296207
2025-08-01,122.25,0.0
2025-08-02,122.13333333333334,-0.0009547842231157917
2025-08-03,122.01666666666667,-0.0009556967073235513
2025-08-04,121.9,-0.0009566109373161195
2025-08-05,121.9,0.0
2025-08-06,121.7,-0.0016420364937444099
2025-08-07,121.5,-0.0016447372128783784
2025-08-08,121.5,0.0
2025-08-09,121.5,0.0
2025-08-10,121.5,0.0
2025-08-11,121.5,0.0
2025-08-12,121.625,0.0010282777255660649
2025-08-13,121.5,-0.0010282777255659324
2025-08-14,121.5,0.0
2025-08-15,121.5,0.0
2025-08-16,121.5,0.0
2025-08-17,121.5,0.0
2025-08-18,121.5,0.0
2025-08-19,121.5,0.0
2025-08-20,121.5,0.0
2025-08-21,121.6,0.0008227067514635477
2025-08-22,121.6,0.0
2025-08-23,121.64999999999999,0.00041109969746499836
2025-08-24,121.7,0.0004109307639498936
2025-08-25,121.75,0.0004107619692176924
2025-08-26,121.925,0.0014363396334170853
2025-08-27,121.725,-0.0016416995273516892
2025-08-28,121.6,-0.0010274325366979697
2025-08-29,121.6,0.0
2025-08-30,121.6,0.0
2025-08-31,121.6,0.0
2025-09-01,121.6,0.0
2025-09-02,121.65,0.00041109969746499836
2025-09-03,121.775,0.0010270104630746874
2025-09-04,121.7,-0.0006160796991249426
2025-09-05,121.7,0.0
2025-09-06,121.7,0.0
2025-09-07,121.7,0.0
2025-09-08,121.7,0.0
2025-09-09,121.7,0.0
2025-09-10,121.725,0.0002054020752830064
2025-09-11,121.7,-0.00020540207528309067
2025-09-12,121.7,0.0
2025-09-13,121.70833333333333,6.847204631381998e-05
2025-09-14,121.71666666666667,6.846735821383901e-05
2025-09-15,121.725,6.846267075550102e-05
2025-09-16,121.75,0.00020535989393454833
2025-09-17,121.75,0.0
2025-09-18,121.7,-0.0004107619692176559
2025-09-19,121.7,0.0
2025-09-20,121.71666666666667,0.00013693940452751555
2025-09-21,121.73333333333333,0.0001369206546945852
2025-09-22,121.75,0.0001369019099953819
2025-09-23,121.7,-0.0004107619692176559
2025-09-24,121.7,0.0
2025-09-25,121.775,0.0006160796991249936
2025-09-26,121.775,0.0
2025-09-27,121.75,-0.00020531772990728424
2025-09-28,121.72500000000001,-0.00020535989393450125
2025-09-29,121.7,-0.00020540207528320172
2025-09-30,121.7,0.0
2025-10-01,121.7,0.0
2025-10-02,121.7,0.0
2025-10-03,121.7,0.0
2025-10-04,121.72833333333334,0.0002327858312408035
2025-10-05,121.75666666666666,0.0002327316546088191
2025-10-06,121.785,0.0002326775031883024
2025-10-07,121.75,-0.0002874330198203182
2025-10-08,121.785,0.0002874330198202923
2025-10-09,121.785,0.0
2025-10-10,121.785,0.0
2025-10-11,121.77333333333333,-9.580182715105448e-05
2025-10-12,121.76166666666667,-9.581100602033055e-05
2025-10-13,121.75,-9.582018664889678e-05
2025-10-14,121.815,0.00053373843978467
2025-10-15,121.75,-0.0005337384397846635
2025-10-16,121.8,0.00041059331309756096
2025-10-17,121.8,0.0
2025-10-18,121.835,0.0002873150429188711
2025-10-19,121.87,0.0002872325166954532
2025-10-20,121.905,0.0002871500378667943
2025-10-21,122.025,0.0009838888999334425
2025-10-22,122.3,0.0022511009199154717
2025-10-23,122.525,0.0018380481024846914
2025-10-24,122.525,0.0
2025-10-25,122.45,-0.000612307397434495
2025-10-26,122.375,-0.0006126825475023173
2025-10-27,122.3,-0.0006130581575477581
2025-10-28,122.3,0.0
2025-10-29,122.25,-0.00040891433814525227
2025-10-30,122.2,-0.00040908161748638195
2025-10-31,122.2,0.0
2025-11-01,122.15,-0.0004092490337454932
2025-11-02,122.1,-0.0004094165870905893
2025-11-03,122.05,-0.00040958427768989576
2025-11-04,121.9,-0.0012297603517431514
2025-11-05,121.9,0.0
2025-11-06,122.05,0.001229760351743056
2025-11-07,122.05,0.0
2025-11-08,122.06666666666666,0.00013654673333164682
2025-11-09,122.08333333333333,0.00013652809086679002
2025-11-10,122.1,0.00013650945349170745
2025-11-11,122.1,0.0
2025-11-12,122.1,0.0
2025-11-13,122.2,0.0008186656208361257
2025-11-14,122.2,0.0
2025-11-15,122.21666666666667,0.00013637913420377407
2025-11-16,122.23333333333333,0.00013636053747185465
2025-11-17,122.25,0.00013634194581084078
2025-11-18,122.3,0.00040891433814518825
2025-11-19,122.3,0.0
2025-11-20,122.6,0.0024499808089842798
2025-11-21,122.6,0.0
2025-11-22,122.5,-0.0008159935173293025
2025-11-23,122.39999999999999,-0.0008166599065560891
2025-11-24,122.3,-0.0008173273850990331
2025-11-25,122.3,0.0
2025-11-26,122.425,0.0010215548952543692
2025-11-27,122.2,-0.0018395508508860497
2025-11-28,122.2,0.0
2025-11-29,122.16666666666667,-0.00027281407889847
2025-11-30,122.13333333333333,-0.00027288852673103254
2025-12-01,122.1,-0.00027296301520650856
2025-12-02,122.2,0.0008186656208361257
2025-12-03,122.3,0.0008179959556317626
2025-12-04,122.35,0.00040874719555398554
2025-12-05,122.35,0.0
2025-12-06,122.31666666666666,-0.0002724795657185117
2025-12-07,122.28333333333333,-0.00027255383106847
2025-12-08,122.25,-0.0002726281369121575
2025-12-09,122.2,-0.00040908161748638195
2025-12-10,122.2,0.0
2025-12-11,122.2,0.0
2025-12-12,122.2,0.0
2025-12-13,122.2,0.0
2025-12-14,122.2,0.0
2025-12-15,122.2,0.0
2025-12-16,122.2,0.0
2025-12-17,122.2,0.0
2025-12-18,122.3,0.0008179959556317626
2025-12-19,122.3,0.0
2025-12-20,122.26666666666667,-0.00027259097892657036
2025-12-21,122.23333333333333,-0.0002726653050294527
2025-12-22,122.2,-0.0002727396716757184
2025-12-23,122.2,0.0
2025-12-24,122.2,0.0
2025-12-25,122.2,0.0
2025-12-26,122.2,0.0
2025-12-27,122.23,0.00024546905167644216
2025-12-28,122.26,0.0002454088114079522
2025-12-29,122.29,0.0002453486006991473
2025-12-30,122.295,4.0885581705295484e-05
2025-12-31,122.295,0.0
2026-01-01,122.295,0.0
2026-01-02,122.295,0.0
2026-01-03,122.29,-4.0885581705253335e-05
2026-01-04,122.285,-4.088725340454651e-05
2026-01-05,122.28,-4.0888925240294474e-05
2026-01-06,122.2,-0.0006544502851388419
2026-01-07,122.2,0.0
2026-01-08,122.2,0.0
2026-01-09,122.2,0.0
2026-01-10,122.2,0.0
2026-01-11,122.2,0.0
2026-01-12,122.2,0.0
2026-01-13,122.2,0.0
2026-01-14,122.2,0.0
2026-01-15,122.305,0.0008588781943487727
2026-01-16,122.305,0.0
2026-01-17,122.30833333333334,2.7253897309039034e-05
2026-01-18,122.31166666666667,2.7253154554329338e-05
2026-01-19,122.315,2.725241184003011e-05
2026-01-20,122.325,8.175277964008274e-05
2026-01-21,122.325,0.0
2026-01-22,122.325,0.0
2026-01-23,122.325,0.0
2026-01-24,122.33666666666667,9.536979645790045e-05
2026-01-25,122.34833333333333,9.536070192703164e-05
2026-01-26,122.36,9.53516091307492e-05
2026-01-27,122.2,-0.0013084725452076906
2026-01-28,122.2,0.0
2026-01-29,122.2,0.0
2026-01-30,122.2,0.0
2026-01-31,122.23333333333333,0.00027273967167570136
2026-02-01,122.26666666666667,0.0002726653050293754
2026-02-02,122.3,0.00027259097892646405
2026-02-03,122.2,-0.0008179959556316983
2026-02-04,122.2,0.0
2026-02-05,122.3,0.0008179959556317626
2026-02-06,122.3,0.0
2026-02-07,122.26666666666667,-0.00027259097892657036
2026-02-08,122.23333333333333,-0.0002726653050294527
2026-02-09,122.2,-0.0002727396716757184
2026-02-10,122.3,0.0008179959556317626
2026-02-11,122.3,0.0
2026-02-12,122.3,0.0
2026-02-13,122.3,0.0
2026-02-14,122.30499999999999,4.088223871708467e-05
2026-02-15,122.31,4.0880567428135906e-05
2026-02-16,122.315,4.087889627551416e-05
2026-02-17,122.2,-0.0009406376580522169
2026-02-18,122.2,0.0
