IndicatorType,CountryName,MarketName,CurrencyCode,Date,Value,SourceOfTheData
Official,Bangladesh,,BDT,04/08/2008,68.5,Trading Economics
Official,Bangladesh,,BDT,05/08/2008,68.5,Trading Economics
Official,Bangladesh,,BDT,06/08/2008,68.5,Trading Economics
Official,Bangladesh,,BDT,07/08/2008,68.45,Trading Economics
Official,Bangladesh,,BDT,08/08/2008,68.5,Trading Economics
Official,Bangladesh,,BDT,11/08/2008,68.45,Trading Economics
Official,Bangladesh,,BDT,12/08/2008,68.5,Trading Economics
Official,Bangladesh,,BDT,13/08/2008,68.45,Trading Economics
Official,Bangladesh,,BDT,14/08/2008,68.45,Trading Economics
Official,Bangladesh,,BDT,15/08/2008,68.45,Trading Economics
Official,Bangladesh,,BDT,18/08/2008,68.5,Trading Economics
Official,Bangladesh,,BDT,19/08/2008,68.45,Trading Economics
Official,Bangladesh,,BDT,20/08/2008,68.45,Trading Economics
Official,Bangladesh,,BDT,21/08/2008,68.45,Trading Economics
Official,Bangladesh,,BDT,22/08/2008,68.45,Trading Economics
Official,Bangladesh,,BDT,25/08/2008,68.45,Trading Economics
Official,Bangladesh,,BDT,26/08/2008,68.35,Trading Economics
Official,Bangladesh,,BDT,27/08/2008,68.45,Trading Economics
Official,Bangladesh,,BDT,28/08/2008,68.45,Trading Economics
Official,Bangladesh,,BDT,29/08/2008,68.35,Trading Economics
Official,Bangladesh,,BDT,01/09/2008,68.45,Trading Economics
Official,Bangladesh,,BDT,02/09/2008,68.35,Trading Economics
Official,Bangladesh,,BDT,03/09/2008,68.5,Trading Economics
Official,Bangladesh,,BDT,04/09/2008,68.5,Trading Economics
Official,Bangladesh,,BDT,05/09/2008,68.5,Trading Economics
Official,Bangladesh,,BDT,08/09/2008,68.3,Trading Economics
Official,Bangladesh,,BDT,09/09/2008,68.45,Trading Economics
Official,Bangladesh,,BDT,10/09/2008,68.3,Trading Economics
Official,Bangladesh,,BDT,11/09/2008,68.3,Trading Economics
Official,Bangladesh,,BDT,12/09/2008,68.15,Trading Economics
Official,Bangladesh,,BDT,15/09/2008,68.1,Trading Economics
Official,Bangladesh,,BDT,16/09/2008,68.1,Trading Economics
Official,Bangladesh,,BDT,17/09/2008,68.45,Trading Economics
Official,Bangladesh,,BDT,18/09/2008,68.45,Trading Economics
Official,Bangladesh,,BDT,19/09/2008,68.45,Trading Economics
Official,Bangladesh,,BDT,22/09/2008,68.3,Trading Economics
Official,Bangladesh,,BDT,23/09/2008,68.45,Trading Economics
Official,Bangladesh,,BDT,24/09/2008,68.3,Trading Economics
Official,Bangladesh,,BDT,25/09/2008,68.3,Trading Economics
Official,Bangladesh,,BDT,26/09/2008,68.3,Trading Economics
Official,Bangladesh,,BDT,29/09/2008,68.45,Trading Economics
Official,Bangladesh,,BDT,30/09/2008,68.45,Trading Economics
Official,Bangladesh,,BDT,01/10/2008,68.45,Trading Economics
Official,Bangladesh,,BDT,02/10/2008,68.45,Trading Economics
Official,Bangladesh,,BDT,03/10/2008,68.3,Trading Economics
Official,Bangladesh,,BDT,06/10/2008,68.45,Trading Economics
Official,Bangladesh,,BDT,07/10/2008,68.3,Trading Economics
Official,Bangladesh,,BDT,08/10/2008,68.5,Trading Economics
Official,Bangladesh,,BDT,09/10/2008,68.5,Trading Economics
Official,Bangladesh,,BDT,10/10/2008,68.5,Trading Economics
Official,Bangladesh,,BDT,13/10/2008,68.5,Trading Economics
Official,Bangladesh,,BDT,14/10/2008,68.55,Trading Economics
Official,Bangladesh,,BDT,15/10/2008,68.45,Trading Economics
Official,Bangladesh,,BDT,16/10/2008,68.45,Trading Economics
Official,Bangladesh,,BDT,17/10/2008,68.45,Trading Economics
Official,Bangladesh,,BDT,20/10/2008,68.45,Trading Economics
Official,Bangladesh,,BDT,21/10/2008,68.5,Trading Economics
Official,Bangladesh,,BDT,22/10/2008,68,Trading Economics
Official,Bangladesh,,BDT,23/10/2008,68.5,Trading Economics
Official,Bangladesh,,BDT,24/10/2008,68.5,Trading Economics
Official,Bangladesh,,BDT,27/10/2008,68.5,Trading Economics
Official,Bangladesh,,BDT,28/10/2008,68.6,Trading Economics
Official,Bangladesh,,BDT,29/10/2008,68.55,Trading Economics
Official,Bangladesh,,BDT,30/10/2008,67.85,Trading Economics
Official,Bangladesh,,BDT,31/10/2008,67.65,Trading Economics
Official,Bangladesh,,BDT,03/11/2008,68.35,Trading Economics
Official,Bangladesh,,BDT,04/11/2008,68.15,Trading Economics
Official,Bangladesh,,BDT,05/11/2008,67.9,Trading Economics
Official,Bangladesh,,BDT,06/11/2008,67.9,Trading Economics
Official,Bangladesh,,BDT,07/11/2008,67.9,Trading Economics
Official,Bangladesh,,BDT,10/11/2008,67.95,Trading Economics
Official,Bangladesh,,BDT,11/11/2008,67.9,Trading Economics
Official,Bangladesh,,BDT,12/11/2008,67.9,Trading Economics
Official,Bangladesh,,BDT,13/11/2008,68.65,Trading Economics
Official,Bangladesh,,BDT,14/11/2008,68.05,Trading Economics
Official,Bangladesh,,BDT,17/11/2008,68.65,Trading Economics
Official,Bangladesh,,BDT,18/11/2008,68.65,Trading Economics
Official,Bangladesh,,BDT,19/11/2008,67.9,Trading Economics
Official,Bangladesh,,BDT,20/11/2008,68.1,Trading Economics
Official,Bangladesh,,BDT,21/11/2008,68.1,Trading Economics
Official,Bangladesh,,BDT,24/11/2008,68.15,Trading Economics
Official,Bangladesh,,BDT,25/11/2008,68.17,Trading Economics
Official,Bangladesh,,BDT,26/11/2008,68.2,Trading Economics
Official,Bangladesh,,BDT,27/11/2008,68.2,Trading Economics
Official,Bangladesh,,BDT,28/11/2008,68.2,Trading Economics
Official,Bangladesh,,BDT,01/12/2008,68.75,Trading Economics
Official,Bangladesh,,BDT,02/12/2008,68.85,Trading Economics
Official,Bangladesh,,BDT,03/12/2008,68.6,Trading Economics
Official,Bangladesh,,BDT,04/12/2008,68.5,Trading Economics
Official,Bangladesh,,BDT,05/12/2008,68.15,Trading Economics
Official,Bangladesh,,BDT,08/12/2008,68.2,Trading Economics
Official,Bangladesh,,BDT,09/12/2008,68.2,Trading Economics
Official,Bangladesh,,BDT,10/12/2008,68.2,Trading Economics
Official,Bangladesh,,BDT,11/12/2008,68.2,Trading Economics
Official,Bangladesh,,BDT,12/12/2008,67.95,Trading Economics
Official,Bangladesh,,BDT,15/12/2008,67.9,Trading Economics
Official,Bangladesh,,BDT,16/12/2008,67.7,Trading Economics
Official,Bangladesh,,BDT,17/12/2008,68.5,Trading Economics
Official,Bangladesh,,BDT,18/12/2008,68.3,Trading Economics
Official,Bangladesh,,BDT,19/12/2008,68.25,Trading Economics
Official,Bangladesh,,BDT,22/12/2008,68.25,Trading Economics
Official,Bangladesh,,BDT,23/12/2008,68.25,Trading Economics
Official,Bangladesh,,BDT,24/12/2008,68.3,Trading Economics
Official,Bangladesh,,BDT,26/12/2008,68.3,Trading Economics
Official,Bangladesh,,BDT,29/12/2008,67.8,Trading Economics
Official,Bangladesh,,BDT,30/12/2008,68.85,Trading Economics
Official,Bangladesh,,BDT,31/12/2008,68.9,Trading Economics
Official,Bangladesh,,BDT,01/01/2009,68.9,Trading Economics
Official,Bangladesh,,BDT,02/01/2009,68,Trading Economics
Official,Bangladesh,,BDT,05/01/2009,68.25,Trading Economics
Official,Bangladesh,,BDT,06/01/2009,68.85,Trading Economics
Official,Bangladesh,,BDT,07/01/2009,68,Trading Economics
Official,Bangladesh,,BDT,08/01/2009,67.5,Trading Economics
Official,Bangladesh,,BDT,09/01/2009,67.5,Trading Economics
Official,Bangladesh,,BDT,12/01/2009,68,Trading Economics
Official,Bangladesh,,BDT,13/01/2009,68.3,Trading Economics
Official,Bangladesh,,BDT,14/01/2009,68.3,Trading Economics
Official,Bangladesh,,BDT,15/01/2009,68.3,Trading Economics
Official,Bangladesh,,BDT,16/01/2009,68.25,Trading Economics
Official,Bangladesh,,BDT,19/01/2009,68.15,Trading Economics
Official,Bangladesh,,BDT,20/01/2009,68.15,Trading Economics
Official,Bangladesh,,BDT,21/01/2009,67.9,Trading Economics
Official,Bangladesh,,BDT,22/01/2009,68.2,Trading Economics
Official,Bangladesh,,BDT,23/01/2009,68.2,Trading Economics
Official,Bangladesh,,BDT,26/01/2009,68.2,Trading Economics
Official,Bangladesh,,BDT,27/01/2009,68.3,Trading Economics
Official,Bangladesh,,BDT,28/01/2009,68.3,Trading Economics
Official,Bangladesh,,BDT,29/01/2009,68.3,Trading Economics
Official,Bangladesh,,BDT,30/01/2009,68.65,Trading Economics
Official,Bangladesh,,BDT,02/02/2009,68.6,Trading Economics
Official,Bangladesh,,BDT,03/02/2009,68.25,Trading Economics
Official,Bangladesh,,BDT,04/02/2009,68.3,Trading Economics
Official,Bangladesh,,BDT,05/02/2009,68.3,Trading Economics
Official,Bangladesh,,BDT,06/02/2009,68.5,Trading Economics
Official,Bangladesh,,BDT,09/02/2009,68.65,Trading Economics
Official,Bangladesh,,BDT,10/02/2009,68.65,Trading Economics
Official,Bangladesh,,BDT,11/02/2009,68.1,Trading Economics
Official,Bangladesh,,BDT,12/02/2009,68.3,Trading Economics
Official,Bangladesh,,BDT,13/02/2009,68.3,Trading Economics
Official,Bangladesh,,BDT,16/02/2009,68.65,Trading Economics
Official,Bangladesh,,BDT,17/02/2009,68.65,Trading Economics
Official,Bangladesh,,BDT,18/02/2009,68.5,Trading Economics
Official,Bangladesh,,BDT,19/02/2009,68.3,Trading Economics
Official,Bangladesh,,BDT,20/02/2009,68.2,Trading Economics
Official,Bangladesh,,BDT,23/02/2009,68.65,Trading Economics
Official,Bangladesh,,BDT,24/02/2009,68.3,Trading Economics
Official,Bangladesh,,BDT,25/02/2009,68.65,Trading Economics
Official,Bangladesh,,BDT,26/02/2009,68,Trading Economics
Official,Bangladesh,,BDT,27/02/2009,68.3,Trading Economics
Official,Bangladesh,,BDT,02/03/2009,68.65,Trading Economics
Official,Bangladesh,,BDT,03/03/2009,68,Trading Economics
Official,Bangladesh,,BDT,04/03/2009,68.3,Trading Economics
Official,Bangladesh,,BDT,05/03/2009,68.65,Trading Economics
Official,Bangladesh,,BDT,06/03/2009,68.3,Trading Economics
Official,Bangladesh,,BDT,09/03/2009,68.1,Trading Economics
Official,Bangladesh,,BDT,10/03/2009,68.1,Trading Economics
Official,Bangladesh,,BDT,11/03/2009,68.65,Trading Economics
Official,Bangladesh,,BDT,12/03/2009,68.3,Trading Economics
Official,Bangladesh,,BDT,13/03/2009,68.65,Trading Economics
Official,Bangladesh,,BDT,16/03/2009,68.1,Trading Economics
Official,Bangladesh,,BDT,17/03/2009,68.75,Trading Economics
Official,Bangladesh,,BDT,18/03/2009,68.1,Trading Economics
Official,Bangladesh,,BDT,19/03/2009,68.3,Trading Economics
Official,Bangladesh,,BDT,20/03/2009,68.3,Trading Economics
Official,Bangladesh,,BDT,23/03/2009,68.3,Trading Economics
Official,Bangladesh,,BDT,24/03/2009,68.75,Trading Economics
Official,Bangladesh,,BDT,25/03/2009,68.75,Trading Economics
Official,Bangladesh,,BDT,26/03/2009,68.75,Trading Economics
Official,Bangladesh,,BDT,27/03/2009,68.1,Trading Economics
Official,Bangladesh,,BDT,30/03/2009,68.3,Trading Economics
Official,Bangladesh,,BDT,31/03/2009,68.75,Trading Economics
Official,Bangladesh,,BDT,01/04/2009,68.3,Trading Economics
Official,Bangladesh,,BDT,02/04/2009,68.75,Trading Economics
Official,Bangladesh,,BDT,03/04/2009,68.3,Trading Economics
Official,Bangladesh,,BDT,06/04/2009,68.25,Trading Economics
Official,Bangladesh,,BDT,07/04/2009,68.25,Trading Economics
Official,Bangladesh,,BDT,08/04/2009,68.3,Trading Economics
Official,Bangladesh,,BDT,09/04/2009,68.25,Trading Economics
Official,Bangladesh,,BDT,10/04/2009,68.5,Trading Economics
Official,Bangladesh,,BDT,13/04/2009,68.3,Trading Economics
Official,Bangladesh,,BDT,14/04/2009,69,Trading Economics
Official,Bangladesh,,BDT,15/04/2009,68.75,Trading Economics
Official,Bangladesh,,BDT,16/04/2009,68.25,Trading Economics
Official,Bangladesh,,BDT,17/04/2009,68.25,Trading Economics
Official,Bangladesh,,BDT,20/04/2009,68.25,Trading Economics
Official,Bangladesh,,BDT,21/04/2009,68.75,Trading Economics
Official,Bangladesh,,BDT,22/04/2009,68.25,Trading Economics
Official,Bangladesh,,BDT,23/04/2009,68.75,Trading Economics
Official,Bangladesh,,BDT,24/04/2009,68.75,Trading Economics
Official,Bangladesh,,BDT,27/04/2009,68.75,Trading Economics
Official,Bangladesh,,BDT,28/04/2009,68.75,Trading Economics
Official,Bangladesh,,BDT,29/04/2009,68.75,Trading Economics
Official,Bangladesh,,BDT,30/04/2009,68.75,Trading Economics
Official,Bangladesh,,BDT,01/05/2009,68.75,Trading Economics
Official,Bangladesh,,BDT,04/05/2009,68.75,Trading Economics
Official,Bangladesh,,BDT,05/05/2009,68.7,Trading Economics
Official,Bangladesh,,BDT,06/05/2009,68.75,Trading Economics
Official,Bangladesh,,BDT,07/05/2009,68.75,Trading Economics
Official,Bangladesh,,BDT,08/05/2009,68.75,Trading Economics
Official,Bangladesh,,BDT,11/05/2009,68.75,Trading Economics
Official,Bangladesh,,BDT,12/05/2009,68.75,Trading Economics
Official,Bangladesh,,BDT,13/05/2009,68.75,Trading Economics
Official,Bangladesh,,BDT,14/05/2009,68.75,Trading Economics
Official,Bangladesh,,BDT,15/05/2009,68.75,Trading Economics
Official,Bangladesh,,BDT,18/05/2009,68.75,Trading Economics
Official,Bangladesh,,BDT,19/05/2009,68.75,Trading Economics
Official,Bangladesh,,BDT,20/05/2009,68.75,Trading Economics
Official,Bangladesh,,BDT,21/05/2009,68.75,Trading Economics
Official,Bangladesh,,BDT,22/05/2009,68.75,Trading Economics
Official,Bangladesh,,BDT,25/05/2009,68.75,Trading Economics
Official,Bangladesh,,BDT,26/05/2009,68.6,Trading Economics
Official,Bangladesh,,BDT,27/05/2009,68.7,Trading Economics
Official,Bangladesh,,BDT,28/05/2009,68.75,Trading Economics
Official,Bangladesh,,BDT,29/05/2009,68.75,Trading Economics
Official,Bangladesh,,BDT,01/06/2009,68.76,Trading Economics
Official,Bangladesh,,BDT,02/06/2009,68.75,Trading Economics
Official,Bangladesh,,BDT,03/06/2009,68.75,Trading Economics
Official,Bangladesh,,BDT,04/06/2009,68.7,Trading Economics
Official,Bangladesh,,BDT,05/06/2009,68.7,Trading Economics
Official,Bangladesh,,BDT,08/06/2009,68.75,Trading Economics
Official,Bangladesh,,BDT,09/06/2009,68.6,Trading Economics
Official,Bangladesh,,BDT,10/06/2009,68.6,Trading Economics
Official,Bangladesh,,BDT,11/06/2009,68.75,Trading Economics
Official,Bangladesh,,BDT,12/06/2009,68.5,Trading Economics
Official,Bangladesh,,BDT,15/06/2009,68.65,Trading Economics
Official,Bangladesh,,BDT,16/06/2009,68.75,Trading Economics
Official,Bangladesh,,BDT,17/06/2009,68.75,Trading Economics
Official,Bangladesh,,BDT,18/06/2009,68.75,Trading Economics
Official,Bangladesh,,BDT,19/06/2009,68.75,Trading Economics
Official,Bangladesh,,BDT,22/06/2009,68.75,Trading Economics
Official,Bangladesh,,BDT,23/06/2009,68.75,Trading Economics
Official,Bangladesh,,BDT,24/06/2009,68.75,Trading Economics
Official,Bangladesh,,BDT,25/06/2009,68.75,Trading Economics
Official,Bangladesh,,BDT,26/06/2009,68.75,Trading Economics
Official,Bangladesh,,BDT,29/06/2009,68.75,Trading Economics
Official,Bangladesh,,BDT,30/06/2009,68.75,Trading Economics
Official,Bangladesh,,BDT,01/07/2009,68.6,Trading Economics
Official,Bangladesh,,BDT,02/07/2009,68.7,Trading Economics
Official,Bangladesh,,BDT,03/07/2009,68.76,Trading Economics
Official,Bangladesh,,BDT,06/07/2009,68.76,Trading Economics
Official,Bangladesh,,BDT,07/07/2009,68.75,Trading Economics
Official,Bangladesh,,BDT,08/07/2009,68.75,Trading Economics
Official,Bangladesh,,BDT,09/07/2009,68.75,Trading Economics
Official,Bangladesh,,BDT,10/07/2009,68.75,Trading Economics
Official,Bangladesh,,BDT,13/07/2009,68.75,Trading Economics
Official,Bangladesh,,BDT,14/07/2009,68.75,Trading Economics
Official,Bangladesh,,BDT,15/07/2009,68.75,Trading Economics
Official,Bangladesh,,BDT,16/07/2009,68.75,Trading Economics
Official,Bangladesh,,BDT,17/07/2009,68.75,Trading Economics
Official,Bangladesh,,BDT,20/07/2009,69,Trading Economics
Official,Bangladesh,,BDT,21/07/2009,68.75,Trading Economics
Official,Bangladesh,,BDT,22/07/2009,68.6,Trading Economics
Official,Bangladesh,,BDT,23/07/2009,68.75,Trading Economics
Official,Bangladesh,,BDT,24/07/2009,68.75,Trading Economics
Official,Bangladesh,,BDT,27/07/2009,68.55,Trading Economics
Official,Bangladesh,,BDT,28/07/2009,68.75,Trading Economics
Official,Bangladesh,,BDT,29/07/2009,68.75,Trading Economics
Official,Bangladesh,,BDT,30/07/2009,68.75,Trading Economics
Official,Bangladesh,,BDT,31/07/2009,68.75,Trading Economics
Official,Bangladesh,,BDT,03/08/2009,68.75,Trading Economics
Official,Bangladesh,,BDT,04/08/2009,69.05,Trading Economics
Official,Bangladesh,,BDT,05/08/2009,68.75,Trading Economics
Official,Bangladesh,,BDT,06/08/2009,68.75,Trading Economics
Official,Bangladesh,,BDT,07/08/2009,68.65,Trading Economics
Official,Bangladesh,,BDT,10/08/2009,68.5,Trading Economics
Official,Bangladesh,,BDT,11/08/2009,68.75,Trading Economics
Official,Bangladesh,,BDT,12/08/2009,68.75,Trading Economics
Official,Bangladesh,,BDT,13/08/2009,68.75,Trading Economics
Official,Bangladesh,,BDT,14/08/2009,68.5,Trading Economics
Official,Bangladesh,,BDT,17/08/2009,68.75,Trading Economics
Official,Bangladesh,,BDT,18/08/2009,69.05,Trading Economics
Official,Bangladesh,,BDT,19/08/2009,68.5,Trading Economics
Official,Bangladesh,,BDT,20/08/2009,68.75,Trading Economics
Official,Bangladesh,,BDT,21/08/2009,68.75,Trading Economics
Official,Bangladesh,,BDT,24/08/2009,68.75,Trading Economics
Official,Bangladesh,,BDT,25/08/2009,68.75,Trading Economics
Official,Bangladesh,,BDT,26/08/2009,68.75,Trading Economics
Official,Bangladesh,,BDT,27/08/2009,68.5,Trading Economics
Official,Bangladesh,,BDT,28/08/2009,68.5,Trading Economics
Official,Bangladesh,,BDT,31/08/2009,68.5,Trading Economics
Official,Bangladesh,,BDT,01/09/2009,68.75,Trading Economics
Official,Bangladesh,,BDT,02/09/2009,68.75,Trading Economics
Official,Bangladesh,,BDT,03/09/2009,69.05,Trading Economics
Official,Bangladesh,,BDT,04/09/2009,68.75,Trading Economics
Official,Bangladesh,,BDT,07/09/2009,68.75,Trading Economics
Official,Bangladesh,,BDT,08/09/2009,68.5,Trading Economics
Official,Bangladesh,,BDT,09/09/2009,68.75,Trading Economics
Official,Bangladesh,,BDT,10/09/2009,68.75,Trading Economics
Official,Bangladesh,,BDT,11/09/2009,68.75,Trading Economics
Official,Bangladesh,,BDT,14/09/2009,68.75,Trading Economics
Official,Bangladesh,,BDT,15/09/2009,68.55,Trading Economics
Official,Bangladesh,,BDT,16/09/2009,68.75,Trading Economics
Official,Bangladesh,,BDT,17/09/2009,68.75,Trading Economics
Official,Bangladesh,,BDT,18/09/2009,68.75,Trading Economics
Official,Bangladesh,,BDT,21/09/2009,68.75,Trading Economics
Official,Bangladesh,,BDT,22/09/2009,68.75,Trading Economics
Official,Bangladesh,,BDT,23/09/2009,68.5,Trading Economics
Official,Bangladesh,,BDT,24/09/2009,68.45,Trading Economics
Official,Bangladesh,,BDT,25/09/2009,68.45,Trading Economics
Official,Bangladesh,,BDT,28/09/2009,68.75,Trading Economics
Official,Bangladesh,,BDT,29/09/2009,68.5,Trading Economics
Official,Bangladesh,,BDT,30/09/2009,68.75,Trading Economics
Official,Bangladesh,,BDT,01/10/2009,68.7,Trading Economics
Official,Bangladesh,,BDT,02/10/2009,68.75,Trading Economics
Official,Bangladesh,,BDT,05/10/2009,69.05,Trading Economics
Official,Bangladesh,,BDT,06/10/2009,68.5,Trading Economics
Official,Bangladesh,,BDT,07/10/2009,68.75,Trading Economics
Official,Bangladesh,,BDT,08/10/2009,68.75,Trading Economics
Official,Bangladesh,,BDT,09/10/2009,68.75,Trading Economics
Official,Bangladesh,,BDT,12/10/2009,68.75,Trading Economics
Official,Bangladesh,,BDT,13/10/2009,69.05,Trading Economics
Official,Bangladesh,,BDT,14/10/2009,68.75,Trading Economics
Official,Bangladesh,,BDT,15/10/2009,68.75,Trading Economics
Official,Bangladesh,,BDT,16/10/2009,68.75,Trading Economics
Official,Bangladesh,,BDT,19/10/2009,68.75,Trading Economics
Official,Bangladesh,,BDT,20/10/2009,68.75,Trading Economics
Official,Bangladesh,,BDT,21/10/2009,69.1,Trading Economics
Official,Bangladesh,,BDT,22/10/2009,68.5,Trading Economics
Official,Bangladesh,,BDT,23/10/2009,68.5,Trading Economics
Official,Bangladesh,,BDT,26/10/2009,68.6,Trading Economics
Official,Bangladesh,,BDT,27/10/2009,68.6,Trading Economics
Official,Bangladesh,,BDT,28/10/2009,68.75,Trading Economics
Official,Bangladesh,,BDT,29/10/2009,68.65,Trading Economics
Official,Bangladesh,,BDT,30/10/2009,68.75,Trading Economics
Official,Bangladesh,,BDT,02/11/2009,68.75,Trading Economics
Official,Bangladesh,,BDT,03/11/2009,68.75,Trading Economics
Official,Bangladesh,,BDT,04/11/2009,68.75,Trading Economics
Official,Bangladesh,,BDT,05/11/2009,68.7,Trading Economics
Official,Bangladesh,,BDT,06/11/2009,68.75,Trading Economics
Official,Bangladesh,,BDT,09/11/2009,68.75,Trading Economics
Official,Bangladesh,,BDT,10/11/2009,68.75,Trading Economics
Official,Bangladesh,,BDT,11/11/2009,68.75,Trading Economics
Official,Bangladesh,,BDT,12/11/2009,68.75,Trading Economics
Official,Bangladesh,,BDT,13/11/2009,68.7,Trading Economics
Official,Bangladesh,,BDT,16/11/2009,68.7,Trading Economics
Official,Bangladesh,,BDT,17/11/2009,68.75,Trading Economics
Official,Bangladesh,,BDT,18/11/2009,68.65,Trading Economics
Official,Bangladesh,,BDT,19/11/2009,68.75,Trading Economics
Official,Bangladesh,,BDT,20/11/2009,68.75,Trading Economics
Official,Bangladesh,,BDT,23/11/2009,68.75,Trading Economics
Official,Bangladesh,,BDT,24/11/2009,68.65,Trading Economics
Official,Bangladesh,,BDT,25/11/2009,68.65,Trading Economics
Official,Bangladesh,,BDT,26/11/2009,68.65,Trading Economics
Official,Bangladesh,,BDT,27/11/2009,68.75,Trading Economics
Official,Bangladesh,,BDT,30/11/2009,68.75,Trading Economics
Official,Bangladesh,,BDT,01/12/2009,68.65,Trading Economics
Official,Bangladesh,,BDT,02/12/2009,68.75,Trading Economics
Official,Bangladesh,,BDT,03/12/2009,68.75,Trading Economics
Official,Bangladesh,,BDT,04/12/2009,68.75,Trading Economics
Official,Bangladesh,,BDT,07/12/2009,68.8,Trading Economics
Official,Bangladesh,,BDT,08/12/2009,68.8,Trading Economics
Official,Bangladesh,,BDT,09/12/2009,68.9,Trading Economics
Official,Bangladesh,,BDT,10/12/2009,68.9,Trading Economics
Official,Bangladesh,,BDT,11/12/2009,68.65,Trading Economics
Official,Bangladesh,,BDT,14/12/2009,68.9,Trading Economics
Official,Bangladesh,,BDT,15/12/2009,68.9,Trading Economics
Official,Bangladesh,,BDT,16/12/2009,68.65,Trading Economics
Official,Bangladesh,,BDT,17/12/2009,68.9,Trading Economics
Official,Bangladesh,,BDT,18/12/2009,68.65,Trading Economics
Official,Bangladesh,,BDT,21/12/2009,68.65,Trading Economics
Official,Bangladesh,,BDT,22/12/2009,68.9,Trading Economics
Official,Bangladesh,,BDT,23/12/2009,68.9,Trading Economics
Official,Bangladesh,,BDT,24/12/2009,68.65,Trading Economics
Official,Bangladesh,,BDT,28/12/2009,68.9,Trading Economics
Official,Bangladesh,,BDT,29/12/2009,68.95,Trading Economics
Official,Bangladesh,,BDT,30/12/2009,68.95,Trading Economics
Official,Bangladesh,,BDT,31/12/2009,68.75,Trading Economics
Official,Bangladesh,,BDT,04/01/2010,68.7,Trading Economics
Official,Bangladesh,,BDT,05/01/2010,68.75,Trading Economics
Official,Bangladesh,,BDT,06/01/2010,68.98,Trading Economics
Official,Bangladesh,,BDT,07/01/2010,68.98,Trading Economics
Official,Bangladesh,,BDT,08/01/2010,68.98,Trading Economics
Official,Bangladesh,,BDT,11/01/2010,68.98,Trading Economics
Official,Bangladesh,,BDT,12/01/2010,68.98,Trading Economics
Official,Bangladesh,,BDT,13/01/2010,68.98,Trading Economics
Official,Bangladesh,,BDT,14/01/2010,68.98,Trading Economics
Official,Bangladesh,,BDT,15/01/2010,68.7,Trading Economics
Official,Bangladesh,,BDT,18/01/2010,68.7,Trading Economics
Official,Bangladesh,,BDT,19/01/2010,68.98,Trading Economics
Official,Bangladesh,,BDT,20/01/2010,68.88,Trading Economics
Official,Bangladesh,,BDT,21/01/2010,68.73,Trading Economics
Official,Bangladesh,,BDT,22/01/2010,68.88,Trading Economics
Official,Bangladesh,,BDT,25/01/2010,68.85,Trading Economics
Official,Bangladesh,,BDT,26/01/2010,68.85,Trading Economics
Official,Bangladesh,,BDT,27/01/2010,69.1,Trading Economics
Official,Bangladesh,,BDT,28/01/2010,68.74,Trading Economics
Official,Bangladesh,,BDT,29/01/2010,68.85,Trading Economics
Official,Bangladesh,,BDT,01/02/2010,68.85,Trading Economics
Official,Bangladesh,,BDT,02/02/2010,68.85,Trading Economics
Official,Bangladesh,,BDT,03/02/2010,68.85,Trading Economics
Official,Bangladesh,,BDT,04/02/2010,68.85,Trading Economics
Official,Bangladesh,,BDT,05/02/2010,68.85,Trading Economics
Official,Bangladesh,,BDT,08/02/2010,68.85,Trading Economics
Official,Bangladesh,,BDT,09/02/2010,68.85,Trading Economics
Official,Bangladesh,,BDT,10/02/2010,69,Trading Economics
Official,Bangladesh,,BDT,11/02/2010,69,Trading Economics
Official,Bangladesh,,BDT,12/02/2010,69,Trading Economics
Official,Bangladesh,,BDT,15/02/2010,69.25,Trading Economics
Official,Bangladesh,,BDT,16/02/2010,69,Trading Economics
Official,Bangladesh,,BDT,17/02/2010,69,Trading Economics
Official,Bangladesh,,BDT,18/02/2010,69,Trading Economics
Official,Bangladesh,,BDT,19/02/2010,69,Trading Economics
Official,Bangladesh,,BDT,22/02/2010,69,Trading Economics
Official,Bangladesh,,BDT,23/02/2010,69,Trading Economics
Official,Bangladesh,,BDT,24/02/2010,69,Trading Economics
Official,Bangladesh,,BDT,25/02/2010,69,Trading Economics
Official,Bangladesh,,BDT,26/02/2010,69,Trading Economics
Official,Bangladesh,,BDT,01/03/2010,69.2,Trading Economics
Official,Bangladesh,,BDT,02/03/2010,69,Trading Economics
Official,Bangladesh,,BDT,03/03/2010,69,Trading Economics
Official,Bangladesh,,BDT,04/03/2010,69,Trading Economics
Official,Bangladesh,,BDT,05/03/2010,69,Trading Economics
Official,Bangladesh,,BDT,08/03/2010,69,Trading Economics
Official,Bangladesh,,BDT,09/03/2010,69,Trading Economics
Official,Bangladesh,,BDT,10/03/2010,69,Trading Economics
Official,Bangladesh,,BDT,11/03/2010,69.22,Trading Economics
Official,Bangladesh,,BDT,12/03/2010,69,Trading Economics
Official,Bangladesh,,BDT,15/03/2010,69,Trading Economics
Official,Bangladesh,,BDT,16/03/2010,69,Trading Economics
Official,Bangladesh,,BDT,17/03/2010,69,Trading Economics
Official,Bangladesh,,BDT,18/03/2010,69,Trading Economics
Official,Bangladesh,,BDT,19/03/2010,69.2,Trading Economics
Official,Bangladesh,,BDT,22/03/2010,69,Trading Economics
Official,Bangladesh,,BDT,23/03/2010,69,Trading Economics
Official,Bangladesh,,BDT,24/03/2010,69.25,Trading Economics
Official,Bangladesh,,BDT,25/03/2010,69.22,Trading Economics
Official,Bangladesh,,BDT,26/03/2010,69.22,Trading Economics
Official,Bangladesh,,BDT,29/03/2010,68.95,Trading Economics
Official,Bangladesh,,BDT,30/03/2010,69.2,Trading Economics
Official,Bangladesh,,BDT,31/03/2010,69.2,Trading Economics
Official,Bangladesh,,BDT,01/04/2010,68.95,Trading Economics
Official,Bangladesh,,BDT,02/04/2010,68.75,Trading Economics
Official,Bangladesh,,BDT,05/04/2010,68.75,Trading Economics
Official,Bangladesh,,BDT,06/04/2010,68.95,Trading Economics
Official,Bangladesh,,BDT,07/04/2010,68.95,Trading Economics
Official,Bangladesh,,BDT,08/04/2010,68.95,Trading Economics
Official,Bangladesh,,BDT,09/04/2010,68.95,Trading Economics
Official,Bangladesh,,BDT,12/04/2010,68.95,Trading Economics
Official,Bangladesh,,BDT,13/04/2010,68.95,Trading Economics
Official,Bangladesh,,BDT,14/04/2010,68.95,Trading Economics
Official,Bangladesh,,BDT,15/04/2010,68.95,Trading Economics
Official,Bangladesh,,BDT,16/04/2010,68.95,Trading Economics
Official,Bangladesh,,BDT,19/04/2010,68.95,Trading Economics
Official,Bangladesh,,BDT,20/04/2010,68.95,Trading Economics
Official,Bangladesh,,BDT,21/04/2010,68.95,Trading Economics
Official,Bangladesh,,BDT,22/04/2010,68.95,Trading Economics
Official,Bangladesh,,BDT,23/04/2010,68.95,Trading Economics
Official,Bangladesh,,BDT,26/04/2010,68.95,Trading Economics
Official,Bangladesh,,BDT,27/04/2010,68.95,Trading Economics
Official,Bangladesh,,BDT,28/04/2010,68.95,Trading Economics
Official,Bangladesh,,BDT,29/04/2010,68.95,Trading Economics
Official,Bangladesh,,BDT,30/04/2010,68.95,Trading Economics
Official,Bangladesh,,BDT,03/05/2010,68.95,Trading Economics
Official,Bangladesh,,BDT,04/05/2010,68.95,Trading Economics
Official,Bangladesh,,BDT,05/05/2010,68.95,Trading Economics
Official,Bangladesh,,BDT,06/05/2010,68.95,Trading Economics
Official,Bangladesh,,BDT,07/05/2010,68.95,Trading Economics
Official,Bangladesh,,BDT,10/05/2010,68.95,Trading Economics
Official,Bangladesh,,BDT,11/05/2010,68.95,Trading Economics
Official,Bangladesh,,BDT,12/05/2010,69.25,Trading Economics
Official,Bangladesh,,BDT,13/05/2010,69.25,Trading Economics
Official,Bangladesh,,BDT,14/05/2010,69.25,Trading Economics
Official,Bangladesh,,BDT,17/05/2010,69.25,Trading Economics
Official,Bangladesh,,BDT,18/05/2010,69.25,Trading Economics
Official,Bangladesh,,BDT,19/05/2010,69.25,Trading Economics
Official,Bangladesh,,BDT,20/05/2010,69.25,Trading Economics
Official,Bangladesh,,BDT,21/05/2010,69.25,Trading Economics
Official,Bangladesh,,BDT,24/05/2010,69.3,Trading Economics
Official,Bangladesh,,BDT,25/05/2010,69.25,Trading Economics
Official,Bangladesh,,BDT,26/05/2010,69.35,Trading Economics
Official,Bangladesh,,BDT,27/05/2010,68.9,Trading Economics
Official,Bangladesh,,BDT,28/05/2010,68.9,Trading Economics
Official,Bangladesh,,BDT,31/05/2010,68.9,Trading Economics
Official,Bangladesh,,BDT,01/06/2010,69.3,Trading Economics
Official,Bangladesh,,BDT,02/06/2010,69.28,Trading Economics
Official,Bangladesh,,BDT,03/06/2010,69.28,Trading Economics
Official,Bangladesh,,BDT,04/06/2010,69.28,Trading Economics
Official,Bangladesh,,BDT,07/06/2010,69.33,Trading Economics
Official,Bangladesh,,BDT,08/06/2010,69.3,Trading Economics
Official,Bangladesh,,BDT,09/06/2010,69.25,Trading Economics
Official,Bangladesh,,BDT,10/06/2010,69.25,Trading Economics
Official,Bangladesh,,BDT,11/06/2010,69.25,Trading Economics
Official,Bangladesh,,BDT,14/06/2010,69.32,Trading Economics
Official,Bangladesh,,BDT,15/06/2010,69.25,Trading Economics
Official,Bangladesh,,BDT,16/06/2010,69.25,Trading Economics
Official,Bangladesh,,BDT,17/06/2010,69.25,Trading Economics
Official,Bangladesh,,BDT,18/06/2010,69.25,Trading Economics
Official,Bangladesh,,BDT,21/06/2010,69.35,Trading Economics
Official,Bangladesh,,BDT,22/06/2010,69.38,Trading Economics
Official,Bangladesh,,BDT,23/06/2010,69.4,Trading Economics
Official,Bangladesh,,BDT,24/06/2010,69.25,Trading Economics
Official,Bangladesh,,BDT,25/06/2010,69.4,Trading Economics
Official,Bangladesh,,BDT,28/06/2010,69.25,Trading Economics
Official,Bangladesh,,BDT,29/06/2010,69.42,Trading Economics
Official,Bangladesh,,BDT,30/06/2010,69.5,Trading Economics
Official,Bangladesh,,BDT,01/07/2010,69.25,Trading Economics
Official,Bangladesh,,BDT,02/07/2010,69.25,Trading Economics
Official,Bangladesh,,BDT,05/07/2010,69.4,Trading Economics
Official,Bangladesh,,BDT,06/07/2010,69.42,Trading Economics
Official,Bangladesh,,BDT,07/07/2010,69.4,Trading Economics
Official,Bangladesh,,BDT,08/07/2010,69.4,Trading Economics
Official,Bangladesh,,BDT,09/07/2010,69.4,Trading Economics
Official,Bangladesh,,BDT,12/07/2010,69.45,Trading Economics
Official,Bangladesh,,BDT,14/07/2010,69.45,Trading Economics
Official,Bangladesh,,BDT,15/07/2010,69.4,Trading Economics
Official,Bangladesh,,BDT,16/07/2010,69.4,Trading Economics
Official,Bangladesh,,BDT,19/07/2010,69.4,Trading Economics
Official,Bangladesh,,BDT,20/07/2010,69.4,Trading Economics
Official,Bangladesh,,BDT,21/07/2010,69.4,Trading Economics
Official,Bangladesh,,BDT,22/07/2010,69.4,Trading Economics
Official,Bangladesh,,BDT,23/07/2010,69.4,Trading Economics
Official,Bangladesh,,BDT,26/07/2010,69.4,Trading Economics
Official,Bangladesh,,BDT,27/07/2010,69.4,Trading Economics
Official,Bangladesh,,BDT,28/07/2010,69.4,Trading Economics
Official,Bangladesh,,BDT,29/07/2010,69.4,Trading Economics
Official,Bangladesh,,BDT,30/07/2010,69.4,Trading Economics
Official,Bangladesh,,BDT,02/08/2010,69.4,Trading Economics
Official,Bangladesh,,BDT,03/08/2010,69.4,Trading Economics
Official,Bangladesh,,BDT,04/08/2010,69.4,Trading Economics
Official,Bangladesh,,BDT,05/08/2010,69.4,Trading Economics
Official,Bangladesh,,BDT,06/08/2010,69.4,Trading Economics
Official,Bangladesh,,BDT,09/08/2010,69.4,Trading Economics
Official,Bangladesh,,BDT,10/08/2010,69.4,Trading Economics
Official,Bangladesh,,BDT,11/08/2010,69.4,Trading Economics
Official,Bangladesh,,BDT,12/08/2010,69.4,Trading Economics
Official,Bangladesh,,BDT,13/08/2010,69.4,Trading Economics
Official,Bangladesh,,BDT,16/08/2010,69.02,Trading Economics
Official,Bangladesh,,BDT,17/08/2010,69.4,Trading Economics
Official,Bangladesh,,BDT,18/08/2010,69.4,Trading Economics
Official,Bangladesh,,BDT,19/08/2010,69.05,Trading Economics
Official,Bangladesh,,BDT,20/08/2010,69.05,Trading Economics
Official,Bangladesh,,BDT,23/08/2010,69,Trading Economics
Official,Bangladesh,,BDT,24/08/2010,69,Trading Economics
Official,Bangladesh,,BDT,25/08/2010,69.55,Trading Economics
Official,Bangladesh,,BDT,26/08/2010,69.55,Trading Economics
Official,Bangladesh,,BDT,27/08/2010,69.55,Trading Economics
Official,Bangladesh,,BDT,30/08/2010,69.55,Trading Economics
Official,Bangladesh,,BDT,31/08/2010,69.4,Trading Economics
Official,Bangladesh,,BDT,01/09/2010,69.4,Trading Economics
Official,Bangladesh,,BDT,02/09/2010,69.58,Trading Economics
Official,Bangladesh,,BDT,03/09/2010,69.58,Trading Economics
Official,Bangladesh,,BDT,06/09/2010,69.4,Trading Economics
Official,Bangladesh,,BDT,07/09/2010,69.4,Trading Economics
Official,Bangladesh,,BDT,08/09/2010,69.15,Trading Economics
Official,Bangladesh,,BDT,09/09/2010,69,Trading Economics
Official,Bangladesh,,BDT,10/09/2010,69.05,Trading Economics
Official,Bangladesh,,BDT,13/09/2010,69.12,Trading Economics
Official,Bangladesh,,BDT,14/09/2010,69,Trading Economics
Official,Bangladesh,,BDT,15/09/2010,69.26,Trading Economics
Official,Bangladesh,,BDT,16/09/2010,69.58,Trading Economics
Official,Bangladesh,,BDT,17/09/2010,69.58,Trading Economics
Official,Bangladesh,,BDT,20/09/2010,69.6,Trading Economics
Official,Bangladesh,,BDT,21/09/2010,69.26,Trading Economics
Official,Bangladesh,,BDT,22/09/2010,69.2,Trading Economics
Official,Bangladesh,,BDT,23/09/2010,69.21,Trading Economics
Official,Bangladesh,,BDT,24/09/2010,69.22,Trading Economics
Official,Bangladesh,,BDT,27/09/2010,69.2,Trading Economics
Official,Bangladesh,,BDT,28/09/2010,69.4,Trading Economics
Official,Bangladesh,,BDT,29/09/2010,69.4,Trading Economics
Official,Bangladesh,,BDT,30/09/2010,69.2,Trading Economics
Official,Bangladesh,,BDT,01/10/2010,69.2,Trading Economics
Official,Bangladesh,,BDT,04/10/2010,70.5,Trading Economics
Official,Bangladesh,,BDT,05/10/2010,70,Trading Economics
Official,Bangladesh,,BDT,06/10/2010,70,Trading Economics
Official,Bangladesh,,BDT,07/10/2010,69.8,Trading Economics
Official,Bangladesh,,BDT,08/10/2010,70,Trading Economics
Official,Bangladesh,,BDT,11/10/2010,70.27,Trading Economics
Official,Bangladesh,,BDT,12/10/2010,69.55,Trading Economics
Official,Bangladesh,,BDT,13/10/2010,70.1,Trading Economics
Official,Bangladesh,,BDT,14/10/2010,70.1,Trading Economics
Official,Bangladesh,,BDT,15/10/2010,70.1,Trading Economics
Official,Bangladesh,,BDT,18/10/2010,70.1,Trading Economics
Official,Bangladesh,,BDT,19/10/2010,70.1,Trading Economics
Official,Bangladesh,,BDT,20/10/2010,70.1,Trading Economics
Official,Bangladesh,,BDT,21/10/2010,70.4,Trading Economics
Official,Bangladesh,,BDT,22/10/2010,69.85,Trading Economics
Official,Bangladesh,,BDT,25/10/2010,70.65,Trading Economics
Official,Bangladesh,,BDT,26/10/2010,70.22,Trading Economics
Official,Bangladesh,,BDT,27/10/2010,70.08,Trading Economics
Official,Bangladesh,,BDT,28/10/2010,70.7,Trading Economics
Official,Bangladesh,,BDT,29/10/2010,70.7,Trading Economics
Official,Bangladesh,,BDT,01/11/2010,70.6,Trading Economics
Official,Bangladesh,,BDT,02/11/2010,70.52,Trading Economics
Official,Bangladesh,,BDT,03/11/2010,70.4,Trading Economics
Official,Bangladesh,,BDT,04/11/2010,69.8,Trading Economics
Official,Bangladesh,,BDT,05/11/2010,70.4,Trading Economics
Official,Bangladesh,,BDT,08/11/2010,70.33,Trading Economics
Official,Bangladesh,,BDT,09/11/2010,70.4,Trading Economics
Official,Bangladesh,,BDT,10/11/2010,70.4,Trading Economics
Official,Bangladesh,,BDT,11/11/2010,70.4,Trading Economics
Official,Bangladesh,,BDT,12/11/2010,70.4,Trading Economics
Official,Bangladesh,,BDT,15/11/2010,70.3,Trading Economics
Official,Bangladesh,,BDT,16/11/2010,69.85,Trading Economics
Official,Bangladesh,,BDT,17/11/2010,70.3,Trading Economics
Official,Bangladesh,,BDT,18/11/2010,70.3,Trading Economics
Official,Bangladesh,,BDT,19/11/2010,70.3,Trading Economics
Official,Bangladesh,,BDT,22/11/2010,70.3,Trading Economics
Official,Bangladesh,,BDT,23/11/2010,70.32,Trading Economics
Official,Bangladesh,,BDT,24/11/2010,70.35,Trading Economics
Official,Bangladesh,,BDT,25/11/2010,70.3,Trading Economics
Official,Bangladesh,,BDT,26/11/2010,70.3,Trading Economics
Official,Bangladesh,,BDT,29/11/2010,70.35,Trading Economics
Official,Bangladesh,,BDT,30/11/2010,70.35,Trading Economics
Official,Bangladesh,,BDT,01/12/2010,70.35,Trading Economics
Official,Bangladesh,,BDT,02/12/2010,70.45,Trading Economics
Official,Bangladesh,,BDT,03/12/2010,70.45,Trading Economics
Official,Bangladesh,,BDT,06/12/2010,70.55,Trading Economics
Official,Bangladesh,,BDT,07/12/2010,70.55,Trading Economics
Official,Bangladesh,,BDT,08/12/2010,70.58,Trading Economics
Official,Bangladesh,,BDT,09/12/2010,70.6,Trading Economics
Official,Bangladesh,,BDT,10/12/2010,70.6,Trading Economics
Official,Bangladesh,,BDT,13/12/2010,70.63,Trading Economics
Official,Bangladesh,,BDT,14/12/2010,70.45,Trading Economics
Official,Bangladesh,,BDT,15/12/2010,70.45,Trading Economics
Official,Bangladesh,,BDT,16/12/2010,70.45,Trading Economics
Official,Bangladesh,,BDT,17/12/2010,70.45,Trading Economics
Official,Bangladesh,,BDT,20/12/2010,70.65,Trading Economics
Official,Bangladesh,,BDT,21/12/2010,70.45,Trading Economics
Official,Bangladesh,,BDT,22/12/2010,70.45,Trading Economics
Official,Bangladesh,,BDT,23/12/2010,70.45,Trading Economics
Official,Bangladesh,,BDT,24/12/2010,70.45,Trading Economics
Official,Bangladesh,,BDT,27/12/2010,70.65,Trading Economics
Official,Bangladesh,,BDT,28/12/2010,70.65,Trading Economics
Official,Bangladesh,,BDT,29/12/2010,70.45,Trading Economics
Official,Bangladesh,,BDT,30/12/2010,70.45,Trading Economics
Official,Bangladesh,,BDT,31/12/2010,70.45,Trading Economics
Official,Bangladesh,,BDT,03/01/2011,70.45,Trading Economics
Official,Bangladesh,,BDT,04/01/2011,70.95,Trading Economics
Official,Bangladesh,,BDT,05/01/2011,70.95,Trading Economics
Official,Bangladesh,,BDT,06/01/2011,70.9,Trading Economics
Official,Bangladesh,,BDT,07/01/2011,70.9,Trading Economics
Official,Bangladesh,,BDT,10/01/2011,70.9,Trading Economics
Official,Bangladesh,,BDT,11/01/2011,70.75,Trading Economics
Official,Bangladesh,,BDT,12/01/2011,70.95,Trading Economics
Official,Bangladesh,,BDT,13/01/2011,70.95,Trading Economics
Official,Bangladesh,,BDT,14/01/2011,70.95,Trading Economics
Official,Bangladesh,,BDT,17/01/2011,70.95,Trading Economics
Official,Bangladesh,,BDT,18/01/2011,71,Trading Economics
Official,Bangladesh,,BDT,19/01/2011,71.07,Trading Economics
Official,Bangladesh,,BDT,20/01/2011,70.95,Trading Economics
Official,Bangladesh,,BDT,21/01/2011,70.95,Trading Economics
Official,Bangladesh,,BDT,24/01/2011,70.95,Trading Economics
Official,Bangladesh,,BDT,25/01/2011,70.95,Trading Economics
Official,Bangladesh,,BDT,26/01/2011,70.7,Trading Economics
Official,Bangladesh,,BDT,27/01/2011,70.7,Trading Economics
Official,Bangladesh,,BDT,28/01/2011,70.7,Trading Economics
Official,Bangladesh,,BDT,31/01/2011,70.6,Trading Economics
Official,Bangladesh,,BDT,01/02/2011,70.95,Trading Economics
Official,Bangladesh,,BDT,02/02/2011,70.95,Trading Economics
Official,Bangladesh,,BDT,03/02/2011,71.1,Trading Economics
Official,Bangladesh,,BDT,04/02/2011,71.1,Trading Economics
Official,Bangladesh,,BDT,07/02/2011,71.1,Trading Economics
Official,Bangladesh,,BDT,08/02/2011,71.1,Trading Economics
Official,Bangladesh,,BDT,09/02/2011,71.1,Trading Economics
Official,Bangladesh,,BDT,10/02/2011,70.95,Trading Economics
Official,Bangladesh,,BDT,11/02/2011,70.95,Trading Economics
Official,Bangladesh,,BDT,14/02/2011,70.93,Trading Economics
Official,Bangladesh,,BDT,15/02/2011,70.92,Trading Economics
Official,Bangladesh,,BDT,16/02/2011,70.92,Trading Economics
Official,Bangladesh,,BDT,17/02/2011,70.92,Trading Economics
Official,Bangladesh,,BDT,18/02/2011,70.9,Trading Economics
Official,Bangladesh,,BDT,21/02/2011,70.9,Trading Economics
Official,Bangladesh,,BDT,22/02/2011,70.9,Trading Economics
Official,Bangladesh,,BDT,23/02/2011,70.9,Trading Economics
Official,Bangladesh,,BDT,24/02/2011,70.9,Trading Economics
Official,Bangladesh,,BDT,25/02/2011,70.9,Trading Economics
Official,Bangladesh,,BDT,28/02/2011,70.9,Trading Economics
Official,Bangladesh,,BDT,01/03/2011,71.28,Trading Economics
Official,Bangladesh,,BDT,02/03/2011,71.27,Trading Economics
Official,Bangladesh,,BDT,03/03/2011,71.47,Trading Economics
Official,Bangladesh,,BDT,04/03/2011,71.47,Trading Economics
Official,Bangladesh,,BDT,07/03/2011,71.45,Trading Economics
Official,Bangladesh,,BDT,08/03/2011,71.53,Trading Economics
Official,Bangladesh,,BDT,09/03/2011,71.53,Trading Economics
Official,Bangladesh,,BDT,10/03/2011,71.52,Trading Economics
Official,Bangladesh,,BDT,11/03/2011,71.5,Trading Economics
Official,Bangladesh,,BDT,14/03/2011,71.5,Trading Economics
Official,Bangladesh,,BDT,15/03/2011,71.5,Trading Economics
Official,Bangladesh,,BDT,16/03/2011,71.9,Trading Economics
Official,Bangladesh,,BDT,17/03/2011,71.9,Trading Economics
Official,Bangladesh,,BDT,18/03/2011,71.9,Trading Economics
Official,Bangladesh,,BDT,21/03/2011,71.9,Trading Economics
Official,Bangladesh,,BDT,22/03/2011,71.9,Trading Economics
Official,Bangladesh,,BDT,23/03/2011,72.55,Trading Economics
Official,Bangladesh,,BDT,24/03/2011,72.5,Trading Economics
Official,Bangladesh,,BDT,25/03/2011,72.5,Trading Economics
Official,Bangladesh,,BDT,28/03/2011,72.65,Trading Economics
Official,Bangladesh,,BDT,29/03/2011,72.7,Trading Economics
Official,Bangladesh,,BDT,30/03/2011,72.7,Trading Economics
Official,Bangladesh,,BDT,31/03/2011,72.5,Trading Economics
Official,Bangladesh,,BDT,01/04/2011,72.5,Trading Economics
Official,Bangladesh,,BDT,04/04/2011,72.75,Trading Economics
Official,Bangladesh,,BDT,05/04/2011,72.75,Trading Economics
Official,Bangladesh,,BDT,06/04/2011,72.78,Trading Economics
Official,Bangladesh,,BDT,07/04/2011,72.8,Trading Economics
Official,Bangladesh,,BDT,08/04/2011,72.8,Trading Economics
Official,Bangladesh,,BDT,11/04/2011,72.8,Trading Economics
Official,Bangladesh,,BDT,12/04/2011,72.77,Trading Economics
Official,Bangladesh,,BDT,13/04/2011,72.8,Trading Economics
Official,Bangladesh,,BDT,14/04/2011,72.8,Trading Economics
Official,Bangladesh,,BDT,15/04/2011,72.8,Trading Economics
Official,Bangladesh,,BDT,18/04/2011,72.8,Trading Economics
Official,Bangladesh,,BDT,19/04/2011,72.82,Trading Economics
Official,Bangladesh,,BDT,20/04/2011,72.8,Trading Economics
Official,Bangladesh,,BDT,21/04/2011,72.82,Trading Economics
Official,Bangladesh,,BDT,22/04/2011,72.82,Trading Economics
Official,Bangladesh,,BDT,25/04/2011,72.79,Trading Economics
Official,Bangladesh,,BDT,26/04/2011,72.82,Trading Economics
Official,Bangladesh,,BDT,27/04/2011,72.93,Trading Economics
Official,Bangladesh,,BDT,28/04/2011,72.85,Trading Economics
Official,Bangladesh,,BDT,29/04/2011,72.85,Trading Economics
Official,Bangladesh,,BDT,02/05/2011,72.85,Trading Economics
Official,Bangladesh,,BDT,03/05/2011,72.92,Trading Economics
Official,Bangladesh,,BDT,04/05/2011,72.95,Trading Economics
Official,Bangladesh,,BDT,05/05/2011,73.1,Trading Economics
Official,Bangladesh,,BDT,06/05/2011,73.1,Trading Economics
Official,Bangladesh,,BDT,09/05/2011,73.1,Trading Economics
Official,Bangladesh,,BDT,10/05/2011,73.15,Trading Economics
Official,Bangladesh,,BDT,11/05/2011,73.1,Trading Economics
Official,Bangladesh,,BDT,12/05/2011,73.12,Trading Economics
Official,Bangladesh,,BDT,13/05/2011,73.12,Trading Economics
Official,Bangladesh,,BDT,16/05/2011,73.15,Trading Economics
Official,Bangladesh,,BDT,17/05/2011,73.15,Trading Economics
Official,Bangladesh,,BDT,18/05/2011,73.16,Trading Economics
Official,Bangladesh,,BDT,19/05/2011,73.1,Trading Economics
Official,Bangladesh,,BDT,20/05/2011,73.1,Trading Economics
Official,Bangladesh,,BDT,23/05/2011,73.3,Trading Economics
Official,Bangladesh,,BDT,24/05/2011,73.25,Trading Economics
Official,Bangladesh,,BDT,25/05/2011,73.25,Trading Economics
Official,Bangladesh,,BDT,26/05/2011,73.42,Trading Economics
Official,Bangladesh,,BDT,27/05/2011,73.42,Trading Economics
Official,Bangladesh,,BDT,30/05/2011,73.4,Trading Economics
Official,Bangladesh,,BDT,31/05/2011,73.55,Trading Economics
Official,Bangladesh,,BDT,01/06/2011,73.5,Trading Economics
Official,Bangladesh,,BDT,02/06/2011,73.55,Trading Economics
Official,Bangladesh,,BDT,03/06/2011,73.55,Trading Economics
Official,Bangladesh,,BDT,06/06/2011,73.75,Trading Economics
Official,Bangladesh,,BDT,07/06/2011,73.75,Trading Economics
Official,Bangladesh,,BDT,08/06/2011,73.75,Trading Economics
Official,Bangladesh,,BDT,09/06/2011,73.8,Trading Economics
Official,Bangladesh,,BDT,10/06/2011,73.8,Trading Economics
Official,Bangladesh,,BDT,13/06/2011,73.88,Trading Economics
Official,Bangladesh,,BDT,14/06/2011,73.9,Trading Economics
Official,Bangladesh,,BDT,15/06/2011,73.85,Trading Economics
Official,Bangladesh,,BDT,16/06/2011,73.85,Trading Economics
Official,Bangladesh,,BDT,17/06/2011,73.85,Trading Economics
Official,Bangladesh,,BDT,20/06/2011,73.85,Trading Economics
Official,Bangladesh,,BDT,21/06/2011,73.95,Trading Economics
Official,Bangladesh,,BDT,22/06/2011,73.95,Trading Economics
Official,Bangladesh,,BDT,23/06/2011,73.85,Trading Economics
Official,Bangladesh,,BDT,24/06/2011,73.85,Trading Economics
Official,Bangladesh,,BDT,27/06/2011,74.05,Trading Economics
Official,Bangladesh,,BDT,28/06/2011,74.05,Trading Economics
Official,Bangladesh,,BDT,29/06/2011,74.05,Trading Economics
Official,Bangladesh,,BDT,30/06/2011,74.2,Trading Economics
Official,Bangladesh,,BDT,01/07/2011,74.2,Trading Economics
Official,Bangladesh,,BDT,04/07/2011,74.2,Trading Economics
Official,Bangladesh,,BDT,05/07/2011,74.22,Trading Economics
Official,Bangladesh,,BDT,06/07/2011,74.23,Trading Economics
Official,Bangladesh,,BDT,07/07/2011,74.26,Trading Economics
Official,Bangladesh,,BDT,08/07/2011,74.26,Trading Economics
Official,Bangladesh,,BDT,11/07/2011,74.42,Trading Economics
Official,Bangladesh,,BDT,12/07/2011,74.42,Trading Economics
Official,Bangladesh,,BDT,13/07/2011,74.45,Trading Economics
Official,Bangladesh,,BDT,14/07/2011,74.52,Trading Economics
Official,Bangladesh,,BDT,15/07/2011,74.52,Trading Economics
Official,Bangladesh,,BDT,18/07/2011,74.48,Trading Economics
Official,Bangladesh,,BDT,19/07/2011,74.5,Trading Economics
Official,Bangladesh,,BDT,20/07/2011,74.6,Trading Economics
Official,Bangladesh,,BDT,21/07/2011,74.65,Trading Economics
Official,Bangladesh,,BDT,22/07/2011,74.65,Trading Economics
Official,Bangladesh,,BDT,25/07/2011,74.55,Trading Economics
Official,Bangladesh,,BDT,26/07/2011,74.65,Trading Economics
Official,Bangladesh,,BDT,27/07/2011,74.65,Trading Economics
Official,Bangladesh,,BDT,28/07/2011,74.65,Trading Economics
Official,Bangladesh,,BDT,29/07/2011,74.65,Trading Economics
Official,Bangladesh,,BDT,01/08/2011,74.7,Trading Economics
Official,Bangladesh,,BDT,02/08/2011,74.7,Trading Economics
Official,Bangladesh,,BDT,03/08/2011,74.68,Trading Economics
Official,Bangladesh,,BDT,04/08/2011,74.65,Trading Economics
Official,Bangladesh,,BDT,05/08/2011,74.65,Trading Economics
Official,Bangladesh,,BDT,08/08/2011,74.65,Trading Economics
Official,Bangladesh,,BDT,09/08/2011,74.65,Trading Economics
Official,Bangladesh,,BDT,10/08/2011,74.7,Trading Economics
Official,Bangladesh,,BDT,11/08/2011,74.73,Trading Economics
Official,Bangladesh,,BDT,12/08/2011,74.73,Trading Economics
Official,Bangladesh,,BDT,15/08/2011,74.73,Trading Economics
Official,Bangladesh,,BDT,16/08/2011,74.73,Trading Economics
Official,Bangladesh,,BDT,17/08/2011,74.55,Trading Economics
Official,Bangladesh,,BDT,18/08/2011,74.55,Trading Economics
Official,Bangladesh,,BDT,19/08/2011,74.55,Trading Economics
Official,Bangladesh,,BDT,22/08/2011,74.55,Trading Economics
Official,Bangladesh,,BDT,23/08/2011,74.2,Trading Economics
Official,Bangladesh,,BDT,24/08/2011,73.65,Trading Economics
Official,Bangladesh,,BDT,25/08/2011,73.45,Trading Economics
Official,Bangladesh,,BDT,26/08/2011,73.45,Trading Economics
Official,Bangladesh,,BDT,29/08/2011,73.8,Trading Economics
Official,Bangladesh,,BDT,30/08/2011,73.6,Trading Economics
Official,Bangladesh,,BDT,31/08/2011,73.6,Trading Economics
Official,Bangladesh,,BDT,01/09/2011,73.6,Trading Economics
Official,Bangladesh,,BDT,02/09/2011,73.6,Trading Economics
Official,Bangladesh,,BDT,05/09/2011,73.6,Trading Economics
Official,Bangladesh,,BDT,06/09/2011,74.1,Trading Economics
Official,Bangladesh,,BDT,07/09/2011,73.8,Trading Economics
Official,Bangladesh,,BDT,08/09/2011,73.8,Trading Economics
Official,Bangladesh,,BDT,09/09/2011,73.8,Trading Economics
Official,Bangladesh,,BDT,12/09/2011,74.35,Trading Economics
Official,Bangladesh,,BDT,13/09/2011,74.55,Trading Economics
Official,Bangladesh,,BDT,14/09/2011,74.75,Trading Economics
Official,Bangladesh,,BDT,15/09/2011,74.9,Trading Economics
Official,Bangladesh,,BDT,16/09/2011,74.9,Trading Economics
Official,Bangladesh,,BDT,19/09/2011,75.08,Trading Economics
Official,Bangladesh,,BDT,20/09/2011,74.9,Trading Economics
Official,Bangladesh,,BDT,21/09/2011,74.9,Trading Economics
Official,Bangladesh,,BDT,22/09/2011,75,Trading Economics
Official,Bangladesh,,BDT,23/09/2011,75,Trading Economics
Official,Bangladesh,,BDT,26/09/2011,75.1,Trading Economics
Official,Bangladesh,,BDT,27/09/2011,75.13,Trading Economics
Official,Bangladesh,,BDT,28/09/2011,75.17,Trading Economics
Official,Bangladesh,,BDT,29/09/2011,75,Trading Economics
Official,Bangladesh,,BDT,30/09/2011,75,Trading Economics
Official,Bangladesh,,BDT,03/10/2011,75.3,Trading Economics
Official,Bangladesh,,BDT,04/10/2011,75.38,Trading Economics
Official,Bangladesh,,BDT,05/10/2011,75.45,Trading Economics
Official,Bangladesh,,BDT,06/10/2011,75.45,Trading Economics
Official,Bangladesh,,BDT,07/10/2011,75.45,Trading Economics
Official,Bangladesh,,BDT,10/10/2011,75.47,Trading Economics
Official,Bangladesh,,BDT,11/10/2011,75.45,Trading Economics
Official,Bangladesh,,BDT,12/10/2011,75.47,Trading Economics
Official,Bangladesh,,BDT,13/10/2011,75.65,Trading Economics
Official,Bangladesh,,BDT,14/10/2011,75.65,Trading Economics
Official,Bangladesh,,BDT,17/10/2011,75.67,Trading Economics
Official,Bangladesh,,BDT,18/10/2011,75.85,Trading Economics
Official,Bangladesh,,BDT,19/10/2011,75.85,Trading Economics
Official,Bangladesh,,BDT,20/10/2011,75.88,Trading Economics
Official,Bangladesh,,BDT,21/10/2011,75.88,Trading Economics
Official,Bangladesh,,BDT,24/10/2011,75.75,Trading Economics
Official,Bangladesh,,BDT,25/10/2011,75.75,Trading Economics
Official,Bangladesh,,BDT,26/10/2011,75.75,Trading Economics
Official,Bangladesh,,BDT,27/10/2011,76.1,Trading Economics
Official,Bangladesh,,BDT,28/10/2011,75.75,Trading Economics
Official,Bangladesh,,BDT,31/10/2011,75.7,Trading Economics
Official,Bangladesh,,BDT,01/11/2011,76.2,Trading Economics
Official,Bangladesh,,BDT,02/11/2011,76.22,Trading Economics
Official,Bangladesh,,BDT,03/11/2011,76.01,Trading Economics
Official,Bangladesh,,BDT,04/11/2011,76.23,Trading Economics
Official,Bangladesh,,BDT,07/11/2011,76.23,Trading Economics
Official,Bangladesh,,BDT,08/11/2011,76.22,Trading Economics
Official,Bangladesh,,BDT,09/11/2011,76.29,Trading Economics
Official,Bangladesh,,BDT,10/11/2011,76.35,Trading Economics
Official,Bangladesh,,BDT,11/11/2011,76.35,Trading Economics
Official,Bangladesh,,BDT,14/11/2011,76.4,Trading Economics
Official,Bangladesh,,BDT,15/11/2011,76.45,Trading Economics
Official,Bangladesh,,BDT,16/11/2011,76.47,Trading Economics
Official,Bangladesh,,BDT,17/11/2011,76.55,Trading Economics
Official,Bangladesh,,BDT,18/11/2011,76.55,Trading Economics
Official,Bangladesh,,BDT,21/11/2011,76.55,Trading Economics
Official,Bangladesh,,BDT,22/11/2011,76.6,Trading Economics
Official,Bangladesh,,BDT,23/11/2011,76.6,Trading Economics
Official,Bangladesh,,BDT,24/11/2011,76.68,Trading Economics
Official,Bangladesh,,BDT,25/11/2011,76.67,Trading Economics
Official,Bangladesh,,BDT,28/11/2011,76.7,Trading Economics
Official,Bangladesh,,BDT,29/11/2011,76.75,Trading Economics
Official,Bangladesh,,BDT,30/11/2011,76.8,Trading Economics
Official,Bangladesh,,BDT,01/12/2011,76.9,Trading Economics
Official,Bangladesh,,BDT,02/12/2011,76.9,Trading Economics
Official,Bangladesh,,BDT,05/12/2011,77,Trading Economics
Official,Bangladesh,,BDT,06/12/2011,77.2,Trading Economics
Official,Bangladesh,,BDT,07/12/2011,77,Trading Economics
Official,Bangladesh,,BDT,08/12/2011,77.2,Trading Economics
Official,Bangladesh,,BDT,09/12/2011,77,Trading Economics
Official,Bangladesh,,BDT,12/12/2011,77,Trading Economics
Official,Bangladesh,,BDT,13/12/2011,77,Trading Economics
Official,Bangladesh,,BDT,14/12/2011,77,Trading Economics
Official,Bangladesh,,BDT,15/12/2011,77,Trading Economics
Official,Bangladesh,,BDT,16/12/2011,77.01,Trading Economics
Official,Bangladesh,,BDT,19/12/2011,80.75,Trading Economics
Official,Bangladesh,,BDT,20/12/2011,80.8,Trading Economics
Official,Bangladesh,,BDT,21/12/2011,80.4,Trading Economics
Official,Bangladesh,,BDT,22/12/2011,80.5,Trading Economics
Official,Bangladesh,,BDT,23/12/2011,80.2,Trading Economics
Official,Bangladesh,,BDT,26/12/2011,81.45,Trading Economics
Official,Bangladesh,,BDT,27/12/2011,81,Trading Economics
Official,Bangladesh,,BDT,28/12/2011,81.2,Trading Economics
Official,Bangladesh,,BDT,29/12/2011,81.78,Trading Economics
Official,Bangladesh,,BDT,30/12/2011,81.78,Trading Economics
Official,Bangladesh,,BDT,02/01/2012,81.78,Trading Economics
Official,Bangladesh,,BDT,03/01/2012,81.5,Trading Economics
Official,Bangladesh,,BDT,04/01/2012,81.5,Trading Economics
Official,Bangladesh,,BDT,05/01/2012,81.5,Trading Economics
Official,Bangladesh,,BDT,06/01/2012,81.5,Trading Economics
Official,Bangladesh,,BDT,09/01/2012,81.5,Trading Economics
Official,Bangladesh,,BDT,10/01/2012,82.5,Trading Economics
Official,Bangladesh,,BDT,11/01/2012,82.95,Trading Economics
Official,Bangladesh,,BDT,12/01/2012,82.5,Trading Economics
Official,Bangladesh,,BDT,13/01/2012,82,Trading Economics
Official,Bangladesh,,BDT,16/01/2012,83.6,Trading Economics
Official,Bangladesh,,BDT,17/01/2012,83.75,Trading Economics
Official,Bangladesh,,BDT,18/01/2012,83.75,Trading Economics
Official,Bangladesh,,BDT,19/01/2012,83.7,Trading Economics
Official,Bangladesh,,BDT,20/01/2012,83.7,Trading Economics
Official,Bangladesh,,BDT,23/01/2012,83.75,Trading Economics
Official,Bangladesh,,BDT,24/01/2012,84.35,Trading Economics
Official,Bangladesh,,BDT,25/01/2012,84.37,Trading Economics
Official,Bangladesh,,BDT,26/01/2012,84.4,Trading Economics
Official,Bangladesh,,BDT,27/01/2012,84.4,Trading Economics
Official,Bangladesh,,BDT,30/01/2012,84.45,Trading Economics
Official,Bangladesh,,BDT,31/01/2012,84.45,Trading Economics
Official,Bangladesh,,BDT,01/02/2012,84.05,Trading Economics
Official,Bangladesh,,BDT,02/02/2012,84.3,Trading Economics
Official,Bangladesh,,BDT,03/02/2012,84.3,Trading Economics
Official,Bangladesh,,BDT,06/02/2012,84.3,Trading Economics
Official,Bangladesh,,BDT,07/02/2012,84.15,Trading Economics
Official,Bangladesh,,BDT,08/02/2012,84.05,Trading Economics
Official,Bangladesh,,BDT,09/02/2012,83.75,Trading Economics
Official,Bangladesh,,BDT,10/02/2012,83.75,Trading Economics
Official,Bangladesh,,BDT,13/02/2012,83.75,Trading Economics
Official,Bangladesh,,BDT,14/02/2012,83.4,Trading Economics
Official,Bangladesh,,BDT,15/02/2012,83.05,Trading Economics
Official,Bangladesh,,BDT,16/02/2012,83.05,Trading Economics
Official,Bangladesh,,BDT,17/02/2012,82.45,Trading Economics
Official,Bangladesh,,BDT,20/02/2012,82.1,Trading Economics
Official,Bangladesh,,BDT,21/02/2012,82.1,Trading Economics
Official,Bangladesh,,BDT,22/02/2012,82.05,Trading Economics
Official,Bangladesh,,BDT,23/02/2012,81.65,Trading Economics
Official,Bangladesh,,BDT,24/02/2012,81.65,Trading Economics
Official,Bangladesh,,BDT,27/02/2012,81.68,Trading Economics
Official,Bangladesh,,BDT,28/02/2012,81.68,Trading Economics
Official,Bangladesh,,BDT,29/02/2012,81.68,Trading Economics
Official,Bangladesh,,BDT,01/03/2012,81.4,Trading Economics
Official,Bangladesh,,BDT,02/03/2012,81.68,Trading Economics
Official,Bangladesh,,BDT,05/03/2012,81.59,Trading Economics
Official,Bangladesh,,BDT,06/03/2012,81.6,Trading Economics
Official,Bangladesh,,BDT,07/03/2012,81.58,Trading Economics
Official,Bangladesh,,BDT,08/03/2012,81.55,Trading Economics
Official,Bangladesh,,BDT,09/03/2012,81.55,Trading Economics
Official,Bangladesh,,BDT,12/03/2012,81.75,Trading Economics
Official,Bangladesh,,BDT,13/03/2012,81.75,Trading Economics
Official,Bangladesh,,BDT,14/03/2012,81.75,Trading Economics
Official,Bangladesh,,BDT,15/03/2012,81.75,Trading Economics
Official,Bangladesh,,BDT,16/03/2012,81.75,Trading Economics
Official,Bangladesh,,BDT,19/03/2012,81.75,Trading Economics
Official,Bangladesh,,BDT,20/03/2012,81.75,Trading Economics
Official,Bangladesh,,BDT,21/03/2012,81.75,Trading Economics
Official,Bangladesh,,BDT,22/03/2012,81.75,Trading Economics
Official,Bangladesh,,BDT,23/03/2012,81.75,Trading Economics
Official,Bangladesh,,BDT,26/03/2012,81.5,Trading Economics
Official,Bangladesh,,BDT,27/03/2012,81.75,Trading Economics
Official,Bangladesh,,BDT,28/03/2012,81.75,Trading Economics
Official,Bangladesh,,BDT,29/03/2012,81.75,Trading Economics
Official,Bangladesh,,BDT,30/03/2012,81.75,Trading Economics
Official,Bangladesh,,BDT,02/04/2012,81.75,Trading Economics
Official,Bangladesh,,BDT,03/04/2012,81.75,Trading Economics
Official,Bangladesh,,BDT,04/04/2012,81.6,Trading Economics
Official,Bangladesh,,BDT,05/04/2012,81.75,Trading Economics
Official,Bangladesh,,BDT,06/04/2012,81.75,Trading Economics
Official,Bangladesh,,BDT,09/04/2012,81.75,Trading Economics
Official,Bangladesh,,BDT,10/04/2012,81.75,Trading Economics
Official,Bangladesh,,BDT,11/04/2012,81.7,Trading Economics
Official,Bangladesh,,BDT,12/04/2012,81.7,Trading Economics
Official,Bangladesh,,BDT,13/04/2012,81.7,Trading Economics
Official,Bangladesh,,BDT,16/04/2012,81.75,Trading Economics
Official,Bangladesh,,BDT,17/04/2012,81.75,Trading Economics
Official,Bangladesh,,BDT,18/04/2012,81.7,Trading Economics
Official,Bangladesh,,BDT,19/04/2012,81.75,Trading Economics
Official,Bangladesh,,BDT,20/04/2012,81.7,Trading Economics
Official,Bangladesh,,BDT,23/04/2012,81.8,Trading Economics
Official,Bangladesh,,BDT,24/04/2012,81.8,Trading Economics
Official,Bangladesh,,BDT,25/04/2012,81.65,Trading Economics
Official,Bangladesh,,BDT,26/04/2012,81.58,Trading Economics
Official,Bangladesh,,BDT,27/04/2012,81.6,Trading Economics
Official,Bangladesh,,BDT,30/04/2012,81.65,Trading Economics
Official,Bangladesh,,BDT,01/05/2012,81.65,Trading Economics
Official,Bangladesh,,BDT,02/05/2012,81.85,Trading Economics
Official,Bangladesh,,BDT,03/05/2012,81.85,Trading Economics
Official,Bangladesh,,BDT,04/05/2012,81.85,Trading Economics
Official,Bangladesh,,BDT,07/05/2012,81.7,Trading Economics
Official,Bangladesh,,BDT,08/05/2012,81.8,Trading Economics
Official,Bangladesh,,BDT,09/05/2012,81.85,Trading Economics
Official,Bangladesh,,BDT,10/05/2012,81.7,Trading Economics
Official,Bangladesh,,BDT,11/05/2012,81.7,Trading Economics
Official,Bangladesh,,BDT,14/05/2012,81.65,Trading Economics
Official,Bangladesh,,BDT,15/05/2012,81.65,Trading Economics
Official,Bangladesh,,BDT,16/05/2012,81.65,Trading Economics
Official,Bangladesh,,BDT,17/05/2012,81.65,Trading Economics
Official,Bangladesh,,BDT,18/05/2012,81.65,Trading Economics
Official,Bangladesh,,BDT,21/05/2012,81.65,Trading Economics
Official,Bangladesh,,BDT,22/05/2012,81.7,Trading Economics
Official,Bangladesh,,BDT,23/05/2012,81.8,Trading Economics
Official,Bangladesh,,BDT,24/05/2012,81.85,Trading Economics
Official,Bangladesh,,BDT,25/05/2012,81.7,Trading Economics
Official,Bangladesh,,BDT,28/05/2012,81.7,Trading Economics
Official,Bangladesh,,BDT,29/05/2012,81.85,Trading Economics
Official,Bangladesh,,BDT,30/05/2012,81.85,Trading Economics
Official,Bangladesh,,BDT,31/05/2012,81.7,Trading Economics
Official,Bangladesh,,BDT,01/06/2012,81.85,Trading Economics
Official,Bangladesh,,BDT,04/06/2012,81.85,Trading Economics
Official,Bangladesh,,BDT,05/06/2012,81.85,Trading Economics
Official,Bangladesh,,BDT,06/06/2012,81.85,Trading Economics
Official,Bangladesh,,BDT,07/06/2012,81.88,Trading Economics
Official,Bangladesh,,BDT,08/06/2012,81.88,Trading Economics
Official,Bangladesh,,BDT,11/06/2012,81.7,Trading Economics
Official,Bangladesh,,BDT,12/06/2012,81.88,Trading Economics
Official,Bangladesh,,BDT,13/06/2012,81.88,Trading Economics
Official,Bangladesh,,BDT,14/06/2012,81.8,Trading Economics
Official,Bangladesh,,BDT,15/06/2012,81.8,Trading Economics
Official,Bangladesh,,BDT,18/06/2012,81.8,Trading Economics
Official,Bangladesh,,BDT,19/06/2012,81.8,Trading Economics
Official,Bangladesh,,BDT,20/06/2012,81.8,Trading Economics
Official,Bangladesh,,BDT,21/06/2012,81.8,Trading Economics
Official,Bangladesh,,BDT,22/06/2012,81.8,Trading Economics
Official,Bangladesh,,BDT,25/06/2012,81.8,Trading Economics
Official,Bangladesh,,BDT,26/06/2012,81.8,Trading Economics
Official,Bangladesh,,BDT,27/06/2012,81.8,Trading Economics
Official,Bangladesh,,BDT,28/06/2012,81.75,Trading Economics
Official,Bangladesh,,BDT,29/06/2012,81.75,Trading Economics
Official,Bangladesh,,BDT,02/07/2012,81.75,Trading Economics
Official,Bangladesh,,BDT,03/07/2012,81.75,Trading Economics
Official,Bangladesh,,BDT,04/07/2012,81.77,Trading Economics
Official,Bangladesh,,BDT,05/07/2012,81.77,Trading Economics
Official,Bangladesh,,BDT,06/07/2012,81.77,Trading Economics
Official,Bangladesh,,BDT,09/07/2012,81.6,Trading Economics
Official,Bangladesh,,BDT,10/07/2012,81.77,Trading Economics
Official,Bangladesh,,BDT,11/07/2012,81.77,Trading Economics
Official,Bangladesh,,BDT,12/07/2012,81.8,Trading Economics
Official,Bangladesh,,BDT,13/07/2012,81.8,Trading Economics
Official,Bangladesh,,BDT,16/07/2012,81.8,Trading Economics
Official,Bangladesh,,BDT,17/07/2012,81.6,Trading Economics
Official,Bangladesh,,BDT,18/07/2012,81.6,Trading Economics
Official,Bangladesh,,BDT,19/07/2012,81.6,Trading Economics
Official,Bangladesh,,BDT,20/07/2012,81.6,Trading Economics
Official,Bangladesh,,BDT,23/07/2012,81.75,Trading Economics
Official,Bangladesh,,BDT,24/07/2012,81.75,Trading Economics
Official,Bangladesh,,BDT,25/07/2012,81.75,Trading Economics
Official,Bangladesh,,BDT,26/07/2012,81.75,Trading Economics
Official,Bangladesh,,BDT,30/07/2012,81.62,Trading Economics
Official,Bangladesh,,BDT,31/07/2012,81.65,Trading Economics
Official,Bangladesh,,BDT,01/08/2012,81.65,Trading Economics
Official,Bangladesh,,BDT,02/08/2012,81.65,Trading Economics
Official,Bangladesh,,BDT,03/08/2012,81.65,Trading Economics
Official,Bangladesh,,BDT,06/08/2012,81.65,Trading Economics
Official,Bangladesh,,BDT,07/08/2012,81.4,Trading Economics
Official,Bangladesh,,BDT,08/08/2012,81.4,Trading Economics
Official,Bangladesh,,BDT,09/08/2012,81.4,Trading Economics
Official,Bangladesh,,BDT,10/08/2012,81.4,Trading Economics
Official,Bangladesh,,BDT,13/08/2012,81.5,Trading Economics
Official,Bangladesh,,BDT,14/08/2012,81.5,Trading Economics
Official,Bangladesh,,BDT,15/08/2012,81.5,Trading Economics
Official,Bangladesh,,BDT,16/08/2012,81.5,Trading Economics
Official,Bangladesh,,BDT,17/08/2012,81.5,Trading Economics
Official,Bangladesh,,BDT,20/08/2012,81.5,Trading Economics
Official,Bangladesh,,BDT,21/08/2012,81.5,Trading Economics
Official,Bangladesh,,BDT,22/08/2012,81.5,Trading Economics
Official,Bangladesh,,BDT,23/08/2012,81.25,Trading Economics
Official,Bangladesh,,BDT,24/08/2012,81.25,Trading Economics
Official,Bangladesh,,BDT,27/08/2012,81.25,Trading Economics
Official,Bangladesh,,BDT,28/08/2012,81.25,Trading Economics
Official,Bangladesh,,BDT,29/08/2012,81.25,Trading Economics
Official,Bangladesh,,BDT,30/08/2012,81.7,Trading Economics
Official,Bangladesh,,BDT,31/08/2012,81.7,Trading Economics
Official,Bangladesh,,BDT,03/09/2012,81.25,Trading Economics
Official,Bangladesh,,BDT,04/09/2012,81.7,Trading Economics
Official,Bangladesh,,BDT,05/09/2012,81.7,Trading Economics
Official,Bangladesh,,BDT,06/09/2012,81.75,Trading Economics
Official,Bangladesh,,BDT,07/09/2012,81.75,Trading Economics
Official,Bangladesh,,BDT,10/09/2012,81.75,Trading Economics
Official,Bangladesh,,BDT,11/09/2012,81.8,Trading Economics
Official,Bangladesh,,BDT,12/09/2012,81.8,Trading Economics
Official,Bangladesh,,BDT,13/09/2012,81.8,Trading Economics
Official,Bangladesh,,BDT,14/09/2012,81.8,Trading Economics
Official,Bangladesh,,BDT,17/09/2012,81.77,Trading Economics
Official,Bangladesh,,BDT,18/09/2012,81.7,Trading Economics
Official,Bangladesh,,BDT,19/09/2012,81.7,Trading Economics
Official,Bangladesh,,BDT,20/09/2012,81.7,Trading Economics
Official,Bangladesh,,BDT,21/09/2012,81.7,Trading Economics
Official,Bangladesh,,BDT,24/09/2012,81.7,Trading Economics
Official,Bangladesh,,BDT,25/09/2012,81.7,Trading Economics
Official,Bangladesh,,BDT,26/09/2012,81.6,Trading Economics
Official,Bangladesh,,BDT,27/09/2012,81.6,Trading Economics
Official,Bangladesh,,BDT,28/09/2012,81.6,Trading Economics
Official,Bangladesh,,BDT,01/10/2012,81.6,Trading Economics
Official,Bangladesh,,BDT,02/10/2012,81.6,Trading Economics
Official,Bangladesh,,BDT,03/10/2012,81.6,Trading Economics
Official,Bangladesh,,BDT,04/10/2012,81.5,Trading Economics
Official,Bangladesh,,BDT,05/10/2012,81.5,Trading Economics
Official,Bangladesh,,BDT,08/10/2012,81.5,Trading Economics
Official,Bangladesh,,BDT,09/10/2012,81.3,Trading Economics
Official,Bangladesh,,BDT,10/10/2012,81.3,Trading Economics
Official,Bangladesh,,BDT,11/10/2012,81.2,Trading Economics
Official,Bangladesh,,BDT,12/10/2012,81.2,Trading Economics
Official,Bangladesh,,BDT,15/10/2012,81.25,Trading Economics
Official,Bangladesh,,BDT,16/10/2012,81.25,Trading Economics
Official,Bangladesh,,BDT,17/10/2012,81.2,Trading Economics
Official,Bangladesh,,BDT,18/10/2012,81.2,Trading Economics
Official,Bangladesh,,BDT,19/10/2012,81.2,Trading Economics
Official,Bangladesh,,BDT,22/10/2012,81.25,Trading Economics
Official,Bangladesh,,BDT,23/10/2012,81.2,Trading Economics
Official,Bangladesh,,BDT,24/10/2012,81.2,Trading Economics
Official,Bangladesh,,BDT,25/10/2012,81.2,Trading Economics
Official,Bangladesh,,BDT,26/10/2012,81.2,Trading Economics
Official,Bangladesh,,BDT,29/10/2012,81.2,Trading Economics
Official,Bangladesh,,BDT,30/10/2012,81.2,Trading Economics
Official,Bangladesh,,BDT,31/10/2012,81.2,Trading Economics
Official,Bangladesh,,BDT,01/11/2012,80.9,Trading Economics
Official,Bangladesh,,BDT,02/11/2012,81.3,Trading Economics
Official,Bangladesh,,BDT,05/11/2012,81.4,Trading Economics
Official,Bangladesh,,BDT,06/11/2012,80.95,Trading Economics
Official,Bangladesh,,BDT,07/11/2012,81,Trading Economics
Official,Bangladesh,,BDT,08/11/2012,81,Trading Economics
Official,Bangladesh,,BDT,09/11/2012,81,Trading Economics
Official,Bangladesh,,BDT,12/11/2012,81.65,Trading Economics
Official,Bangladesh,,BDT,13/11/2012,81.65,Trading Economics
Official,Bangladesh,,BDT,14/11/2012,81.7,Trading Economics
Official,Bangladesh,,BDT,15/11/2012,81.7,Trading Economics
Official,Bangladesh,,BDT,16/11/2012,81.7,Trading Economics
Official,Bangladesh,,BDT,19/11/2012,81.3,Trading Economics
Official,Bangladesh,,BDT,20/11/2012,81.1,Trading Economics
Official,Bangladesh,,BDT,21/11/2012,81.1,Trading Economics
Official,Bangladesh,,BDT,22/11/2012,81.1,Trading Economics
Official,Bangladesh,,BDT,23/11/2012,81.1,Trading Economics
Official,Bangladesh,,BDT,26/11/2012,81.1,Trading Economics
Official,Bangladesh,,BDT,27/11/2012,81.1,Trading Economics
Official,Bangladesh,,BDT,28/11/2012,81.65,Trading Economics
Official,Bangladesh,,BDT,29/11/2012,81.1,Trading Economics
Official,Bangladesh,,BDT,30/11/2012,81.1,Trading Economics
Official,Bangladesh,,BDT,03/12/2012,81.28,Trading Economics
Official,Bangladesh,,BDT,04/12/2012,81.28,Trading Economics
Official,Bangladesh,,BDT,05/12/2012,81.28,Trading Economics
Official,Bangladesh,,BDT,06/12/2012,81,Trading Economics
Official,Bangladesh,,BDT,07/12/2012,81,Trading Economics
Official,Bangladesh,,BDT,10/12/2012,80.9,Trading Economics
Official,Bangladesh,,BDT,11/12/2012,80.9,Trading Economics
Official,Bangladesh,,BDT,12/12/2012,80.9,Trading Economics
Official,Bangladesh,,BDT,13/12/2012,80.9,Trading Economics
Official,Bangladesh,,BDT,14/12/2012,80.9,Trading Economics
Official,Bangladesh,,BDT,17/12/2012,80.4,Trading Economics
Official,Bangladesh,,BDT,18/12/2012,80.6,Trading Economics
Official,Bangladesh,,BDT,19/12/2012,80.28,Trading Economics
Official,Bangladesh,,BDT,20/12/2012,80.2,Trading Economics
Official,Bangladesh,,BDT,21/12/2012,80.2,Trading Economics
Official,Bangladesh,,BDT,24/12/2012,80,Trading Economics
Official,Bangladesh,,BDT,26/12/2012,79.8,Trading Economics
Official,Bangladesh,,BDT,27/12/2012,79.58,Trading Economics
Official,Bangladesh,,BDT,28/12/2012,79.58,Trading Economics
Official,Bangladesh,,BDT,01/01/2013,79.75,Trading Economics
Official,Bangladesh,,BDT,02/01/2013,79.73,Trading Economics
Official,Bangladesh,,BDT,03/01/2013,79.74,Trading Economics
Official,Bangladesh,,BDT,04/01/2013,79.72,Trading Economics
Official,Bangladesh,,BDT,07/01/2013,79.68,Trading Economics
Official,Bangladesh,,BDT,08/01/2013,79.68,Trading Economics
Official,Bangladesh,,BDT,09/01/2013,79.68,Trading Economics
Official,Bangladesh,,BDT,10/01/2013,79.68,Trading Economics
Official,Bangladesh,,BDT,11/01/2013,79.68,Trading Economics
Official,Bangladesh,,BDT,14/01/2013,79.68,Trading Economics
Official,Bangladesh,,BDT,15/01/2013,79.68,Trading Economics
Official,Bangladesh,,BDT,16/01/2013,79.68,Trading Economics
Official,Bangladesh,,BDT,17/01/2013,79.48,Trading Economics
Official,Bangladesh,,BDT,18/01/2013,79.48,Trading Economics
Official,Bangladesh,,BDT,21/01/2013,79.48,Trading Economics
Official,Bangladesh,,BDT,22/01/2013,79.48,Trading Economics
Official,Bangladesh,,BDT,23/01/2013,79.35,Trading Economics
Official,Bangladesh,,BDT,24/01/2013,79.35,Trading Economics
Official,Bangladesh,,BDT,25/01/2013,79.35,Trading Economics
Official,Bangladesh,,BDT,28/01/2013,79.35,Trading Economics
Official,Bangladesh,,BDT,29/01/2013,79.35,Trading Economics
Official,Bangladesh,,BDT,30/01/2013,79.35,Trading Economics
Official,Bangladesh,,BDT,31/01/2013,78.85,Trading Economics
Official,Bangladesh,,BDT,01/02/2013,78.35,Trading Economics
Official,Bangladesh,,BDT,04/02/2013,78.6,Trading Economics
Official,Bangladesh,,BDT,05/02/2013,78.35,Trading Economics
Official,Bangladesh,,BDT,06/02/2013,79.1,Trading Economics
Official,Bangladesh,,BDT,07/02/2013,79.02,Trading Economics
Official,Bangladesh,,BDT,08/02/2013,78.08,Trading Economics
Official,Bangladesh,,BDT,11/02/2013,79,Trading Economics
Official,Bangladesh,,BDT,12/02/2013,79,Trading Economics
Official,Bangladesh,,BDT,13/02/2013,79,Trading Economics
Official,Bangladesh,,BDT,14/02/2013,79,Trading Economics
Official,Bangladesh,,BDT,15/02/2013,79,Trading Economics
Official,Bangladesh,,BDT,18/02/2013,78.93,Trading Economics
Official,Bangladesh,,BDT,19/02/2013,78.93,Trading Economics
Official,Bangladesh,,BDT,20/02/2013,78.93,Trading Economics
Official,Bangladesh,,BDT,25/02/2013,78.9,Trading Economics
Official,Bangladesh,,BDT,26/02/2013,78.9,Trading Economics
Official,Bangladesh,,BDT,27/02/2013,78.85,Trading Economics
Official,Bangladesh,,BDT,28/02/2013,78.84,Trading Economics
Official,Bangladesh,,BDT,04/03/2013,78.84,Trading Economics
Official,Bangladesh,,BDT,05/03/2013,78.84,Trading Economics
Official,Bangladesh,,BDT,06/03/2013,78.8,Trading Economics
Official,Bangladesh,,BDT,07/03/2013,78.6,Trading Economics
Official,Bangladesh,,BDT,11/03/2013,78.73,Trading Economics
Official,Bangladesh,,BDT,13/03/2013,78.7,Trading Economics
Official,Bangladesh,,BDT,14/03/2013,78.6,Trading Economics
Official,Bangladesh,,BDT,18/03/2013,78.6,Trading Economics
Official,Bangladesh,,BDT,19/03/2013,78.53,Trading Economics
Official,Bangladesh,,BDT,20/03/2013,78.3,Trading Economics
Official,Bangladesh,,BDT,21/03/2013,78.38,Trading Economics
Official,Bangladesh,,BDT,25/03/2013,78.28,Trading Economics
Official,Bangladesh,,BDT,27/03/2013,78.22,Trading Economics
Official,Bangladesh,,BDT,28/03/2013,78.05,Trading Economics
Official,Bangladesh,,BDT,01/04/2013,78.13,Trading Economics
Official,Bangladesh,,BDT,02/04/2013,78.08,Trading Economics
Official,Bangladesh,,BDT,03/04/2013,78.08,Trading Economics
Official,Bangladesh,,BDT,04/04/2013,78.05,Trading Economics
Official,Bangladesh,,BDT,08/04/2013,78.06,Trading Economics
Official,Bangladesh,,BDT,09/04/2013,78.06,Trading Economics
Official,Bangladesh,,BDT,10/04/2013,78.05,Trading Economics
Official,Bangladesh,,BDT,11/04/2013,78.03,Trading Economics
Official,Bangladesh,,BDT,12/04/2013,78.03,Trading Economics
Official,Bangladesh,,BDT,15/04/2013,78,Trading Economics
Official,Bangladesh,,BDT,16/04/2013,77.98,Trading Economics
Official,Bangladesh,,BDT,17/04/2013,78,Trading Economics
Official,Bangladesh,,BDT,18/04/2013,77.98,Trading Economics
Official,Bangladesh,,BDT,19/04/2013,77.95,Trading Economics
Official,Bangladesh,,BDT,22/04/2013,77.95,Trading Economics
Official,Bangladesh,,BDT,23/04/2013,77.87,Trading Economics
Official,Bangladesh,,BDT,24/04/2013,77.9,Trading Economics
Official,Bangladesh,,BDT,25/04/2013,77.87,Trading Economics
Official,Bangladesh,,BDT,26/04/2013,77.85,Trading Economics
Official,Bangladesh,,BDT,29/04/2013,77.9,Trading Economics
Official,Bangladesh,,BDT,30/04/2013,77.92,Trading Economics
Official,Bangladesh,,BDT,01/05/2013,77.88,Trading Economics
Official,Bangladesh,,BDT,02/05/2013,77.92,Trading Economics
Official,Bangladesh,,BDT,03/05/2013,77.9,Trading Economics
Official,Bangladesh,,BDT,06/05/2013,77.92,Trading Economics
Official,Bangladesh,,BDT,07/05/2013,77.88,Trading Economics
Official,Bangladesh,,BDT,08/05/2013,77.85,Trading Economics
Official,Bangladesh,,BDT,09/05/2013,77.83,Trading Economics
Official,Bangladesh,,BDT,10/05/2013,77.82,Trading Economics
Official,Bangladesh,,BDT,13/05/2013,77.82,Trading Economics
Official,Bangladesh,,BDT,14/05/2013,77.77,Trading Economics
Official,Bangladesh,,BDT,15/05/2013,77.77,Trading Economics
Official,Bangladesh,,BDT,16/05/2013,77.77,Trading Economics
Official,Bangladesh,,BDT,17/05/2013,77.75,Trading Economics
Official,Bangladesh,,BDT,20/05/2013,77.77,Trading Economics
Official,Bangladesh,,BDT,21/05/2013,77.76,Trading Economics
Official,Bangladesh,,BDT,22/05/2013,77.74,Trading Economics
Official,Bangladesh,,BDT,23/05/2013,77.72,Trading Economics
Official,Bangladesh,,BDT,24/05/2013,77.68,Trading Economics
Official,Bangladesh,,BDT,27/05/2013,77.77,Trading Economics
Official,Bangladesh,,BDT,28/05/2013,77.75,Trading Economics
Official,Bangladesh,,BDT,29/05/2013,77.75,Trading Economics
Official,Bangladesh,,BDT,30/05/2013,77.75,Trading Economics
Official,Bangladesh,,BDT,31/05/2013,77.72,Trading Economics
Official,Bangladesh,,BDT,03/06/2013,77.72,Trading Economics
Official,Bangladesh,,BDT,04/06/2013,77.72,Trading Economics
Official,Bangladesh,,BDT,05/06/2013,77.72,Trading Economics
Official,Bangladesh,,BDT,06/06/2013,77.75,Trading Economics
Official,Bangladesh,,BDT,07/06/2013,77.73,Trading Economics
Official,Bangladesh,,BDT,10/06/2013,77.72,Trading Economics
Official,Bangladesh,,BDT,11/06/2013,77.74,Trading Economics
Official,Bangladesh,,BDT,12/06/2013,77.75,Trading Economics
Official,Bangladesh,,BDT,13/06/2013,77.73,Trading Economics
Official,Bangladesh,,BDT,14/06/2013,77.72,Trading Economics
Official,Bangladesh,,BDT,17/06/2013,77.72,Trading Economics
Official,Bangladesh,,BDT,18/06/2013,77.73,Trading Economics
Official,Bangladesh,,BDT,19/06/2013,77.73,Trading Economics
Official,Bangladesh,,BDT,20/06/2013,77.72,Trading Economics
Official,Bangladesh,,BDT,21/06/2013,77.7,Trading Economics
Official,Bangladesh,,BDT,24/06/2013,77.65,Trading Economics
Official,Bangladesh,,BDT,25/06/2013,77.6,Trading Economics
Official,Bangladesh,,BDT,26/06/2013,77.58,Trading Economics
Official,Bangladesh,,BDT,27/06/2013,77.72,Trading Economics
Official,Bangladesh,,BDT,28/06/2013,77.7,Trading Economics
Official,Bangladesh,,BDT,01/07/2013,77.73,Trading Economics
Official,Bangladesh,,BDT,02/07/2013,77.75,Trading Economics
Official,Bangladesh,,BDT,03/07/2013,77.74,Trading Economics
Official,Bangladesh,,BDT,04/07/2013,77.76,Trading Economics
Official,Bangladesh,,BDT,05/07/2013,77.75,Trading Economics
Official,Bangladesh,,BDT,08/07/2013,77.73,Trading Economics
Official,Bangladesh,,BDT,09/07/2013,77.74,Trading Economics
Official,Bangladesh,,BDT,10/07/2013,77.72,Trading Economics
Official,Bangladesh,,BDT,11/07/2013,77.7,Trading Economics
Official,Bangladesh,,BDT,12/07/2013,77.7,Trading Economics
Official,Bangladesh,,BDT,15/07/2013,77.72,Trading Economics
Official,Bangladesh,,BDT,16/07/2013,77.7,Trading Economics
Official,Bangladesh,,BDT,17/07/2013,77.68,Trading Economics
Official,Bangladesh,,BDT,18/07/2013,77.67,Trading Economics
Official,Bangladesh,,BDT,19/07/2013,77.65,Trading Economics
Official,Bangladesh,,BDT,22/07/2013,77.73,Trading Economics
Official,Bangladesh,,BDT,23/07/2013,77.75,Trading Economics
Official,Bangladesh,,BDT,24/07/2013,77.7,Trading Economics
Official,Bangladesh,,BDT,25/07/2013,77.72,Trading Economics
Official,Bangladesh,,BDT,26/07/2013,77.7,Trading Economics
Official,Bangladesh,,BDT,29/07/2013,77.65,Trading Economics
Official,Bangladesh,,BDT,30/07/2013,77.72,Trading Economics
Official,Bangladesh,,BDT,31/07/2013,77.7,Trading Economics
Official,Bangladesh,,BDT,01/08/2013,77.67,Trading Economics
Official,Bangladesh,,BDT,02/08/2013,77.65,Trading Economics
Official,Bangladesh,,BDT,05/08/2013,77.72,Trading Economics
Official,Bangladesh,,BDT,06/08/2013,77.7,Trading Economics
Official,Bangladesh,,BDT,07/08/2013,77.72,Trading Economics
Official,Bangladesh,,BDT,08/08/2013,77.7,Trading Economics
Official,Bangladesh,,BDT,09/08/2013,77.68,Trading Economics
Official,Bangladesh,,BDT,12/08/2013,77.72,Trading Economics
Official,Bangladesh,,BDT,13/08/2013,77.7,Trading Economics
Official,Bangladesh,,BDT,14/08/2013,77.72,Trading Economics
Official,Bangladesh,,BDT,15/08/2013,77.7,Trading Economics
Official,Bangladesh,,BDT,16/08/2013,77.7,Trading Economics
Official,Bangladesh,,BDT,19/08/2013,77.68,Trading Economics
Official,Bangladesh,,BDT,20/08/2013,76.9,Trading Economics
Official,Bangladesh,,BDT,21/08/2013,76.73,Trading Economics
Official,Bangladesh,,BDT,22/08/2013,76.6,Trading Economics
Official,Bangladesh,,BDT,23/08/2013,76.6,Trading Economics
Official,Bangladesh,,BDT,26/08/2013,76.9,Trading Economics
Official,Bangladesh,,BDT,27/08/2013,77.22,Trading Economics
Official,Bangladesh,,BDT,28/08/2013,77.22,Trading Economics
Official,Bangladesh,,BDT,29/08/2013,77.22,Trading Economics
Official,Bangladesh,,BDT,30/08/2013,77.22,Trading Economics
Official,Bangladesh,,BDT,02/09/2013,77.72,Trading Economics
Official,Bangladesh,,BDT,03/09/2013,77.22,Trading Economics
Official,Bangladesh,,BDT,04/09/2013,77.22,Trading Economics
Official,Bangladesh,,BDT,05/09/2013,77.22,Trading Economics
Official,Bangladesh,,BDT,06/09/2013,76.85,Trading Economics
Official,Bangladesh,,BDT,09/09/2013,76.85,Trading Economics
Official,Bangladesh,,BDT,10/09/2013,77.22,Trading Economics
Official,Bangladesh,,BDT,11/09/2013,77.22,Trading Economics
Official,Bangladesh,,BDT,12/09/2013,77.22,Trading Economics
Official,Bangladesh,,BDT,13/09/2013,77.22,Trading Economics
Official,Bangladesh,,BDT,16/09/2013,77.22,Trading Economics
Official,Bangladesh,,BDT,17/09/2013,77.22,Trading Economics
Official,Bangladesh,,BDT,18/09/2013,77.22,Trading Economics
Official,Bangladesh,,BDT,19/09/2013,77.22,Trading Economics
Official,Bangladesh,,BDT,20/09/2013,77.22,Trading Economics
Official,Bangladesh,,BDT,23/09/2013,77.22,Trading Economics
Official,Bangladesh,,BDT,24/09/2013,77.22,Trading Economics
Official,Bangladesh,,BDT,25/09/2013,77.22,Trading Economics
Official,Bangladesh,,BDT,26/09/2013,77.72,Trading Economics
Official,Bangladesh,,BDT,27/09/2013,77.22,Trading Economics
Official,Bangladesh,,BDT,30/09/2013,77.22,Trading Economics
Official,Bangladesh,,BDT,01/10/2013,77.72,Trading Economics
Official,Bangladesh,,BDT,02/10/2013,77.72,Trading Economics
Official,Bangladesh,,BDT,03/10/2013,77.24,Trading Economics
Official,Bangladesh,,BDT,04/10/2013,77.22,Trading Economics
Official,Bangladesh,,BDT,07/10/2013,77.22,Trading Economics
Official,Bangladesh,,BDT,08/10/2013,77.22,Trading Economics
Official,Bangladesh,,BDT,09/10/2013,77.22,Trading Economics
Official,Bangladesh,,BDT,10/10/2013,77.22,Trading Economics
Official,Bangladesh,,BDT,11/10/2013,77.72,Trading Economics
Official,Bangladesh,,BDT,14/10/2013,77.72,Trading Economics
Official,Bangladesh,,BDT,15/10/2013,77.72,Trading Economics
Official,Bangladesh,,BDT,16/10/2013,77.72,Trading Economics
Official,Bangladesh,,BDT,17/10/2013,77.72,Trading Economics
Official,Bangladesh,,BDT,18/10/2013,77.72,Trading Economics
Official,Bangladesh,,BDT,21/10/2013,77.22,Trading Economics
Official,Bangladesh,,BDT,22/10/2013,77.22,Trading Economics
Official,Bangladesh,,BDT,23/10/2013,77.65,Trading Economics
Official,Bangladesh,,BDT,24/10/2013,77.57,Trading Economics
Official,Bangladesh,,BDT,25/10/2013,77.57,Trading Economics
Official,Bangladesh,,BDT,28/10/2013,77.07,Trading Economics
Official,Bangladesh,,BDT,29/10/2013,77.07,Trading Economics
Official,Bangladesh,,BDT,30/10/2013,77.07,Trading Economics
Official,Bangladesh,,BDT,31/10/2013,77.07,Trading Economics
Official,Bangladesh,,BDT,01/11/2013,77.07,Trading Economics
Official,Bangladesh,,BDT,04/11/2013,77.55,Trading Economics
Official,Bangladesh,,BDT,05/11/2013,77.53,Trading Economics
Official,Bangladesh,,BDT,06/11/2013,77.58,Trading Economics
Official,Bangladesh,,BDT,07/11/2013,77.58,Trading Economics
Official,Bangladesh,,BDT,08/11/2013,77.55,Trading Economics
Official,Bangladesh,,BDT,11/11/2013,77.55,Trading Economics
Official,Bangladesh,,BDT,12/11/2013,77.55,Trading Economics
Official,Bangladesh,,BDT,13/11/2013,77.58,Trading Economics
Official,Bangladesh,,BDT,14/11/2013,77.58,Trading Economics
Official,Bangladesh,,BDT,15/11/2013,77.53,Trading Economics
Official,Bangladesh,,BDT,18/11/2013,77.53,Trading Economics
Official,Bangladesh,,BDT,19/11/2013,77.5,Trading Economics
Official,Bangladesh,,BDT,20/11/2013,77.52,Trading Economics
Official,Bangladesh,,BDT,21/11/2013,77.54,Trading Economics
Official,Bangladesh,,BDT,22/11/2013,77.55,Trading Economics
Official,Bangladesh,,BDT,25/11/2013,77.55,Trading Economics
Official,Bangladesh,,BDT,26/11/2013,77.55,Trading Economics
Official,Bangladesh,,BDT,27/11/2013,77.55,Trading Economics
Official,Bangladesh,,BDT,28/11/2013,77.55,Trading Economics
Official,Bangladesh,,BDT,29/11/2013,77.55,Trading Economics
Official,Bangladesh,,BDT,02/12/2013,77.53,Trading Economics
Official,Bangladesh,,BDT,03/12/2013,77.52,Trading Economics
Official,Bangladesh,,BDT,04/12/2013,77.57,Trading Economics
Official,Bangladesh,,BDT,05/12/2013,77.52,Trading Economics
Official,Bangladesh,,BDT,06/12/2013,77.52,Trading Economics
Official,Bangladesh,,BDT,09/12/2013,77.57,Trading Economics
Official,Bangladesh,,BDT,10/12/2013,77.55,Trading Economics
Official,Bangladesh,,BDT,11/12/2013,77.54,Trading Economics
Official,Bangladesh,,BDT,12/12/2013,77.55,Trading Economics
Official,Bangladesh,,BDT,13/12/2013,77.54,Trading Economics
Official,Bangladesh,,BDT,16/12/2013,77.5,Trading Economics
Official,Bangladesh,,BDT,17/12/2013,77.52,Trading Economics
Official,Bangladesh,,BDT,18/12/2013,77.53,Trading Economics
Official,Bangladesh,,BDT,19/12/2013,77.52,Trading Economics
Official,Bangladesh,,BDT,20/12/2013,77.55,Trading Economics
Official,Bangladesh,,BDT,23/12/2013,77.53,Trading Economics
Official,Bangladesh,,BDT,24/12/2013,77.18,Trading Economics
Official,Bangladesh,,BDT,25/12/2013,77.18,Trading Economics
Official,Bangladesh,,BDT,26/12/2013,77.15,Trading Economics
Official,Bangladesh,,BDT,27/12/2013,77.1,Trading Economics
Official,Bangladesh,,BDT,30/12/2013,77.18,Trading Economics
Official,Bangladesh,,BDT,31/12/2013,77.16,Trading Economics
Official,Bangladesh,,BDT,01/01/2014,77.16,Trading Economics
Official,Bangladesh,,BDT,02/01/2014,77.15,Trading Economics
Official,Bangladesh,,BDT,03/01/2014,77.12,Trading Economics
Official,Bangladesh,,BDT,06/01/2014,77.55,Trading Economics
Official,Bangladesh,,BDT,07/01/2014,77.17,Trading Economics
Official,Bangladesh,,BDT,08/01/2014,77.7,Trading Economics
Official,Bangladesh,,BDT,09/01/2014,77.7,Trading Economics
Official,Bangladesh,,BDT,10/01/2014,77.7,Trading Economics
Official,Bangladesh,,BDT,13/01/2014,77.17,Trading Economics
Official,Bangladesh,,BDT,14/01/2014,77.53,Trading Economics
Official,Bangladesh,,BDT,15/01/2014,77.61,Trading Economics
Official,Bangladesh,,BDT,16/01/2014,77.15,Trading Economics
Official,Bangladesh,,BDT,17/01/2014,77.53,Trading Economics
Official,Bangladesh,,BDT,20/01/2014,77.19,Trading Economics
Official,Bangladesh,,BDT,21/01/2014,77.15,Trading Economics
Official,Bangladesh,,BDT,22/01/2014,77.18,Trading Economics
Official,Bangladesh,,BDT,23/01/2014,77.52,Trading Economics
Official,Bangladesh,,BDT,24/01/2014,77.48,Trading Economics
Official,Bangladesh,,BDT,27/01/2014,77.18,Trading Economics
Official,Bangladesh,,BDT,28/01/2014,77.5,Trading Economics
Official,Bangladesh,,BDT,29/01/2014,77.52,Trading Economics
Official,Bangladesh,,BDT,30/01/2014,77.53,Trading Economics
Official,Bangladesh,,BDT,31/01/2014,77.52,Trading Economics
Official,Bangladesh,,BDT,03/02/2014,77.54,Trading Economics
Official,Bangladesh,,BDT,04/02/2014,77.52,Trading Economics
Official,Bangladesh,,BDT,05/02/2014,77.5,Trading Economics
Official,Bangladesh,,BDT,06/02/2014,77.5,Trading Economics
Official,Bangladesh,,BDT,07/02/2014,77.52,Trading Economics
Official,Bangladesh,,BDT,10/02/2014,77.52,Trading Economics
Official,Bangladesh,,BDT,11/02/2014,77.17,Trading Economics
Official,Bangladesh,,BDT,12/02/2014,77.6,Trading Economics
Official,Bangladesh,,BDT,13/02/2014,77.17,Trading Economics
Official,Bangladesh,,BDT,14/02/2014,77.5,Trading Economics
Official,Bangladesh,,BDT,17/02/2014,77.5,Trading Economics
Official,Bangladesh,,BDT,18/02/2014,77.55,Trading Economics
Official,Bangladesh,,BDT,19/02/2014,77.57,Trading Economics
Official,Bangladesh,,BDT,20/02/2014,77.48,Trading Economics
Official,Bangladesh,,BDT,21/02/2014,77.46,Trading Economics
Official,Bangladesh,,BDT,24/02/2014,77.45,Trading Economics
Official,Bangladesh,,BDT,25/02/2014,77.43,Trading Economics
Official,Bangladesh,,BDT,26/02/2014,77.42,Trading Economics
Official,Bangladesh,,BDT,27/02/2014,77.37,Trading Economics
Official,Bangladesh,,BDT,28/02/2014,77.37,Trading Economics
Official,Bangladesh,,BDT,03/03/2014,77.33,Trading Economics
Official,Bangladesh,,BDT,04/03/2014,77.72,Trading Economics
Official,Bangladesh,,BDT,05/03/2014,77.65,Trading Economics
Official,Bangladesh,,BDT,06/03/2014,77.63,Trading Economics
Official,Bangladesh,,BDT,07/03/2014,77.62,Trading Economics
Official,Bangladesh,,BDT,10/03/2014,77.57,Trading Economics
Official,Bangladesh,,BDT,11/03/2014,77.55,Trading Economics
Official,Bangladesh,,BDT,12/03/2014,77.5,Trading Economics
Official,Bangladesh,,BDT,13/03/2014,77.47,Trading Economics
Official,Bangladesh,,BDT,14/03/2014,77.43,Trading Economics
Official,Bangladesh,,BDT,17/03/2014,77.4,Trading Economics
Official,Bangladesh,,BDT,18/03/2014,77.62,Trading Economics
Official,Bangladesh,,BDT,19/03/2014,77.62,Trading Economics
Official,Bangladesh,,BDT,20/03/2014,77.58,Trading Economics
Official,Bangladesh,,BDT,21/03/2014,77.53,Trading Economics
Official,Bangladesh,,BDT,24/03/2014,77.45,Trading Economics
Official,Bangladesh,,BDT,25/03/2014,77.47,Trading Economics
Official,Bangladesh,,BDT,26/03/2014,77.43,Trading Economics
Official,Bangladesh,,BDT,27/03/2014,77.4,Trading Economics
Official,Bangladesh,,BDT,28/03/2014,77.37,Trading Economics
Official,Bangladesh,,BDT,31/03/2014,77.54,Trading Economics
Official,Bangladesh,,BDT,01/04/2014,77.52,Trading Economics
Official,Bangladesh,,BDT,02/04/2014,77.52,Trading Economics
Official,Bangladesh,,BDT,03/04/2014,77.48,Trading Economics
Official,Bangladesh,,BDT,04/04/2014,77.47,Trading Economics
Official,Bangladesh,,BDT,07/04/2014,77.43,Trading Economics
Official,Bangladesh,,BDT,08/04/2014,77.52,Trading Economics
Official,Bangladesh,,BDT,09/04/2014,77.52,Trading Economics
Official,Bangladesh,,BDT,10/04/2014,77.5,Trading Economics
Official,Bangladesh,,BDT,11/04/2014,77.47,Trading Economics
Official,Bangladesh,,BDT,14/04/2014,77.45,Trading Economics
Official,Bangladesh,,BDT,15/04/2014,77.42,Trading Economics
Official,Bangladesh,,BDT,16/04/2014,77.4,Trading Economics
Official,Bangladesh,,BDT,17/04/2014,77.4,Trading Economics
Official,Bangladesh,,BDT,18/04/2014,77.4,Trading Economics
Official,Bangladesh,,BDT,21/04/2014,77.4,Trading Economics
Official,Bangladesh,,BDT,22/04/2014,77.38,Trading Economics
Official,Bangladesh,,BDT,23/04/2014,77.38,Trading Economics
Official,Bangladesh,,BDT,24/04/2014,77.35,Trading Economics
Official,Bangladesh,,BDT,25/04/2014,77.33,Trading Economics
Official,Bangladesh,,BDT,28/04/2014,77.3,Trading Economics
Official,Bangladesh,,BDT,29/04/2014,77.53,Trading Economics
Official,Bangladesh,,BDT,30/04/2014,77.53,Trading Economics
Official,Bangladesh,,BDT,01/05/2014,77.52,Trading Economics
Official,Bangladesh,,BDT,02/05/2014,77.5,Trading Economics
Official,Bangladesh,,BDT,05/05/2014,77.3,Trading Economics
Official,Bangladesh,,BDT,06/05/2014,77.52,Trading Economics
Official,Bangladesh,,BDT,07/05/2014,77.53,Trading Economics
Official,Bangladesh,,BDT,08/05/2014,77.5,Trading Economics
Official,Bangladesh,,BDT,09/05/2014,77.48,Trading Economics
Official,Bangladesh,,BDT,12/05/2014,77.45,Trading Economics
Official,Bangladesh,,BDT,13/05/2014,77.42,Trading Economics
Official,Bangladesh,,BDT,14/05/2014,77.53,Trading Economics
Official,Bangladesh,,BDT,15/05/2014,77.43,Trading Economics
Official,Bangladesh,,BDT,16/05/2014,77.4,Trading Economics
Official,Bangladesh,,BDT,19/05/2014,77.32,Trading Economics
Official,Bangladesh,,BDT,20/05/2014,77.42,Trading Economics
Official,Bangladesh,,BDT,21/05/2014,77.44,Trading Economics
Official,Bangladesh,,BDT,22/05/2014,77.42,Trading Economics
Official,Bangladesh,,BDT,23/05/2014,77.4,Trading Economics
Official,Bangladesh,,BDT,26/05/2014,77.38,Trading Economics
Official,Bangladesh,,BDT,27/05/2014,77.35,Trading Economics
Official,Bangladesh,,BDT,28/05/2014,77.32,Trading Economics
Official,Bangladesh,,BDT,29/05/2014,77.38,Trading Economics
Official,Bangladesh,,BDT,30/05/2014,77.36,Trading Economics
Official,Bangladesh,,BDT,02/06/2014,77.35,Trading Economics
Official,Bangladesh,,BDT,03/06/2014,77.35,Trading Economics
Official,Bangladesh,,BDT,04/06/2014,77.42,Trading Economics
Official,Bangladesh,,BDT,05/06/2014,77.38,Trading Economics
Official,Bangladesh,,BDT,06/06/2014,77.38,Trading Economics
Official,Bangladesh,,BDT,09/06/2014,77.42,Trading Economics
Official,Bangladesh,,BDT,10/06/2014,77.42,Trading Economics
Official,Bangladesh,,BDT,11/06/2014,77.52,Trading Economics
Official,Bangladesh,,BDT,12/06/2014,77.52,Trading Economics
Official,Bangladesh,,BDT,13/06/2014,77.48,Trading Economics
Official,Bangladesh,,BDT,16/06/2014,77.52,Trading Economics
Official,Bangladesh,,BDT,17/06/2014,77.53,Trading Economics
Official,Bangladesh,,BDT,18/06/2014,77.38,Trading Economics
Official,Bangladesh,,BDT,19/06/2014,77.35,Trading Economics
Official,Bangladesh,,BDT,20/06/2014,77.33,Trading Economics
Official,Bangladesh,,BDT,23/06/2014,77.3,Trading Economics
Official,Bangladesh,,BDT,24/06/2014,77.53,Trading Economics
Official,Bangladesh,,BDT,25/06/2014,77.54,Trading Economics
Official,Bangladesh,,BDT,26/06/2014,77.54,Trading Economics
Official,Bangladesh,,BDT,27/06/2014,77.52,Trading Economics
Official,Bangladesh,,BDT,30/06/2014,77.52,Trading Economics
Official,Bangladesh,,BDT,01/07/2014,77.52,Trading Economics
Official,Bangladesh,,BDT,02/07/2014,77.53,Trading Economics
Official,Bangladesh,,BDT,03/07/2014,77.54,Trading Economics
Official,Bangladesh,,BDT,04/07/2014,77.54,Trading Economics
Official,Bangladesh,,BDT,07/07/2014,77.55,Trading Economics
Official,Bangladesh,,BDT,08/07/2014,77.5,Trading Economics
Official,Bangladesh,,BDT,09/07/2014,77.55,Trading Economics
Official,Bangladesh,,BDT,10/07/2014,77.5,Trading Economics
Official,Bangladesh,,BDT,11/07/2014,77.5,Trading Economics
Official,Bangladesh,,BDT,14/07/2014,77.48,Trading Economics
Official,Bangladesh,,BDT,15/07/2014,77.48,Trading Economics
Official,Bangladesh,,BDT,16/07/2014,77.46,Trading Economics
Official,Bangladesh,,BDT,17/07/2014,77.42,Trading Economics
Official,Bangladesh,,BDT,18/07/2014,77.4,Trading Economics
Official,Bangladesh,,BDT,21/07/2014,77.47,Trading Economics
Official,Bangladesh,,BDT,22/07/2014,77.43,Trading Economics
Official,Bangladesh,,BDT,23/07/2014,77.4,Trading Economics
Official,Bangladesh,,BDT,24/07/2014,77.38,Trading Economics
Official,Bangladesh,,BDT,25/07/2014,77.38,Trading Economics
Official,Bangladesh,,BDT,28/07/2014,77.37,Trading Economics
Official,Bangladesh,,BDT,29/07/2014,77.33,Trading Economics
Official,Bangladesh,,BDT,30/07/2014,77.33,Trading Economics
Official,Bangladesh,,BDT,31/07/2014,77.32,Trading Economics
Official,Bangladesh,,BDT,01/08/2014,77.3,Trading Economics
Official,Bangladesh,,BDT,04/08/2014,77.4,Trading Economics
Official,Bangladesh,,BDT,05/08/2014,77.48,Trading Economics
Official,Bangladesh,,BDT,06/08/2014,77.47,Trading Economics
Official,Bangladesh,,BDT,07/08/2014,77.45,Trading Economics
Official,Bangladesh,,BDT,08/08/2014,77.43,Trading Economics
Official,Bangladesh,,BDT,11/08/2014,77.46,Trading Economics
Official,Bangladesh,,BDT,12/08/2014,77.47,Trading Economics
Official,Bangladesh,,BDT,13/08/2014,77.43,Trading Economics
Official,Bangladesh,,BDT,14/08/2014,77.4,Trading Economics
Official,Bangladesh,,BDT,15/08/2014,77.4,Trading Economics
Official,Bangladesh,,BDT,18/08/2014,77.4,Trading Economics
Official,Bangladesh,,BDT,19/08/2014,77.42,Trading Economics
Official,Bangladesh,,BDT,20/08/2014,77.4,Trading Economics
Official,Bangladesh,,BDT,21/08/2014,77.38,Trading Economics
Official,Bangladesh,,BDT,22/08/2014,77.35,Trading Economics
Official,Bangladesh,,BDT,25/08/2014,77.35,Trading Economics
Official,Bangladesh,,BDT,26/08/2014,77.39,Trading Economics
Official,Bangladesh,,BDT,27/08/2014,77.04,Trading Economics
Official,Bangladesh,,BDT,28/08/2014,77.03,Trading Economics
Official,Bangladesh,,BDT,29/08/2014,77.02,Trading Economics
Official,Bangladesh,,BDT,01/09/2014,77.35,Trading Economics
Official,Bangladesh,,BDT,02/09/2014,77.35,Trading Economics
Official,Bangladesh,,BDT,03/09/2014,77.35,Trading Economics
Official,Bangladesh,,BDT,04/09/2014,77.35,Trading Economics
Official,Bangladesh,,BDT,05/09/2014,77.35,Trading Economics
Official,Bangladesh,,BDT,08/09/2014,77.02,Trading Economics
Official,Bangladesh,,BDT,09/09/2014,77.02,Trading Economics
Official,Bangladesh,,BDT,10/09/2014,77.32,Trading Economics
Official,Bangladesh,,BDT,11/09/2014,77.33,Trading Economics
Official,Bangladesh,,BDT,12/09/2014,77,Trading Economics
Official,Bangladesh,,BDT,15/09/2014,77.02,Trading Economics
Official,Bangladesh,,BDT,16/09/2014,77.02,Trading Economics
Official,Bangladesh,,BDT,17/09/2014,77.33,Trading Economics
Official,Bangladesh,,BDT,18/09/2014,77.32,Trading Economics
Official,Bangladesh,,BDT,19/09/2014,77.3,Trading Economics
Official,Bangladesh,,BDT,22/09/2014,77.27,Trading Economics
Official,Bangladesh,,BDT,23/09/2014,77.25,Trading Economics
Official,Bangladesh,,BDT,24/09/2014,77.23,Trading Economics
Official,Bangladesh,,BDT,25/09/2014,77.32,Trading Economics
Official,Bangladesh,,BDT,26/09/2014,77.32,Trading Economics
Official,Bangladesh,,BDT,29/09/2014,77.15,Trading Economics
Official,Bangladesh,,BDT,30/09/2014,77.32,Trading Economics
Official,Bangladesh,,BDT,01/10/2014,77.32,Trading Economics
Official,Bangladesh,,BDT,02/10/2014,77.3,Trading Economics
Official,Bangladesh,,BDT,03/10/2014,77.3,Trading Economics
Official,Bangladesh,,BDT,06/10/2014,77.3,Trading Economics
Official,Bangladesh,,BDT,07/10/2014,77.3,Trading Economics
Official,Bangladesh,,BDT,08/10/2014,77.33,Trading Economics
Official,Bangladesh,,BDT,09/10/2014,77.33,Trading Economics
Official,Bangladesh,,BDT,10/10/2014,77.33,Trading Economics
Official,Bangladesh,,BDT,13/10/2014,77.32,Trading Economics
Official,Bangladesh,,BDT,14/10/2014,77.33,Trading Economics
Official,Bangladesh,,BDT,15/10/2014,77.25,Trading Economics
Official,Bangladesh,,BDT,16/10/2014,77.25,Trading Economics
Official,Bangladesh,,BDT,17/10/2014,77.25,Trading Economics
Official,Bangladesh,,BDT,20/10/2014,77.3,Trading Economics
Official,Bangladesh,,BDT,21/10/2014,77.3,Trading Economics
Official,Bangladesh,,BDT,22/10/2014,77.33,Trading Economics
Official,Bangladesh,,BDT,23/10/2014,77.33,Trading Economics
Official,Bangladesh,,BDT,24/10/2014,77.33,Trading Economics
Official,Bangladesh,,BDT,27/10/2014,77.3,Trading Economics
Official,Bangladesh,,BDT,28/10/2014,77.3,Trading Economics
Official,Bangladesh,,BDT,29/10/2014,77.3,Trading Economics
Official,Bangladesh,,BDT,30/10/2014,77.3,Trading Economics
Official,Bangladesh,,BDT,31/10/2014,77.3,Trading Economics
Official,Bangladesh,,BDT,03/11/2014,77.27,Trading Economics
Official,Bangladesh,,BDT,04/11/2014,77.2,Trading Economics
Official,Bangladesh,,BDT,05/11/2014,77.2,Trading Economics
Official,Bangladesh,,BDT,06/11/2014,77.2,Trading Economics
Official,Bangladesh,,BDT,07/11/2014,77.2,Trading Economics
Official,Bangladesh,,BDT,10/11/2014,77.2,Trading Economics
Official,Bangladesh,,BDT,11/11/2014,77.18,Trading Economics
Official,Bangladesh,,BDT,12/11/2014,77.2,Trading Economics
Official,Bangladesh,,BDT,13/11/2014,77.2,Trading Economics
Official,Bangladesh,,BDT,14/11/2014,77.2,Trading Economics
Official,Bangladesh,,BDT,17/11/2014,77.2,Trading Economics
Official,Bangladesh,,BDT,18/11/2014,77.2,Trading Economics
Official,Bangladesh,,BDT,19/11/2014,77.2,Trading Economics
Official,Bangladesh,,BDT,20/11/2014,77.2,Trading Economics
Official,Bangladesh,,BDT,21/11/2014,77.2,Trading Economics
Official,Bangladesh,,BDT,24/11/2014,77.18,Trading Economics
Official,Bangladesh,,BDT,25/11/2014,77.18,Trading Economics
Official,Bangladesh,,BDT,26/11/2014,77.18,Trading Economics
Official,Bangladesh,,BDT,27/11/2014,77.18,Trading Economics
Official,Bangladesh,,BDT,28/11/2014,77.18,Trading Economics
Official,Bangladesh,,BDT,01/12/2014,77.2,Trading Economics
Official,Bangladesh,,BDT,02/12/2014,77.2,Trading Economics
Official,Bangladesh,,BDT,03/12/2014,77.18,Trading Economics
Official,Bangladesh,,BDT,04/12/2014,77.2,Trading Economics
Official,Bangladesh,,BDT,05/12/2014,77.17,Trading Economics
Official,Bangladesh,,BDT,08/12/2014,77.2,Trading Economics
Official,Bangladesh,,BDT,09/12/2014,77.2,Trading Economics
Official,Bangladesh,,BDT,10/12/2014,77.2,Trading Economics
Official,Bangladesh,,BDT,11/12/2014,77.17,Trading Economics
Official,Bangladesh,,BDT,12/12/2014,77.2,Trading Economics
Official,Bangladesh,,BDT,15/12/2014,77.2,Trading Economics
Official,Bangladesh,,BDT,16/12/2014,77.2,Trading Economics
Official,Bangladesh,,BDT,17/12/2014,77.18,Trading Economics
Official,Bangladesh,,BDT,18/12/2014,77.2,Trading Economics
Official,Bangladesh,,BDT,19/12/2014,77.2,Trading Economics
Official,Bangladesh,,BDT,22/12/2014,77.85,Trading Economics
Official,Bangladesh,,BDT,23/12/2014,77.83,Trading Economics
Official,Bangladesh,,BDT,24/12/2014,77.82,Trading Economics
Official,Bangladesh,,BDT,25/12/2014,77.82,Trading Economics
Official,Bangladesh,,BDT,26/12/2014,77.8,Trading Economics
Official,Bangladesh,,BDT,29/12/2014,77.8,Trading Economics
Official,Bangladesh,,BDT,30/12/2014,77.77,Trading Economics
Official,Bangladesh,,BDT,31/12/2014,77.8,Trading Economics
Official,Bangladesh,,BDT,01/01/2015,77.8,Trading Economics
Official,Bangladesh,,BDT,02/01/2015,77.77,Trading Economics
Official,Bangladesh,,BDT,05/01/2015,77.75,Trading Economics
Official,Bangladesh,,BDT,06/01/2015,77.88,Trading Economics
Official,Bangladesh,,BDT,07/01/2015,77.75,Trading Economics
Official,Bangladesh,,BDT,08/01/2015,77.75,Trading Economics
Official,Bangladesh,,BDT,09/01/2015,77.75,Trading Economics
Official,Bangladesh,,BDT,12/01/2015,77.7,Trading Economics
Official,Bangladesh,,BDT,13/01/2015,77.75,Trading Economics
Official,Bangladesh,,BDT,14/01/2015,77.72,Trading Economics
Official,Bangladesh,,BDT,15/01/2015,77.73,Trading Economics
Official,Bangladesh,,BDT,16/01/2015,77.75,Trading Economics
Official,Bangladesh,,BDT,19/01/2015,77.73,Trading Economics
Official,Bangladesh,,BDT,20/01/2015,77.75,Trading Economics
Official,Bangladesh,,BDT,21/01/2015,77.75,Trading Economics
Official,Bangladesh,,BDT,22/01/2015,77.75,Trading Economics
Official,Bangladesh,,BDT,23/01/2015,77.75,Trading Economics
Official,Bangladesh,,BDT,26/01/2015,77.74,Trading Economics
Official,Bangladesh,,BDT,27/01/2015,77.67,Trading Economics
Official,Bangladesh,,BDT,28/01/2015,77.75,Trading Economics
Official,Bangladesh,,BDT,29/01/2015,77.35,Trading Economics
Official,Bangladesh,,BDT,30/01/2015,77.35,Trading Economics
Official,Bangladesh,,BDT,02/02/2015,77.7,Trading Economics
Official,Bangladesh,,BDT,03/02/2015,77.7,Trading Economics
Official,Bangladesh,,BDT,04/02/2015,77.7,Trading Economics
Official,Bangladesh,,BDT,05/02/2015,77.75,Trading Economics
Official,Bangladesh,,BDT,06/02/2015,77.75,Trading Economics
Official,Bangladesh,,BDT,09/02/2015,77.75,Trading Economics
Official,Bangladesh,,BDT,10/02/2015,77.73,Trading Economics
Official,Bangladesh,,BDT,11/02/2015,77.75,Trading Economics
Official,Bangladesh,,BDT,12/02/2015,77.75,Trading Economics
Official,Bangladesh,,BDT,13/02/2015,77.75,Trading Economics
Official,Bangladesh,,BDT,16/02/2015,77.77,Trading Economics
Official,Bangladesh,,BDT,17/02/2015,77.78,Trading Economics
Official,Bangladesh,,BDT,18/02/2015,77.8,Trading Economics
Official,Bangladesh,,BDT,19/02/2015,77.8,Trading Economics
Official,Bangladesh,,BDT,20/02/2015,77.8,Trading Economics
Official,Bangladesh,,BDT,23/02/2015,77.78,Trading Economics
Official,Bangladesh,,BDT,24/02/2015,77.8,Trading Economics
Official,Bangladesh,,BDT,25/02/2015,77.78,Trading Economics
Official,Bangladesh,,BDT,26/02/2015,77.78,Trading Economics
Official,Bangladesh,,BDT,27/02/2015,77.8,Trading Economics
Official,Bangladesh,,BDT,02/03/2015,77.78,Trading Economics
Official,Bangladesh,,BDT,03/03/2015,77.78,Trading Economics
Official,Bangladesh,,BDT,04/03/2015,77.78,Trading Economics
Official,Bangladesh,,BDT,05/03/2015,77.7,Trading Economics
Official,Bangladesh,,BDT,06/03/2015,77.68,Trading Economics
Official,Bangladesh,,BDT,09/03/2015,77.65,Trading Economics
Official,Bangladesh,,BDT,10/03/2015,77.8,Trading Economics
Official,Bangladesh,,BDT,11/03/2015,77.8,Trading Economics
Official,Bangladesh,,BDT,12/03/2015,77.8,Trading Economics
Official,Bangladesh,,BDT,13/03/2015,77.8,Trading Economics
Official,Bangladesh,,BDT,16/03/2015,77.8,Trading Economics
Official,Bangladesh,,BDT,17/03/2015,77.8,Trading Economics
Official,Bangladesh,,BDT,18/03/2015,77.8,Trading Economics
Official,Bangladesh,,BDT,19/03/2015,77.78,Trading Economics
Official,Bangladesh,,BDT,20/03/2015,77.8,Trading Economics
Official,Bangladesh,,BDT,23/03/2015,77.8,Trading Economics
Official,Bangladesh,,BDT,24/03/2015,77.8,Trading Economics
Official,Bangladesh,,BDT,25/03/2015,77.8,Trading Economics
Official,Bangladesh,,BDT,26/03/2015,77.8,Trading Economics
Official,Bangladesh,,BDT,27/03/2015,77.8,Trading Economics
Official,Bangladesh,,BDT,30/03/2015,77.8,Trading Economics
Official,Bangladesh,,BDT,31/03/2015,77.8,Trading Economics
Official,Bangladesh,,BDT,01/04/2015,77.8,Trading Economics
Official,Bangladesh,,BDT,02/04/2015,77.78,Trading Economics
Official,Bangladesh,,BDT,03/04/2015,77.8,Trading Economics
Official,Bangladesh,,BDT,06/04/2015,77.8,Trading Economics
Official,Bangladesh,,BDT,07/04/2015,77.8,Trading Economics
Official,Bangladesh,,BDT,08/04/2015,77.8,Trading Economics
Official,Bangladesh,,BDT,09/04/2015,77.8,Trading Economics
Official,Bangladesh,,BDT,10/04/2015,77.78,Trading Economics
Official,Bangladesh,,BDT,13/04/2015,77.78,Trading Economics
Official,Bangladesh,,BDT,14/04/2015,77.8,Trading Economics
Official,Bangladesh,,BDT,15/04/2015,77.78,Trading Economics
Official,Bangladesh,,BDT,16/04/2015,77.74,Trading Economics
Official,Bangladesh,,BDT,17/04/2015,77.73,Trading Economics
Official,Bangladesh,,BDT,20/04/2015,77.78,Trading Economics
Official,Bangladesh,,BDT,21/04/2015,77.78,Trading Economics
Official,Bangladesh,,BDT,22/04/2015,77.78,Trading Economics
Official,Bangladesh,,BDT,23/04/2015,77.78,Trading Economics
Official,Bangladesh,,BDT,24/04/2015,77.78,Trading Economics
Official,Bangladesh,,BDT,27/04/2015,77.78,Trading Economics
Official,Bangladesh,,BDT,28/04/2015,77.8,Trading Economics
Official,Bangladesh,,BDT,29/04/2015,77.78,Trading Economics
Official,Bangladesh,,BDT,30/04/2015,77.8,Trading Economics
Official,Bangladesh,,BDT,01/05/2015,77.78,Trading Economics
Official,Bangladesh,,BDT,04/05/2015,77.8,Trading Economics
Official,Bangladesh,,BDT,05/05/2015,77.8,Trading Economics
Official,Bangladesh,,BDT,06/05/2015,77.78,Trading Economics
Official,Bangladesh,,BDT,07/05/2015,77.75,Trading Economics
Official,Bangladesh,,BDT,08/05/2015,77.8,Trading Economics
Official,Bangladesh,,BDT,11/05/2015,77.75,Trading Economics
Official,Bangladesh,,BDT,12/05/2015,77.75,Trading Economics
Official,Bangladesh,,BDT,13/05/2015,77.73,Trading Economics
Official,Bangladesh,,BDT,14/05/2015,77.8,Trading Economics
Official,Bangladesh,,BDT,15/05/2015,77.77,Trading Economics
Official,Bangladesh,,BDT,18/05/2015,77.73,Trading Economics
Official,Bangladesh,,BDT,19/05/2015,77.73,Trading Economics
Official,Bangladesh,,BDT,20/05/2015,77.75,Trading Economics
Official,Bangladesh,,BDT,21/05/2015,77.75,Trading Economics
Official,Bangladesh,,BDT,22/05/2015,77.75,Trading Economics
Official,Bangladesh,,BDT,25/05/2015,77.75,Trading Economics
Official,Bangladesh,,BDT,26/05/2015,77.72,Trading Economics
Official,Bangladesh,,BDT,27/05/2015,77.75,Trading Economics
Official,Bangladesh,,BDT,28/05/2015,77.75,Trading Economics
Official,Bangladesh,,BDT,29/05/2015,77.75,Trading Economics
Official,Bangladesh,,BDT,01/06/2015,77.75,Trading Economics
Official,Bangladesh,,BDT,02/06/2015,77.75,Trading Economics
Official,Bangladesh,,BDT,03/06/2015,77.75,Trading Economics
Official,Bangladesh,,BDT,04/06/2015,77.75,Trading Economics
Official,Bangladesh,,BDT,05/06/2015,77.75,Trading Economics
Official,Bangladesh,,BDT,08/06/2015,77.65,Trading Economics
Official,Bangladesh,,BDT,09/06/2015,77.7,Trading Economics
Official,Bangladesh,,BDT,10/06/2015,77.75,Trading Economics
Official,Bangladesh,,BDT,11/06/2015,77.68,Trading Economics
Official,Bangladesh,,BDT,12/06/2015,77.65,Trading Economics
Official,Bangladesh,,BDT,15/06/2015,77.68,Trading Economics
Official,Bangladesh,,BDT,16/06/2015,77.73,Trading Economics
Official,Bangladesh,,BDT,17/06/2015,77.66,Trading Economics
Official,Bangladesh,,BDT,18/06/2015,77.73,Trading Economics
Official,Bangladesh,,BDT,19/06/2015,77.73,Trading Economics
Official,Bangladesh,,BDT,22/06/2015,77.74,Trading Economics
Official,Bangladesh,,BDT,23/06/2015,77.74,Trading Economics
Official,Bangladesh,,BDT,24/06/2015,77.73,Trading Economics
Official,Bangladesh,,BDT,25/06/2015,77.68,Trading Economics
Official,Bangladesh,,BDT,26/06/2015,77.72,Trading Economics
Official,Bangladesh,,BDT,29/06/2015,77.73,Trading Economics
Official,Bangladesh,,BDT,30/06/2015,77.73,Trading Economics
Official,Bangladesh,,BDT,01/07/2015,77.75,Trading Economics
Official,Bangladesh,,BDT,02/07/2015,77.73,Trading Economics
Official,Bangladesh,,BDT,03/07/2015,77.74,Trading Economics
Official,Bangladesh,,BDT,06/07/2015,77.74,Trading Economics
Official,Bangladesh,,BDT,07/07/2015,77.75,Trading Economics
Official,Bangladesh,,BDT,08/07/2015,77.74,Trading Economics
Official,Bangladesh,,BDT,09/07/2015,77.75,Trading Economics
Official,Bangladesh,,BDT,10/07/2015,77.73,Trading Economics
Official,Bangladesh,,BDT,13/07/2015,77.7,Trading Economics
Official,Bangladesh,,BDT,14/07/2015,77.7,Trading Economics
Official,Bangladesh,,BDT,15/07/2015,77.69,Trading Economics
Official,Bangladesh,,BDT,16/07/2015,77.72,Trading Economics
Official,Bangladesh,,BDT,17/07/2015,77.69,Trading Economics
Official,Bangladesh,,BDT,20/07/2015,77.67,Trading Economics
Official,Bangladesh,,BDT,21/07/2015,77.63,Trading Economics
Official,Bangladesh,,BDT,22/07/2015,77.72,Trading Economics
Official,Bangladesh,,BDT,23/07/2015,77.74,Trading Economics
Official,Bangladesh,,BDT,24/07/2015,77.68,Trading Economics
Official,Bangladesh,,BDT,27/07/2015,77.63,Trading Economics
Official,Bangladesh,,BDT,28/07/2015,77.63,Trading Economics
Official,Bangladesh,,BDT,29/07/2015,77.74,Trading Economics
Official,Bangladesh,,BDT,30/07/2015,77.73,Trading Economics
Official,Bangladesh,,BDT,31/07/2015,77.75,Trading Economics
Official,Bangladesh,,BDT,03/08/2015,77.77,Trading Economics
Official,Bangladesh,,BDT,04/08/2015,77.75,Trading Economics
Official,Bangladesh,,BDT,05/08/2015,77.78,Trading Economics
Official,Bangladesh,,BDT,06/08/2015,77.75,Trading Economics
Official,Bangladesh,,BDT,07/08/2015,77.74,Trading Economics
Official,Bangladesh,,BDT,10/08/2015,77.73,Trading Economics
Official,Bangladesh,,BDT,11/08/2015,77.74,Trading Economics
Official,Bangladesh,,BDT,12/08/2015,77.72,Trading Economics
Official,Bangladesh,,BDT,13/08/2015,77.73,Trading Economics
Official,Bangladesh,,BDT,14/08/2015,77.73,Trading Economics
Official,Bangladesh,,BDT,17/08/2015,77.74,Trading Economics
Official,Bangladesh,,BDT,18/08/2015,77.73,Trading Economics
Official,Bangladesh,,BDT,19/08/2015,77.75,Trading Economics
Official,Bangladesh,,BDT,20/08/2015,77.74,Trading Economics
Official,Bangladesh,,BDT,21/08/2015,77.72,Trading Economics
Official,Bangladesh,,BDT,24/08/2015,77.73,Trading Economics
Official,Bangladesh,,BDT,25/08/2015,77.75,Trading Economics
Official,Bangladesh,,BDT,26/08/2015,77.75,Trading Economics
Official,Bangladesh,,BDT,27/08/2015,77.73,Trading Economics
Official,Bangladesh,,BDT,28/08/2015,77.78,Trading Economics
Official,Bangladesh,,BDT,31/08/2015,77.75,Trading Economics
Official,Bangladesh,,BDT,01/09/2015,77.75,Trading Economics
Official,Bangladesh,,BDT,02/09/2015,77.73,Trading Economics
Official,Bangladesh,,BDT,03/09/2015,77.73,Trading Economics
Official,Bangladesh,,BDT,04/09/2015,77.75,Trading Economics
Official,Bangladesh,,BDT,07/09/2015,77.74,Trading Economics
Official,Bangladesh,,BDT,08/09/2015,77.76,Trading Economics
Official,Bangladesh,,BDT,09/09/2015,77.73,Trading Economics
Official,Bangladesh,,BDT,10/09/2015,77.77,Trading Economics
Official,Bangladesh,,BDT,11/09/2015,77.75,Trading Economics
Official,Bangladesh,,BDT,14/09/2015,77.73,Trading Economics
Official,Bangladesh,,BDT,15/09/2015,77.74,Trading Economics
Official,Bangladesh,,BDT,16/09/2015,77.73,Trading Economics
Official,Bangladesh,,BDT,17/09/2015,77.73,Trading Economics
Official,Bangladesh,,BDT,18/09/2015,77.75,Trading Economics
Official,Bangladesh,,BDT,21/09/2015,77.75,Trading Economics
Official,Bangladesh,,BDT,22/09/2015,77.74,Trading Economics
Official,Bangladesh,,BDT,23/09/2015,77.7,Trading Economics
Official,Bangladesh,,BDT,24/09/2015,77.75,Trading Economics
Official,Bangladesh,,BDT,25/09/2015,77.73,Trading Economics
Official,Bangladesh,,BDT,28/09/2015,77.75,Trading Economics
Official,Bangladesh,,BDT,29/09/2015,77.65,Trading Economics
Official,Bangladesh,,BDT,30/09/2015,77.75,Trading Economics
Official,Bangladesh,,BDT,01/10/2015,77.73,Trading Economics
Official,Bangladesh,,BDT,02/10/2015,77.75,Trading Economics
Official,Bangladesh,,BDT,05/10/2015,77.75,Trading Economics
Official,Bangladesh,,BDT,06/10/2015,77.7,Trading Economics
Official,Bangladesh,,BDT,07/10/2015,76.97,Trading Economics
Official,Bangladesh,,BDT,08/10/2015,77.63,Trading Economics
Official,Bangladesh,,BDT,09/10/2015,77.65,Trading Economics
Official,Bangladesh,,BDT,12/10/2015,77.63,Trading Economics
Official,Bangladesh,,BDT,13/10/2015,77.74,Trading Economics
Official,Bangladesh,,BDT,14/10/2015,77.72,Trading Economics
Official,Bangladesh,,BDT,15/10/2015,77.74,Trading Economics
Official,Bangladesh,,BDT,16/10/2015,77.75,Trading Economics
Official,Bangladesh,,BDT,19/10/2015,77.75,Trading Economics
Official,Bangladesh,,BDT,20/10/2015,77.72,Trading Economics
Official,Bangladesh,,BDT,21/10/2015,77.74,Trading Economics
Official,Bangladesh,,BDT,22/10/2015,77.74,Trading Economics
Official,Bangladesh,,BDT,23/10/2015,77.75,Trading Economics
Official,Bangladesh,,BDT,26/10/2015,77.77,Trading Economics
Official,Bangladesh,,BDT,27/10/2015,77.73,Trading Economics
Official,Bangladesh,,BDT,28/10/2015,77.76,Trading Economics
Official,Bangladesh,,BDT,29/10/2015,77.72,Trading Economics
Official,Bangladesh,,BDT,30/10/2015,77.77,Trading Economics
Official,Bangladesh,,BDT,02/11/2015,77.75,Trading Economics
Official,Bangladesh,,BDT,03/11/2015,78.14,Trading Economics
Official,Bangladesh,,BDT,04/11/2015,78.08,Trading Economics
Official,Bangladesh,,BDT,05/11/2015,78.19,Trading Economics
Official,Bangladesh,,BDT,06/11/2015,78.05,Trading Economics
Official,Bangladesh,,BDT,09/11/2015,78.02,Trading Economics
Official,Bangladesh,,BDT,10/11/2015,77.98,Trading Economics
Official,Bangladesh,,BDT,11/11/2015,77.97,Trading Economics
Official,Bangladesh,,BDT,12/11/2015,77.95,Trading Economics
Official,Bangladesh,,BDT,13/11/2015,77.93,Trading Economics
Official,Bangladesh,,BDT,16/11/2015,77.94,Trading Economics
Official,Bangladesh,,BDT,17/11/2015,77.38,Trading Economics
Official,Bangladesh,,BDT,18/11/2015,77.35,Trading Economics
Official,Bangladesh,,BDT,19/11/2015,77.33,Trading Economics
Official,Bangladesh,,BDT,20/11/2015,77.33,Trading Economics
Official,Bangladesh,,BDT,23/11/2015,77.3,Trading Economics
Official,Bangladesh,,BDT,24/11/2015,77.27,Trading Economics
Official,Bangladesh,,BDT,25/11/2015,77.25,Trading Economics
Official,Bangladesh,,BDT,26/11/2015,77.25,Trading Economics
Official,Bangladesh,,BDT,27/11/2015,78,Trading Economics
Official,Bangladesh,,BDT,30/11/2015,77.97,Trading Economics
Official,Bangladesh,,BDT,01/12/2015,77.97,Trading Economics
Official,Bangladesh,,BDT,02/12/2015,78.15,Trading Economics
Official,Bangladesh,,BDT,03/12/2015,78.1,Trading Economics
Official,Bangladesh,,BDT,04/12/2015,78.08,Trading Economics
Official,Bangladesh,,BDT,07/12/2015,78.03,Trading Economics
Official,Bangladesh,,BDT,08/12/2015,78,Trading Economics
Official,Bangladesh,,BDT,09/12/2015,78,Trading Economics
Official,Bangladesh,,BDT,10/12/2015,78.1,Trading Economics
Official,Bangladesh,,BDT,11/12/2015,78.07,Trading Economics
Official,Bangladesh,,BDT,14/12/2015,78.06,Trading Economics
Official,Bangladesh,,BDT,15/12/2015,77.96,Trading Economics
Official,Bangladesh,,BDT,16/12/2015,77.98,Trading Economics
Official,Bangladesh,,BDT,17/12/2015,78.1,Trading Economics
Official,Bangladesh,,BDT,18/12/2015,78.07,Trading Economics
Official,Bangladesh,,BDT,21/12/2015,78.05,Trading Economics
Official,Bangladesh,,BDT,22/12/2015,78.02,Trading Economics
Official,Bangladesh,,BDT,23/12/2015,78.5,Trading Economics
Official,Bangladesh,,BDT,24/12/2015,78.48,Trading Economics
Official,Bangladesh,,BDT,25/12/2015,78.48,Trading Economics
Official,Bangladesh,,BDT,28/12/2015,78.12,Trading Economics
Official,Bangladesh,,BDT,29/12/2015,78.1,Trading Economics
Official,Bangladesh,,BDT,30/12/2015,78.08,Trading Economics
Official,Bangladesh,,BDT,31/12/2015,78.08,Trading Economics
Official,Bangladesh,,BDT,01/01/2016,78.08,Trading Economics
Official,Bangladesh,,BDT,04/01/2016,78.37,Trading Economics
Official,Bangladesh,,BDT,05/01/2016,78.33,Trading Economics
Official,Bangladesh,,BDT,06/01/2016,78.38,Trading Economics
Official,Bangladesh,,BDT,07/01/2016,78.3,Trading Economics
Official,Bangladesh,,BDT,08/01/2016,78.27,Trading Economics
Official,Bangladesh,,BDT,11/01/2016,78.33,Trading Economics
Official,Bangladesh,,BDT,12/01/2016,78.27,Trading Economics
Official,Bangladesh,,BDT,13/01/2016,78.35,Trading Economics
Official,Bangladesh,,BDT,14/01/2016,78.43,Trading Economics
Official,Bangladesh,,BDT,15/01/2016,78.42,Trading Economics
Official,Bangladesh,,BDT,18/01/2016,78.4,Trading Economics
Official,Bangladesh,,BDT,19/01/2016,78.43,Trading Economics
Official,Bangladesh,,BDT,20/01/2016,78.43,Trading Economics
Official,Bangladesh,,BDT,21/01/2016,78.38,Trading Economics
Official,Bangladesh,,BDT,22/01/2016,78.35,Trading Economics
Official,Bangladesh,,BDT,25/01/2016,78.4,Trading Economics
Official,Bangladesh,,BDT,26/01/2016,78.35,Trading Economics
Official,Bangladesh,,BDT,27/01/2016,78.33,Trading Economics
Official,Bangladesh,,BDT,28/01/2016,78.35,Trading Economics
Official,Bangladesh,,BDT,29/01/2016,78.33,Trading Economics
Official,Bangladesh,,BDT,01/02/2016,78.3,Trading Economics
Official,Bangladesh,,BDT,02/02/2016,78.53,Trading Economics
Official,Bangladesh,,BDT,03/02/2016,78.52,Trading Economics
Official,Bangladesh,,BDT,04/02/2016,78.48,Trading Economics
Official,Bangladesh,,BDT,05/02/2016,78.47,Trading Economics
Official,Bangladesh,,BDT,08/02/2016,78.68,Trading Economics
Official,Bangladesh,,BDT,09/02/2016,78.65,Trading Economics
Official,Bangladesh,,BDT,10/02/2016,78.58,Trading Economics
Official,Bangladesh,,BDT,11/02/2016,78.57,Trading Economics
Official,Bangladesh,,BDT,12/02/2016,78.4,Trading Economics
Official,Bangladesh,,BDT,15/02/2016,78.4,Trading Economics
Official,Bangladesh,,BDT,16/02/2016,78.38,Trading Economics
Official,Bangladesh,,BDT,17/02/2016,78.4,Trading Economics
Official,Bangladesh,,BDT,18/02/2016,78.5,Trading Economics
Official,Bangladesh,,BDT,19/02/2016,78.4,Trading Economics
Official,Bangladesh,,BDT,22/02/2016,78.42,Trading Economics
Official,Bangladesh,,BDT,23/02/2016,78.36,Trading Economics
Official,Bangladesh,,BDT,24/02/2016,78.37,Trading Economics
Official,Bangladesh,,BDT,25/02/2016,78.35,Trading Economics
Official,Bangladesh,,BDT,26/02/2016,78.33,Trading Economics
Official,Bangladesh,,BDT,29/02/2016,78.35,Trading Economics
Official,Bangladesh,,BDT,01/03/2016,78.32,Trading Economics
Official,Bangladesh,,BDT,02/03/2016,78.38,Trading Economics
Official,Bangladesh,,BDT,03/03/2016,78.37,Trading Economics
Official,Bangladesh,,BDT,04/03/2016,78.36,Trading Economics
Official,Bangladesh,,BDT,07/03/2016,78.34,Trading Economics
Official,Bangladesh,,BDT,08/03/2016,78.33,Trading Economics
Official,Bangladesh,,BDT,09/03/2016,78.32,Trading Economics
Official,Bangladesh,,BDT,10/03/2016,78.33,Trading Economics
Official,Bangladesh,,BDT,11/03/2016,78.32,Trading Economics
Official,Bangladesh,,BDT,14/03/2016,78.3,Trading Economics
Official,Bangladesh,,BDT,15/03/2016,78.28,Trading Economics
Official,Bangladesh,,BDT,16/03/2016,78.27,Trading Economics
Official,Bangladesh,,BDT,17/03/2016,78.26,Trading Economics
Official,Bangladesh,,BDT,18/03/2016,78.25,Trading Economics
Official,Bangladesh,,BDT,21/03/2016,78.23,Trading Economics
Official,Bangladesh,,BDT,22/03/2016,78.21,Trading Economics
Official,Bangladesh,,BDT,23/03/2016,78.2,Trading Economics
Official,Bangladesh,,BDT,24/03/2016,78.33,Trading Economics
Official,Bangladesh,,BDT,25/03/2016,78.33,Trading Economics
Official,Bangladesh,,BDT,28/03/2016,78.3,Trading Economics
Official,Bangladesh,,BDT,29/03/2016,78.27,Trading Economics
Official,Bangladesh,,BDT,30/03/2016,78.25,Trading Economics
Official,Bangladesh,,BDT,31/03/2016,78.22,Trading Economics
Official,Bangladesh,,BDT,01/04/2016,78.18,Trading Economics
Official,Bangladesh,,BDT,04/04/2016,78.16,Trading Economics
Official,Bangladesh,,BDT,05/04/2016,78.32,Trading Economics
Official,Bangladesh,,BDT,06/04/2016,78.3,Trading Economics
Official,Bangladesh,,BDT,07/04/2016,78.27,Trading Economics
Official,Bangladesh,,BDT,08/04/2016,78.25,Trading Economics
Official,Bangladesh,,BDT,11/04/2016,78.32,Trading Economics
Official,Bangladesh,,BDT,12/04/2016,78.26,Trading Economics
Official,Bangladesh,,BDT,13/04/2016,78.29,Trading Economics
Official,Bangladesh,,BDT,14/04/2016,78.28,Trading Economics
Official,Bangladesh,,BDT,15/04/2016,78.27,Trading Economics
Official,Bangladesh,,BDT,18/04/2016,78.27,Trading Economics
Official,Bangladesh,,BDT,19/04/2016,78.32,Trading Economics
Official,Bangladesh,,BDT,20/04/2016,78.3,Trading Economics
Official,Bangladesh,,BDT,21/04/2016,78.25,Trading Economics
Official,Bangladesh,,BDT,22/04/2016,78.25,Trading Economics
Official,Bangladesh,,BDT,25/04/2016,78.23,Trading Economics
Official,Bangladesh,,BDT,26/04/2016,78.33,Trading Economics
Official,Bangladesh,,BDT,27/04/2016,78.3,Trading Economics
Official,Bangladesh,,BDT,28/04/2016,78.32,Trading Economics
Official,Bangladesh,,BDT,29/04/2016,78.27,Trading Economics
Official,Bangladesh,,BDT,02/05/2016,78.27,Trading Economics
Official,Bangladesh,,BDT,03/05/2016,78.3,Trading Economics
Official,Bangladesh,,BDT,04/05/2016,78.27,Trading Economics
Official,Bangladesh,,BDT,05/05/2016,78.3,Trading Economics
Official,Bangladesh,,BDT,06/05/2016,78.27,Trading Economics
Official,Bangladesh,,BDT,09/05/2016,78.28,Trading Economics
Official,Bangladesh,,BDT,10/05/2016,78.5,Trading Economics
Official,Bangladesh,,BDT,11/05/2016,78.5,Trading Economics
Official,Bangladesh,,BDT,12/05/2016,78.6,Trading Economics
Official,Bangladesh,,BDT,13/05/2016,78.61,Trading Economics
Official,Bangladesh,,BDT,16/05/2016,78.6,Trading Economics
Official,Bangladesh,,BDT,17/05/2016,78.42,Trading Economics
Official,Bangladesh,,BDT,18/05/2016,78.5,Trading Economics
Official,Bangladesh,,BDT,19/05/2016,78.58,Trading Economics
Official,Bangladesh,,BDT,20/05/2016,78.27,Trading Economics
Official,Bangladesh,,BDT,23/05/2016,78.49,Trading Economics
Official,Bangladesh,,BDT,24/05/2016,78.47,Trading Economics
Official,Bangladesh,,BDT,25/05/2016,78.58,Trading Economics
Official,Bangladesh,,BDT,26/05/2016,78.6,Trading Economics
Official,Bangladesh,,BDT,27/05/2016,78.42,Trading Economics
Official,Bangladesh,,BDT,30/05/2016,78.42,Trading Economics
Official,Bangladesh,,BDT,31/05/2016,78.6,Trading Economics
Official,Bangladesh,,BDT,01/06/2016,78.4,Trading Economics
Official,Bangladesh,,BDT,02/06/2016,78.45,Trading Economics
Official,Bangladesh,,BDT,03/06/2016,78.58,Trading Economics
Official,Bangladesh,,BDT,06/06/2016,78.6,Trading Economics
Official,Bangladesh,,BDT,07/06/2016,78.57,Trading Economics
Official,Bangladesh,,BDT,08/06/2016,78.58,Trading Economics
Official,Bangladesh,,BDT,09/06/2016,78.52,Trading Economics
Official,Bangladesh,,BDT,10/06/2016,78.58,Trading Economics
Official,Bangladesh,,BDT,13/06/2016,78.34,Trading Economics
Official,Bangladesh,,BDT,14/06/2016,78.34,Trading Economics
Official,Bangladesh,,BDT,15/06/2016,78.21,Trading Economics
Official,Bangladesh,,BDT,16/06/2016,78.35,Trading Economics
Official,Bangladesh,,BDT,17/06/2016,78.52,Trading Economics
Official,Bangladesh,,BDT,20/06/2016,78.38,Trading Economics
Official,Bangladesh,,BDT,21/06/2016,78.38,Trading Economics
Official,Bangladesh,,BDT,22/06/2016,78.4,Trading Economics
Official,Bangladesh,,BDT,23/06/2016,78.43,Trading Economics
Official,Bangladesh,,BDT,24/06/2016,78.41,Trading Economics
Official,Bangladesh,,BDT,27/06/2016,78.44,Trading Economics
Official,Bangladesh,,BDT,28/06/2016,78.37,Trading Economics
Official,Bangladesh,,BDT,29/06/2016,78.35,Trading Economics
Official,Bangladesh,,BDT,30/06/2016,78.33,Trading Economics
Official,Bangladesh,,BDT,01/07/2016,78.28,Trading Economics
Official,Bangladesh,,BDT,04/07/2016,78.28,Trading Economics
Official,Bangladesh,,BDT,05/07/2016,78.25,Trading Economics
Official,Bangladesh,,BDT,06/07/2016,78.17,Trading Economics
Official,Bangladesh,,BDT,07/07/2016,78.17,Trading Economics
Official,Bangladesh,,BDT,08/07/2016,78.17,Trading Economics
Official,Bangladesh,,BDT,11/07/2016,78.32,Trading Economics
Official,Bangladesh,,BDT,12/07/2016,78.22,Trading Economics
Official,Bangladesh,,BDT,13/07/2016,78.38,Trading Economics
Official,Bangladesh,,BDT,14/07/2016,78.27,Trading Economics
Official,Bangladesh,,BDT,15/07/2016,78.27,Trading Economics
Official,Bangladesh,,BDT,18/07/2016,78.37,Trading Economics
Official,Bangladesh,,BDT,19/07/2016,78.4,Trading Economics
Official,Bangladesh,,BDT,20/07/2016,78.17,Trading Economics
Official,Bangladesh,,BDT,21/07/2016,78.32,Trading Economics
Official,Bangladesh,,BDT,22/07/2016,78.33,Trading Economics
Official,Bangladesh,,BDT,25/07/2016,78.3,Trading Economics
Official,Bangladesh,,BDT,26/07/2016,78.32,Trading Economics
Official,Bangladesh,,BDT,27/07/2016,78.38,Trading Economics
Official,Bangladesh,,BDT,28/07/2016,78.39,Trading Economics
Official,Bangladesh,,BDT,29/07/2016,78.32,Trading Economics
Official,Bangladesh,,BDT,01/08/2016,78.28,Trading Economics
Official,Bangladesh,,BDT,02/08/2016,78.23,Trading Economics
Official,Bangladesh,,BDT,03/08/2016,78.33,Trading Economics
Official,Bangladesh,,BDT,04/08/2016,78.3,Trading Economics
Official,Bangladesh,,BDT,05/08/2016,78.31,Trading Economics
Official,Bangladesh,,BDT,08/08/2016,78.17,Trading Economics
Official,Bangladesh,,BDT,09/08/2016,78.32,Trading Economics
Official,Bangladesh,,BDT,10/08/2016,78.3,Trading Economics
Official,Bangladesh,,BDT,11/08/2016,78.27,Trading Economics
Official,Bangladesh,,BDT,12/08/2016,78.29,Trading Economics
Official,Bangladesh,,BDT,15/08/2016,78.27,Trading Economics
Official,Bangladesh,,BDT,16/08/2016,78.3,Trading Economics
Official,Bangladesh,,BDT,17/08/2016,78.17,Trading Economics
Official,Bangladesh,,BDT,18/08/2016,78.27,Trading Economics
Official,Bangladesh,,BDT,19/08/2016,78.26,Trading Economics
Official,Bangladesh,,BDT,22/08/2016,78.3,Trading Economics
Official,Bangladesh,,BDT,23/08/2016,78.15,Trading Economics
Official,Bangladesh,,BDT,24/08/2016,78.2,Trading Economics
Official,Bangladesh,,BDT,25/08/2016,78.26,Trading Economics
Official,Bangladesh,,BDT,26/08/2016,78.26,Trading Economics
Official,Bangladesh,,BDT,29/08/2016,78.38,Trading Economics
Official,Bangladesh,,BDT,30/08/2016,78.23,Trading Economics
Official,Bangladesh,,BDT,31/08/2016,78.35,Trading Economics
Official,Bangladesh,,BDT,01/09/2016,78.31,Trading Economics
Official,Bangladesh,,BDT,02/09/2016,78.28,Trading Economics
Official,Bangladesh,,BDT,05/09/2016,78.28,Trading Economics
Official,Bangladesh,,BDT,06/09/2016,78.17,Trading Economics
Official,Bangladesh,,BDT,07/09/2016,78.33,Trading Economics
Official,Bangladesh,,BDT,08/09/2016,78.17,Trading Economics
Official,Bangladesh,,BDT,09/09/2016,78.26,Trading Economics
Official,Bangladesh,,BDT,12/09/2016,78.25,Trading Economics
Official,Bangladesh,,BDT,13/09/2016,78.26,Trading Economics
Official,Bangladesh,,BDT,14/09/2016,78.17,Trading Economics
Official,Bangladesh,,BDT,15/09/2016,78.35,Trading Economics
Official,Bangladesh,,BDT,16/09/2016,78.29,Trading Economics
Official,Bangladesh,,BDT,19/09/2016,78.37,Trading Economics
Official,Bangladesh,,BDT,20/09/2016,78.28,Trading Economics
Official,Bangladesh,,BDT,21/09/2016,78.22,Trading Economics
Official,Bangladesh,,BDT,22/09/2016,78.22,Trading Economics
Official,Bangladesh,,BDT,23/09/2016,78.43,Trading Economics
Official,Bangladesh,,BDT,26/09/2016,78.39,Trading Economics
Official,Bangladesh,,BDT,27/09/2016,78.45,Trading Economics
Official,Bangladesh,,BDT,28/09/2016,78.46,Trading Economics
Official,Bangladesh,,BDT,29/09/2016,78.29,Trading Economics
Official,Bangladesh,,BDT,30/09/2016,78.43,Trading Economics
Official,Bangladesh,,BDT,03/10/2016,78.4,Trading Economics
Official,Bangladesh,,BDT,04/10/2016,78.27,Trading Economics
Official,Bangladesh,,BDT,05/10/2016,78.37,Trading Economics
Official,Bangladesh,,BDT,06/10/2016,78.35,Trading Economics
Official,Bangladesh,,BDT,07/10/2016,78.31,Trading Economics
Official,Bangladesh,,BDT,10/10/2016,78.38,Trading Economics
Official,Bangladesh,,BDT,11/10/2016,78.32,Trading Economics
Official,Bangladesh,,BDT,12/10/2016,78.24,Trading Economics
Official,Bangladesh,,BDT,13/10/2016,78.24,Trading Economics
Official,Bangladesh,,BDT,14/10/2016,78.33,Trading Economics
Official,Bangladesh,,BDT,17/10/2016,78.38,Trading Economics
Official,Bangladesh,,BDT,18/10/2016,78.43,Trading Economics
Official,Bangladesh,,BDT,19/10/2016,78.27,Trading Economics
Official,Bangladesh,,BDT,20/10/2016,78.35,Trading Economics
Official,Bangladesh,,BDT,21/10/2016,78.28,Trading Economics
Official,Bangladesh,,BDT,24/10/2016,78.4,Trading Economics
Official,Bangladesh,,BDT,25/10/2016,78.39,Trading Economics
Official,Bangladesh,,BDT,26/10/2016,78.34,Trading Economics
Official,Bangladesh,,BDT,27/10/2016,78.43,Trading Economics
Official,Bangladesh,,BDT,28/10/2016,78.32,Trading Economics
Official,Bangladesh,,BDT,31/10/2016,78.23,Trading Economics
Official,Bangladesh,,BDT,01/11/2016,78.33,Trading Economics
Official,Bangladesh,,BDT,02/11/2016,78.4,Trading Economics
Official,Bangladesh,,BDT,03/11/2016,78.36,Trading Economics
Official,Bangladesh,,BDT,04/11/2016,78.36,Trading Economics
Official,Bangladesh,,BDT,07/11/2016,78.4,Trading Economics
Official,Bangladesh,,BDT,08/11/2016,78.52,Trading Economics
Official,Bangladesh,,BDT,09/11/2016,78.4,Trading Economics
Official,Bangladesh,,BDT,10/11/2016,78.41,Trading Economics
Official,Bangladesh,,BDT,11/11/2016,78.45,Trading Economics
Official,Bangladesh,,BDT,14/11/2016,78.44,Trading Economics
Official,Bangladesh,,BDT,15/11/2016,78.75,Trading Economics
Official,Bangladesh,,BDT,16/11/2016,78.66,Trading Economics
Official,Bangladesh,,BDT,17/11/2016,78.67,Trading Economics
Official,Bangladesh,,BDT,18/11/2016,78.65,Trading Economics
Official,Bangladesh,,BDT,21/11/2016,79.08,Trading Economics
Official,Bangladesh,,BDT,22/11/2016,78.94,Trading Economics
Official,Bangladesh,,BDT,23/11/2016,79.2,Trading Economics
Official,Bangladesh,,BDT,24/11/2016,79.19,Trading Economics
Official,Bangladesh,,BDT,25/11/2016,79.14,Trading Economics
Official,Bangladesh,,BDT,28/11/2016,79.13,Trading Economics
Official,Bangladesh,,BDT,29/11/2016,79.27,Trading Economics
Official,Bangladesh,,BDT,30/11/2016,79.11,Trading Economics
Official,Bangladesh,,BDT,01/12/2016,79.47,Trading Economics
Official,Bangladesh,,BDT,02/12/2016,79.45,Trading Economics
Official,Bangladesh,,BDT,05/12/2016,79.29,Trading Economics
Official,Bangladesh,,BDT,06/12/2016,79.5,Trading Economics
Official,Bangladesh,,BDT,07/12/2016,79.53,Trading Economics
Official,Bangladesh,,BDT,08/12/2016,79.29,Trading Economics
Official,Bangladesh,,BDT,09/12/2016,79.59,Trading Economics
Official,Bangladesh,,BDT,12/12/2016,79.25,Trading Economics
Official,Bangladesh,,BDT,13/12/2016,79.29,Trading Economics
Official,Bangladesh,,BDT,14/12/2016,79.35,Trading Economics
Official,Bangladesh,,BDT,15/12/2016,79.32,Trading Economics
Official,Bangladesh,,BDT,16/12/2016,79.29,Trading Economics
Official,Bangladesh,,BDT,19/12/2016,79.13,Trading Economics
Official,Bangladesh,,BDT,20/12/2016,78.57,Trading Economics
Official,Bangladesh,,BDT,21/12/2016,79,Trading Economics
Official,Bangladesh,,BDT,22/12/2016,78.95,Trading Economics
Official,Bangladesh,,BDT,23/12/2016,78.96,Trading Economics
Official,Bangladesh,,BDT,26/12/2016,78.95,Trading Economics
Official,Bangladesh,,BDT,27/12/2016,78.92,Trading Economics
Official,Bangladesh,,BDT,28/12/2016,78.92,Trading Economics
Official,Bangladesh,,BDT,29/12/2016,78.89,Trading Economics
Official,Bangladesh,,BDT,30/12/2016,78.92,Trading Economics
Official,Bangladesh,,BDT,02/01/2017,78.88,Trading Economics
Official,Bangladesh,,BDT,03/01/2017,79.29,Trading Economics
Official,Bangladesh,,BDT,04/01/2017,79,Trading Economics
Official,Bangladesh,,BDT,05/01/2017,79.08,Trading Economics
Official,Bangladesh,,BDT,06/01/2017,79.08,Trading Economics
Official,Bangladesh,,BDT,09/01/2017,78.87,Trading Economics
Official,Bangladesh,,BDT,10/01/2017,78.71,Trading Economics
Official,Bangladesh,,BDT,11/01/2017,79.15,Trading Economics
Official,Bangladesh,,BDT,12/01/2017,79.14,Trading Economics
Official,Bangladesh,,BDT,13/01/2017,79.18,Trading Economics
Official,Bangladesh,,BDT,16/01/2017,79.16,Trading Economics
Official,Bangladesh,,BDT,17/01/2017,79.1,Trading Economics
Official,Bangladesh,,BDT,18/01/2017,79.22,Trading Economics
Official,Bangladesh,,BDT,19/01/2017,79.01,Trading Economics
Official,Bangladesh,,BDT,20/01/2017,79.2,Trading Economics
Official,Bangladesh,,BDT,23/01/2017,79.32,Trading Economics
Official,Bangladesh,,BDT,24/01/2017,79.27,Trading Economics
Official,Bangladesh,,BDT,25/01/2017,79.12,Trading Economics
Official,Bangladesh,,BDT,26/01/2017,79.12,Trading Economics
Official,Bangladesh,,BDT,27/01/2017,79.33,Trading Economics
Official,Bangladesh,,BDT,30/01/2017,79.25,Trading Economics
Official,Bangladesh,,BDT,31/01/2017,79.49,Trading Economics
Official,Bangladesh,,BDT,01/02/2017,79.48,Trading Economics
Official,Bangladesh,,BDT,02/02/2017,79.55,Trading Economics
Official,Bangladesh,,BDT,03/02/2017,79.55,Trading Economics
Official,Bangladesh,,BDT,06/02/2017,79.54,Trading Economics
Official,Bangladesh,,BDT,07/02/2017,79.54,Trading Economics
Official,Bangladesh,,BDT,08/02/2017,79.62,Trading Economics
Official,Bangladesh,,BDT,09/02/2017,79.67,Trading Economics
Official,Bangladesh,,BDT,10/02/2017,79.67,Trading Economics
Official,Bangladesh,,BDT,13/02/2017,79.82,Trading Economics
Official,Bangladesh,,BDT,14/02/2017,79.66,Trading Economics
Official,Bangladesh,,BDT,15/02/2017,79.72,Trading Economics
Official,Bangladesh,,BDT,16/02/2017,80.1,Trading Economics
Official,Bangladesh,,BDT,17/02/2017,80.09,Trading Economics
Official,Bangladesh,,BDT,20/02/2017,80.07,Trading Economics
Official,Bangladesh,,BDT,21/02/2017,80.02,Trading Economics
Official,Bangladesh,,BDT,22/02/2017,79.97,Trading Economics
Official,Bangladesh,,BDT,23/02/2017,79.76,Trading Economics
Official,Bangladesh,,BDT,24/02/2017,79.76,Trading Economics
Official,Bangladesh,,BDT,27/02/2017,79.86,Trading Economics
Official,Bangladesh,,BDT,28/02/2017,79.56,Trading Economics
Official,Bangladesh,,BDT,01/03/2017,79.91,Trading Economics
Official,Bangladesh,,BDT,02/03/2017,79.85,Trading Economics
Official,Bangladesh,,BDT,03/03/2017,79.99,Trading Economics
Official,Bangladesh,,BDT,06/03/2017,80.06,Trading Economics
Official,Bangladesh,,BDT,07/03/2017,80.07,Trading Economics
Official,Bangladesh,,BDT,08/03/2017,80.13,Trading Economics
Official,Bangladesh,,BDT,09/03/2017,79.97,Trading Economics
Official,Bangladesh,,BDT,10/03/2017,80.09,Trading Economics
Official,Bangladesh,,BDT,13/03/2017,80.14,Trading Economics
Official,Bangladesh,,BDT,14/03/2017,80.17,Trading Economics
Official,Bangladesh,,BDT,15/03/2017,80.04,Trading Economics
Official,Bangladesh,,BDT,16/03/2017,79.52,Trading Economics
Official,Bangladesh,,BDT,17/03/2017,80.14,Trading Economics
Official,Bangladesh,,BDT,20/03/2017,80.12,Trading Economics
Official,Bangladesh,,BDT,21/03/2017,80.08,Trading Economics
Official,Bangladesh,,BDT,22/03/2017,79.7,Trading Economics
Official,Bangladesh,,BDT,23/03/2017,80.11,Trading Economics
Official,Bangladesh,,BDT,24/03/2017,80.2,Trading Economics
Official,Bangladesh,,BDT,27/03/2017,80.12,Trading Economics
Official,Bangladesh,,BDT,28/03/2017,80.2,Trading Economics
Official,Bangladesh,,BDT,29/03/2017,80.2,Trading Economics
Official,Bangladesh,,BDT,30/03/2017,80.12,Trading Economics
Official,Bangladesh,,BDT,31/03/2017,80.2,Trading Economics
Official,Bangladesh,,BDT,03/04/2017,80.25,Trading Economics
Official,Bangladesh,,BDT,04/04/2017,80.14,Trading Economics
Official,Bangladesh,,BDT,05/04/2017,80.32,Trading Economics
Official,Bangladesh,,BDT,06/04/2017,80.57,Trading Economics
Official,Bangladesh,,BDT,07/04/2017,80.35,Trading Economics
Official,Bangladesh,,BDT,10/04/2017,80.52,Trading Economics
Official,Bangladesh,,BDT,11/04/2017,80.52,Trading Economics
Official,Bangladesh,,BDT,12/04/2017,80.92,Trading Economics
Official,Bangladesh,,BDT,13/04/2017,80.9,Trading Economics
Official,Bangladesh,,BDT,14/04/2017,80.88,Trading Economics
Official,Bangladesh,,BDT,17/04/2017,80.74,Trading Economics
Official,Bangladesh,,BDT,18/04/2017,81.54,Trading Economics
Official,Bangladesh,,BDT,19/04/2017,81.77,Trading Economics
Official,Bangladesh,,BDT,20/04/2017,82.67,Trading Economics
Official,Bangladesh,,BDT,21/04/2017,82.72,Trading Economics
Official,Bangladesh,,BDT,24/04/2017,82.81,Trading Economics
Official,Bangladesh,,BDT,25/04/2017,83.48,Trading Economics
Official,Bangladesh,,BDT,26/04/2017,84.1,Trading Economics
Official,Bangladesh,,BDT,27/04/2017,82.17,Trading Economics
Official,Bangladesh,,BDT,28/04/2017,81.46,Trading Economics
Official,Bangladesh,,BDT,01/05/2017,82.12,Trading Economics
Official,Bangladesh,,BDT,02/05/2017,82.32,Trading Economics
Official,Bangladesh,,BDT,03/05/2017,82.5,Trading Economics
Official,Bangladesh,,BDT,04/05/2017,81.45,Trading Economics
Official,Bangladesh,,BDT,05/05/2017,81.39,Trading Economics
Official,Bangladesh,,BDT,08/05/2017,81.36,Trading Economics
Official,Bangladesh,,BDT,09/05/2017,81.24,Trading Economics
Official,Bangladesh,,BDT,10/05/2017,81.2,Trading Economics
Official,Bangladesh,,BDT,11/05/2017,81.3,Trading Economics
Official,Bangladesh,,BDT,12/05/2017,81.3,Trading Economics
Official,Bangladesh,,BDT,15/05/2017,81.28,Trading Economics
Official,Bangladesh,,BDT,16/05/2017,80.63,Trading Economics
Official,Bangladesh,,BDT,17/05/2017,80.66,Trading Economics
Official,Bangladesh,,BDT,18/05/2017,80.62,Trading Economics
Official,Bangladesh,,BDT,19/05/2017,80.62,Trading Economics
Official,Bangladesh,,BDT,22/05/2017,80.62,Trading Economics
Official,Bangladesh,,BDT,23/05/2017,80.59,Trading Economics
Official,Bangladesh,,BDT,24/05/2017,80.62,Trading Economics
Official,Bangladesh,,BDT,25/05/2017,80.62,Trading Economics
Official,Bangladesh,,BDT,26/05/2017,80.66,Trading Economics
Official,Bangladesh,,BDT,29/05/2017,80.64,Trading Economics
Official,Bangladesh,,BDT,30/05/2017,80.62,Trading Economics
Official,Bangladesh,,BDT,31/05/2017,80.67,Trading Economics
Official,Bangladesh,,BDT,01/06/2017,80.67,Trading Economics
Official,Bangladesh,,BDT,02/06/2017,80.7,Trading Economics
Official,Bangladesh,,BDT,05/06/2017,80.72,Trading Economics
Official,Bangladesh,,BDT,06/06/2017,80.67,Trading Economics
Official,Bangladesh,,BDT,07/06/2017,80.69,Trading Economics
Official,Bangladesh,,BDT,08/06/2017,80.72,Trading Economics
Official,Bangladesh,,BDT,09/06/2017,80.72,Trading Economics
Official,Bangladesh,,BDT,12/06/2017,80.77,Trading Economics
Official,Bangladesh,,BDT,13/06/2017,80.61,Trading Economics
Official,Bangladesh,,BDT,14/06/2017,80.71,Trading Economics
Official,Bangladesh,,BDT,15/06/2017,80.76,Trading Economics
Official,Bangladesh,,BDT,16/06/2017,80.69,Trading Economics
Official,Bangladesh,,BDT,19/06/2017,80.73,Trading Economics
Official,Bangladesh,,BDT,20/06/2017,80.65,Trading Economics
Official,Bangladesh,,BDT,21/06/2017,80.69,Trading Economics
Official,Bangladesh,,BDT,22/06/2017,80.65,Trading Economics
Official,Bangladesh,,BDT,23/06/2017,80.7,Trading Economics
Official,Bangladesh,,BDT,26/06/2017,80.64,Trading Economics
Official,Bangladesh,,BDT,27/06/2017,80.64,Trading Economics
Official,Bangladesh,,BDT,28/06/2017,80.73,Trading Economics
Official,Bangladesh,,BDT,29/06/2017,80.65,Trading Economics
Official,Bangladesh,,BDT,30/06/2017,80.57,Trading Economics
Official,Bangladesh,,BDT,03/07/2017,80.7,Trading Economics
Official,Bangladesh,,BDT,04/07/2017,80.55,Trading Economics
Official,Bangladesh,,BDT,05/07/2017,80.74,Trading Economics
Official,Bangladesh,,BDT,06/07/2017,81.08,Trading Economics
Official,Bangladesh,,BDT,07/07/2017,80.95,Trading Economics
Official,Bangladesh,,BDT,10/07/2017,81.27,Trading Economics
Official,Bangladesh,,BDT,11/07/2017,81.3,Trading Economics
Official,Bangladesh,,BDT,12/07/2017,81.27,Trading Economics
Official,Bangladesh,,BDT,13/07/2017,81.23,Trading Economics
Official,Bangladesh,,BDT,14/07/2017,81.05,Trading Economics
Official,Bangladesh,,BDT,17/07/2017,80.77,Trading Economics
Official,Bangladesh,,BDT,18/07/2017,80.62,Trading Economics
Official,Bangladesh,,BDT,19/07/2017,80.59,Trading Economics
Official,Bangladesh,,BDT,20/07/2017,80.54,Trading Economics
Official,Bangladesh,,BDT,21/07/2017,80.57,Trading Economics
Official,Bangladesh,,BDT,24/07/2017,80.62,Trading Economics
Official,Bangladesh,,BDT,25/07/2017,81.02,Trading Economics
Official,Bangladesh,,BDT,26/07/2017,80.78,Trading Economics
Official,Bangladesh,,BDT,27/07/2017,80.56,Trading Economics
Official,Bangladesh,,BDT,28/07/2017,80.57,Trading Economics
Official,Bangladesh,,BDT,31/07/2017,81.2,Trading Economics
Official,Bangladesh,,BDT,01/08/2017,81.1,Trading Economics
Official,Bangladesh,,BDT,02/08/2017,80.63,Trading Economics
Official,Bangladesh,,BDT,03/08/2017,80.71,Trading Economics
Official,Bangladesh,,BDT,04/08/2017,80.83,Trading Economics
Official,Bangladesh,,BDT,07/08/2017,80.63,Trading Economics
Official,Bangladesh,,BDT,08/08/2017,80.84,Trading Economics
Official,Bangladesh,,BDT,09/08/2017,80.79,Trading Economics
Official,Bangladesh,,BDT,10/08/2017,80.75,Trading Economics
Official,Bangladesh,,BDT,11/08/2017,80.73,Trading Economics
Official,Bangladesh,,BDT,14/08/2017,80.71,Trading Economics
Official,Bangladesh,,BDT,15/08/2017,80.63,Trading Economics
Official,Bangladesh,,BDT,16/08/2017,80.71,Trading Economics
Official,Bangladesh,,BDT,17/08/2017,80.97,Trading Economics
Official,Bangladesh,,BDT,18/08/2017,80.97,Trading Economics
Official,Bangladesh,,BDT,21/08/2017,81.09,Trading Economics
Official,Bangladesh,,BDT,22/08/2017,80.93,Trading Economics
Official,Bangladesh,,BDT,23/08/2017,80.77,Trading Economics
Official,Bangladesh,,BDT,24/08/2017,81.07,Trading Economics
Official,Bangladesh,,BDT,25/08/2017,80.82,Trading Economics
Official,Bangladesh,,BDT,28/08/2017,81,Trading Economics
Official,Bangladesh,,BDT,29/08/2017,81.07,Trading Economics
Official,Bangladesh,,BDT,30/08/2017,81.12,Trading Economics
Official,Bangladesh,,BDT,31/08/2017,80.88,Trading Economics
Official,Bangladesh,,BDT,01/09/2017,80.67,Trading Economics
Official,Bangladesh,,BDT,04/09/2017,81.18,Trading Economics
Official,Bangladesh,,BDT,05/09/2017,81.22,Trading Economics
Official,Bangladesh,,BDT,06/09/2017,81.12,Trading Economics
Official,Bangladesh,,BDT,07/09/2017,81.42,Trading Economics
Official,Bangladesh,,BDT,08/09/2017,81.43,Trading Economics
Official,Bangladesh,,BDT,11/09/2017,81.95,Trading Economics
Official,Bangladesh,,BDT,12/09/2017,81.69,Trading Economics
Official,Bangladesh,,BDT,13/09/2017,81.92,Trading Economics
Official,Bangladesh,,BDT,14/09/2017,80.67,Trading Economics
Official,Bangladesh,,BDT,15/09/2017,80.63,Trading Economics
Official,Bangladesh,,BDT,18/09/2017,80.69,Trading Economics
Official,Bangladesh,,BDT,19/09/2017,82,Trading Economics
Official,Bangladesh,,BDT,20/09/2017,80.72,Trading Economics
Official,Bangladesh,,BDT,21/09/2017,81.85,Trading Economics
Official,Bangladesh,,BDT,22/09/2017,81.84,Trading Economics
Official,Bangladesh,,BDT,25/09/2017,81.82,Trading Economics
Official,Bangladesh,,BDT,26/09/2017,81.36,Trading Economics
Official,Bangladesh,,BDT,27/09/2017,82.08,Trading Economics
Official,Bangladesh,,BDT,28/09/2017,81.83,Trading Economics
Official,Bangladesh,,BDT,29/09/2017,82.07,Trading Economics
Official,Bangladesh,,BDT,02/10/2017,81.83,Trading Economics
Official,Bangladesh,,BDT,03/10/2017,81.4,Trading Economics
Official,Bangladesh,,BDT,04/10/2017,81.94,Trading Economics
Official,Bangladesh,,BDT,05/10/2017,80.76,Trading Economics
Official,Bangladesh,,BDT,06/10/2017,81.27,Trading Economics
Official,Bangladesh,,BDT,09/10/2017,81.92,Trading Economics
Official,Bangladesh,,BDT,10/10/2017,81.94,Trading Economics
Official,Bangladesh,,BDT,11/10/2017,81.43,Trading Economics
Official,Bangladesh,,BDT,12/10/2017,80.77,Trading Economics
Official,Bangladesh,,BDT,13/10/2017,80.75,Trading Economics
Official,Bangladesh,,BDT,16/10/2017,80.79,Trading Economics
Official,Bangladesh,,BDT,17/10/2017,80.74,Trading Economics
Official,Bangladesh,,BDT,18/10/2017,82.31,Trading Economics
Official,Bangladesh,,BDT,19/10/2017,82.4,Trading Economics
Official,Bangladesh,,BDT,20/10/2017,82.45,Trading Economics
Official,Bangladesh,,BDT,23/10/2017,82.7,Trading Economics
Official,Bangladesh,,BDT,24/10/2017,82.72,Trading Economics
Official,Bangladesh,,BDT,25/10/2017,82.7,Trading Economics
Official,Bangladesh,,BDT,26/10/2017,82.77,Trading Economics
Official,Bangladesh,,BDT,27/10/2017,82.77,Trading Economics
Official,Bangladesh,,BDT,30/10/2017,82.82,Trading Economics
Official,Bangladesh,,BDT,31/10/2017,82.82,Trading Economics
Official,Bangladesh,,BDT,01/11/2017,82.68,Trading Economics
Official,Bangladesh,,BDT,02/11/2017,82.85,Trading Economics
Official,Bangladesh,,BDT,03/11/2017,82.85,Trading Economics
Official,Bangladesh,,BDT,06/11/2017,82.85,Trading Economics
Official,Bangladesh,,BDT,07/11/2017,82.36,Trading Economics
Official,Bangladesh,,BDT,08/11/2017,83,Trading Economics
Official,Bangladesh,,BDT,09/11/2017,82.62,Trading Economics
Official,Bangladesh,,BDT,10/11/2017,83.15,Trading Economics
Official,Bangladesh,,BDT,13/11/2017,83.15,Trading Economics
Official,Bangladesh,,BDT,14/11/2017,83.14,Trading Economics
Official,Bangladesh,,BDT,15/11/2017,83.3,Trading Economics
Official,Bangladesh,,BDT,16/11/2017,83.37,Trading Economics
Official,Bangladesh,,BDT,17/11/2017,83.45,Trading Economics
Official,Bangladesh,,BDT,20/11/2017,82.77,Trading Economics
Official,Bangladesh,,BDT,21/11/2017,83.7,Trading Economics
Official,Bangladesh,,BDT,22/11/2017,83.7,Trading Economics
Official,Bangladesh,,BDT,23/11/2017,81.3,Trading Economics
Official,Bangladesh,,BDT,24/11/2017,84.25,Trading Economics
Official,Bangladesh,,BDT,27/11/2017,84.42,Trading Economics
Official,Bangladesh,,BDT,28/11/2017,84.77,Trading Economics
Official,Bangladesh,,BDT,29/11/2017,81.82,Trading Economics
Official,Bangladesh,,BDT,30/11/2017,82.22,Trading Economics
Official,Bangladesh,,BDT,01/12/2017,82.2,Trading Economics
Official,Bangladesh,,BDT,04/12/2017,82.22,Trading Economics
Official,Bangladesh,,BDT,05/12/2017,82.2,Trading Economics
Official,Bangladesh,,BDT,06/12/2017,82.32,Trading Economics
Official,Bangladesh,,BDT,07/12/2017,82.29,Trading Economics
Official,Bangladesh,,BDT,08/12/2017,82.36,Trading Economics
Official,Bangladesh,,BDT,11/12/2017,82.35,Trading Economics
Official,Bangladesh,,BDT,12/12/2017,82.47,Trading Economics
Official,Bangladesh,,BDT,13/12/2017,82.45,Trading Economics
Official,Bangladesh,,BDT,14/12/2017,82.48,Trading Economics
Official,Bangladesh,,BDT,15/12/2017,82.54,Trading Economics
Official,Bangladesh,,BDT,18/12/2017,82.79,Trading Economics
Official,Bangladesh,,BDT,19/12/2017,82.5,Trading Economics
Official,Bangladesh,,BDT,20/12/2017,82.63,Trading Economics
Official,Bangladesh,,BDT,21/12/2017,82.44,Trading Economics
Official,Bangladesh,,BDT,22/12/2017,82.66,Trading Economics
Official,Bangladesh,,BDT,26/12/2017,82.68,Trading Economics
Official,Bangladesh,,BDT,27/12/2017,82.67,Trading Economics
Official,Bangladesh,,BDT,28/12/2017,82.68,Trading Economics
Official,Bangladesh,,BDT,29/12/2017,82.65,Trading Economics
Official,Bangladesh,,BDT,01/01/2018,82.65,Trading Economics
Official,Bangladesh,,BDT,02/01/2018,82.67,Trading Economics
Official,Bangladesh,,BDT,03/01/2018,82.67,Trading Economics
Official,Bangladesh,,BDT,04/01/2018,82.67,Trading Economics
Official,Bangladesh,,BDT,05/01/2018,82.68,Trading Economics
Official,Bangladesh,,BDT,08/01/2018,82.7,Trading Economics
Official,Bangladesh,,BDT,09/01/2018,82.73,Trading Economics
Official,Bangladesh,,BDT,10/01/2018,82.74,Trading Economics
Official,Bangladesh,,BDT,11/01/2018,82.74,Trading Economics
Official,Bangladesh,,BDT,12/01/2018,82.75,Trading Economics
Official,Bangladesh,,BDT,15/01/2018,82.79,Trading Economics
Official,Bangladesh,,BDT,16/01/2018,82.77,Trading Economics
Official,Bangladesh,,BDT,17/01/2018,82.55,Trading Economics
Official,Bangladesh,,BDT,18/01/2018,82.76,Trading Economics
Official,Bangladesh,,BDT,19/01/2018,82.8,Trading Economics
Official,Bangladesh,,BDT,22/01/2018,82.84,Trading Economics
Official,Bangladesh,,BDT,23/01/2018,82.94,Trading Economics
Official,Bangladesh,,BDT,24/01/2018,82.88,Trading Economics
Official,Bangladesh,,BDT,25/01/2018,82.88,Trading Economics
Official,Bangladesh,,BDT,26/01/2018,82.87,Trading Economics
Official,Bangladesh,,BDT,29/01/2018,82.88,Trading Economics
Official,Bangladesh,,BDT,30/01/2018,82.87,Trading Economics
Official,Bangladesh,,BDT,31/01/2018,82.87,Trading Economics
Official,Bangladesh,,BDT,01/02/2018,82.87,Trading Economics
Official,Bangladesh,,BDT,02/02/2018,82.88,Trading Economics
Official,Bangladesh,,BDT,05/02/2018,82.87,Trading Economics
Official,Bangladesh,,BDT,06/02/2018,82.99,Trading Economics
Official,Bangladesh,,BDT,07/02/2018,82.79,Trading Economics
Official,Bangladesh,,BDT,08/02/2018,82.88,Trading Economics
Official,Bangladesh,,BDT,09/02/2018,82.88,Trading Economics
Official,Bangladesh,,BDT,12/02/2018,82.88,Trading Economics
Official,Bangladesh,,BDT,13/02/2018,82.99,Trading Economics
Official,Bangladesh,,BDT,14/02/2018,82.85,Trading Economics
Official,Bangladesh,,BDT,15/02/2018,82.99,Trading Economics
Official,Bangladesh,,BDT,16/02/2018,82.88,Trading Economics
Official,Bangladesh,,BDT,19/02/2018,82.88,Trading Economics
Official,Bangladesh,,BDT,20/02/2018,82.93,Trading Economics
Official,Bangladesh,,BDT,21/02/2018,82.91,Trading Economics
Official,Bangladesh,,BDT,22/02/2018,82.84,Trading Economics
Official,Bangladesh,,BDT,23/02/2018,82.88,Trading Economics
Official,Bangladesh,,BDT,26/02/2018,82.88,Trading Economics
Official,Bangladesh,,BDT,27/02/2018,82.89,Trading Economics
Official,Bangladesh,,BDT,28/02/2018,82.92,Trading Economics
Official,Bangladesh,,BDT,01/03/2018,82.89,Trading Economics
Official,Bangladesh,,BDT,02/03/2018,82.9,Trading Economics
Official,Bangladesh,,BDT,05/03/2018,82.9,Trading Economics
Official,Bangladesh,,BDT,06/03/2018,82.91,Trading Economics
Official,Bangladesh,,BDT,07/03/2018,82.9,Trading Economics
Official,Bangladesh,,BDT,08/03/2018,82.9,Trading Economics
Official,Bangladesh,,BDT,09/03/2018,82.88,Trading Economics
Official,Bangladesh,,BDT,12/03/2018,82.91,Trading Economics
Official,Bangladesh,,BDT,13/03/2018,82.88,Trading Economics
Official,Bangladesh,,BDT,14/03/2018,82.9,Trading Economics
Official,Bangladesh,,BDT,15/03/2018,82.88,Trading Economics
Official,Bangladesh,,BDT,16/03/2018,83.12,Trading Economics
Official,Bangladesh,,BDT,19/03/2018,82.9,Trading Economics
Official,Bangladesh,,BDT,20/03/2018,82.9,Trading Economics
Official,Bangladesh,,BDT,21/03/2018,82.88,Trading Economics
Official,Bangladesh,,BDT,22/03/2018,82.9,Trading Economics
Official,Bangladesh,,BDT,23/03/2018,82.89,Trading Economics
Official,Bangladesh,,BDT,26/03/2018,82.92,Trading Economics
Official,Bangladesh,,BDT,27/03/2018,82.92,Trading Economics
Official,Bangladesh,,BDT,28/03/2018,83.88,Trading Economics
Official,Bangladesh,,BDT,29/03/2018,82.91,Trading Economics
Official,Bangladesh,,BDT,30/03/2018,82.91,Trading Economics
Official,Bangladesh,,BDT,02/04/2018,82.92,Trading Economics
Official,Bangladesh,,BDT,03/04/2018,82.92,Trading Economics
Official,Bangladesh,,BDT,04/04/2018,82.88,Trading Economics
Official,Bangladesh,,BDT,05/04/2018,82.75,Trading Economics
Official,Bangladesh,,BDT,06/04/2018,82.9,Trading Economics
Official,Bangladesh,,BDT,09/04/2018,82.92,Trading Economics
Official,Bangladesh,,BDT,10/04/2018,82.7,Trading Economics
Official,Bangladesh,,BDT,11/04/2018,82.92,Trading Economics
Official,Bangladesh,,BDT,12/04/2018,82.89,Trading Economics
Official,Bangladesh,,BDT,13/04/2018,82.88,Trading Economics
Official,Bangladesh,,BDT,16/04/2018,82.9,Trading Economics
Official,Bangladesh,,BDT,17/04/2018,82.88,Trading Economics
Official,Bangladesh,,BDT,18/04/2018,82.89,Trading Economics
Official,Bangladesh,,BDT,19/04/2018,82.93,Trading Economics
Official,Bangladesh,,BDT,20/04/2018,82.92,Trading Economics
Official,Bangladesh,,BDT,23/04/2018,84.1,Trading Economics
Official,Bangladesh,,BDT,24/04/2018,84.1,Trading Economics
Official,Bangladesh,,BDT,25/04/2018,84.2,Trading Economics
Official,Bangladesh,,BDT,26/04/2018,84.2,Trading Economics
Official,Bangladesh,,BDT,27/04/2018,84.2,Trading Economics
Official,Bangladesh,,BDT,30/04/2018,84.2,Trading Economics
Official,Bangladesh,,BDT,01/05/2018,84.2,Trading Economics
Official,Bangladesh,,BDT,02/05/2018,84.2,Trading Economics
Official,Bangladesh,,BDT,03/05/2018,84.45,Trading Economics
Official,Bangladesh,,BDT,04/05/2018,84.45,Trading Economics
Official,Bangladesh,,BDT,07/05/2018,82.9,Trading Economics
Official,Bangladesh,,BDT,08/05/2018,84.45,Trading Economics
Official,Bangladesh,,BDT,09/05/2018,84.45,Trading Economics
Official,Bangladesh,,BDT,10/05/2018,84.45,Trading Economics
Official,Bangladesh,,BDT,11/05/2018,84.45,Trading Economics
Official,Bangladesh,,BDT,14/05/2018,83.03,Trading Economics
Official,Bangladesh,,BDT,15/05/2018,83.96,Trading Economics
Official,Bangladesh,,BDT,16/05/2018,84.6,Trading Economics
Official,Bangladesh,,BDT,17/05/2018,84.6,Trading Economics
Official,Bangladesh,,BDT,18/05/2018,84.6,Trading Economics
Official,Bangladesh,,BDT,21/05/2018,84.6,Trading Economics
Official,Bangladesh,,BDT,22/05/2018,83.66,Trading Economics
Official,Bangladesh,,BDT,23/05/2018,83.62,Trading Economics
Official,Bangladesh,,BDT,24/05/2018,84,Trading Economics
Official,Bangladesh,,BDT,25/05/2018,84,Trading Economics
Official,Bangladesh,,BDT,28/05/2018,84,Trading Economics
Official,Bangladesh,,BDT,29/05/2018,84,Trading Economics
Official,Bangladesh,,BDT,30/05/2018,83.66,Trading Economics
Official,Bangladesh,,BDT,31/05/2018,84,Trading Economics
Official,Bangladesh,,BDT,01/06/2018,84,Trading Economics
Official,Bangladesh,,BDT,04/06/2018,84.3,Trading Economics
Official,Bangladesh,,BDT,05/06/2018,84.3,Trading Economics
Official,Bangladesh,,BDT,06/06/2018,83.67,Trading Economics
Official,Bangladesh,,BDT,07/06/2018,84.3,Trading Economics
Official,Bangladesh,,BDT,08/06/2018,84.3,Trading Economics
Official,Bangladesh,,BDT,11/06/2018,84.3,Trading Economics
Official,Bangladesh,,BDT,12/06/2018,84.05,Trading Economics
Official,Bangladesh,,BDT,13/06/2018,84.05,Trading Economics
Official,Bangladesh,,BDT,14/06/2018,84.2,Trading Economics
Official,Bangladesh,,BDT,15/06/2018,84,Trading Economics
Official,Bangladesh,,BDT,18/06/2018,84,Trading Economics
Official,Bangladesh,,BDT,19/06/2018,84,Trading Economics
Official,Bangladesh,,BDT,20/06/2018,84,Trading Economics
Official,Bangladesh,,BDT,21/06/2018,84,Trading Economics
Official,Bangladesh,,BDT,22/06/2018,84,Trading Economics
Official,Bangladesh,,BDT,25/06/2018,84,Trading Economics
Official,Bangladesh,,BDT,26/06/2018,84,Trading Economics
Official,Bangladesh,,BDT,27/06/2018,84,Trading Economics
Official,Bangladesh,,BDT,28/06/2018,83.62,Trading Economics
Official,Bangladesh,,BDT,29/06/2018,83.61,Trading Economics
Official,Bangladesh,,BDT,02/07/2018,83.67,Trading Economics
Official,Bangladesh,,BDT,03/07/2018,83.7,Trading Economics
Official,Bangladesh,,BDT,04/07/2018,83.7,Trading Economics
Official,Bangladesh,,BDT,05/07/2018,83.47,Trading Economics
Official,Bangladesh,,BDT,06/07/2018,83.67,Trading Economics
Official,Bangladesh,,BDT,09/07/2018,83.45,Trading Economics
Official,Bangladesh,,BDT,10/07/2018,83.67,Trading Economics
Official,Bangladesh,,BDT,11/07/2018,83.67,Trading Economics
Official,Bangladesh,,BDT,12/07/2018,83.68,Trading Economics
Official,Bangladesh,,BDT,13/07/2018,83.67,Trading Economics
Official,Bangladesh,,BDT,16/07/2018,84,Trading Economics
Official,Bangladesh,,BDT,17/07/2018,84,Trading Economics
Official,Bangladesh,,BDT,18/07/2018,84,Trading Economics
Official,Bangladesh,,BDT,19/07/2018,84,Trading Economics
Official,Bangladesh,,BDT,20/07/2018,84,Trading Economics
Official,Bangladesh,,BDT,23/07/2018,84,Trading Economics
Official,Bangladesh,,BDT,24/07/2018,84,Trading Economics
Official,Bangladesh,,BDT,25/07/2018,84,Trading Economics
Official,Bangladesh,,BDT,26/07/2018,84,Trading Economics
Official,Bangladesh,,BDT,27/07/2018,84,Trading Economics
Official,Bangladesh,,BDT,30/07/2018,84,Trading Economics
Official,Bangladesh,,BDT,31/07/2018,84,Trading Economics
Official,Bangladesh,,BDT,01/08/2018,84,Trading Economics
Official,Bangladesh,,BDT,02/08/2018,84,Trading Economics
Official,Bangladesh,,BDT,03/08/2018,84,Trading Economics
Official,Bangladesh,,BDT,06/08/2018,84,Trading Economics
Official,Bangladesh,,BDT,07/08/2018,84,Trading Economics
Official,Bangladesh,,BDT,08/08/2018,84,Trading Economics
Official,Bangladesh,,BDT,09/08/2018,84,Trading Economics
Official,Bangladesh,,BDT,10/08/2018,84,Trading Economics
Official,Bangladesh,,BDT,13/08/2018,84,Trading Economics
Official,Bangladesh,,BDT,14/08/2018,84,Trading Economics
Official,Bangladesh,,BDT,15/08/2018,84,Trading Economics
Official,Bangladesh,,BDT,16/08/2018,83.64,Trading Economics
Official,Bangladesh,,BDT,17/08/2018,83.68,Trading Economics
Official,Bangladesh,,BDT,20/08/2018,83.68,Trading Economics
Official,Bangladesh,,BDT,21/08/2018,83.68,Trading Economics
Official,Bangladesh,,BDT,22/08/2018,83.68,Trading Economics
Official,Bangladesh,,BDT,23/08/2018,83.5,Trading Economics
Official,Bangladesh,,BDT,24/08/2018,83.45,Trading Economics
Official,Bangladesh,,BDT,27/08/2018,83.69,Trading Economics
Official,Bangladesh,,BDT,28/08/2018,83.53,Trading Economics
Official,Bangladesh,,BDT,29/08/2018,83.61,Trading Economics
Official,Bangladesh,,BDT,30/08/2018,83.68,Trading Economics
Official,Bangladesh,,BDT,31/08/2018,83.67,Trading Economics
Official,Bangladesh,,BDT,03/09/2018,83.67,Trading Economics
Official,Bangladesh,,BDT,04/09/2018,83.52,Trading Economics
Official,Bangladesh,,BDT,05/09/2018,83.68,Trading Economics
Official,Bangladesh,,BDT,06/09/2018,83.61,Trading Economics
Official,Bangladesh,,BDT,07/09/2018,83.68,Trading Economics
Official,Bangladesh,,BDT,10/09/2018,83.58,Trading Economics
Official,Bangladesh,,BDT,11/09/2018,83.59,Trading Economics
Official,Bangladesh,,BDT,12/09/2018,83.6,Trading Economics
Official,Bangladesh,,BDT,13/09/2018,83.69,Trading Economics
Official,Bangladesh,,BDT,14/09/2018,83.69,Trading Economics
Official,Bangladesh,,BDT,17/09/2018,83.69,Trading Economics
Official,Bangladesh,,BDT,18/09/2018,83.78,Trading Economics
Official,Bangladesh,,BDT,19/09/2018,83.7,Trading Economics
Official,Bangladesh,,BDT,20/09/2018,83.68,Trading Economics
Official,Bangladesh,,BDT,21/09/2018,83.68,Trading Economics
Official,Bangladesh,,BDT,24/09/2018,83.58,Trading Economics
Official,Bangladesh,,BDT,25/09/2018,83.62,Trading Economics
Official,Bangladesh,,BDT,26/09/2018,83.64,Trading Economics
Official,Bangladesh,,BDT,27/09/2018,83.59,Trading Economics
Official,Bangladesh,,BDT,28/09/2018,83.61,Trading Economics
Official,Bangladesh,,BDT,01/10/2018,83.68,Trading Economics
Official,Bangladesh,,BDT,02/10/2018,83.74,Trading Economics
Official,Bangladesh,,BDT,03/10/2018,83.68,Trading Economics
Official,Bangladesh,,BDT,04/10/2018,83.55,Trading Economics
Official,Bangladesh,,BDT,05/10/2018,83.68,Trading Economics
Official,Bangladesh,,BDT,08/10/2018,83.68,Trading Economics
Official,Bangladesh,,BDT,09/10/2018,83.69,Trading Economics
Official,Bangladesh,,BDT,10/10/2018,83.57,Trading Economics
Official,Bangladesh,,BDT,11/10/2018,83.62,Trading Economics
Official,Bangladesh,,BDT,12/10/2018,83.7,Trading Economics
Official,Bangladesh,,BDT,15/10/2018,83.68,Trading Economics
Official,Bangladesh,,BDT,16/10/2018,83.67,Trading Economics
Official,Bangladesh,,BDT,17/10/2018,83.69,Trading Economics
Official,Bangladesh,,BDT,18/10/2018,84.75,Trading Economics
Official,Bangladesh,,BDT,19/10/2018,84.75,Trading Economics
Official,Bangladesh,,BDT,22/10/2018,84.6,Trading Economics
Official,Bangladesh,,BDT,23/10/2018,84.95,Trading Economics
Official,Bangladesh,,BDT,24/10/2018,85,Trading Economics
Official,Bangladesh,,BDT,25/10/2018,85.05,Trading Economics
Official,Bangladesh,,BDT,26/10/2018,85.05,Trading Economics
Official,Bangladesh,,BDT,29/10/2018,84.78,Trading Economics
Official,Bangladesh,,BDT,30/10/2018,85.02,Trading Economics
Official,Bangladesh,,BDT,31/10/2018,83.77,Trading Economics
Official,Bangladesh,,BDT,01/11/2018,83.7,Trading Economics
Official,Bangladesh,,BDT,02/11/2018,83.67,Trading Economics
Official,Bangladesh,,BDT,05/11/2018,83.74,Trading Economics
Official,Bangladesh,,BDT,06/11/2018,83.42,Trading Economics
Official,Bangladesh,,BDT,07/11/2018,83.52,Trading Economics
Official,Bangladesh,,BDT,08/11/2018,83.61,Trading Economics
Official,Bangladesh,,BDT,09/11/2018,83.37,Trading Economics
Official,Bangladesh,,BDT,12/11/2018,83.82,Trading Economics
Official,Bangladesh,,BDT,13/11/2018,83.36,Trading Economics
Official,Bangladesh,,BDT,14/11/2018,83.64,Trading Economics
Official,Bangladesh,,BDT,15/11/2018,83.6,Trading Economics
Official,Bangladesh,,BDT,16/11/2018,83.6,Trading Economics
Official,Bangladesh,,BDT,19/11/2018,83.63,Trading Economics
Official,Bangladesh,,BDT,20/11/2018,83.15,Trading Economics
Official,Bangladesh,,BDT,21/11/2018,83.07,Trading Economics
Official,Bangladesh,,BDT,22/11/2018,83.88,Trading Economics
Official,Bangladesh,,BDT,23/11/2018,83.88,Trading Economics
Official,Bangladesh,,BDT,26/11/2018,83.72,Trading Economics
Official,Bangladesh,,BDT,27/11/2018,83.48,Trading Economics
Official,Bangladesh,,BDT,28/11/2018,83.74,Trading Economics
Official,Bangladesh,,BDT,29/11/2018,83.65,Trading Economics
Official,Bangladesh,,BDT,30/11/2018,84.7,Trading Economics
Official,Bangladesh,,BDT,03/12/2018,83.88,Trading Economics
Official,Bangladesh,,BDT,04/12/2018,83.08,Trading Economics
Official,Bangladesh,,BDT,05/12/2018,83.24,Trading Economics
Official,Bangladesh,,BDT,06/12/2018,83.48,Trading Economics
Official,Bangladesh,,BDT,07/12/2018,83.16,Trading Economics
Official,Bangladesh,,BDT,10/12/2018,83.49,Trading Economics
Official,Bangladesh,,BDT,11/12/2018,83.5,Trading Economics
Official,Bangladesh,,BDT,12/12/2018,83.56,Trading Economics
Official,Bangladesh,,BDT,13/12/2018,83.66,Trading Economics
Official,Bangladesh,,BDT,14/12/2018,83.34,Trading Economics
Official,Bangladesh,,BDT,17/12/2018,83.72,Trading Economics
Official,Bangladesh,,BDT,18/12/2018,83.48,Trading Economics
Official,Bangladesh,,BDT,19/12/2018,83.56,Trading Economics
Official,Bangladesh,,BDT,20/12/2018,83.24,Trading Economics
Official,Bangladesh,,BDT,21/12/2018,83.4,Trading Economics
Official,Bangladesh,,BDT,24/12/2018,83.44,Trading Economics
Official,Bangladesh,,BDT,25/12/2018,83.44,Trading Economics
Official,Bangladesh,,BDT,26/12/2018,83.48,Trading Economics
Official,Bangladesh,,BDT,27/12/2018,83.45,Trading Economics
Official,Bangladesh,,BDT,28/12/2018,83.13,Trading Economics
Official,Bangladesh,,BDT,31/12/2018,83.13,Trading Economics
Official,Bangladesh,,BDT,01/01/2019,83.85,Trading Economics
Official,Bangladesh,,BDT,02/01/2019,83.45,Trading Economics
Official,Bangladesh,,BDT,03/01/2019,83.63,Trading Economics
Official,Bangladesh,,BDT,04/01/2019,83.48,Trading Economics
Official,Bangladesh,,BDT,07/01/2019,83.58,Trading Economics
Official,Bangladesh,,BDT,08/01/2019,83.42,Trading Economics
Official,Bangladesh,,BDT,09/01/2019,83.18,Trading Economics
Official,Bangladesh,,BDT,10/01/2019,83.42,Trading Economics
Official,Bangladesh,,BDT,11/01/2019,83.26,Trading Economics
Official,Bangladesh,,BDT,14/01/2019,83.5,Trading Economics
Official,Bangladesh,,BDT,15/01/2019,83.42,Trading Economics
Official,Bangladesh,,BDT,16/01/2019,83.42,Trading Economics
Official,Bangladesh,,BDT,17/01/2019,83.18,Trading Economics
Official,Bangladesh,,BDT,18/01/2019,83.18,Trading Economics
Official,Bangladesh,,BDT,21/01/2019,83.94,Trading Economics
Official,Bangladesh,,BDT,22/01/2019,83.66,Trading Economics
Official,Bangladesh,,BDT,23/01/2019,83.26,Trading Economics
Official,Bangladesh,,BDT,24/01/2019,83.42,Trading Economics
Official,Bangladesh,,BDT,25/01/2019,83.26,Trading Economics
Official,Bangladesh,,BDT,28/01/2019,83.78,Trading Economics
Official,Bangladesh,,BDT,29/01/2019,83.61,Trading Economics
Official,Bangladesh,,BDT,30/01/2019,83.58,Trading Economics
Official,Bangladesh,,BDT,31/01/2019,83.26,Trading Economics
Official,Bangladesh,,BDT,01/02/2019,83.18,Trading Economics
Official,Bangladesh,,BDT,04/02/2019,83.66,Trading Economics
Official,Bangladesh,,BDT,05/02/2019,83.74,Trading Economics
Official,Bangladesh,,BDT,06/02/2019,83.5,Trading Economics
Official,Bangladesh,,BDT,07/02/2019,83.58,Trading Economics
Official,Bangladesh,,BDT,08/02/2019,83.26,Trading Economics
Official,Bangladesh,,BDT,11/02/2019,83.34,Trading Economics
Official,Bangladesh,,BDT,12/02/2019,83.6,Trading Economics
Official,Bangladesh,,BDT,13/02/2019,83.52,Trading Economics
Official,Bangladesh,,BDT,14/02/2019,83.47,Trading Economics
Official,Bangladesh,,BDT,15/02/2019,83.47,Trading Economics
Official,Bangladesh,,BDT,18/02/2019,84.1,Trading Economics
Official,Bangladesh,,BDT,19/02/2019,84.1,Trading Economics
Official,Bangladesh,,BDT,20/02/2019,84.1,Trading Economics
Official,Bangladesh,,BDT,21/02/2019,83.54,Trading Economics
Official,Bangladesh,,BDT,22/02/2019,83.54,Trading Economics
Official,Bangladesh,,BDT,25/02/2019,83.56,Trading Economics
Official,Bangladesh,,BDT,26/02/2019,83.64,Trading Economics
Official,Bangladesh,,BDT,27/02/2019,83.4,Trading Economics
Official,Bangladesh,,BDT,28/02/2019,83.4,Trading Economics
Official,Bangladesh,,BDT,01/03/2019,83.4,Trading Economics
Official,Bangladesh,,BDT,04/03/2019,83.77,Trading Economics
Official,Bangladesh,,BDT,05/03/2019,83.56,Trading Economics
Official,Bangladesh,,BDT,06/03/2019,83.8,Trading Economics
Official,Bangladesh,,BDT,07/03/2019,83.4,Trading Economics
Official,Bangladesh,,BDT,08/03/2019,83.32,Trading Economics
Official,Bangladesh,,BDT,11/03/2019,83.35,Trading Economics
Official,Bangladesh,,BDT,12/03/2019,83.67,Trading Economics
Official,Bangladesh,,BDT,13/03/2019,83.72,Trading Economics
Official,Bangladesh,,BDT,14/03/2019,83.64,Trading Economics
Official,Bangladesh,,BDT,15/03/2019,83.56,Trading Economics
Official,Bangladesh,,BDT,18/03/2019,83.68,Trading Economics
Official,Bangladesh,,BDT,19/03/2019,83.68,Trading Economics
Official,Bangladesh,,BDT,20/03/2019,83.51,Trading Economics
Official,Bangladesh,,BDT,21/03/2019,83.44,Trading Economics
Official,Bangladesh,,BDT,22/03/2019,83.44,Trading Economics
Official,Bangladesh,,BDT,25/03/2019,83.44,Trading Economics
Official,Bangladesh,,BDT,26/03/2019,83.44,Trading Economics
Official,Bangladesh,,BDT,27/03/2019,83.51,Trading Economics
Official,Bangladesh,,BDT,28/03/2019,83.76,Trading Economics
Official,Bangladesh,,BDT,29/03/2019,83.44,Trading Economics
Official,Bangladesh,,BDT,01/04/2019,83.6,Trading Economics
Official,Bangladesh,,BDT,02/04/2019,83.77,Trading Economics
Official,Bangladesh,,BDT,03/04/2019,83.85,Trading Economics
Official,Bangladesh,,BDT,04/04/2019,83.57,Trading Economics
Official,Bangladesh,,BDT,05/04/2019,83.41,Trading Economics
Official,Bangladesh,,BDT,08/04/2019,83.97,Trading Economics
Official,Bangladesh,,BDT,09/04/2019,83.62,Trading Economics
Official,Bangladesh,,BDT,10/04/2019,83.78,Trading Economics
Official,Bangladesh,,BDT,11/04/2019,83.62,Trading Economics
Official,Bangladesh,,BDT,12/04/2019,83.62,Trading Economics
Official,Bangladesh,,BDT,15/04/2019,84.02,Trading Economics
Official,Bangladesh,,BDT,16/04/2019,83.94,Trading Economics
Official,Bangladesh,,BDT,17/04/2019,84.34,Trading Economics
Official,Bangladesh,,BDT,18/04/2019,83.94,Trading Economics
Official,Bangladesh,,BDT,19/04/2019,83.62,Trading Economics
Official,Bangladesh,,BDT,22/04/2019,83.94,Trading Economics
Official,Bangladesh,,BDT,23/04/2019,83.86,Trading Economics
Official,Bangladesh,,BDT,24/04/2019,83.65,Trading Economics
Official,Bangladesh,,BDT,25/04/2019,83.55,Trading Economics
Official,Bangladesh,,BDT,26/04/2019,83.55,Trading Economics
Official,Bangladesh,,BDT,29/04/2019,84.44,Trading Economics
Official,Bangladesh,,BDT,30/04/2019,83.8,Trading Economics
Official,Bangladesh,,BDT,01/05/2019,83.8,Trading Economics
Official,Bangladesh,,BDT,02/05/2019,84.27,Trading Economics
Official,Bangladesh,,BDT,03/05/2019,84.27,Trading Economics
Official,Bangladesh,,BDT,06/05/2019,84.44,Trading Economics
Official,Bangladesh,,BDT,07/05/2019,84.17,Trading Economics
Official,Bangladesh,,BDT,08/05/2019,84.33,Trading Economics
Official,Bangladesh,,BDT,09/05/2019,84.17,Trading Economics
Official,Bangladesh,,BDT,10/05/2019,83.69,Trading Economics
Official,Bangladesh,,BDT,13/05/2019,84.01,Trading Economics
Official,Bangladesh,,BDT,14/05/2019,83.93,Trading Economics
Official,Bangladesh,,BDT,15/05/2019,83.69,Trading Economics
Official,Bangladesh,,BDT,16/05/2019,83.84,Trading Economics
Official,Bangladesh,,BDT,17/05/2019,83.76,Trading Economics
Official,Bangladesh,,BDT,20/05/2019,83.93,Trading Economics
Official,Bangladesh,,BDT,21/05/2019,84.01,Trading Economics
Official,Bangladesh,,BDT,22/05/2019,83.85,Trading Economics
Official,Bangladesh,,BDT,23/05/2019,83.85,Trading Economics
Official,Bangladesh,,BDT,24/05/2019,83.77,Trading Economics
Official,Bangladesh,,BDT,27/05/2019,84.49,Trading Economics
Official,Bangladesh,,BDT,28/05/2019,83.77,Trading Economics
Official,Bangladesh,,BDT,29/05/2019,84.17,Trading Economics
Official,Bangladesh,,BDT,30/05/2019,83.93,Trading Economics
Official,Bangladesh,,BDT,31/05/2019,83.93,Trading Economics
Official,Bangladesh,,BDT,03/06/2019,84.25,Trading Economics
Official,Bangladesh,,BDT,04/06/2019,84.09,Trading Economics
Official,Bangladesh,,BDT,05/06/2019,84.16,Trading Economics
Official,Bangladesh,,BDT,06/06/2019,84.08,Trading Economics
Official,Bangladesh,,BDT,07/06/2019,84.08,Trading Economics
Official,Bangladesh,,BDT,10/06/2019,84.27,Trading Economics
Official,Bangladesh,,BDT,11/06/2019,84.27,Trading Economics
Official,Bangladesh,,BDT,12/06/2019,84.49,Trading Economics
Official,Bangladesh,,BDT,13/06/2019,84.42,Trading Economics
Official,Bangladesh,,BDT,14/06/2019,84.42,Trading Economics
Official,Bangladesh,,BDT,17/06/2019,84.42,Trading Economics
Official,Bangladesh,,BDT,18/06/2019,84.42,Trading Economics
Official,Bangladesh,,BDT,19/06/2019,84.42,Trading Economics
Official,Bangladesh,,BDT,20/06/2019,84.41,Trading Economics
Official,Bangladesh,,BDT,21/06/2019,84.41,Trading Economics
Official,Bangladesh,,BDT,24/06/2019,84.42,Trading Economics
Official,Bangladesh,,BDT,25/06/2019,84.42,Trading Economics
Official,Bangladesh,,BDT,26/06/2019,84.42,Trading Economics
Official,Bangladesh,,BDT,27/06/2019,84.49,Trading Economics
Official,Bangladesh,,BDT,28/06/2019,84.49,Trading Economics
Official,Bangladesh,,BDT,01/07/2019,84.42,Trading Economics
Official,Bangladesh,,BDT,02/07/2019,84.42,Trading Economics
Official,Bangladesh,,BDT,03/07/2019,84.49,Trading Economics
Official,Bangladesh,,BDT,04/07/2019,84.49,Trading Economics
Official,Bangladesh,,BDT,05/07/2019,84.49,Trading Economics
Official,Bangladesh,,BDT,08/07/2019,84.42,Trading Economics
Official,Bangladesh,,BDT,09/07/2019,84.41,Trading Economics
Official,Bangladesh,,BDT,10/07/2019,84.42,Trading Economics
Official,Bangladesh,,BDT,11/07/2019,84.49,Trading Economics
Official,Bangladesh,,BDT,12/07/2019,84.49,Trading Economics
Official,Bangladesh,,BDT,15/07/2019,84.42,Trading Economics
Official,Bangladesh,,BDT,16/07/2019,84.41,Trading Economics
Official,Bangladesh,,BDT,17/07/2019,84.41,Trading Economics
Official,Bangladesh,,BDT,18/07/2019,84.25,Trading Economics
Official,Bangladesh,,BDT,19/07/2019,84.25,Trading Economics
Official,Bangladesh,,BDT,22/07/2019,84.25,Trading Economics
Official,Bangladesh,,BDT,23/07/2019,84.24,Trading Economics
Official,Bangladesh,,BDT,24/07/2019,84.25,Trading Economics
Official,Bangladesh,,BDT,25/07/2019,84.24,Trading Economics
Official,Bangladesh,,BDT,26/07/2019,84.24,Trading Economics
Official,Bangladesh,,BDT,29/07/2019,84.17,Trading Economics
Official,Bangladesh,,BDT,30/07/2019,84.17,Trading Economics
Official,Bangladesh,,BDT,31/07/2019,84.25,Trading Economics
Official,Bangladesh,,BDT,01/08/2019,84.25,Trading Economics
Official,Bangladesh,,BDT,02/08/2019,84.25,Trading Economics
Official,Bangladesh,,BDT,05/08/2019,84.25,Trading Economics
Official,Bangladesh,,BDT,06/08/2019,84.25,Trading Economics
Official,Bangladesh,,BDT,07/08/2019,84.25,Trading Economics
Official,Bangladesh,,BDT,08/08/2019,84.25,Trading Economics
Official,Bangladesh,,BDT,09/08/2019,84.25,Trading Economics
Official,Bangladesh,,BDT,12/08/2019,84.25,Trading Economics
Official,Bangladesh,,BDT,13/08/2019,84.25,Trading Economics
Official,Bangladesh,,BDT,14/08/2019,84.25,Trading Economics
Official,Bangladesh,,BDT,15/08/2019,84.25,Trading Economics
Official,Bangladesh,,BDT,16/08/2019,84.25,Trading Economics
Official,Bangladesh,,BDT,19/08/2019,84.25,Trading Economics
Official,Bangladesh,,BDT,20/08/2019,84.25,Trading Economics
Official,Bangladesh,,BDT,21/08/2019,84.25,Trading Economics
Official,Bangladesh,,BDT,22/08/2019,84.25,Trading Economics
Official,Bangladesh,,BDT,23/08/2019,84.25,Trading Economics
Official,Bangladesh,,BDT,26/08/2019,84.49,Trading Economics
Official,Bangladesh,,BDT,27/08/2019,84.49,Trading Economics
Official,Bangladesh,,BDT,28/08/2019,84.49,Trading Economics
Official,Bangladesh,,BDT,29/08/2019,84.49,Trading Economics
Official,Bangladesh,,BDT,30/08/2019,84.49,Trading Economics
Official,Bangladesh,,BDT,02/09/2019,84.49,Trading Economics
Official,Bangladesh,,BDT,03/09/2019,84.25,Trading Economics
Official,Bangladesh,,BDT,04/09/2019,84.49,Trading Economics
Official,Bangladesh,,BDT,05/09/2019,84.25,Trading Economics
Official,Bangladesh,,BDT,06/09/2019,84.25,Trading Economics
Official,Bangladesh,,BDT,09/09/2019,84.25,Trading Economics
Official,Bangladesh,,BDT,10/09/2019,84.25,Trading Economics
Official,Bangladesh,,BDT,11/09/2019,84.25,Trading Economics
Official,Bangladesh,,BDT,12/09/2019,84.25,Trading Economics
Official,Bangladesh,,BDT,13/09/2019,84.25,Trading Economics
Official,Bangladesh,,BDT,16/09/2019,84.25,Trading Economics
Official,Bangladesh,,BDT,17/09/2019,84.25,Trading Economics
Official,Bangladesh,,BDT,18/09/2019,84.25,Trading Economics
Official,Bangladesh,,BDT,19/09/2019,84.25,Trading Economics
Official,Bangladesh,,BDT,20/09/2019,84.25,Trading Economics
Official,Bangladesh,,BDT,23/09/2019,84.25,Trading Economics
Official,Bangladesh,,BDT,24/09/2019,84.25,Trading Economics
Official,Bangladesh,,BDT,25/09/2019,84.25,Trading Economics
Official,Bangladesh,,BDT,26/09/2019,84.25,Trading Economics
Official,Bangladesh,,BDT,27/09/2019,84.25,Trading Economics
Official,Bangladesh,,BDT,30/09/2019,84.49,Trading Economics
Official,Bangladesh,,BDT,01/10/2019,84.49,Trading Economics
Official,Bangladesh,,BDT,02/10/2019,84.25,Trading Economics
Official,Bangladesh,,BDT,03/10/2019,84.25,Trading Economics
Official,Bangladesh,,BDT,04/10/2019,84.25,Trading Economics
Official,Bangladesh,,BDT,07/10/2019,84.25,Trading Economics
Official,Bangladesh,,BDT,08/10/2019,84.25,Trading Economics
Official,Bangladesh,,BDT,09/10/2019,84.25,Trading Economics
Official,Bangladesh,,BDT,10/10/2019,84.5,Trading Economics
Official,Bangladesh,,BDT,11/10/2019,84.5,Trading Economics
Official,Bangladesh,,BDT,14/10/2019,84.69,Trading Economics
Official,Bangladesh,,BDT,15/10/2019,84.5,Trading Economics
Official,Bangladesh,,BDT,16/10/2019,84.5,Trading Economics
Official,Bangladesh,,BDT,17/10/2019,84.5,Trading Economics
Official,Bangladesh,,BDT,18/10/2019,84.5,Trading Economics
Official,Bangladesh,,BDT,21/10/2019,84.5,Trading Economics
Official,Bangladesh,,BDT,22/10/2019,84.5,Trading Economics
Official,Bangladesh,,BDT,23/10/2019,84.5,Trading Economics
Official,Bangladesh,,BDT,24/10/2019,84.5,Trading Economics
Official,Bangladesh,,BDT,25/10/2019,84.5,Trading Economics
Official,Bangladesh,,BDT,28/10/2019,84.5,Trading Economics
Official,Bangladesh,,BDT,29/10/2019,84.5,Trading Economics
Official,Bangladesh,,BDT,30/10/2019,84.5,Trading Economics
Official,Bangladesh,,BDT,31/10/2019,84.5,Trading Economics
Official,Bangladesh,,BDT,01/11/2019,84.5,Trading Economics
Official,Bangladesh,,BDT,04/11/2019,84.6,Trading Economics
Official,Bangladesh,,BDT,05/11/2019,84.74,Trading Economics
Official,Bangladesh,,BDT,06/11/2019,84.74,Trading Economics
Official,Bangladesh,,BDT,07/11/2019,84.74,Trading Economics
Official,Bangladesh,,BDT,08/11/2019,84.74,Trading Economics
Official,Bangladesh,,BDT,11/11/2019,84.74,Trading Economics
Official,Bangladesh,,BDT,12/11/2019,84.6,Trading Economics
Official,Bangladesh,,BDT,13/11/2019,84.6,Trading Economics
Official,Bangladesh,,BDT,14/11/2019,84.6,Trading Economics
Official,Bangladesh,,BDT,15/11/2019,84.6,Trading Economics
Official,Bangladesh,,BDT,18/11/2019,84.6,Trading Economics
Official,Bangladesh,,BDT,19/11/2019,84.6,Trading Economics
Official,Bangladesh,,BDT,20/11/2019,84.6,Trading Economics
Official,Bangladesh,,BDT,21/11/2019,84.6,Trading Economics
Official,Bangladesh,,BDT,22/11/2019,84.6,Trading Economics
Official,Bangladesh,,BDT,25/11/2019,84.6,Trading Economics
Official,Bangladesh,,BDT,26/11/2019,84.6,Trading Economics
Official,Bangladesh,,BDT,27/11/2019,84.6,Trading Economics
Official,Bangladesh,,BDT,28/11/2019,84.89,Trading Economics
Official,Bangladesh,,BDT,29/11/2019,84.89,Trading Economics
Official,Bangladesh,,BDT,02/12/2019,84.65,Trading Economics
Official,Bangladesh,,BDT,03/12/2019,84.6,Trading Economics
Official,Bangladesh,,BDT,04/12/2019,84.6,Trading Economics
Official,Bangladesh,,BDT,05/12/2019,84.6,Trading Economics
Official,Bangladesh,,BDT,06/12/2019,84.6,Trading Economics
Official,Bangladesh,,BDT,09/12/2019,84.6,Trading Economics
Official,Bangladesh,,BDT,10/12/2019,84.6,Trading Economics
Official,Bangladesh,,BDT,11/12/2019,84.6,Trading Economics
Official,Bangladesh,,BDT,12/12/2019,84.6,Trading Economics
Official,Bangladesh,,BDT,13/12/2019,84.6,Trading Economics
Official,Bangladesh,,BDT,16/12/2019,84.6,Trading Economics
Official,Bangladesh,,BDT,17/12/2019,84.6,Trading Economics
Official,Bangladesh,,BDT,18/12/2019,84.6,Trading Economics
Official,Bangladesh,,BDT,19/12/2019,84.89,Trading Economics
Official,Bangladesh,,BDT,20/12/2019,84.89,Trading Economics
Official,Bangladesh,,BDT,23/12/2019,84.62,Trading Economics
Official,Bangladesh,,BDT,24/12/2019,84.6,Trading Economics
Official,Bangladesh,,BDT,25/12/2019,84.6,Trading Economics
Official,Bangladesh,,BDT,26/12/2019,84.6,Trading Economics
Official,Bangladesh,,BDT,27/12/2019,84.6,Trading Economics
Official,Bangladesh,,BDT,30/12/2019,84.89,Trading Economics
Official,Bangladesh,,BDT,31/12/2019,84.89,Trading Economics
Official,Bangladesh,,BDT,01/01/2020,84.89,Trading Economics
Official,Bangladesh,,BDT,02/01/2020,84.6,Trading Economics
Official,Bangladesh,,BDT,03/01/2020,84.6,Trading Economics
Official,Bangladesh,,BDT,06/01/2020,84.6,Trading Economics
Official,Bangladesh,,BDT,07/01/2020,84.6,Trading Economics
Official,Bangladesh,,BDT,08/01/2020,84.6,Trading Economics
Official,Bangladesh,,BDT,09/01/2020,84.6,Trading Economics
Official,Bangladesh,,BDT,10/01/2020,84.6,Trading Economics
Official,Bangladesh,,BDT,13/01/2020,84.89,Trading Economics
Official,Bangladesh,,BDT,14/01/2020,84.6,Trading Economics
Official,Bangladesh,,BDT,15/01/2020,84.6,Trading Economics
Official,Bangladesh,,BDT,16/01/2020,84.6,Trading Economics
Official,Bangladesh,,BDT,17/01/2020,84.6,Trading Economics
Official,Bangladesh,,BDT,20/01/2020,84.89,Trading Economics
Official,Bangladesh,,BDT,21/01/2020,84.89,Trading Economics
Official,Bangladesh,,BDT,22/01/2020,84.6,Trading Economics
Official,Bangladesh,,BDT,23/01/2020,84.6,Trading Economics
Official,Bangladesh,,BDT,24/01/2020,84.6,Trading Economics
Official,Bangladesh,,BDT,27/01/2020,84.6,Trading Economics
Official,Bangladesh,,BDT,28/01/2020,84.6,Trading Economics
Official,Bangladesh,,BDT,29/01/2020,84.6,Trading Economics
Official,Bangladesh,,BDT,30/01/2020,84.6,Trading Economics
Official,Bangladesh,,BDT,31/01/2020,84.6,Trading Economics
Official,Bangladesh,,BDT,03/02/2020,84.6,Trading Economics
Official,Bangladesh,,BDT,04/02/2020,84.65,Trading Economics
Official,Bangladesh,,BDT,05/02/2020,84.7,Trading Economics
Official,Bangladesh,,BDT,06/02/2020,84.65,Trading Economics
Official,Bangladesh,,BDT,07/02/2020,84.65,Trading Economics
Official,Bangladesh,,BDT,10/02/2020,84.65,Trading Economics
Official,Bangladesh,,BDT,11/02/2020,84.65,Trading Economics
Official,Bangladesh,,BDT,12/02/2020,84.65,Trading Economics
Official,Bangladesh,,BDT,13/02/2020,84.65,Trading Economics
Official,Bangladesh,,BDT,14/02/2020,84.65,Trading Economics
Official,Bangladesh,,BDT,17/02/2020,84.94,Trading Economics
Official,Bangladesh,,BDT,18/02/2020,84.65,Trading Economics
Official,Bangladesh,,BDT,19/02/2020,84.65,Trading Economics
Official,Bangladesh,,BDT,20/02/2020,84.65,Trading Economics
Official,Bangladesh,,BDT,21/02/2020,84.65,Trading Economics
Official,Bangladesh,,BDT,24/02/2020,84.65,Trading Economics
Official,Bangladesh,,BDT,25/02/2020,84.65,Trading Economics
Official,Bangladesh,,BDT,26/02/2020,84.7,Trading Economics
Official,Bangladesh,,BDT,27/02/2020,84.65,Trading Economics
Official,Bangladesh,,BDT,28/02/2020,84.65,Trading Economics
Official,Bangladesh,,BDT,02/03/2020,84.65,Trading Economics
Official,Bangladesh,,BDT,03/03/2020,84.65,Trading Economics
Official,Bangladesh,,BDT,04/03/2020,84.65,Trading Economics
Official,Bangladesh,,BDT,05/03/2020,84.65,Trading Economics
Official,Bangladesh,,BDT,06/03/2020,84.65,Trading Economics
Official,Bangladesh,,BDT,09/03/2020,84.65,Trading Economics
Official,Bangladesh,,BDT,10/03/2020,84.94,Trading Economics
Official,Bangladesh,,BDT,11/03/2020,84.94,Trading Economics
Official,Bangladesh,,BDT,12/03/2020,84.69,Trading Economics
Official,Bangladesh,,BDT,13/03/2020,84.65,Trading Economics
Official,Bangladesh,,BDT,16/03/2020,84.65,Trading Economics
Official,Bangladesh,,BDT,17/03/2020,84.65,Trading Economics
Official,Bangladesh,,BDT,18/03/2020,84.69,Trading Economics
Official,Bangladesh,,BDT,19/03/2020,84.65,Trading Economics
Official,Bangladesh,,BDT,20/03/2020,84.65,Trading Economics
Official,Bangladesh,,BDT,23/03/2020,84.65,Trading Economics
Official,Bangladesh,,BDT,24/03/2020,84.65,Trading Economics
Official,Bangladesh,,BDT,25/03/2020,84.67,Trading Economics
Official,Bangladesh,,BDT,26/03/2020,84.67,Trading Economics
Official,Bangladesh,,BDT,27/03/2020,84.67,Trading Economics
Official,Bangladesh,,BDT,30/03/2020,84.67,Trading Economics
Official,Bangladesh,,BDT,31/03/2020,84.67,Trading Economics
Official,Bangladesh,,BDT,01/04/2020,84.67,Trading Economics
Official,Bangladesh,,BDT,02/04/2020,84.67,Trading Economics
Official,Bangladesh,,BDT,03/04/2020,84.67,Trading Economics
Official,Bangladesh,,BDT,06/04/2020,84.65,Trading Economics
Official,Bangladesh,,BDT,07/04/2020,84.65,Trading Economics
Official,Bangladesh,,BDT,08/04/2020,84.65,Trading Economics
Official,Bangladesh,,BDT,09/04/2020,84.69,Trading Economics
Official,Bangladesh,,BDT,10/04/2020,84.65,Trading Economics
Official,Bangladesh,,BDT,13/04/2020,84.65,Trading Economics
Official,Bangladesh,,BDT,14/04/2020,84.65,Trading Economics
Official,Bangladesh,,BDT,15/04/2020,84.73,Trading Economics
Official,Bangladesh,,BDT,16/04/2020,84.73,Trading Economics
Official,Bangladesh,,BDT,17/04/2020,84.73,Trading Economics
Official,Bangladesh,,BDT,20/04/2020,84.73,Trading Economics
Official,Bangladesh,,BDT,21/04/2020,84.73,Trading Economics
Official,Bangladesh,,BDT,22/04/2020,84.73,Trading Economics
Official,Bangladesh,,BDT,23/04/2020,84.76,Trading Economics
Official,Bangladesh,,BDT,24/04/2020,84.76,Trading Economics
Official,Bangladesh,,BDT,27/04/2020,84.73,Trading Economics
Official,Bangladesh,,BDT,28/04/2020,84.73,Trading Economics
Official,Bangladesh,,BDT,29/04/2020,84.73,Trading Economics
Official,Bangladesh,,BDT,30/04/2020,84.78,Trading Economics
Official,Bangladesh,,BDT,01/05/2020,84.78,Trading Economics
Official,Bangladesh,,BDT,04/05/2020,84.73,Trading Economics
Official,Bangladesh,,BDT,05/05/2020,84.73,Trading Economics
Official,Bangladesh,,BDT,06/05/2020,84.73,Trading Economics
Official,Bangladesh,,BDT,07/05/2020,84.76,Trading Economics
Official,Bangladesh,,BDT,08/05/2020,84.76,Trading Economics
Official,Bangladesh,,BDT,11/05/2020,84.73,Trading Economics
Official,Bangladesh,,BDT,12/05/2020,84.73,Trading Economics
Official,Bangladesh,,BDT,13/05/2020,84.73,Trading Economics
Official,Bangladesh,,BDT,14/05/2020,84.73,Trading Economics
Official,Bangladesh,,BDT,15/05/2020,84.73,Trading Economics
Official,Bangladesh,,BDT,18/05/2020,84.94,Trading Economics
Official,Bangladesh,,BDT,19/05/2020,84.73,Trading Economics
Official,Bangladesh,,BDT,20/05/2020,84.73,Trading Economics
Official,Bangladesh,,BDT,21/05/2020,84.73,Trading Economics
Official,Bangladesh,,BDT,22/05/2020,84.73,Trading Economics
Official,Bangladesh,,BDT,25/05/2020,84.73,Trading Economics
Official,Bangladesh,,BDT,26/05/2020,84.73,Trading Economics
Official,Bangladesh,,BDT,27/05/2020,84.78,Trading Economics
Official,Bangladesh,,BDT,28/05/2020,84.73,Trading Economics
Official,Bangladesh,,BDT,29/05/2020,84.73,Trading Economics
Official,Bangladesh,,BDT,01/06/2020,84.73,Trading Economics
Official,Bangladesh,,BDT,02/06/2020,84.78,Trading Economics
Official,Bangladesh,,BDT,03/06/2020,84.73,Trading Economics
Official,Bangladesh,,BDT,04/06/2020,84.73,Trading Economics
Official,Bangladesh,,BDT,05/06/2020,84.73,Trading Economics
Official,Bangladesh,,BDT,08/06/2020,84.73,Trading Economics
Official,Bangladesh,,BDT,09/06/2020,84.73,Trading Economics
Official,Bangladesh,,BDT,10/06/2020,84.73,Trading Economics
Official,Bangladesh,,BDT,11/06/2020,84.94,Trading Economics
Official,Bangladesh,,BDT,12/06/2020,84.94,Trading Economics
Official,Bangladesh,,BDT,15/06/2020,84.73,Trading Economics
Official,Bangladesh,,BDT,16/06/2020,84.73,Trading Economics
Official,Bangladesh,,BDT,17/06/2020,84.73,Trading Economics
Official,Bangladesh,,BDT,18/06/2020,84.73,Trading Economics
Official,Bangladesh,,BDT,19/06/2020,84.73,Trading Economics
Official,Bangladesh,,BDT,22/06/2020,84.73,Trading Economics
Official,Bangladesh,,BDT,23/06/2020,84.73,Trading Economics
Official,Bangladesh,,BDT,24/06/2020,84.73,Trading Economics
Official,Bangladesh,,BDT,25/06/2020,84.73,Trading Economics
Official,Bangladesh,,BDT,26/06/2020,84.73,Trading Economics
Official,Bangladesh,,BDT,29/06/2020,84.73,Trading Economics
Official,Bangladesh,,BDT,30/06/2020,84.73,Trading Economics
Official,Bangladesh,,BDT,01/07/2020,84.73,Trading Economics
Official,Bangladesh,,BDT,02/07/2020,84.84,Trading Economics
Official,Bangladesh,,BDT,03/07/2020,84.84,Trading Economics
Official,Bangladesh,,BDT,06/07/2020,84.73,Trading Economics
Official,Bangladesh,,BDT,07/07/2020,84.79,Trading Economics
Official,Bangladesh,,BDT,08/07/2020,84.73,Trading Economics
Official,Bangladesh,,BDT,09/07/2020,84.73,Trading Economics
Official,Bangladesh,,BDT,10/07/2020,84.73,Trading Economics
Official,Bangladesh,,BDT,13/07/2020,84.63,Trading Economics
Official,Bangladesh,,BDT,14/07/2020,84.63,Trading Economics
Official,Bangladesh,,BDT,15/07/2020,84.63,Trading Economics
Official,Bangladesh,,BDT,16/07/2020,84.63,Trading Economics
Official,Bangladesh,,BDT,17/07/2020,84.63,Trading Economics
Official,Bangladesh,,BDT,20/07/2020,84.63,Trading Economics
Official,Bangladesh,,BDT,21/07/2020,84.63,Trading Economics
Official,Bangladesh,,BDT,22/07/2020,84.63,Trading Economics
Official,Bangladesh,,BDT,23/07/2020,84.63,Trading Economics
Official,Bangladesh,,BDT,24/07/2020,84.63,Trading Economics
Official,Bangladesh,,BDT,27/07/2020,84.63,Trading Economics
Official,Bangladesh,,BDT,28/07/2020,84.63,Trading Economics
Official,Bangladesh,,BDT,29/07/2020,84.63,Trading Economics
Official,Bangladesh,,BDT,30/07/2020,84.63,Trading Economics
Official,Bangladesh,,BDT,31/07/2020,84.63,Trading Economics
Official,Bangladesh,,BDT,03/08/2020,84.63,Trading Economics
Official,Bangladesh,,BDT,04/08/2020,84.63,Trading Economics
Official,Bangladesh,,BDT,05/08/2020,84.63,Trading Economics
Official,Bangladesh,,BDT,06/08/2020,84.63,Trading Economics
Official,Bangladesh,,BDT,07/08/2020,84.63,Trading Economics
Official,Bangladesh,,BDT,10/08/2020,84.63,Trading Economics
Official,Bangladesh,,BDT,11/08/2020,84.63,Trading Economics
Official,Bangladesh,,BDT,12/08/2020,84.63,Trading Economics
Official,Bangladesh,,BDT,13/08/2020,84.63,Trading Economics
Official,Bangladesh,,BDT,14/08/2020,84.63,Trading Economics
Official,Bangladesh,,BDT,17/08/2020,84.63,Trading Economics
Official,Bangladesh,,BDT,18/08/2020,84.63,Trading Economics
Official,Bangladesh,,BDT,19/08/2020,84.63,Trading Economics
Official,Bangladesh,,BDT,20/08/2020,84.63,Trading Economics
Official,Bangladesh,,BDT,21/08/2020,84.63,Trading Economics
Official,Bangladesh,,BDT,24/08/2020,84.63,Trading Economics
Official,Bangladesh,,BDT,25/08/2020,84.63,Trading Economics
Official,Bangladesh,,BDT,26/08/2020,84.63,Trading Economics
Official,Bangladesh,,BDT,27/08/2020,84.63,Trading Economics
Official,Bangladesh,,BDT,28/08/2020,84.63,Trading Economics
Official,Bangladesh,,BDT,31/08/2020,84.63,Trading Economics
Official,Bangladesh,,BDT,01/09/2020,84.63,Trading Economics
Official,Bangladesh,,BDT,02/09/2020,84.63,Trading Economics
Official,Bangladesh,,BDT,03/09/2020,84.63,Trading Economics
Official,Bangladesh,,BDT,04/09/2020,84.63,Trading Economics
Official,Bangladesh,,BDT,07/09/2020,84.8,Trading Economics
Official,Bangladesh,,BDT,08/09/2020,84.63,Trading Economics
Official,Bangladesh,,BDT,09/09/2020,84.63,Trading Economics
Official,Bangladesh,,BDT,10/09/2020,84.63,Trading Economics
Official,Bangladesh,,BDT,11/09/2020,84.63,Trading Economics
Official,Bangladesh,,BDT,14/09/2020,84.63,Trading Economics
Official,Bangladesh,,BDT,15/09/2020,84.63,Trading Economics
Official,Bangladesh,,BDT,16/09/2020,84.63,Trading Economics
Official,Bangladesh,,BDT,17/09/2020,84.8,Trading Economics
Official,Bangladesh,,BDT,18/09/2020,84.63,Trading Economics
Official,Bangladesh,,BDT,21/09/2020,84.63,Trading Economics
Official,Bangladesh,,BDT,22/09/2020,84.63,Trading Economics
Official,Bangladesh,,BDT,23/09/2020,84.63,Trading Economics
Official,Bangladesh,,BDT,24/09/2020,84.63,Trading Economics
Official,Bangladesh,,BDT,25/09/2020,84.63,Trading Economics
Official,Bangladesh,,BDT,28/09/2020,84.63,Trading Economics
Official,Bangladesh,,BDT,29/09/2020,84.63,Trading Economics
Official,Bangladesh,,BDT,30/09/2020,84.79,Trading Economics
Official,Bangladesh,,BDT,01/10/2020,84.63,Trading Economics
Official,Bangladesh,,BDT,02/10/2020,84.63,Trading Economics
Official,Bangladesh,,BDT,05/10/2020,84.63,Trading Economics
Official,Bangladesh,,BDT,06/10/2020,84.63,Trading Economics
Official,Bangladesh,,BDT,07/10/2020,84.63,Trading Economics
Official,Bangladesh,,BDT,08/10/2020,84.63,Trading Economics
Official,Bangladesh,,BDT,09/10/2020,84.63,Trading Economics
Official,Bangladesh,,BDT,12/10/2020,84.79,Trading Economics
Official,Bangladesh,,BDT,13/10/2020,84.63,Trading Economics
Official,Bangladesh,,BDT,14/10/2020,84.63,Trading Economics
Official,Bangladesh,,BDT,15/10/2020,84.63,Trading Economics
Official,Bangladesh,,BDT,16/10/2020,84.63,Trading Economics
Official,Bangladesh,,BDT,19/10/2020,84.63,Trading Economics
Official,Bangladesh,,BDT,20/10/2020,84.63,Trading Economics
Official,Bangladesh,,BDT,21/10/2020,84.63,Trading Economics
Official,Bangladesh,,BDT,22/10/2020,84.63,Trading Economics
Official,Bangladesh,,BDT,23/10/2020,84.63,Trading Economics
Official,Bangladesh,,BDT,26/10/2020,84.63,Trading Economics
Official,Bangladesh,,BDT,27/10/2020,84.46,Trading Economics
Official,Bangladesh,,BDT,28/10/2020,84.15,Trading Economics
Official,Bangladesh,,BDT,29/10/2020,84.57,Trading Economics
Official,Bangladesh,,BDT,30/10/2020,84.29,Trading Economics
Official,Bangladesh,,BDT,02/11/2020,84.17,Trading Economics
Official,Bangladesh,,BDT,03/11/2020,84.79,Trading Economics
Official,Bangladesh,,BDT,04/11/2020,84.22,Trading Economics
Official,Bangladesh,,BDT,05/11/2020,84.43,Trading Economics
Official,Bangladesh,,BDT,06/11/2020,84.37,Trading Economics
Official,Bangladesh,,BDT,09/11/2020,84.43,Trading Economics
Official,Bangladesh,,BDT,10/11/2020,84.39,Trading Economics
Official,Bangladesh,,BDT,11/11/2020,84.4,Trading Economics
Official,Bangladesh,,BDT,12/11/2020,84.37,Trading Economics
Official,Bangladesh,,BDT,13/11/2020,84.41,Trading Economics
Official,Bangladesh,,BDT,16/11/2020,84.45,Trading Economics
Official,Bangladesh,,BDT,17/11/2020,84.2,Trading Economics
Official,Bangladesh,,BDT,18/11/2020,84.29,Trading Economics
Official,Bangladesh,,BDT,19/11/2020,84.33,Trading Economics
Official,Bangladesh,,BDT,20/11/2020,83.9,Trading Economics
Official,Bangladesh,,BDT,23/11/2020,84.41,Trading Economics
Official,Bangladesh,,BDT,24/11/2020,84.45,Trading Economics
Official,Bangladesh,,BDT,25/11/2020,84.46,Trading Economics
Official,Bangladesh,,BDT,26/11/2020,84.79,Trading Economics
Official,Bangladesh,,BDT,27/11/2020,84.45,Trading Economics
Official,Bangladesh,,BDT,30/11/2020,84.46,Trading Economics
Official,Bangladesh,,BDT,01/12/2020,84.36,Trading Economics
Official,Bangladesh,,BDT,02/12/2020,84.36,Trading Economics
Official,Bangladesh,,BDT,03/12/2020,84.39,Trading Economics
Official,Bangladesh,,BDT,04/12/2020,84.18,Trading Economics
Official,Bangladesh,,BDT,07/12/2020,84.45,Trading Economics
Official,Bangladesh,,BDT,08/12/2020,84.4,Trading Economics
Official,Bangladesh,,BDT,09/12/2020,84.46,Trading Economics
Official,Bangladesh,,BDT,10/12/2020,84.45,Trading Economics
Official,Bangladesh,,BDT,11/12/2020,84.5,Trading Economics
Official,Bangladesh,,BDT,14/12/2020,84.39,Trading Economics
Official,Bangladesh,,BDT,15/12/2020,84.54,Trading Economics
Official,Bangladesh,,BDT,16/12/2020,84.43,Trading Economics
Official,Bangladesh,,BDT,17/12/2020,84.63,Trading Economics
Official,Bangladesh,,BDT,18/12/2020,84.18,Trading Economics
Official,Bangladesh,,BDT,21/12/2020,84.32,Trading Economics
Official,Bangladesh,,BDT,22/12/2020,84.37,Trading Economics
Official,Bangladesh,,BDT,23/12/2020,84.45,Trading Economics
Official,Bangladesh,,BDT,24/12/2020,84.51,Trading Economics
Official,Bangladesh,,BDT,25/12/2020,84.51,Trading Economics
Official,Bangladesh,,BDT,28/12/2020,84.49,Trading Economics
Official,Bangladesh,,BDT,29/12/2020,84.46,Trading Economics
Official,Bangladesh,,BDT,30/12/2020,84.45,Trading Economics
Official,Bangladesh,,BDT,31/12/2020,84.27,Trading Economics
Official,Bangladesh,,BDT,01/01/2021,84.27,Trading Economics
Official,Bangladesh,,BDT,04/01/2021,84.25,Trading Economics
Official,Bangladesh,,BDT,05/01/2021,84.29,Trading Economics
Official,Bangladesh,,BDT,06/01/2021,84.79,Trading Economics
Official,Bangladesh,,BDT,07/01/2021,84.33,Trading Economics
Official,Bangladesh,,BDT,08/01/2021,84.33,Trading Economics
Official,Bangladesh,,BDT,11/01/2021,84.28,Trading Economics
Official,Bangladesh,,BDT,12/01/2021,84.29,Trading Economics
Official,Bangladesh,,BDT,13/01/2021,84.15,Trading Economics
Official,Bangladesh,,BDT,14/01/2021,84.28,Trading Economics
Official,Bangladesh,,BDT,15/01/2021,84.28,Trading Economics
Official,Bangladesh,,BDT,18/01/2021,84.8,Trading Economics
Official,Bangladesh,,BDT,19/01/2021,84.28,Trading Economics
Official,Bangladesh,,BDT,20/01/2021,84.29,Trading Economics
Official,Bangladesh,,BDT,21/01/2021,84.79,Trading Economics
Official,Bangladesh,,BDT,22/01/2021,84.15,Trading Economics
Official,Bangladesh,,BDT,25/01/2021,84.29,Trading Economics
Official,Bangladesh,,BDT,26/01/2021,84.13,Trading Economics
Official,Bangladesh,,BDT,27/01/2021,84.58,Trading Economics
Official,Bangladesh,,BDT,28/01/2021,84.54,Trading Economics
Official,Bangladesh,,BDT,29/01/2021,84.37,Trading Economics
Official,Bangladesh,,BDT,01/02/2021,84.79,Trading Economics
Official,Bangladesh,,BDT,02/02/2021,84.45,Trading Economics
Official,Bangladesh,,BDT,03/02/2021,84.28,Trading Economics
Official,Bangladesh,,BDT,04/02/2021,84.54,Trading Economics
Official,Bangladesh,,BDT,05/02/2021,84.03,Trading Economics
Official,Bangladesh,,BDT,08/02/2021,84.44,Trading Economics
Official,Bangladesh,,BDT,09/02/2021,84.37,Trading Economics
Official,Bangladesh,,BDT,10/02/2021,84.79,Trading Economics
Official,Bangladesh,,BDT,11/02/2021,84.54,Trading Economics
Official,Bangladesh,,BDT,12/02/2021,84.22,Trading Economics
Official,Bangladesh,,BDT,15/02/2021,84.63,Trading Economics
Official,Bangladesh,,BDT,16/02/2021,84.11,Trading Economics
Official,Bangladesh,,BDT,17/02/2021,84.56,Trading Economics
Official,Bangladesh,,BDT,18/02/2021,84.44,Trading Economics
Official,Bangladesh,,BDT,19/02/2021,84.27,Trading Economics
Official,Bangladesh,,BDT,22/02/2021,84.17,Trading Economics
Official,Bangladesh,,BDT,23/02/2021,84.37,Trading Economics
Official,Bangladesh,,BDT,24/02/2021,84.62,Trading Economics
Official,Bangladesh,,BDT,25/02/2021,84.79,Trading Economics
Official,Bangladesh,,BDT,26/02/2021,84.62,Trading Economics
Official,Bangladesh,,BDT,01/03/2021,84.06,Trading Economics
Official,Bangladesh,,BDT,02/03/2021,84.45,Trading Economics
Official,Bangladesh,,BDT,03/03/2021,84.45,Trading Economics
Official,Bangladesh,,BDT,04/03/2021,84.79,Trading Economics
Official,Bangladesh,,BDT,05/03/2021,84.62,Trading Economics
Official,Bangladesh,,BDT,08/03/2021,84.59,Trading Economics
Official,Bangladesh,,BDT,09/03/2021,84.59,Trading Economics
Official,Bangladesh,,BDT,10/03/2021,84.54,Trading Economics
Official,Bangladesh,,BDT,11/03/2021,84.54,Trading Economics
Official,Bangladesh,,BDT,12/03/2021,83.97,Trading Economics
Official,Bangladesh,,BDT,15/03/2021,84.45,Trading Economics
Official,Bangladesh,,BDT,16/03/2021,84.79,Trading Economics
Official,Bangladesh,,BDT,17/03/2021,84.79,Trading Economics
Official,Bangladesh,,BDT,18/03/2021,84.18,Trading Economics
Official,Bangladesh,,BDT,19/03/2021,84.14,Trading Economics
Official,Bangladesh,,BDT,22/03/2021,84.39,Trading Economics
Official,Bangladesh,,BDT,23/03/2021,84.37,Trading Economics
Official,Bangladesh,,BDT,24/03/2021,84.56,Trading Economics
Official,Bangladesh,,BDT,25/03/2021,84.45,Trading Economics
Official,Bangladesh,,BDT,26/03/2021,84.03,Trading Economics
Official,Bangladesh,,BDT,29/03/2021,84.62,Trading Economics
Official,Bangladesh,,BDT,30/03/2021,84.45,Trading Economics
Official,Bangladesh,,BDT,31/03/2021,84.37,Trading Economics
Official,Bangladesh,,BDT,01/04/2021,84.54,Trading Economics
Official,Bangladesh,,BDT,02/04/2021,84.2,Trading Economics
Official,Bangladesh,,BDT,05/04/2021,84.39,Trading Economics
Official,Bangladesh,,BDT,06/04/2021,84.62,Trading Economics
Official,Bangladesh,,BDT,07/04/2021,84.62,Trading Economics
Official,Bangladesh,,BDT,08/04/2021,84.43,Trading Economics
Official,Bangladesh,,BDT,09/04/2021,84.16,Trading Economics
Official,Bangladesh,,BDT,12/04/2021,84.35,Trading Economics
Official,Bangladesh,,BDT,13/04/2021,84.62,Trading Economics
Official,Bangladesh,,BDT,14/04/2021,84.62,Trading Economics
Official,Bangladesh,,BDT,15/04/2021,84.62,Trading Economics
Official,Bangladesh,,BDT,16/04/2021,84.28,Trading Economics
Official,Bangladesh,,BDT,19/04/2021,84.51,Trading Economics
Official,Bangladesh,,BDT,20/04/2021,84.51,Trading Economics
Official,Bangladesh,,BDT,21/04/2021,84.39,Trading Economics
Official,Bangladesh,,BDT,22/04/2021,84.51,Trading Economics
Official,Bangladesh,,BDT,23/04/2021,84.17,Trading Economics
Official,Bangladesh,,BDT,26/04/2021,84.62,Trading Economics
Official,Bangladesh,,BDT,27/04/2021,84.62,Trading Economics
Official,Bangladesh,,BDT,28/04/2021,84.62,Trading Economics
Official,Bangladesh,,BDT,29/04/2021,84.62,Trading Economics
Official,Bangladesh,,BDT,30/04/2021,84.28,Trading Economics
Official,Bangladesh,,BDT,03/05/2021,84.62,Trading Economics
Official,Bangladesh,,BDT,04/05/2021,84.62,Trading Economics
Official,Bangladesh,,BDT,05/05/2021,84.29,Trading Economics
Official,Bangladesh,,BDT,06/05/2021,84.62,Trading Economics
Official,Bangladesh,,BDT,07/05/2021,84.28,Trading Economics
Official,Bangladesh,,BDT,10/05/2021,84.45,Trading Economics
Official,Bangladesh,,BDT,11/05/2021,84.39,Trading Economics
Official,Bangladesh,,BDT,12/05/2021,84.62,Trading Economics
Official,Bangladesh,,BDT,13/05/2021,84.45,Trading Economics
Official,Bangladesh,,BDT,14/05/2021,84.06,Trading Economics
Official,Bangladesh,,BDT,17/05/2021,84.51,Trading Economics
Official,Bangladesh,,BDT,18/05/2021,84.51,Trading Economics
Official,Bangladesh,,BDT,19/05/2021,84.62,Trading Economics
Official,Bangladesh,,BDT,20/05/2021,84.62,Trading Economics
Official,Bangladesh,,BDT,21/05/2021,84.27,Trading Economics
Official,Bangladesh,,BDT,24/05/2021,84.39,Trading Economics
Official,Bangladesh,,BDT,25/05/2021,84.51,Trading Economics
Official,Bangladesh,,BDT,26/05/2021,84.23,Trading Economics
Official,Bangladesh,,BDT,27/05/2021,84.62,Trading Economics
Official,Bangladesh,,BDT,28/05/2021,84.28,Trading Economics
Official,Bangladesh,,BDT,31/05/2021,84.54,Trading Economics
Official,Bangladesh,,BDT,01/06/2021,84.4,Trading Economics
Official,Bangladesh,,BDT,02/06/2021,84.62,Trading Economics
Official,Bangladesh,,BDT,03/06/2021,84.39,Trading Economics
Official,Bangladesh,,BDT,04/06/2021,84.01,Trading Economics
Official,Bangladesh,,BDT,07/06/2021,84.28,Trading Economics
Official,Bangladesh,,BDT,08/06/2021,84.45,Trading Economics
Official,Bangladesh,,BDT,09/06/2021,84.51,Trading Economics
Official,Bangladesh,,BDT,10/06/2021,84.8,Trading Economics
Official,Bangladesh,,BDT,11/06/2021,84.34,Trading Economics
Official,Bangladesh,,BDT,14/06/2021,84.39,Trading Economics
Official,Bangladesh,,BDT,15/06/2021,84.62,Trading Economics
Official,Bangladesh,,BDT,16/06/2021,84.63,Trading Economics
Official,Bangladesh,,BDT,17/06/2021,84.62,Trading Economics
Official,Bangladesh,,BDT,18/06/2021,84.45,Trading Economics
Official,Bangladesh,,BDT,21/06/2021,84.51,Trading Economics
Official,Bangladesh,,BDT,22/06/2021,84.39,Trading Economics
Official,Bangladesh,,BDT,23/06/2021,84.36,Trading Economics
Official,Bangladesh,,BDT,24/06/2021,84.51,Trading Economics
Official,Bangladesh,,BDT,25/06/2021,84.2,Trading Economics
Official,Bangladesh,,BDT,28/06/2021,84.44,Trading Economics
Official,Bangladesh,,BDT,29/06/2021,84.63,Trading Economics
Official,Bangladesh,,BDT,30/06/2021,84.57,Trading Economics
Official,Bangladesh,,BDT,01/07/2021,84.4,Trading Economics
Official,Bangladesh,,BDT,02/07/2021,84.34,Trading Economics
Official,Bangladesh,,BDT,05/07/2021,84.63,Trading Economics
Official,Bangladesh,,BDT,06/07/2021,84.42,Trading Economics
Official,Bangladesh,,BDT,07/07/2021,84.63,Trading Economics
Official,Bangladesh,,BDT,08/07/2021,84.63,Trading Economics
Official,Bangladesh,,BDT,09/07/2021,84.12,Trading Economics
Official,Bangladesh,,BDT,12/07/2021,84.51,Trading Economics
Official,Bangladesh,,BDT,13/07/2021,84.8,Trading Economics
Official,Bangladesh,,BDT,14/07/2021,84.8,Trading Economics
Official,Bangladesh,,BDT,15/07/2021,84.8,Trading Economics
Official,Bangladesh,,BDT,16/07/2021,84.8,Trading Economics
Official,Bangladesh,,BDT,19/07/2021,84.79,Trading Economics
Official,Bangladesh,,BDT,20/07/2021,84.79,Trading Economics
Official,Bangladesh,,BDT,21/07/2021,84.79,Trading Economics
Official,Bangladesh,,BDT,22/07/2021,84.62,Trading Economics
Official,Bangladesh,,BDT,23/07/2021,84.14,Trading Economics
Official,Bangladesh,,BDT,26/07/2021,84.8,Trading Economics
Official,Bangladesh,,BDT,27/07/2021,84.8,Trading Economics
Official,Bangladesh,,BDT,28/07/2021,84.42,Trading Economics
Official,Bangladesh,,BDT,29/07/2021,84.46,Trading Economics
Official,Bangladesh,,BDT,30/07/2021,84.25,Trading Economics
Official,Bangladesh,,BDT,02/08/2021,84.8,Trading Economics
Official,Bangladesh,,BDT,03/08/2021,84.81,Trading Economics
Official,Bangladesh,,BDT,04/08/2021,84.81,Trading Economics
Official,Bangladesh,,BDT,05/08/2021,84.21,Trading Economics
Official,Bangladesh,,BDT,06/08/2021,84.17,Trading Economics
Official,Bangladesh,,BDT,09/08/2021,84.48,Trading Economics
Official,Bangladesh,,BDT,10/08/2021,84.47,Trading Economics
Official,Bangladesh,,BDT,11/08/2021,84.33,Trading Economics
Official,Bangladesh,,BDT,12/08/2021,84.25,Trading Economics
Official,Bangladesh,,BDT,13/08/2021,84.08,Trading Economics
Official,Bangladesh,,BDT,16/08/2021,84.36,Trading Economics
Official,Bangladesh,,BDT,17/08/2021,84.58,Trading Economics
Official,Bangladesh,,BDT,18/08/2021,84.58,Trading Economics
Official,Bangladesh,,BDT,19/08/2021,84.88,Trading Economics
Official,Bangladesh,,BDT,20/08/2021,84.48,Trading Economics
Official,Bangladesh,,BDT,23/08/2021,84.81,Trading Economics
Official,Bangladesh,,BDT,24/08/2021,84.74,Trading Economics
Official,Bangladesh,,BDT,25/08/2021,84.79,Trading Economics
Official,Bangladesh,,BDT,26/08/2021,85.25,Trading Economics
Official,Bangladesh,,BDT,27/08/2021,84.91,Trading Economics
Official,Bangladesh,,BDT,30/08/2021,84.69,Trading Economics
Official,Bangladesh,,BDT,31/08/2021,85.03,Trading Economics
Official,Bangladesh,,BDT,01/09/2021,84.64,Trading Economics
Official,Bangladesh,,BDT,02/09/2021,84.98,Trading Economics
Official,Bangladesh,,BDT,03/09/2021,84.98,Trading Economics
Official,Bangladesh,,BDT,06/09/2021,85.15,Trading Economics
Official,Bangladesh,,BDT,07/09/2021,84.54,Trading Economics
Official,Bangladesh,,BDT,08/09/2021,84.81,Trading Economics
Official,Bangladesh,,BDT,09/09/2021,84.81,Trading Economics
Official,Bangladesh,,BDT,10/09/2021,84.49,Trading Economics
Official,Bangladesh,,BDT,13/09/2021,84.98,Trading Economics
Official,Bangladesh,,BDT,14/09/2021,85.2,Trading Economics
Official,Bangladesh,,BDT,15/09/2021,84.74,Trading Economics
Official,Bangladesh,,BDT,16/09/2021,85.25,Trading Economics
Official,Bangladesh,,BDT,17/09/2021,84.74,Trading Economics
Official,Bangladesh,,BDT,20/09/2021,84.63,Trading Economics
Official,Bangladesh,,BDT,21/09/2021,84.98,Trading Economics
Official,Bangladesh,,BDT,22/09/2021,85.18,Trading Economics
Official,Bangladesh,,BDT,23/09/2021,84.91,Trading Economics
Official,Bangladesh,,BDT,24/09/2021,84.61,Trading Economics
Official,Bangladesh,,BDT,27/09/2021,84.75,Trading Economics
Official,Bangladesh,,BDT,28/09/2021,85.09,Trading Economics
Official,Bangladesh,,BDT,29/09/2021,85.29,Trading Economics
Official,Bangladesh,,BDT,30/09/2021,85.6,Trading Economics
Official,Bangladesh,,BDT,01/10/2021,85.26,Trading Economics
Official,Bangladesh,,BDT,04/10/2021,85.24,Trading Economics
Official,Bangladesh,,BDT,05/10/2021,85.53,Trading Economics
Official,Bangladesh,,BDT,06/10/2021,85.46,Trading Economics
Official,Bangladesh,,BDT,07/10/2021,85.37,Trading Economics
Official,Bangladesh,,BDT,08/10/2021,85.2,Trading Economics
Official,Bangladesh,,BDT,11/10/2021,85.55,Trading Economics
Official,Bangladesh,,BDT,12/10/2021,85.24,Trading Economics
Official,Bangladesh,,BDT,13/10/2021,85.34,Trading Economics
Official,Bangladesh,,BDT,14/10/2021,85.35,Trading Economics
Official,Bangladesh,,BDT,15/10/2021,85.07,Trading Economics
Official,Bangladesh,,BDT,18/10/2021,85.45,Trading Economics
Official,Bangladesh,,BDT,19/10/2021,85.35,Trading Economics
Official,Bangladesh,,BDT,20/10/2021,85.26,Trading Economics
Official,Bangladesh,,BDT,21/10/2021,85.49,Trading Economics
Official,Bangladesh,,BDT,22/10/2021,85.26,Trading Economics
Official,Bangladesh,,BDT,25/10/2021,85.48,Trading Economics
Official,Bangladesh,,BDT,26/10/2021,85.55,Trading Economics
Official,Bangladesh,,BDT,27/10/2021,85.51,Trading Economics
Official,Bangladesh,,BDT,28/10/2021,85.56,Trading Economics
Official,Bangladesh,,BDT,29/10/2021,85.41,Trading Economics
Official,Bangladesh,,BDT,01/11/2021,85.47,Trading Economics
Official,Bangladesh,,BDT,02/11/2021,85.6,Trading Economics
Official,Bangladesh,,BDT,03/11/2021,85.53,Trading Economics
Official,Bangladesh,,BDT,04/11/2021,85.57,Trading Economics
Official,Bangladesh,,BDT,05/11/2021,85.39,Trading Economics
Official,Bangladesh,,BDT,08/11/2021,85.59,Trading Economics
Official,Bangladesh,,BDT,09/11/2021,85.56,Trading Economics
Official,Bangladesh,,BDT,10/11/2021,85.66,Trading Economics
Official,Bangladesh,,BDT,11/11/2021,85.75,Trading Economics
Official,Bangladesh,,BDT,12/11/2021,85.57,Trading Economics
Official,Bangladesh,,BDT,15/11/2021,85.79,Trading Economics
Official,Bangladesh,,BDT,16/11/2021,85.7,Trading Economics
Official,Bangladesh,,BDT,17/11/2021,85.56,Trading Economics
Official,Bangladesh,,BDT,18/11/2021,85.57,Trading Economics
Official,Bangladesh,,BDT,19/11/2021,85.5,Trading Economics
Official,Bangladesh,,BDT,22/11/2021,85.61,Trading Economics
Official,Bangladesh,,BDT,23/11/2021,85.6,Trading Economics
Official,Bangladesh,,BDT,24/11/2021,85.7,Trading Economics
Official,Bangladesh,,BDT,25/11/2021,85.79,Trading Economics
Official,Bangladesh,,BDT,26/11/2021,85.64,Trading Economics
Official,Bangladesh,,BDT,29/11/2021,85.62,Trading Economics
Official,Bangladesh,,BDT,30/11/2021,85.61,Trading Economics
Official,Bangladesh,,BDT,01/12/2021,85.61,Trading Economics
Official,Bangladesh,,BDT,02/12/2021,85.62,Trading Economics
Official,Bangladesh,,BDT,03/12/2021,85.44,Trading Economics
Official,Bangladesh,,BDT,06/12/2021,85.61,Trading Economics
Official,Bangladesh,,BDT,07/12/2021,85.66,Trading Economics
Official,Bangladesh,,BDT,08/12/2021,85.57,Trading Economics
Official,Bangladesh,,BDT,09/12/2021,85.66,Trading Economics
Official,Bangladesh,,BDT,10/12/2021,85.5,Trading Economics
Official,Bangladesh,,BDT,13/12/2021,85.61,Trading Economics
Official,Bangladesh,,BDT,14/12/2021,85.56,Trading Economics
Official,Bangladesh,,BDT,15/12/2021,85.7,Trading Economics
Official,Bangladesh,,BDT,16/12/2021,85.52,Trading Economics
Official,Bangladesh,,BDT,17/12/2021,85.37,Trading Economics
Official,Bangladesh,,BDT,20/12/2021,85.7,Trading Economics
Official,Bangladesh,,BDT,21/12/2021,85.62,Trading Economics
Official,Bangladesh,,BDT,22/12/2021,85.7,Trading Economics
Official,Bangladesh,,BDT,23/12/2021,85.62,Trading Economics
Official,Bangladesh,,BDT,24/12/2021,85.57,Trading Economics
Official,Bangladesh,,BDT,27/12/2021,85.7,Trading Economics
Official,Bangladesh,,BDT,28/12/2021,85.7,Trading Economics
Official,Bangladesh,,BDT,29/12/2021,85.62,Trading Economics
Official,Bangladesh,,BDT,30/12/2021,85.62,Trading Economics
Official,Bangladesh,,BDT,31/12/2021,85.62,Trading Economics
Official,Bangladesh,,BDT,03/01/2022,85.62,Trading Economics
Official,Bangladesh,,BDT,04/01/2022,85.7,Trading Economics
Official,Bangladesh,,BDT,05/01/2022,85.57,Trading Economics
Official,Bangladesh,,BDT,06/01/2022,85.86,Trading Economics
Official,Bangladesh,,BDT,07/01/2022,85.69,Trading Economics
Official,Bangladesh,,BDT,10/01/2022,85.8,Trading Economics
Official,Bangladesh,,BDT,11/01/2022,85.8,Trading Economics
Official,Bangladesh,,BDT,12/01/2022,85.86,Trading Economics
Official,Bangladesh,,BDT,13/01/2022,85.81,Trading Economics
Official,Bangladesh,,BDT,14/01/2022,85.81,Trading Economics
Official,Bangladesh,,BDT,17/01/2022,85.95,Trading Economics
Official,Bangladesh,,BDT,18/01/2022,85.74,Trading Economics
Official,Bangladesh,,BDT,19/01/2022,85.86,Trading Economics
Official,Bangladesh,,BDT,20/01/2022,85.86,Trading Economics
Official,Bangladesh,,BDT,21/01/2022,85.86,Trading Economics
Official,Bangladesh,,BDT,24/01/2022,85.8,Trading Economics
Official,Bangladesh,,BDT,25/01/2022,85.86,Trading Economics
Official,Bangladesh,,BDT,26/01/2022,85.86,Trading Economics
Official,Bangladesh,,BDT,27/01/2022,85.86,Trading Economics
Official,Bangladesh,,BDT,28/01/2022,85.86,Trading Economics
Official,Bangladesh,,BDT,31/01/2022,85.8,Trading Economics
Official,Bangladesh,,BDT,01/02/2022,85.95,Trading Economics
Official,Bangladesh,,BDT,02/02/2022,85.8,Trading Economics
Official,Bangladesh,,BDT,03/02/2022,85.79,Trading Economics
Official,Bangladesh,,BDT,04/02/2022,85.7,Trading Economics
Official,Bangladesh,,BDT,07/02/2022,85.79,Trading Economics
Official,Bangladesh,,BDT,08/02/2022,85.8,Trading Economics
Official,Bangladesh,,BDT,09/02/2022,85.86,Trading Economics
Official,Bangladesh,,BDT,10/02/2022,85.95,Trading Economics
Official,Bangladesh,,BDT,11/02/2022,85.77,Trading Economics
Official,Bangladesh,,BDT,14/02/2022,85.8,Trading Economics
Official,Bangladesh,,BDT,15/02/2022,85.76,Trading Economics
Official,Bangladesh,,BDT,16/02/2022,85.86,Trading Economics
Official,Bangladesh,,BDT,17/02/2022,85.86,Trading Economics
Official,Bangladesh,,BDT,18/02/2022,85.77,Trading Economics
Official,Bangladesh,,BDT,21/02/2022,85.95,Trading Economics
Official,Bangladesh,,BDT,22/02/2022,85.78,Trading Economics
Official,Bangladesh,,BDT,23/02/2022,85.86,Trading Economics
Official,Bangladesh,,BDT,24/02/2022,85.95,Trading Economics
Official,Bangladesh,,BDT,25/02/2022,85.95,Trading Economics
Official,Bangladesh,,BDT,28/02/2022,85.77,Trading Economics
Official,Bangladesh,,BDT,01/03/2022,85.7,Trading Economics
Official,Bangladesh,,BDT,02/03/2022,85.78,Trading Economics
Official,Bangladesh,,BDT,03/03/2022,85.91,Trading Economics
Official,Bangladesh,,BDT,04/03/2022,85.74,Trading Economics
Official,Bangladesh,,BDT,07/03/2022,85.95,Trading Economics
Official,Bangladesh,,BDT,08/03/2022,85.86,Trading Economics
Official,Bangladesh,,BDT,09/03/2022,85.91,Trading Economics
Official,Bangladesh,,BDT,10/03/2022,85.91,Trading Economics
Official,Bangladesh,,BDT,11/03/2022,85.82,Trading Economics
Official,Bangladesh,,BDT,14/03/2022,85.91,Trading Economics
Official,Bangladesh,,BDT,15/03/2022,85.86,Trading Economics
Official,Bangladesh,,BDT,16/03/2022,86,Trading Economics
Official,Bangladesh,,BDT,17/03/2022,85.91,Trading Economics
Official,Bangladesh,,BDT,18/03/2022,85.91,Trading Economics
Official,Bangladesh,,BDT,21/03/2022,86,Trading Economics
Official,Bangladesh,,BDT,22/03/2022,86.2,Trading Economics
Official,Bangladesh,,BDT,23/03/2022,86.19,Trading Economics
Official,Bangladesh,,BDT,24/03/2022,86.11,Trading Economics
Official,Bangladesh,,BDT,25/03/2022,86.02,Trading Economics
Official,Bangladesh,,BDT,28/03/2022,86.11,Trading Economics
Official,Bangladesh,,BDT,29/03/2022,86.2,Trading Economics
Official,Bangladesh,,BDT,30/03/2022,86.2,Trading Economics
Official,Bangladesh,,BDT,31/03/2022,86.2,Trading Economics
Official,Bangladesh,,BDT,01/04/2022,86.11,Trading Economics
Official,Bangladesh,,BDT,04/04/2022,86.03,Trading Economics
Official,Bangladesh,,BDT,05/04/2022,86.1,Trading Economics
Official,Bangladesh,,BDT,06/04/2022,86.01,Trading Economics
Official,Bangladesh,,BDT,07/04/2022,86.11,Trading Economics
Official,Bangladesh,,BDT,08/04/2022,86.02,Trading Economics
Official,Bangladesh,,BDT,11/04/2022,85.94,Trading Economics
Official,Bangladesh,,BDT,12/04/2022,85.93,Trading Economics
Official,Bangladesh,,BDT,13/04/2022,86.11,Trading Economics
Official,Bangladesh,,BDT,14/04/2022,85.94,Trading Economics
Official,Bangladesh,,BDT,15/04/2022,85.94,Trading Economics
Official,Bangladesh,,BDT,18/04/2022,86.03,Trading Economics
Official,Bangladesh,,BDT,19/04/2022,86.11,Trading Economics
Official,Bangladesh,,BDT,20/04/2022,86.2,Trading Economics
Official,Bangladesh,,BDT,21/04/2022,86.2,Trading Economics
Official,Bangladesh,,BDT,22/04/2022,86.02,Trading Economics
Official,Bangladesh,,BDT,25/04/2022,86.11,Trading Economics
Official,Bangladesh,,BDT,26/04/2022,86.36,Trading Economics
Official,Bangladesh,,BDT,27/04/2022,86.36,Trading Economics
Official,Bangladesh,,BDT,28/04/2022,86.36,Trading Economics
Official,Bangladesh,,BDT,29/04/2022,86.36,Trading Economics
Official,Bangladesh,,BDT,02/05/2022,86.27,Trading Economics
Official,Bangladesh,,BDT,03/05/2022,86.18,Trading Economics
Official,Bangladesh,,BDT,04/05/2022,86.27,Trading Economics
Official,Bangladesh,,BDT,05/05/2022,86.36,Trading Economics
Official,Bangladesh,,BDT,06/05/2022,86.18,Trading Economics
Official,Bangladesh,,BDT,09/05/2022,86.52,Trading Economics
Official,Bangladesh,,BDT,10/05/2022,86.7,Trading Economics
Official,Bangladesh,,BDT,11/05/2022,86.61,Trading Economics
Official,Bangladesh,,BDT,12/05/2022,86.7,Trading Economics
Official,Bangladesh,,BDT,13/05/2022,86.61,Trading Economics
Official,Bangladesh,,BDT,16/05/2022,87.41,Trading Economics
Official,Bangladesh,,BDT,17/05/2022,87.41,Trading Economics
Official,Bangladesh,,BDT,18/05/2022,87.41,Trading Economics
Official,Bangladesh,,BDT,19/05/2022,87.32,Trading Economics
Official,Bangladesh,,BDT,20/05/2022,87.14,Trading Economics
Official,Bangladesh,,BDT,23/05/2022,87.72,Trading Economics
Official,Bangladesh,,BDT,24/05/2022,87.72,Trading Economics
Official,Bangladesh,,BDT,25/05/2022,87.81,Trading Economics
Official,Bangladesh,,BDT,26/05/2022,87.72,Trading Economics
Official,Bangladesh,,BDT,27/05/2022,87.63,Trading Economics
Official,Bangladesh,,BDT,30/05/2022,89,Trading Economics
Official,Bangladesh,,BDT,31/05/2022,88.91,Trading Economics
Official,Bangladesh,,BDT,01/06/2022,88.91,Trading Economics
Official,Bangladesh,,BDT,02/06/2022,88.91,Trading Economics
Official,Bangladesh,,BDT,03/06/2022,88.82,Trading Economics
Official,Bangladesh,,BDT,06/06/2022,91.23,Trading Economics
Official,Bangladesh,,BDT,07/06/2022,91.95,Trading Economics
Official,Bangladesh,,BDT,08/06/2022,92.9,Trading Economics
Official,Bangladesh,,BDT,09/06/2022,92.81,Trading Economics
Official,Bangladesh,,BDT,10/06/2022,92.81,Trading Economics
Official,Bangladesh,,BDT,13/06/2022,93.76,Trading Economics
Official,Bangladesh,,BDT,14/06/2022,93.67,Trading Economics
Official,Bangladesh,,BDT,15/06/2022,92.81,Trading Economics
Official,Bangladesh,,BDT,16/06/2022,92.9,Trading Economics
Official,Bangladesh,,BDT,17/06/2022,92.81,Trading Economics
Official,Bangladesh,,BDT,20/06/2022,92.9,Trading Economics
Official,Bangladesh,,BDT,21/06/2022,92.72,Trading Economics
Official,Bangladesh,,BDT,22/06/2022,92.86,Trading Economics
Official,Bangladesh,,BDT,23/06/2022,92.63,Trading Economics
Official,Bangladesh,,BDT,24/06/2022,92.63,Trading Economics
Official,Bangladesh,,BDT,27/06/2022,92.72,Trading Economics
Official,Bangladesh,,BDT,28/06/2022,93.31,Trading Economics
Official,Bangladesh,,BDT,29/06/2022,93.4,Trading Economics
Official,Bangladesh,,BDT,30/06/2022,93.45,Trading Economics
Official,Bangladesh,,BDT,01/07/2022,93.45,Trading Economics
Official,Bangladesh,,BDT,04/07/2022,93.4,Trading Economics
Official,Bangladesh,,BDT,05/07/2022,93.36,Trading Economics
Official,Bangladesh,,BDT,06/07/2022,93.31,Trading Economics
Official,Bangladesh,,BDT,07/07/2022,93.36,Trading Economics
Official,Bangladesh,,BDT,08/07/2022,93.18,Trading Economics
Official,Bangladesh,,BDT,11/07/2022,93,Trading Economics
Official,Bangladesh,,BDT,12/07/2022,93.4,Trading Economics
Official,Bangladesh,,BDT,13/07/2022,93.81,Trading Economics
Official,Bangladesh,,BDT,14/07/2022,93.9,Trading Economics
Official,Bangladesh,,BDT,15/07/2022,93.9,Trading Economics
Official,Bangladesh,,BDT,18/07/2022,93.63,Trading Economics
Official,Bangladesh,,BDT,19/07/2022,93.95,Trading Economics
Official,Bangladesh,,BDT,20/07/2022,93.95,Trading Economics
Official,Bangladesh,,BDT,21/07/2022,94.4,Trading Economics
Official,Bangladesh,,BDT,22/07/2022,94.31,Trading Economics
Official,Bangladesh,,BDT,25/07/2022,94.22,Trading Economics
Official,Bangladesh,,BDT,26/07/2022,94.7,Trading Economics
Official,Bangladesh,,BDT,27/07/2022,94.61,Trading Economics
Official,Bangladesh,,BDT,28/07/2022,94.53,Trading Economics
Official,Bangladesh,,BDT,29/07/2022,94.44,Trading Economics
Official,Bangladesh,,BDT,01/08/2022,94.61,Trading Economics
Official,Bangladesh,,BDT,02/08/2022,94.7,Trading Economics
Official,Bangladesh,,BDT,03/08/2022,94.7,Trading Economics
Official,Bangladesh,,BDT,04/08/2022,94.53,Trading Economics
Official,Bangladesh,,BDT,05/08/2022,94.44,Trading Economics
Official,Bangladesh,,BDT,08/08/2022,94.7,Trading Economics
Official,Bangladesh,,BDT,09/08/2022,94.61,Trading Economics
Official,Bangladesh,,BDT,10/08/2022,94.95,Trading Economics
Official,Bangladesh,,BDT,11/08/2022,94.91,Trading Economics
Official,Bangladesh,,BDT,12/08/2022,94.91,Trading Economics
Official,Bangladesh,,BDT,15/08/2022,94.82,Trading Economics
Official,Bangladesh,,BDT,16/08/2022,94.91,Trading Economics
Official,Bangladesh,,BDT,17/08/2022,94.91,Trading Economics
Official,Bangladesh,,BDT,18/08/2022,94.91,Trading Economics
Official,Bangladesh,,BDT,19/08/2022,94.94,Trading Economics
Official,Bangladesh,,BDT,22/08/2022,94.91,Trading Economics
Official,Bangladesh,,BDT,23/08/2022,94.89,Trading Economics
Official,Bangladesh,,BDT,24/08/2022,94.91,Trading Economics
Official,Bangladesh,,BDT,25/08/2022,94.91,Trading Economics
Official,Bangladesh,,BDT,26/08/2022,94.73,Trading Economics
Official,Bangladesh,,BDT,29/08/2022,94.91,Trading Economics
Official,Bangladesh,,BDT,30/08/2022,95,Trading Economics
Official,Bangladesh,,BDT,31/08/2022,94.91,Trading Economics
Official,Bangladesh,,BDT,01/09/2022,94.91,Trading Economics
Official,Bangladesh,,BDT,02/09/2022,94.82,Trading Economics
Official,Bangladesh,,BDT,05/09/2022,94.91,Trading Economics
Official,Bangladesh,,BDT,06/09/2022,94.91,Trading Economics
Official,Bangladesh,,BDT,07/09/2022,95,Trading Economics
Official,Bangladesh,,BDT,08/09/2022,95,Trading Economics
Official,Bangladesh,,BDT,09/09/2022,94.91,Trading Economics
Official,Bangladesh,,BDT,12/09/2022,94.91,Trading Economics
Official,Bangladesh,,BDT,13/09/2022,102.4,Trading Economics
Official,Bangladesh,,BDT,14/09/2022,102.9,Trading Economics
Official,Bangladesh,,BDT,15/09/2022,103.9,Trading Economics
Official,Bangladesh,,BDT,16/09/2022,103.8,Trading Economics
Official,Bangladesh,,BDT,19/09/2022,103.8,Trading Economics
Official,Bangladesh,,BDT,20/09/2022,103.3,Trading Economics
Official,Bangladesh,,BDT,21/09/2022,103.2,Trading Economics
Official,Bangladesh,,BDT,22/09/2022,102.7,Trading Economics
Official,Bangladesh,,BDT,23/09/2022,102.6,Trading Economics
Official,Bangladesh,,BDT,26/09/2022,102.6,Trading Economics
Official,Bangladesh,,BDT,27/09/2022,100.82,Trading Economics
Official,Bangladesh,,BDT,28/09/2022,102.3,Trading Economics
Official,Bangladesh,,BDT,29/09/2022,101.2,Trading Economics
Official,Bangladesh,,BDT,30/09/2022,101.1,Trading Economics
Official,Bangladesh,,BDT,03/10/2022,101.5,Trading Economics
Official,Bangladesh,,BDT,04/10/2022,101.6,Trading Economics
Official,Bangladesh,,BDT,05/10/2022,101.6,Trading Economics
Official,Bangladesh,,BDT,06/10/2022,102.9,Trading Economics
Official,Bangladesh,,BDT,07/10/2022,102.9,Trading Economics
Official,Bangladesh,,BDT,10/10/2022,101.26,Trading Economics
Official,Bangladesh,,BDT,11/10/2022,101.6,Trading Economics
Official,Bangladesh,,BDT,12/10/2022,101.5,Trading Economics
Official,Bangladesh,,BDT,13/10/2022,102,Trading Economics
Official,Bangladesh,,BDT,14/10/2022,101.9,Trading Economics
Official,Bangladesh,,BDT,17/10/2022,102.4,Trading Economics
Official,Bangladesh,,BDT,18/10/2022,104.9,Trading Economics
Official,Bangladesh,,BDT,19/10/2022,105,Trading Economics
Official,Bangladesh,,BDT,20/10/2022,101.2,Trading Economics
Official,Bangladesh,,BDT,21/10/2022,101.2,Trading Economics
Official,Bangladesh,,BDT,24/10/2022,101.5,Trading Economics
Official,Bangladesh,,BDT,25/10/2022,105.2,Trading Economics
Official,Bangladesh,,BDT,26/10/2022,101.4,Trading Economics
Official,Bangladesh,,BDT,27/10/2022,101.26,Trading Economics
Official,Bangladesh,,BDT,28/10/2022,101.1,Trading Economics
Official,Bangladesh,,BDT,31/10/2022,100.8,Trading Economics
Official,Bangladesh,,BDT,01/11/2022,100.8,Trading Economics
Official,Bangladesh,,BDT,02/11/2022,101.7,Trading Economics
Official,Bangladesh,,BDT,03/11/2022,101.8,Trading Economics
Official,Bangladesh,,BDT,04/11/2022,101.7,Trading Economics
Official,Bangladesh,,BDT,07/11/2022,101.7,Trading Economics
Official,Bangladesh,,BDT,08/11/2022,101.33,Trading Economics
Official,Bangladesh,,BDT,09/11/2022,104.8,Trading Economics
Official,Bangladesh,,BDT,10/11/2022,101.8,Trading Economics
Official,Bangladesh,,BDT,11/11/2022,101.7,Trading Economics
Official,Bangladesh,,BDT,14/11/2022,102.1,Trading Economics
Official,Bangladesh,,BDT,15/11/2022,102.4,Trading Economics
Official,Bangladesh,,BDT,16/11/2022,102.6,Trading Economics
Official,Bangladesh,,BDT,17/11/2022,102.7,Trading Economics
Official,Bangladesh,,BDT,18/11/2022,102.6,Trading Economics
Official,Bangladesh,,BDT,21/11/2022,102.8,Trading Economics
Official,Bangladesh,,BDT,22/11/2022,102.2,Trading Economics
Official,Bangladesh,,BDT,23/11/2022,101.6,Trading Economics
Official,Bangladesh,,BDT,24/11/2022,101.8,Trading Economics
Official,Bangladesh,,BDT,25/11/2022,101.7,Trading Economics
Official,Bangladesh,,BDT,28/11/2022,105,Trading Economics
Official,Bangladesh,,BDT,29/11/2022,101.4,Trading Economics
Official,Bangladesh,,BDT,30/11/2022,101.5,Trading Economics
Official,Bangladesh,,BDT,01/12/2022,102.3,Trading Economics
Official,Bangladesh,,BDT,02/12/2022,102.2,Trading Economics
Official,Bangladesh,,BDT,05/12/2022,102.9,Trading Economics
Official,Bangladesh,,BDT,06/12/2022,103.1,Trading Economics
Official,Bangladesh,,BDT,07/12/2022,102.5,Trading Economics
Official,Bangladesh,,BDT,08/12/2022,102.7,Trading Economics
Official,Bangladesh,,BDT,09/12/2022,102.7,Trading Economics
Official,Bangladesh,,BDT,12/12/2022,102.7,Trading Economics
Official,Bangladesh,,BDT,13/12/2022,103.7,Trading Economics
Official,Bangladesh,,BDT,14/12/2022,103.1,Trading Economics
Official,Bangladesh,,BDT,15/12/2022,104.2,Trading Economics
Official,Bangladesh,,BDT,16/12/2022,104.1,Trading Economics
Official,Bangladesh,,BDT,19/12/2022,105.7,Trading Economics
Official,Bangladesh,,BDT,20/12/2022,102.5,Trading Economics
Official,Bangladesh,,BDT,21/12/2022,105.4,Trading Economics
Official,Bangladesh,,BDT,22/12/2022,105.2,Trading Economics
Official,Bangladesh,,BDT,23/12/2022,105.2,Trading Economics
Official,Bangladesh,,BDT,26/12/2022,103.95,Trading Economics
Official,Bangladesh,,BDT,27/12/2022,102.7,Trading Economics
Official,Bangladesh,,BDT,28/12/2022,105.4,Trading Economics
Official,Bangladesh,,BDT,29/12/2022,102.6,Trading Economics
Official,Bangladesh,,BDT,30/12/2022,102.5,Trading Economics
Official,Bangladesh,,BDT,02/01/2023,105.95,Trading Economics
Official,Bangladesh,,BDT,03/01/2023,103.35,Trading Economics
Official,Bangladesh,,BDT,04/01/2023,103.3,Trading Economics
Official,Bangladesh,,BDT,05/01/2023,103.5,Trading Economics
Official,Bangladesh,,BDT,06/01/2023,103.4,Trading Economics
Official,Bangladesh,,BDT,09/01/2023,104.5,Trading Economics
Official,Bangladesh,,BDT,10/01/2023,105,Trading Economics
Official,Bangladesh,,BDT,11/01/2023,104.1,Trading Economics
Official,Bangladesh,,BDT,12/01/2023,104.14,Trading Economics
Official,Bangladesh,,BDT,13/01/2023,104,Trading Economics
Official,Bangladesh,,BDT,16/01/2023,103.91,Trading Economics
Official,Bangladesh,,BDT,17/01/2023,103.7,Trading Economics
Official,Bangladesh,,BDT,18/01/2023,105.7,Trading Economics
Official,Bangladesh,,BDT,19/01/2023,105.1,Trading Economics
Official,Bangladesh,,BDT,20/01/2023,105.1,Trading Economics
Official,Bangladesh,,BDT,23/01/2023,105.5,Trading Economics
Official,Bangladesh,,BDT,24/01/2023,106.2,Trading Economics
Official,Bangladesh,,BDT,25/01/2023,104.6,Trading Economics
Official,Bangladesh,,BDT,26/01/2023,105.5,Trading Economics
Official,Bangladesh,,BDT,27/01/2023,105.5,Trading Economics
Official,Bangladesh,,BDT,30/01/2023,105.9,Trading Economics
Official,Bangladesh,,BDT,31/01/2023,106.7,Trading Economics
Official,Bangladesh,,BDT,01/02/2023,105.58,Trading Economics
Official,Bangladesh,,BDT,02/02/2023,107.3,Trading Economics
Official,Bangladesh,,BDT,03/02/2023,107.3,Trading Economics
Official,Bangladesh,,BDT,06/02/2023,106.22,Trading Economics
Official,Bangladesh,,BDT,07/02/2023,106.23,Trading Economics
Official,Bangladesh,,BDT,08/02/2023,106.4,Trading Economics
Official,Bangladesh,,BDT,09/02/2023,104.63,Trading Economics
Official,Bangladesh,,BDT,10/02/2023,104.63,Trading Economics
Official,Bangladesh,,BDT,13/02/2023,106.85,Trading Economics
Official,Bangladesh,,BDT,14/02/2023,107.1,Trading Economics
Official,Bangladesh,,BDT,15/02/2023,106.2,Trading Economics
Official,Bangladesh,,BDT,16/02/2023,105.75,Trading Economics
Official,Bangladesh,,BDT,17/02/2023,105.75,Trading Economics
Official,Bangladesh,,BDT,20/02/2023,106.15,Trading Economics
Official,Bangladesh,,BDT,21/02/2023,106.15,Trading Economics
Official,Bangladesh,,BDT,22/02/2023,106.63,Trading Economics
Official,Bangladesh,,BDT,23/02/2023,106.59,Trading Economics
Official,Bangladesh,,BDT,24/02/2023,106.59,Trading Economics
Official,Bangladesh,,BDT,27/02/2023,106.6,Trading Economics
Official,Bangladesh,,BDT,28/02/2023,104.45,Trading Economics
Official,Bangladesh,,BDT,01/03/2023,104.42,Trading Economics
Official,Bangladesh,,BDT,02/03/2023,106.5,Trading Economics
Official,Bangladesh,,BDT,03/03/2023,106.5,Trading Economics
Official,Bangladesh,,BDT,06/03/2023,104.89,Trading Economics
Official,Bangladesh,,BDT,07/03/2023,105.23,Trading Economics
Official,Bangladesh,,BDT,08/03/2023,105.23,Trading Economics
Official,Bangladesh,,BDT,09/03/2023,105.37,Trading Economics
Official,Bangladesh,,BDT,10/03/2023,105.37,Trading Economics
Official,Bangladesh,,BDT,13/03/2023,105.43,Trading Economics
Official,Bangladesh,,BDT,14/03/2023,105.54,Trading Economics
Official,Bangladesh,,BDT,15/03/2023,105.4,Trading Economics
Official,Bangladesh,,BDT,16/03/2023,106.75,Trading Economics
Official,Bangladesh,,BDT,17/03/2023,106.75,Trading Economics
Official,Bangladesh,,BDT,20/03/2023,105.24,Trading Economics
Official,Bangladesh,,BDT,21/03/2023,106.51,Trading Economics
Official,Bangladesh,,BDT,22/03/2023,105.06,Trading Economics
Official,Bangladesh,,BDT,23/03/2023,105.05,Trading Economics
Official,Bangladesh,,BDT,24/03/2023,105.05,Trading Economics
Official,Bangladesh,,BDT,27/03/2023,105.04,Trading Economics
Official,Bangladesh,,BDT,28/03/2023,107.65,Trading Economics
Official,Bangladesh,,BDT,29/03/2023,106.36,Trading Economics
Official,Bangladesh,,BDT,30/03/2023,107.2,Trading Economics
Official,Bangladesh,,BDT,31/03/2023,107.2,Trading Economics
Official,Bangladesh,,BDT,03/04/2023,105.24,Trading Economics
Official,Bangladesh,,BDT,04/04/2023,105.47,Trading Economics
Official,Bangladesh,,BDT,05/04/2023,107.4,Trading Economics
Official,Bangladesh,,BDT,06/04/2023,105.81,Trading Economics
Official,Bangladesh,,BDT,07/04/2023,105.81,Trading Economics
Official,Bangladesh,,BDT,10/04/2023,106.16,Trading Economics
Official,Bangladesh,,BDT,11/04/2023,106.28,Trading Economics
Official,Bangladesh,,BDT,12/04/2023,106.34,Trading Economics
Official,Bangladesh,,BDT,13/04/2023,106.37,Trading Economics
Official,Bangladesh,,BDT,14/04/2023,106.37,Trading Economics
Official,Bangladesh,,BDT,17/04/2023,106.25,Trading Economics
Official,Bangladesh,,BDT,18/04/2023,106.11,Trading Economics
Official,Bangladesh,,BDT,19/04/2023,106.11,Trading Economics
Official,Bangladesh,,BDT,20/04/2023,106.11,Trading Economics
Official,Bangladesh,,BDT,21/04/2023,106.11,Trading Economics
Official,Bangladesh,,BDT,24/04/2023,106.1,Trading Economics
Official,Bangladesh,,BDT,25/04/2023,107.5,Trading Economics
Official,Bangladesh,,BDT,26/04/2023,106.12,Trading Economics
Official,Bangladesh,,BDT,27/04/2023,106.1,Trading Economics
Official,Bangladesh,,BDT,28/04/2023,106.1,Trading Economics
Official,Bangladesh,,BDT,01/05/2023,106.09,Trading Economics
Official,Bangladesh,,BDT,02/05/2023,106.06,Trading Economics
Official,Bangladesh,,BDT,03/05/2023,106.44,Trading Economics
Official,Bangladesh,,BDT,04/05/2023,106.44,Trading Economics
Official,Bangladesh,,BDT,05/05/2023,106.44,Trading Economics
Official,Bangladesh,,BDT,08/05/2023,106.93,Trading Economics
Official,Bangladesh,,BDT,09/05/2023,107.74,Trading Economics
Official,Bangladesh,,BDT,10/05/2023,107.33,Trading Economics
Official,Bangladesh,,BDT,11/05/2023,107.34,Trading Economics
Official,Bangladesh,,BDT,12/05/2023,107.34,Trading Economics
Official,Bangladesh,,BDT,15/05/2023,107.85,Trading Economics
Official,Bangladesh,,BDT,16/05/2023,107.36,Trading Economics
Official,Bangladesh,,BDT,17/05/2023,107.35,Trading Economics
Official,Bangladesh,,BDT,18/05/2023,107.26,Trading Economics
Official,Bangladesh,,BDT,19/05/2023,107.26,Trading Economics
Official,Bangladesh,,BDT,22/05/2023,107.2,Trading Economics
Official,Bangladesh,,BDT,23/05/2023,107.79,Trading Economics
Official,Bangladesh,,BDT,24/05/2023,107.18,Trading Economics
Official,Bangladesh,,BDT,25/05/2023,107.16,Trading Economics
Official,Bangladesh,,BDT,26/05/2023,107.16,Trading Economics
Official,Bangladesh,,BDT,29/05/2023,107.18,Trading Economics
Official,Bangladesh,,BDT,30/05/2023,107.24,Trading Economics
Official,Bangladesh,,BDT,31/05/2023,107.2,Trading Economics
Official,Bangladesh,,BDT,01/06/2023,107.23,Trading Economics
Official,Bangladesh,,BDT,02/06/2023,107.23,Trading Economics
Official,Bangladesh,,BDT,05/06/2023,107.68,Trading Economics
Official,Bangladesh,,BDT,06/06/2023,107.87,Trading Economics
Official,Bangladesh,,BDT,07/06/2023,107.92,Trading Economics
Official,Bangladesh,,BDT,08/06/2023,108.21,Trading Economics
Official,Bangladesh,,BDT,09/06/2023,108.21,Trading Economics
Official,Bangladesh,,BDT,12/06/2023,108.29,Trading Economics
Official,Bangladesh,,BDT,13/06/2023,108.25,Trading Economics
Official,Bangladesh,,BDT,14/06/2023,109.25,Trading Economics
Official,Bangladesh,,BDT,15/06/2023,108.2,Trading Economics
Official,Bangladesh,,BDT,16/06/2023,108.2,Trading Economics
Official,Bangladesh,,BDT,19/06/2023,108.19,Trading Economics
Official,Bangladesh,,BDT,20/06/2023,108.16,Trading Economics
Official,Bangladesh,,BDT,21/06/2023,108.14,Trading Economics
Official,Bangladesh,,BDT,22/06/2023,108.13,Trading Economics
Official,Bangladesh,,BDT,23/06/2023,108.13,Trading Economics
Official,Bangladesh,,BDT,26/06/2023,108.13,Trading Economics
Official,Bangladesh,,BDT,27/06/2023,108.13,Trading Economics
Official,Bangladesh,,BDT,28/06/2023,108.13,Trading Economics
Official,Bangladesh,,BDT,29/06/2023,108.13,Trading Economics
Official,Bangladesh,,BDT,30/06/2023,108.13,Trading Economics
Official,Bangladesh,,BDT,03/07/2023,108.17,Trading Economics
Official,Bangladesh,,BDT,04/07/2023,108.3,Trading Economics
Official,Bangladesh,,BDT,05/07/2023,108.4,Trading Economics
Official,Bangladesh,,BDT,06/07/2023,108.58,Trading Economics
Official,Bangladesh,,BDT,07/07/2023,108.58,Trading Economics
Official,Bangladesh,,BDT,10/07/2023,108.54,Trading Economics
Official,Bangladesh,,BDT,11/07/2023,108.74,Trading Economics
Official,Bangladesh,,BDT,12/07/2023,108.72,Trading Economics
Official,Bangladesh,,BDT,13/07/2023,108.72,Trading Economics
Official,Bangladesh,,BDT,14/07/2023,108.72,Trading Economics
Official,Bangladesh,,BDT,17/07/2023,108.74,Trading Economics
Official,Bangladesh,,BDT,18/07/2023,108.48,Trading Economics
Official,Bangladesh,,BDT,19/07/2023,108.5,Trading Economics
Official,Bangladesh,,BDT,20/07/2023,108.49,Trading Economics
Official,Bangladesh,,BDT,21/07/2023,108.49,Trading Economics
Official,Bangladesh,,BDT,24/07/2023,108.5,Trading Economics
Official,Bangladesh,,BDT,25/07/2023,108.48,Trading Economics
Official,Bangladesh,,BDT,26/07/2023,108.48,Trading Economics
Official,Bangladesh,,BDT,27/07/2023,108.47,Trading Economics
Official,Bangladesh,,BDT,28/07/2023,108.47,Trading Economics
Official,Bangladesh,,BDT,31/07/2023,108.47,Trading Economics
Official,Bangladesh,,BDT,01/08/2023,108.48,Trading Economics
Official,Bangladesh,,BDT,02/08/2023,109.4,Trading Economics
Official,Bangladesh,,BDT,03/08/2023,108.95,Trading Economics
Official,Bangladesh,,BDT,04/08/2023,108.95,Trading Economics
Official,Bangladesh,,BDT,07/08/2023,109.33,Trading Economics
Official,Bangladesh,,BDT,08/08/2023,109.4,Trading Economics
Official,Bangladesh,,BDT,09/08/2023,109.4,Trading Economics
Official,Bangladesh,,BDT,10/08/2023,109.4,Trading Economics
Official,Bangladesh,,BDT,11/08/2023,109.4,Trading Economics
Official,Bangladesh,,BDT,14/08/2023,109.4,Trading Economics
Official,Bangladesh,,BDT,15/08/2023,109.4,Trading Economics
Official,Bangladesh,,BDT,16/08/2023,109.4,Trading Economics
Official,Bangladesh,,BDT,17/08/2023,109.4,Trading Economics
Official,Bangladesh,,BDT,18/08/2023,109.4,Trading Economics
Official,Bangladesh,,BDT,21/08/2023,109.4,Trading Economics
Official,Bangladesh,,BDT,22/08/2023,109,Trading Economics
Official,Bangladesh,,BDT,23/08/2023,109.4,Trading Economics
Official,Bangladesh,,BDT,24/08/2023,109,Trading Economics
Official,Bangladesh,,BDT,25/08/2023,109,Trading Economics
Official,Bangladesh,,BDT,28/08/2023,109,Trading Economics
Official,Bangladesh,,BDT,29/08/2023,109.4,Trading Economics
Official,Bangladesh,,BDT,30/08/2023,109,Trading Economics
Official,Bangladesh,,BDT,31/08/2023,109,Trading Economics
Official,Bangladesh,,BDT,01/09/2023,109,Trading Economics
Official,Bangladesh,,BDT,04/09/2023,109.9,Trading Economics
Official,Bangladesh,,BDT,05/09/2023,109.5,Trading Economics
Official,Bangladesh,,BDT,06/09/2023,109.5,Trading Economics
Official,Bangladesh,,BDT,07/09/2023,109.5,Trading Economics
Official,Bangladesh,,BDT,08/09/2023,109.5,Trading Economics
Official,Bangladesh,,BDT,11/09/2023,109.5,Trading Economics
Official,Bangladesh,,BDT,12/09/2023,109.5,Trading Economics
Official,Bangladesh,,BDT,13/09/2023,109.5,Trading Economics
Official,Bangladesh,,BDT,14/09/2023,109.5,Trading Economics
Official,Bangladesh,,BDT,15/09/2023,109.5,Trading Economics
Official,Bangladesh,,BDT,18/09/2023,109.5,Trading Economics
Official,Bangladesh,,BDT,19/09/2023,109.5,Trading Economics
Official,Bangladesh,,BDT,20/09/2023,109.5,Trading Economics
Official,Bangladesh,,BDT,21/09/2023,109.5,Trading Economics
Official,Bangladesh,,BDT,22/09/2023,109.5,Trading Economics
Official,Bangladesh,,BDT,25/09/2023,110,Trading Economics
Official,Bangladesh,,BDT,26/09/2023,110,Trading Economics
Official,Bangladesh,,BDT,27/09/2023,110,Trading Economics
Official,Bangladesh,,BDT,28/09/2023,110,Trading Economics
Official,Bangladesh,,BDT,29/09/2023,110,Trading Economics
Official,Bangladesh,,BDT,02/10/2023,110,Trading Economics
Official,Bangladesh,,BDT,03/10/2023,110,Trading Economics
Official,Bangladesh,,BDT,04/10/2023,110,Trading Economics
Official,Bangladesh,,BDT,05/10/2023,110,Trading Economics
Official,Bangladesh,,BDT,06/10/2023,110,Trading Economics
Official,Bangladesh,,BDT,09/10/2023,110,Trading Economics
Official,Bangladesh,,BDT,10/10/2023,110,Trading Economics
Official,Bangladesh,,BDT,11/10/2023,110,Trading Economics
Official,Bangladesh,,BDT,12/10/2023,110,Trading Economics
Official,Bangladesh,,BDT,13/10/2023,110,Trading Economics
Official,Bangladesh,,BDT,16/10/2023,110,Trading Economics
Official,Bangladesh,,BDT,17/10/2023,110,Trading Economics
Official,Bangladesh,,BDT,18/10/2023,110,Trading Economics
Official,Bangladesh,,BDT,19/10/2023,110,Trading Economics
Official,Bangladesh,,BDT,20/10/2023,110,Trading Economics
Official,Bangladesh,,BDT,23/10/2023,110,Trading Economics
Official,Bangladesh,,BDT,24/10/2023,110,Trading Economics
Official,Bangladesh,,BDT,25/10/2023,110,Trading Economics
Official,Bangladesh,,BDT,26/10/2023,110,Trading Economics
Official,Bangladesh,,BDT,27/10/2023,110,Trading Economics
Official,Bangladesh,,BDT,30/10/2023,110,Trading Economics
Official,Bangladesh,,BDT,31/10/2023,110,Trading Economics
Official,Bangladesh,,BDT,01/11/2023,110,Trading Economics
Official,Bangladesh,,BDT,02/11/2023,110.5,Trading Economics
Official,Bangladesh,,BDT,03/11/2023,110.5,Trading Economics
Official,Bangladesh,,BDT,06/11/2023,110,Trading Economics
Official,Bangladesh,,BDT,07/11/2023,110,Trading Economics
Official,Bangladesh,,BDT,08/11/2023,110.5,Trading Economics
Official,Bangladesh,,BDT,09/11/2023,110,Trading Economics
Official,Bangladesh,,BDT,10/11/2023,110,Trading Economics
Official,Bangladesh,,BDT,13/11/2023,110.5,Trading Economics
Official,Bangladesh,,BDT,14/11/2023,110.5,Trading Economics
Official,Bangladesh,,BDT,15/11/2023,110.5,Trading Economics
Official,Bangladesh,,BDT,16/11/2023,110.5,Trading Economics
Official,Bangladesh,,BDT,17/11/2023,110.5,Trading Economics
Official,Bangladesh,,BDT,20/11/2023,110.5,Trading Economics
Official,Bangladesh,,BDT,21/11/2023,110.5,Trading Economics
Official,Bangladesh,,BDT,22/11/2023,110.5,Trading Economics
Official,Bangladesh,,BDT,23/11/2023,110,Trading Economics
Official,Bangladesh,,BDT,24/11/2023,110,Trading Economics
Official,Bangladesh,,BDT,27/11/2023,110,Trading Economics
Official,Bangladesh,,BDT,28/11/2023,110,Trading Economics
Official,Bangladesh,,BDT,29/11/2023,110,Trading Economics
Official,Bangladesh,,BDT,30/11/2023,110,Trading Economics
Official,Bangladesh,,BDT,01/12/2023,110,Trading Economics
Official,Bangladesh,,BDT,04/12/2023,109.75,Trading Economics
Official,Bangladesh,,BDT,05/12/2023,109.75,Trading Economics
Official,Bangladesh,,BDT,06/12/2023,109.75,Trading Economics
Official,Bangladesh,,BDT,07/12/2023,109.75,Trading Economics
Official,Bangladesh,,BDT,08/12/2023,109.75,Trading Economics
Official,Bangladesh,,BDT,11/12/2023,109.75,Trading Economics
Official,Bangladesh,,BDT,12/12/2023,109.75,Trading Economics
Official,Bangladesh,,BDT,13/12/2023,109.75,Trading Economics
Official,Bangladesh,,BDT,14/12/2023,109.75,Trading Economics
Official,Bangladesh,,BDT,15/12/2023,109.75,Trading Economics
Official,Bangladesh,,BDT,18/12/2023,109.5,Trading Economics
Official,Bangladesh,,BDT,19/12/2023,109.5,Trading Economics
Official,Bangladesh,,BDT,20/12/2023,109.5,Trading Economics
Official,Bangladesh,,BDT,21/12/2023,109.5,Trading Economics
Official,Bangladesh,,BDT,22/12/2023,109.5,Trading Economics
Official,Bangladesh,,BDT,25/12/2023,109.5,Trading Economics
Official,Bangladesh,,BDT,26/12/2023,109.5,Trading Economics
Official,Bangladesh,,BDT,27/12/2023,109.5,Trading Economics
Official,Bangladesh,,BDT,28/12/2023,109.5,Trading Economics
Official,Bangladesh,,BDT,29/12/2023,109.5,Trading Economics
Official,Bangladesh,,BDT,01/01/2024,109.5,Trading Economics
Official,Bangladesh,,BDT,02/01/2024,109.5,Trading Economics
Official,Bangladesh,,BDT,03/01/2024,109.5,Trading Economics
Official,Bangladesh,,BDT,04/01/2024,109.5,Trading Economics
Official,Bangladesh,,BDT,05/01/2024,109.5,Trading Economics
Official,Bangladesh,,BDT,08/01/2024,109.5,Trading Economics
Official,Bangladesh,,BDT,09/01/2024,109.5,Trading Economics
Official,Bangladesh,,BDT,10/01/2024,109.5,Trading Economics
Official,Bangladesh,,BDT,11/01/2024,109.5,Trading Economics
Official,Bangladesh,,BDT,12/01/2024,109.5,Trading Economics
Official,Bangladesh,,BDT,15/01/2024,109.5,Trading Economics
Official,Bangladesh,,BDT,16/01/2024,109.5,Trading Economics
Official,Bangladesh,,BDT,17/01/2024,109.5,Trading Economics
Official,Bangladesh,,BDT,18/01/2024,109.5,Trading Economics
Official,Bangladesh,,BDT,19/01/2024,109.5,Trading Economics
Official,Bangladesh,,BDT,22/01/2024,109.5,Trading Economics
Official,Bangladesh,,BDT,23/01/2024,109.5,Trading Economics
Official,Bangladesh,,BDT,24/01/2024,109.5,Trading Economics
Official,Bangladesh,,BDT,25/01/2024,109.5,Trading Economics
Official,Bangladesh,,BDT,26/01/2024,109.5,Trading Economics
Official,Bangladesh,,BDT,29/01/2024,109.5,Trading Economics
Official,Bangladesh,,BDT,30/01/2024,109.5,Trading Economics
Official,Bangladesh,,BDT,31/01/2024,109.5,Trading Economics
Official,Bangladesh,,BDT,01/02/2024,109.5,Trading Economics
Official,Bangladesh,,BDT,02/02/2024,109.5,Trading Economics
Official,Bangladesh,,BDT,05/02/2024,109.5,Trading Economics
Official,Bangladesh,,BDT,06/02/2024,109.5,Trading Economics
Official,Bangladesh,,BDT,07/02/2024,109.5,Trading Economics
Official,Bangladesh,,BDT,08/02/2024,109.5,Trading Economics
Official,Bangladesh,,BDT,09/02/2024,109.5,Trading Economics
Official,Bangladesh,,BDT,12/02/2024,109.5,Trading Economics
Official,Bangladesh,,BDT,13/02/2024,109.5,Trading Economics
Official,Bangladesh,,BDT,14/02/2024,109.5,Trading Economics
Official,Bangladesh,,BDT,15/02/2024,109.5,Trading Economics
Official,Bangladesh,,BDT,16/02/2024,109.5,Trading Economics
Official,Bangladesh,,BDT,19/02/2024,109.5,Trading Economics
Official,Bangladesh,,BDT,20/02/2024,109.5,Trading Economics
Official,Bangladesh,,BDT,21/02/2024,109.5,Trading Economics
Official,Bangladesh,,BDT,22/02/2024,109.5,Trading Economics
Official,Bangladesh,,BDT,23/02/2024,109.5,Trading Economics
Official,Bangladesh,,BDT,26/02/2024,109.5,Trading Economics
Official,Bangladesh,,BDT,27/02/2024,109.5,Trading Economics
Official,Bangladesh,,BDT,28/02/2024,109.5,Trading Economics
Official,Bangladesh,,BDT,29/02/2024,109.5,Trading Economics
Official,Bangladesh,,BDT,01/03/2024,109.5,Trading Economics
Official,Bangladesh,,BDT,04/03/2024,109.5,Trading Economics
Official,Bangladesh,,BDT,05/03/2024,109.5,Trading Economics
Official,Bangladesh,,BDT,06/03/2024,109.5,Trading Economics
Official,Bangladesh,,BDT,07/03/2024,109.5,Trading Economics
Official,Bangladesh,,BDT,08/03/2024,109.5,Trading Economics
Official,Bangladesh,,BDT,11/03/2024,109.5,Trading Economics
Official,Bangladesh,,BDT,12/03/2024,109.48,Trading Economics
Official,Bangladesh,,BDT,13/03/2024,109.5,Trading Economics
Official,Bangladesh,,BDT,14/03/2024,109.5,Trading Economics
Official,Bangladesh,,BDT,15/03/2024,109.5,Trading Economics
Official,Bangladesh,,BDT,18/03/2024,109.5,Trading Economics
Official,Bangladesh,,BDT,19/03/2024,109.5,Trading Economics
Official,Bangladesh,,BDT,20/03/2024,109.5,Trading Economics
Official,Bangladesh,,BDT,21/03/2024,109.5,Trading Economics
Official,Bangladesh,,BDT,22/03/2024,109.5,Trading Economics
Official,Bangladesh,,BDT,25/03/2024,109.5,Trading Economics
Official,Bangladesh,,BDT,26/03/2024,109.5,Trading Economics
Official,Bangladesh,,BDT,27/03/2024,109.5,Trading Economics
Official,Bangladesh,,BDT,28/03/2024,109.5,Trading Economics
Official,Bangladesh,,BDT,29/03/2024,109.5,Trading Economics
Official,Bangladesh,,BDT,01/04/2024,109.5,Trading Economics
Official,Bangladesh,,BDT,02/04/2024,109.5,Trading Economics
Official,Bangladesh,,BDT,03/04/2024,109.5,Trading Economics
Official,Bangladesh,,BDT,04/04/2024,109.5,Trading Economics
Official,Bangladesh,,BDT,05/04/2024,109.5,Trading Economics
Official,Bangladesh,,BDT,07/04/2024,109.5,Trading Economics
Official,Bangladesh,,BDT,08/04/2024,109.5,Trading Economics
Official,Bangladesh,,BDT,09/04/2024,108.108,Trading Economics
Official,Bangladesh,,BDT,10/04/2024,109.877,Trading Economics
Official,Bangladesh,,BDT,11/04/2024,108.066,Trading Economics
Official,Bangladesh,,BDT,12/04/2024,108.003,Trading Economics
Official,Bangladesh,,BDT,15/04/2024,109.69708,Trading Economics
Official,Bangladesh,,BDT,16/04/2024,109.697,Trading Economics
Official,Bangladesh,,BDT,17/04/2024,109.66842,Trading Economics
Official,Bangladesh,,BDT,18/04/2024,109.74365,Trading Economics
Official,Bangladesh,,BDT,19/04/2024,109.75541,Trading Economics
Official,Bangladesh,,BDT,22/04/2024,109.84405,Trading Economics
Official,Bangladesh,,BDT,23/04/2024,109.621,Trading Economics
Official,Bangladesh,,BDT,24/04/2024,109.76569,Trading Economics
Official,Bangladesh,,BDT,25/04/2024,109.75382,Trading Economics
Official,Bangladesh,,BDT,26/04/2024,109.68833,Trading Economics
Official,Bangladesh,,BDT,29/04/2024,109.72527,Trading Economics
Official,Bangladesh,,BDT,30/04/2024,109.79317,Trading Economics
Official,Bangladesh,,BDT,01/05/2024,109.73707,Trading Economics
Official,Bangladesh,,BDT,02/05/2024,109.7867,Trading Economics
Official,Bangladesh,,BDT,03/05/2024,109.70821,Trading Economics
Official,Bangladesh,,BDT,06/05/2024,109.751,Trading Economics
Official,Bangladesh,,BDT,07/05/2024,109.76856,Trading Economics
Official,Bangladesh,,BDT,08/05/2024,109.776,Trading Economics
Official,Bangladesh,,BDT,09/05/2024,117.027,Trading Economics
Official,Bangladesh,,BDT,10/05/2024,116.99384,Trading Economics
Official,Bangladesh,,BDT,13/05/2024,116.952,Trading Economics
Official,Bangladesh,,BDT,14/05/2024,116.99,Trading Economics
Official,Bangladesh,,BDT,15/05/2024,117.08849,Trading Economics
Official,Bangladesh,,BDT,16/05/2024,117.094,Trading Economics
Official,Bangladesh,,BDT,17/05/2024,117.09135,Trading Economics
Official,Bangladesh,,BDT,20/05/2024,117.222,Trading Economics
Official,Bangladesh,,BDT,21/05/2024,117.178,Trading Economics
Official,Bangladesh,,BDT,22/05/2024,117.21206,Trading Economics
Official,Bangladesh,,BDT,23/05/2024,117.299,Trading Economics
Official,Bangladesh,,BDT,24/05/2024,117.21004,Trading Economics
Official,Bangladesh,,BDT,27/05/2024,117.35192,Trading Economics
Official,Bangladesh,,BDT,28/05/2024,117.578,Trading Economics
Official,Bangladesh,,BDT,29/05/2024,117.47497,Trading Economics
Official,Bangladesh,,BDT,30/05/2024,117.406,Trading Economics
Official,Bangladesh,,BDT,31/05/2024,117.35495,Trading Economics
Official,Bangladesh,,BDT,03/06/2024,117.37312,Trading Economics
Official,Bangladesh,,BDT,04/06/2024,117.438,Trading Economics
Official,Bangladesh,,BDT,05/06/2024,117.5014,Trading Economics
Official,Bangladesh,,BDT,06/06/2024,117.274,Trading Economics
Official,Bangladesh,,BDT,07/06/2024,117.43532,Trading Economics
Official,Bangladesh,,BDT,10/06/2024,117.418,Trading Economics
Official,Bangladesh,,BDT,11/06/2024,117.677,Trading Economics
Official,Bangladesh,,BDT,12/06/2024,117.49889,Trading Economics
Official,Bangladesh,,BDT,13/06/2024,117.778,Trading Economics
Official,Bangladesh,,BDT,14/06/2024,117.49149,Trading Economics
Official,Bangladesh,,BDT,17/06/2024,117.482,Trading Economics
Official,Bangladesh,,BDT,18/06/2024,117.51917,Trading Economics
Official,Bangladesh,,BDT,19/06/2024,117.536,Trading Economics
Official,Bangladesh,,BDT,20/06/2024,117.48,Trading Economics
Official,Bangladesh,,BDT,21/06/2024,117.47527,Trading Economics
Official,Bangladesh,,BDT,24/06/2024,117.50781,Trading Economics
Official,Bangladesh,,BDT,25/06/2024,117.55815,Trading Economics
Official,Bangladesh,,BDT,26/06/2024,117.531,Trading Economics
Official,Bangladesh,,BDT,27/06/2024,117.537,Trading Economics
Official,Bangladesh,,BDT,28/06/2024,117.51193,Trading Economics
Official,Bangladesh,,BDT,01/07/2024,117.5075,Trading Economics
Official,Bangladesh,,BDT,02/07/2024,117.49667,Trading Economics
Official,Bangladesh,,BDT,03/07/2024,117.48362,Trading Economics
Official,Bangladesh,,BDT,04/07/2024,117.527,Trading Economics
Official,Bangladesh,,BDT,05/07/2024,117.32962,Trading Economics
Official,Bangladesh,,BDT,08/07/2024,117.536,Trading Economics
Official,Bangladesh,,BDT,09/07/2024,117.582,Trading Economics
Official,Bangladesh,,BDT,10/07/2024,117.47966,Trading Economics
Official,Bangladesh,,BDT,11/07/2024,117.493,Trading Economics
Official,Bangladesh,,BDT,12/07/2024,117.5023,Trading Economics
Official,Bangladesh,,BDT,15/07/2024,117.487,Trading Economics
Official,Bangladesh,,BDT,16/07/2024,117.514,Trading Economics
Official,Bangladesh,,BDT,17/07/2024,117.44911,Trading Economics
Official,Bangladesh,,BDT,18/07/2024,117.521,Trading Economics
Official,Bangladesh,,BDT,19/07/2024,117.46013,Trading Economics
Official,Bangladesh,,BDT,22/07/2024,117.534,Trading Economics
Official,Bangladesh,,BDT,23/07/2024,117.44136,Trading Economics
Official,Bangladesh,,BDT,24/07/2024,117.527,Trading Economics
Official,Bangladesh,,BDT,25/07/2024,117.504,Trading Economics
Official,Bangladesh,,BDT,26/07/2024,117.44991,Trading Economics
Official,Bangladesh,,BDT,29/07/2024,117.53194,Trading Economics
Official,Bangladesh,,BDT,30/07/2024,117.54168,Trading Economics
Official,Bangladesh,,BDT,31/07/2024,117.46034,Trading Economics
Official,Bangladesh,,BDT,01/08/2024,117.399,Trading Economics
Official,Bangladesh,,BDT,02/08/2024,117.43954,Trading Economics
Official,Bangladesh,,BDT,05/08/2024,117.43119,Trading Economics
Official,Bangladesh,,BDT,06/08/2024,117.533,Trading Economics
Official,Bangladesh,,BDT,07/08/2024,117.48707,Trading Economics
Official,Bangladesh,,BDT,08/08/2024,117.486,Trading Economics
Official,Bangladesh,,BDT,09/08/2024,117.5576,Trading Economics
Official,Bangladesh,,BDT,12/08/2024,117.52483,Trading Economics
Official,Bangladesh,,BDT,13/08/2024,117.469,Trading Economics
Official,Bangladesh,,BDT,14/08/2024,117.518,Trading Economics
Official,Bangladesh,,BDT,15/08/2024,117.904,Trading Economics
Official,Bangladesh,,BDT,16/08/2024,117.51809,Trading Economics
Official,Bangladesh,,BDT,19/08/2024,119.30413,Trading Economics
Official,Bangladesh,,BDT,20/08/2024,119.01,Trading Economics
Official,Bangladesh,,BDT,21/08/2024,119.34042,Trading Economics
Official,Bangladesh,,BDT,22/08/2024,119.59,Trading Economics
Official,Bangladesh,,BDT,23/08/2024,119.55001,Trading Economics
Official,Bangladesh,,BDT,26/08/2024,119.508,Trading Economics
Official,Bangladesh,,BDT,27/08/2024,119.47889,Trading Economics
Official,Bangladesh,,BDT,28/08/2024,119.28074,Trading Economics
Official,Bangladesh,,BDT,29/08/2024,119.832,Trading Economics
Official,Bangladesh,,BDT,30/08/2024,119.49944,Trading Economics
Official,Bangladesh,,BDT,02/09/2024,119.491,Trading Economics
Official,Bangladesh,,BDT,03/09/2024,119.47546,Trading Economics
Official,Bangladesh,,BDT,04/09/2024,119.19878,Trading Economics
Official,Bangladesh,,BDT,05/09/2024,119.358,Trading Economics
Official,Bangladesh,,BDT,06/09/2024,119.51681,Trading Economics
Official,Bangladesh,,BDT,07/09/2024,119,Trading Economics
Official,Bangladesh,,BDT,09/09/2024,119.53971,Trading Economics
Official,Bangladesh,,BDT,10/09/2024,119.54188,Trading Economics
Official,Bangladesh,,BDT,11/09/2024,119.47,Trading Economics
Official,Bangladesh,,BDT,12/09/2024,119.56611,Trading Economics
Official,Bangladesh,,BDT,13/09/2024,119.51846,Trading Economics
Official,Bangladesh,,BDT,14/09/2024,119,Trading Economics
Official,Bangladesh,,BDT,16/09/2024,119.561,Trading Economics
Official,Bangladesh,,BDT,17/09/2024,119.704,Trading Economics
Official,Bangladesh,,BDT,18/09/2024,119.53,Trading Economics
Official,Bangladesh,,BDT,19/09/2024,119.677,Trading Economics
Official,Bangladesh,,BDT,20/09/2024,119.53691,Trading Economics
Official,Bangladesh,,BDT,23/09/2024,119.412,Trading Economics
Official,Bangladesh,,BDT,24/09/2024,119.538,Trading Economics
Official,Bangladesh,,BDT,25/09/2024,119.51173,Trading Economics
Official,Bangladesh,,BDT,26/09/2024,119.512,Trading Economics
Official,Bangladesh,,BDT,27/09/2024,119.47517,Trading Economics
Official,Bangladesh,,BDT,30/09/2024,119.452,Trading Economics
Official,Bangladesh,,BDT,01/10/2024,119.408,Trading Economics
Official,Bangladesh,,BDT,02/10/2024,119.45624,Trading Economics
Official,Bangladesh,,BDT,03/10/2024,119.54685,Trading Economics
Official,Bangladesh,,BDT,04/10/2024,119.45954,Trading Economics
Official,Bangladesh,,BDT,07/10/2024,119.436,Trading Economics
Official,Bangladesh,,BDT,08/10/2024,119.52869,Trading Economics
Official,Bangladesh,,BDT,09/10/2024,119.51189,Trading Economics
Official,Bangladesh,,BDT,10/10/2024,119.543,Trading Economics
Official,Bangladesh,,BDT,11/10/2024,119.57343,Trading Economics
Official,Bangladesh,,BDT,14/10/2024,119.52969,Trading Economics
Official,Bangladesh,,BDT,15/10/2024,119.52334,Trading Economics
Official,Bangladesh,,BDT,16/10/2024,119.48109,Trading Economics
Official,Bangladesh,,BDT,17/10/2024,119.475,Trading Economics
Official,Bangladesh,,BDT,18/10/2024,119.5142,Trading Economics
Official,Bangladesh,,BDT,19/10/2024,119,Trading Economics
Official,Bangladesh,,BDT,21/10/2024,119.49503,Trading Economics
Official,Bangladesh,,BDT,22/10/2024,119.511,Trading Economics
Official,Bangladesh,,BDT,23/10/2024,119.47401,Trading Economics
Official,Bangladesh,,BDT,24/10/2024,119.51287,Trading Economics
Official,Bangladesh,,BDT,25/10/2024,119.753,Trading Economics
Official,Bangladesh,,BDT,26/10/2024,119,Trading Economics
Official,Bangladesh,,BDT,28/10/2024,119.43,Trading Economics
Official,Bangladesh,,BDT,29/10/2024,119.517,Trading Economics
Official,Bangladesh,,BDT,30/10/2024,119.6024,Trading Economics
Official,Bangladesh,,BDT,31/10/2024,119.427,Trading Economics
Official,Bangladesh,,BDT,01/11/2024,119.5196,Trading Economics
Official,Bangladesh,,BDT,04/11/2024,119.57897,Trading Economics
Official,Bangladesh,,BDT,05/11/2024,119.529,Trading Economics
Official,Bangladesh,,BDT,06/11/2024,119.50041,Trading Economics
Official,Bangladesh,,BDT,07/11/2024,119.46886,Trading Economics
Official,Bangladesh,,BDT,08/11/2024,119.55725,Trading Economics
Official,Bangladesh,,BDT,09/11/2024,119,Trading Economics
Official,Bangladesh,,BDT,11/11/2024,119.52087,Trading Economics
Official,Bangladesh,,BDT,12/11/2024,119.57259,Trading Economics
Official,Bangladesh,,BDT,13/11/2024,119.5827,Trading Economics
Official,Bangladesh,,BDT,14/11/2024,119.485,Trading Economics
Official,Bangladesh,,BDT,15/11/2024,119.58033,Trading Economics
Official,Bangladesh,,BDT,18/11/2024,119,Trading Economics
Official,Bangladesh,,BDT,19/11/2024,119,Trading Economics
Official,Bangladesh,,BDT,20/11/2024,119,Trading Economics
Official,Bangladesh,,BDT,21/11/2024,119,Trading Economics
Official,Bangladesh,,BDT,22/11/2024,119,Trading Economics
Official,Bangladesh,,BDT,25/11/2024,119,Trading Economics
Official,Bangladesh,,BDT,26/11/2024,119,Trading Economics
Official,Bangladesh,,BDT,27/11/2024,119,Trading Economics
Official,Bangladesh,,BDT,28/11/2024,119,Trading Economics
Official,Bangladesh,,BDT,29/11/2024,119,Trading Economics
Official,Bangladesh,,BDT,01/12/2024,119.27238,Trading Economics
Official,Bangladesh,,BDT,02/12/2024,119,Trading Economics
Official,Bangladesh,,BDT,03/12/2024,119,Trading Economics
Official,Bangladesh,,BDT,04/12/2024,119,Trading Economics
Official,Bangladesh,,BDT,05/12/2024,119,Trading Economics
Official,Bangladesh,,BDT,06/12/2024,119,Trading Economics
Official,Bangladesh,,BDT,07/12/2024,119,Trading Economics
Official,Bangladesh,,BDT,08/12/2024,119.635,Trading Economics
Official,Bangladesh,,BDT,09/12/2024,119,Trading Economics
Official,Bangladesh,,BDT,10/12/2024,119,Trading Economics
Official,Bangladesh,,BDT,11/12/2024,119,Trading Economics
Official,Bangladesh,,BDT,12/12/2024,119,Trading Economics
Official,Bangladesh,,BDT,13/12/2024,119,Trading Economics
Official,Bangladesh,,BDT,14/12/2024,119,Trading Economics
Official,Bangladesh,,BDT,15/12/2024,119.29574,Trading Economics
Official,Bangladesh,,BDT,16/12/2024,119,Trading Economics
Official,Bangladesh,,BDT,17/12/2024,119,Trading Economics
Official,Bangladesh,,BDT,18/12/2024,119,Trading Economics
Official,Bangladesh,,BDT,19/12/2024,119,Trading Economics
Official,Bangladesh,,BDT,20/12/2024,119,Trading Economics
Official,Bangladesh,,BDT,21/12/2024,119,Trading Economics
Official,Bangladesh,,BDT,22/12/2024,119.02046,Trading Economics
Official,Bangladesh,,BDT,23/12/2024,119,Trading Economics
Official,Bangladesh,,BDT,24/12/2024,119,Trading Economics
Official,Bangladesh,,BDT,25/12/2024,119,Trading Economics
Official,Bangladesh,,BDT,26/12/2024,119,Trading Economics
Official,Bangladesh,,BDT,27/12/2024,119,Trading Economics
Official,Bangladesh,,BDT,28/12/2024,119,Trading Economics
Official,Bangladesh,,BDT,29/12/2024,119.66624,Trading Economics
Official,Bangladesh,,BDT,30/12/2024,119,Trading Economics
Official,Bangladesh,,BDT,31/12/2024,119,Trading Economics
Official,Bangladesh,,BDT,01/01/2025,119,Trading Economics
Official,Bangladesh,,BDT,02/01/2025,121,Trading Economics
Official,Bangladesh,,BDT,03/01/2025,121,Trading Economics
Official,Bangladesh,,BDT,04/01/2025,121,Trading Economics
Official,Bangladesh,,BDT,05/01/2025,121.29527,Trading Economics
Official,Bangladesh,,BDT,06/01/2025,121,Trading Economics
Official,Bangladesh,,BDT,07/01/2025,121.5,Trading Economics
Official,Bangladesh,,BDT,08/01/2025,121,Trading Economics
Official,Bangladesh,,BDT,09/01/2025,121.99,Trading Economics
Official,Bangladesh,,BDT,10/01/2025,121.99,Trading Economics
Official,Bangladesh,,BDT,11/01/2025,121.99,Trading Economics
Official,Bangladesh,,BDT,12/01/2025,122.52718,Trading Economics
Official,Bangladesh,,BDT,13/01/2025,121,Trading Economics
Official,Bangladesh,,BDT,14/01/2025,121.75,Trading Economics
Official,Bangladesh,,BDT,15/01/2025,121.5,Trading Economics
Official,Bangladesh,,BDT,16/01/2025,121,Trading Economics
Official,Bangladesh,,BDT,17/01/2025,121,Trading Economics
Official,Bangladesh,,BDT,19/01/2025,121.49823,Trading Economics
Official,Bangladesh,,BDT,20/01/2025,121.75,Trading Economics
Official,Bangladesh,,BDT,21/01/2025,121.5,Trading Economics
Official,Bangladesh,,BDT,22/01/2025,121.9,Trading Economics
Official,Bangladesh,,BDT,23/01/2025,121.9,Trading Economics
Official,Bangladesh,,BDT,24/01/2025,121.9,Trading Economics
Official,Bangladesh,,BDT,26/01/2025,121.72672,Trading Economics
Official,Bangladesh,,BDT,27/01/2025,121.9,Trading Economics
Official,Bangladesh,,BDT,28/01/2025,121,Trading Economics
Official,Bangladesh,,BDT,29/01/2025,121,Trading Economics
Official,Bangladesh,,BDT,30/01/2025,121.9,Trading Economics
Official,Bangladesh,,BDT,31/01/2025,121.9,Trading Economics
Official,Bangladesh,,BDT,02/02/2025,123.86686,Trading Economics
Official,Bangladesh,,BDT,03/02/2025,121.9,Trading Economics
Official,Bangladesh,,BDT,04/02/2025,121.9,Trading Economics
Official,Bangladesh,,BDT,05/02/2025,121,Trading Economics
Official,Bangladesh,,BDT,06/02/2025,121.9,Trading Economics
Official,Bangladesh,,BDT,07/02/2025,121.9,Trading Economics
Official,Bangladesh,,BDT,09/02/2025,122.50012,Trading Economics
Official,Bangladesh,,BDT,10/02/2025,121,Trading Economics
Official,Bangladesh,,BDT,11/02/2025,121,Trading Economics
Official,Bangladesh,,BDT,12/02/2025,121,Trading Economics
Official,Bangladesh,,BDT,13/02/2025,121,Trading Economics
Official,Bangladesh,,BDT,14/02/2025,121,Trading Economics
Official,Bangladesh,,BDT,16/02/2025,121.15064,Trading Economics
Official,Bangladesh,,BDT,17/02/2025,121,Trading Economics
Official,Bangladesh,,BDT,18/02/2025,121,Trading Economics
Official,Bangladesh,,BDT,19/02/2025,121,Trading Economics
Official,Bangladesh,,BDT,20/02/2025,121,Trading Economics
Official,Bangladesh,,BDT,21/02/2025,121,Trading Economics
Official,Bangladesh,,BDT,23/02/2025,121.54221,Trading Economics
Official,Bangladesh,,BDT,24/02/2025,121,Trading Economics
Official,Bangladesh,,BDT,25/02/2025,121,Trading Economics
Official,Bangladesh,,BDT,26/02/2025,121,Trading Economics
Official,Bangladesh,,BDT,27/02/2025,121,Trading Economics
Official,Bangladesh,,BDT,28/02/2025,121,Trading Economics
Official,Bangladesh,,BDT,02/03/2025,121.7207,Trading Economics
Official,Bangladesh,,BDT,03/03/2025,121,Trading Economics
Official,Bangladesh,,BDT,04/03/2025,121,Trading Economics
Official,Bangladesh,,BDT,05/03/2025,121,Trading Economics
Official,Bangladesh,,BDT,06/03/2025,121,Trading Economics
Official,Bangladesh,,BDT,07/03/2025,121,Trading Economics
Official,Bangladesh,,BDT,09/03/2025,121.64444,Trading Economics
Official,Bangladesh,,BDT,10/03/2025,121,Trading Economics
Official,Bangladesh,,BDT,11/03/2025,121,Trading Economics
Official,Bangladesh,,BDT,12/03/2025,121,Trading Economics
Official,Bangladesh,,BDT,13/03/2025,121,Trading Economics
Official,Bangladesh,,BDT,14/03/2025,121,Trading Economics
Official,Bangladesh,,BDT,16/03/2025,121.21767,Trading Economics
Official,Bangladesh,,BDT,17/03/2025,121,Trading Economics
Official,Bangladesh,,BDT,18/03/2025,121,Trading Economics
Official,Bangladesh,,BDT,19/03/2025,121,Trading Economics
Official,Bangladesh,,BDT,20/03/2025,121,Trading Economics
Official,Bangladesh,,BDT,21/03/2025,121,Trading Economics
Official,Bangladesh,,BDT,23/03/2025,121.20432,Trading Economics
Official,Bangladesh,,BDT,24/03/2025,121,Trading Economics
Official,Bangladesh,,BDT,25/03/2025,121,Trading Economics
Official,Bangladesh,,BDT,26/03/2025,121,Trading Economics
Official,Bangladesh,,BDT,27/03/2025,121,Trading Economics
Official,Bangladesh,,BDT,28/03/2025,121,Trading Economics
Official,Bangladesh,,BDT,30/03/2025,120.24799,Trading Economics
Official,Bangladesh,,BDT,31/03/2025,121,Trading Economics
Official,Bangladesh,,BDT,01/04/2025,121,Trading Economics
Official,Bangladesh,,BDT,02/04/2025,121,Trading Economics
Official,Bangladesh,,BDT,03/04/2025,121,Trading Economics
Official,Bangladesh,,BDT,04/04/2025,121,Trading Economics
Official,Bangladesh,,BDT,06/04/2025,122.25314,Trading Economics
Official,Bangladesh,,BDT,07/04/2025,121,Trading Economics
Official,Bangladesh,,BDT,08/04/2025,121,Trading Economics
Official,Bangladesh,,BDT,09/04/2025,121,Trading Economics
Official,Bangladesh,,BDT,10/04/2025,121,Trading Economics
Official,Bangladesh,,BDT,11/04/2025,121,Trading Economics
Official,Bangladesh,,BDT,13/04/2025,121.45927,Trading Economics
Official,Bangladesh,,BDT,14/04/2025,121,Trading Economics
Official,Bangladesh,,BDT,15/04/2025,121,Trading Economics
Official,Bangladesh,,BDT,16/04/2025,121,Trading Economics
Official,Bangladesh,,BDT,17/04/2025,121,Trading Economics
Official,Bangladesh,,BDT,18/04/2025,121,Trading Economics
Official,Bangladesh,,BDT,21/04/2025,121,Trading Economics
Official,Bangladesh,,BDT,22/04/2025,121.5,Trading Economics
Official,Bangladesh,,BDT,23/04/2025,121.5,Trading Economics
Official,Bangladesh,,BDT,24/04/2025,121.5,Trading Economics
Official,Bangladesh,,BDT,25/04/2025,121.5,Trading Economics
Official,Bangladesh,,BDT,28/04/2025,121.5,Trading Economics
Official,Bangladesh,,BDT,29/04/2025,121.5,Trading Economics
Official,Bangladesh,,BDT,30/04/2025,121.5,Trading Economics
Official,Bangladesh,,BDT,01/05/2025,121.5,Trading Economics
Official,Bangladesh,,BDT,02/05/2025,121.5,Trading Economics
Official,Bangladesh,,BDT,05/05/2025,121.5,Trading Economics
Official,Bangladesh,,BDT,06/05/2025,121.5,Trading Economics
Official,Bangladesh,,BDT,07/05/2025,121.5,Trading Economics
Official,Bangladesh,,BDT,08/05/2025,121.5,Trading Economics
Official,Bangladesh,,BDT,09/05/2025,121.5,Trading Economics
Official,Bangladesh,,BDT,12/05/2025,121.5,Trading Economics
Official,Bangladesh,,BDT,13/05/2025,121.5,Trading Economics
Official,Bangladesh,,BDT,14/05/2025,121.5,Trading Economics
Official,Bangladesh,,BDT,15/05/2025,121.5,Trading Economics
Official,Bangladesh,,BDT,16/05/2025,121.5,Trading Economics
Official,Bangladesh,,BDT,17/05/2025,121.5,Trading Economics
Official,Bangladesh,,BDT,19/05/2025,121.5,Trading Economics
Official,Bangladesh,,BDT,20/05/2025,121.7,Trading Economics
Official,Bangladesh,,BDT,21/05/2025,121.8,Trading Economics
Official,Bangladesh,,BDT,22/05/2025,121.8,Trading Economics
Official,Bangladesh,,BDT,23/05/2025,121.8,Trading Economics
Official,Bangladesh,,BDT,24/05/2025,121.85,Trading Economics
Official,Bangladesh,,BDT,26/05/2025,122,Trading Economics
Official,Bangladesh,,BDT,27/05/2025,122.1,Trading Economics
Official,Bangladesh,,BDT,28/05/2025,122.2,Trading Economics
Official,Bangladesh,,BDT,29/05/2025,122.2,Trading Economics
Official,Bangladesh,,BDT,30/05/2025,122.2,Trading Economics
Official,Bangladesh,,BDT,02/06/2025,122.2,Trading Economics
Official,Bangladesh,,BDT,03/06/2025,122.2,Trading Economics
Official,Bangladesh,,BDT,04/06/2025,122.2,Trading Economics
Official,Bangladesh,,BDT,05/06/2025,122.2,Trading Economics
Official,Bangladesh,,BDT,06/06/2025,122.2,Trading Economics
Official,Bangladesh,,BDT,09/06/2025,122.2,Trading Economics
Official,Bangladesh,,BDT,10/06/2025,122.2,Trading Economics
Official,Bangladesh,,BDT,11/06/2025,122.2,Trading Economics
Official,Bangladesh,,BDT,12/06/2025,122.2,Trading Economics
Official,Bangladesh,,BDT,13/06/2025,122.2,Trading Economics
Official,Bangladesh,,BDT,16/06/2025,122.3,Trading Economics
Official,Bangladesh,,BDT,17/06/2025,122.3,Trading Economics
Official,Bangladesh,,BDT,18/06/2025,122.3,Trading Economics
Official,Bangladesh,,BDT,19/06/2025,122.3,Trading Economics
Official,Bangladesh,,BDT,20/06/2025,122.3,Trading Economics
Official,Bangladesh,,BDT,23/06/2025,122.3,Trading Economics
Official,Bangladesh,,BDT,24/06/2025,122.3,Trading Economics
Official,Bangladesh,,BDT,25/06/2025,122.3,Trading Economics
Official,Bangladesh,,BDT,26/06/2025,122.3,Trading Economics
Official,Bangladesh,,BDT,27/06/2025,122.3,Trading Economics
Official,Bangladesh,,BDT,30/06/2025,122.725,Trading Economics
Official,Bangladesh,,BDT,01/07/2025,122.725,Trading Economics
Official,Bangladesh,,BDT,02/07/2025,122.3,Trading Economics
Official,Bangladesh,,BDT,03/07/2025,122.675,Trading Economics
Official,Bangladesh,,BDT,04/07/2025,122.675,Trading Economics
Official,Bangladesh,,BDT,07/07/2025,122.3,Trading Economics
Official,Bangladesh,,BDT,08/07/2025,122,Trading Economics
Official,Bangladesh,,BDT,09/07/2025,121.9,Trading Economics
Official,Bangladesh,,BDT,10/07/2025,121.6,Trading Economics
Official,Bangladesh,,BDT,11/07/2025,121.6,Trading Economics
Official,Bangladesh,,BDT,14/07/2025,121,Trading Economics
Official,Bangladesh,,BDT,15/07/2025,121.5,Trading Economics
Official,Bangladesh,,BDT,16/07/2025,121.3,Trading Economics
Official,Bangladesh,,BDT,17/07/2025,121.4,Trading Economics
Official,Bangladesh,,BDT,18/07/2025,121.4,Trading Economics
Official,Bangladesh,,BDT,21/07/2025,121.625,Trading Economics
Official,Bangladesh,,BDT,22/07/2025,121.75,Trading Economics
Official,Bangladesh,,BDT,23/07/2025,121.9,Trading Economics
Official,Bangladesh,,BDT,24/07/2025,122.25,Trading Economics
Official,Bangladesh,,BDT,25/07/2025,122.25,Trading Economics
Official,Bangladesh,,BDT,28/07/2025,122.5,Trading Economics
Official,Bangladesh,,BDT,29/07/2025,122.85,Trading Economics
Official,Bangladesh,,BDT,30/07/2025,122.6,Trading Economics
Official,Bangladesh,,BDT,31/07/2025,122.25,Trading Economics
Official,Bangladesh,,BDT,01/08/2025,122.25,Trading Economics
Official,Bangladesh,,BDT,04/08/2025,121.9,Trading Economics
Official,Bangladesh,,BDT,05/08/2025,121.9,Trading Economics
Official,Bangladesh,,BDT,06/08/2025,121.7,Trading Economics
Official,Bangladesh,,BDT,07/08/2025,121.5,Trading Economics
Official,Bangladesh,,BDT,08/08/2025,121.5,Trading Economics
Official,Bangladesh,,BDT,11/08/2025,121.5,Trading Economics
Official,Bangladesh,,BDT,12/08/2025,121.625,Trading Economics
Official,Bangladesh,,BDT,13/08/2025,121.5,Trading Economics
Official,Bangladesh,,BDT,14/08/2025,121.5,Trading Economics
Official,Bangladesh,,BDT,15/08/2025,121.5,Trading Economics
Official,Bangladesh,,BDT,18/08/2025,121.5,Trading Economics
Official,Bangladesh,,BDT,19/08/2025,121.5,Trading Economics
Official,Bangladesh,,BDT,20/08/2025,121.5,Trading Economics
Official,Bangladesh,,BDT,21/08/2025,121.6,Trading Economics
Official,Bangladesh,,BDT,22/08/2025,121.6,Trading Economics
Official,Bangladesh,,BDT,25/08/2025,121.75,Trading Economics
Official,Bangladesh,,BDT,26/08/2025,121.925,Trading Economics
Official,Bangladesh,,BDT,27/08/2025,121.725,Trading Economics
Official,Bangladesh,,BDT,28/08/2025,121.6,Trading Economics
Official,Bangladesh,,BDT,29/08/2025,121.6,Trading Economics
Official,Bangladesh,,BDT,01/09/2025,121.6,Trading Economics
Official,Bangladesh,,BDT,02/09/2025,121.65,Trading Economics
Official,Bangladesh,,BDT,03/09/2025,121.775,Trading Economics
Official,Bangladesh,,BDT,04/09/2025,121.7,Trading Economics
Official,Bangladesh,,BDT,05/09/2025,121.7,Trading Economics
Official,Bangladesh,,BDT,08/09/2025,121.7,Trading Economics
Official,Bangladesh,,BDT,09/09/2025,121.7,Trading Economics
Official,Bangladesh,,BDT,10/09/2025,121.725,Trading Economics
Official,Bangladesh,,BDT,11/09/2025,121.7,Trading Economics
Official,Bangladesh,,BDT,12/09/2025,121.7,Trading Economics
Official,Bangladesh,,BDT,15/09/2025,121.725,Trading Economics
Official,Bangladesh,,BDT,16/09/2025,121.75,Trading Economics
Official,Bangladesh,,BDT,17/09/2025,121.75,Trading Economics
Official,Bangladesh,,BDT,18/09/2025,121.7,Trading Economics
Official,Bangladesh,,BDT,19/09/2025,121.7,Trading Economics
Official,Bangladesh,,BDT,22/09/2025,121.75,Trading Economics
Official,Bangladesh,,BDT,23/09/2025,121.7,Trading Economics
Official,Bangladesh,,BDT,24/09/2025,121.7,Trading Economics
Official,Bangladesh,,BDT,25/09/2025,121.775,Trading Economics
Official,Bangladesh,,BDT,26/09/2025,121.775,Trading Economics
Official,Bangladesh,,BDT,29/09/2025,121.7,Trading Economics
Official,Bangladesh,,BDT,30/09/2025,121.7,Trading Economics
Official,Bangladesh,,BDT,01/10/2025,121.7,Trading Economics
Official,Bangladesh,,BDT,02/10/2025,121.7,Trading Economics
Official,Bangladesh,,BDT,03/10/2025,121.7,Trading Economics
Official,Bangladesh,,BDT,06/10/2025,121.785,Trading Economics
Official,Bangladesh,,BDT,07/10/2025,121.75,Trading Economics
Official,Bangladesh,,BDT,08/10/2025,121.785,Trading Economics
Official,Bangladesh,,BDT,09/10/2025,121.785,Trading Economics
Official,Bangladesh,,BDT,10/10/2025,121.785,Trading Economics
Official,Bangladesh,,BDT,13/10/2025,121.75,Trading Economics
Official,Bangladesh,,BDT,14/10/2025,121.815,Trading Economics
Official,Bangladesh,,BDT,15/10/2025,121.75,Trading Economics
Official,Bangladesh,,BDT,16/10/2025,121.8,Trading Economics
Official,Bangladesh,,BDT,17/10/2025,121.8,Trading Economics
Official,Bangladesh,,BDT,20/10/2025,121.905,Trading Economics
Official,Bangladesh,,BDT,21/10/2025,122.025,Trading Economics
Official,Bangladesh,,BDT,22/10/2025,122.3,Trading Economics
Official,Bangladesh,,BDT,23/10/2025,122.525,Trading Economics
Official,Bangladesh,,BDT,24/10/2025,122.525,Trading Economics
Official,Bangladesh,,BDT,27/10/2025,122.3,Trading Economics
Official,Bangladesh,,BDT,28/10/2025,122.3,Trading Economics
Official,Bangladesh,,BDT,29/10/2025,122.25,Trading Economics
Official,Bangladesh,,BDT,30/10/2025,122.2,Trading Economics
Official,Bangladesh,,BDT,31/10/2025,122.2,Trading Economics
Official,Bangladesh,,BDT,03/11/2025,122.05,Trading Economics
Official,Bangladesh,,BDT,04/11/2025,121.9,Trading Economics
Official,Bangladesh,,BDT,05/11/2025,121.9,Trading Economics
Official,Bangladesh,,BDT,06/11/2025,122.05,Trading Economics
Official,Bangladesh,,BDT,07/11/2025,122.05,Trading Economics
Official,Bangladesh,,BDT,10/11/2025,122.1,Trading Economics
Official,Bangladesh,,BDT,11/11/2025,122.1,Trading Economics
Official,Bangladesh,,BDT,12/11/2025,122.1,Trading Economics
Official,Bangladesh,,BDT,13/11/2025,122.2,Trading Economics
Official,Bangladesh,,BDT,14/11/2025,122.2,Trading Economics
Official,Bangladesh,,BDT,17/11/2025,122.25,Trading Economics
Official,Bangladesh,,BDT,18/11/2025,122.3,Trading Economics
Official,Bangladesh,,BDT,19/11/2025,122.3,Trading Economics
Official,Bangladesh,,BDT,20/11/2025,122.6,Trading Economics
Official,Bangladesh,,BDT,21/11/2025,122.6,Trading Economics
Official,Bangladesh,,BDT,24/11/2025,122.3,Trading Economics
Official,Bangladesh,,BDT,25/11/2025,122.3,Trading Economics
Official,Bangladesh,,BDT,26/11/2025,122.425,Trading Economics
Official,Bangladesh,,BDT,27/11/2025,122.2,Trading Economics
Official,Bangladesh,,BDT,28/11/2025,122.2,Trading Economics
Official,Bangladesh,,BDT,01/12/2025,122.1,Trading Economics
Official,Bangladesh,,BDT,02/12/2025,122.2,Trading Economics
Official,Bangladesh,,BDT,03/12/2025,122.3,Trading Economics
Official,Bangladesh,,BDT,04/12/2025,122.35,Trading Economics
Official,Bangladesh,,BDT,05/12/2025,122.35,Trading Economics
Official,Bangladesh,,BDT,08/12/2025,122.25,Trading Economics
Official,Bangladesh,,BDT,09/12/2025,122.2,Trading Economics
Official,Bangladesh,,BDT,10/12/2025,122.2,Trading Economics
Official,Bangladesh,,BDT,11/12/2025,122.2,Trading Economics
Official,Bangladesh,,BDT,12/12/2025,122.2,Trading Economics
Official,Bangladesh,,BDT,15/12/2025,122.2,Trading Economics
Official,Bangladesh,,BDT,16/12/2025,122.2,Trading Economics
Official,Bangladesh,,BDT,17/12/2025,122.2,Trading Economics
Official,Bangladesh,,BDT,18/12/2025,122.3,Trading Economics
Official,Bangladesh,,BDT,19/12/2025,122.3,Trading Economics
Official,Bangladesh,,BDT,22/12/2025,122.2,Trading Economics
Official,Bangladesh,,BDT,23/12/2025,122.2,Trading Economics
Official,Bangladesh,,BDT,24/12/2025,122.2,Trading Economics
Official,Bangladesh,,BDT,25/12/2025,122.2,Trading Economics
Official,Bangladesh,,BDT,26/12/2025,122.2,Trading Economics
Official,Bangladesh,,BDT,29/12/2025,122.29,Trading Economics
Official,Bangladesh,,BDT,30/12/2025,122.295,Trading Economics
Official,Bangladesh,,BDT,31/12/2025,122.295,Trading Economics
Official,Bangladesh,,BDT,01/01/2026,122.295,Trading Economics
Official,Bangladesh,,BDT,02/01/2026,122.295,Trading Economics
Official,Bangladesh,,BDT,05/01/2026,122.28,Trading Economics
Official,Bangladesh,,BDT,06/01/2026,122.2,Trading Economics
Official,Bangladesh,,BDT,07/01/2026,122.2,Trading Economics
Official,Bangladesh,,BDT,08/01/2026,122.2,Trading Economics
Official,Bangladesh,,BDT,09/01/2026,122.2,Trading Economics
Official,Bangladesh,,BDT,12/01/2026,122.2,Trading Economics
Official,Bangladesh,,BDT,13/01/2026,122.2,Trading Economics
Official,Bangladesh,,BDT,14/01/2026,122.2,Trading Economics
Official,Bangladesh,,BDT,15/01/2026,122.305,Trading Economics
Official,Bangladesh,,BDT,16/01/2026,122.305,Trading Economics
Official,Bangladesh,,BDT,19/01/2026,122.315,Trading Economics
Official,Bangladesh,,BDT,20/01/2026,122.325,Trading Economics
Official,Bangladesh,,BDT,21/01/2026,122.325,Trading Economics
Official,Bangladesh,,BDT,22/01/2026,122.325,Trading Economics
Official,Bangladesh,,BDT,23/01/2026,122.325,Trading Economics
Official,Bangladesh,,BDT,26/01/2026,122.36,Trading Economics
Official,Bangladesh,,BDT,27/01/2026,122.2,Trading Economics
Official,Bangladesh,,BDT,28/01/2026,122.2,Trading Economics
Official,Bangladesh,,BDT,29/01/2026,122.2,Trading Economics
Official,Bangladesh,,BDT,30/01/2026,122.2,Trading Economics
Official,Bangladesh,,BDT,02/02/2026,122.3,Trading Economics
Official,Bangladesh,,BDT,03/02/2026,122.2,Trading Economics
Official,Bangladesh,,BDT,04/02/2026,122.2,Trading Economics
Official,Bangladesh,,BDT,05/02/2026,122.3,Trading Economics
Official,Bangladesh,,BDT,06/02/2026,122.3,Trading Economics
Official,Bangladesh,,BDT,09/02/2026,122.2,Trading Economics
Official,Bangladesh,,BDT,10/02/2026,122.3,Trading Economics
Official,Bangladesh,,BDT,11/02/2026,122.3,Trading Economics
Official,Bangladesh,,BDT,12/02/2026,122.3,Trading Economics
Official,Bangladesh,,BDT,13/02/2026,122.3,Trading Economics
Official,Bangladesh,,BDT,16/02/2026,122.315,Trading Economics
Official,Bangladesh,,BDT,17/02/2026,122.2,Trading Economics
Official,Bangladesh,,BDT,18/02/2026,122.2,Trading Economics
