Date,Log_Returns,Rate_Log_Returns,Daily_Inflation_Scaled,Wedding_Season_Flag
2007-03-08,1.0728749014150312e-05,0.0,0.0987764095862444,0
2007-03-09,0.0001034191527061,0.0,0.0988571355793265,0
2007-03-10,0.0001942814085332,0.0,0.0989368444402753,0
2007-03-11,0.0002832918313413,0.0,0.0990155387583878,0
2007-03-12,0.0003704284003998,0.0,0.0990932211229611,0
2007-03-13,0.0004556707435398,0.0,0.0991698941232919,0
2007-03-14,0.0005390001183771,0.0,0.0992455603486773,0
2007-03-15,0.000620399390772,0.0,0.0993202223884143,0
2007-03-16,0.0006998530106618,0.0,0.0993938828317998,0
2007-03-17,0.0007773469854322,0.0,0.0994665442681307,0
2007-03-18,0.0008528688509664,0.0,0.0995382092867041,0
2007-03-19,0.0009264076405432,0.0,0.0996088804768168,0
2007-03-20,0.0009979538517246,0.0,0.0996785604277659,0
2007-03-21,0.0010674994114066,0.0,0.0997472517288482,0
2007-03-22,0.0011350376391711,0.0,0.0998149569693608,0
2007-03-23,0.0012005632091103,0.0,0.0998816787386005,0
2007-03-24,0.0012640721102687,0.0,0.0999474196258644,0
2007-03-25,0.0013255616058491,0.0,0.1000121822204494,0
2007-03-26,0.0013850301913402,0.0,0.1000759691116525,0
2007-03-27,0.0014424775517028,0.0,0.1001387828887706,0
2007-03-28,0.0014979045177557,0.0,0.1002006261411007,0
2007-03-29,0.0015513130218986,0.0,0.1002615014579396,0
2007-03-30,0.0016027060533012,0.0,0.1003214114285845,0
2007-03-31,0.0016520876126854,0.0,0.1003803586423322,0
2007-04-01,0.0016994626668213,0.0,0.1004383456884797,0
2007-04-02,0.0017448371028506,0.0,0.100495375156324,0
2007-04-03,0.0017882176825496,0.0,0.100551449635162,0
2007-04-04,0.0018296119966337,0.0,0.1006065717142906,0
2007-04-05,0.0018690284191968,0.0,0.1006607439830069,0
2007-04-06,0.0019064760623905,0.0,0.1007139690306078,0
2007-04-07,0.001941964731411,0.0,0.1007662494463901,0
2007-04-08,0.0019755048798859,0.0,0.100817587819651,0
2007-04-09,0.0020071075657331,0.0,0.1008679867396873,0
2007-04-10,0.0020367844075526,0.0,0.100917448795796,0
2007-04-11,0.0020645475416232,0.0,0.1009659765772741,0
2007-04-12,0.0020904095795493,0.0,0.1010135726734184,0
2007-04-13,0.0021143835666185,0.0,0.1010602396735261,0
2007-04-14,0.002136482940907,0.0,0.1011059801668939,0
2007-04-15,0.0021567214931776,0.0,0.101150796742819,0
2007-04-16,0.0021751133276051,0.0,0.1011946919905982,0
2007-04-17,0.0021916728233485,0.0,0.1012376684995285,0
2007-04-18,0.0022064145970126,0.0,0.1012797288589068,0
2007-04-19,0.0022193534660043,0.0,0.1013208756580301,0
2007-04-20,0.0022305044128024,0.0,0.1013611114861954,0
2007-04-21,0.0022398825501563,0.0,0.1014004389326997,0
2007-04-22,0.0022475030872193,0.0,0.1014388605868397,0
2007-04-23,0.0022533812966199,0.0,0.1014763790379127,0
2007-04-24,0.0022575324824661,0.0,0.1015129968752154,0
2007-04-25,0.0022599719492908,0.0,0.1015487166880448,0
2007-04-26,0.0022607149719196,0.0,0.1015835410656979,0
2007-04-27,0.0022597767662595,0.0,0.1016174725974717,0
2007-04-28,0.0022571724609934,0.0,0.1016505138726631,0
2007-04-29,0.0022529170701637,0.0,0.1016826674805691,0
2007-04-30,0.0022470254666297,0.0,0.1017139360104866,0
2007-05-01,0.0022395123563828,0.0,0.1017443220517125,0
2007-05-02,0.0022303922536857,0.0,0.101773828193544,0
2007-05-03,0.0022196794570273,0.0,0.1018024570252777,0
2007-05-04,0.0022073880258566,0.0,0.1018302111362109,0
2007-05-05,0.0021935317580718,0.0,0.1018570931156403,0
2007-05-06,0.0021781241682391,0.0,0.101883105552863,0
2007-05-07,0.0021611784665053,0.0,0.1019082510371759,0
2007-05-08,0.0021427075381757,0.0,0.101932532157876,0
2007-05-09,0.0021227239239297,0.0,0.1019559515042601,0
2007-05-10,0.0021012398006296,0.0,0.1019785116656254,0
2007-05-11,0.0020782669626969,0.0,0.1020002152312687,0
2007-05-12,0.0020538168040224,0.0,0.102021064790487,0
2007-05-13,0.0020279003003588,0.0,0.1020410629325773,0
2007-05-14,0.0020005279921842,0.0,0.1020602122468365,0
2007-05-15,0.0019717099679687,0.0,0.1020785153225615,0
2007-05-16,0.0019414558478337,0.0,0.1020959747490493,0
2007-05-17,0.0019097747675467,0.0,0.1021125931155969,0
2007-05-18,0.001876675362818,0.0,0.1021283730115013,0
2007-05-19,0.0018421657538578,0.0,0.1021433170260593,0
2007-05-20,0.001806253530159,0.0,0.1021574277485679,0
2007-05-21,0.0017689457354547,0.0,0.1021707077683242,0
2007-05-22,0.001730248852814,0.0,0.102183159674625,0
2007-05-23,0.001690168789835,0.0,0.1021947860567673,0
2007-05-24,0.0016487108638879,0.0,0.1022055895040481,0
2007-05-25,0.0016058797873674,0.0,0.1022155726057643,0
2007-05-26,0.0015616796529075,0.0,0.1022247379512129,0
2007-05-27,0.0015161139185199,0.0,0.1022330881296908,0
2007-05-28,0.0014691853925951,0.0,0.102240625730495,0
2007-05-29,0.0014208962187433,0.0,0.1022473533429225,0
2007-05-30,0.0013712478603991,0.0,0.1022532735562701,0
2007-05-31,0.0013202410851671,0.0,0.1022583889598349,0
2007-06-01,0.0012678759488407,0.0,0.1022627021429139,0
2007-06-02,0.0012141517790512,0.0,0.1022662156948038,0
2007-06-03,0.0011590671584895,0.0,0.1022689322048019,0
2007-06-04,0.0011026199076567,0.0,0.1022708542622048,0
2007-06-05,0.0010448070670723,0.0,0.1022719844563098,0
2007-06-06,0.0009856248788972,0.0,0.1022723253764136,0
2007-06-07,0.0009250687679025,0.0,0.1022718796118133,0
2007-06-08,0.0008631333217293,0.0,0.1022706497518058,0
2007-06-09,0.0007998122703688,0.0,0.102268638385688,0
2007-06-10,0.0007350984648038,0.0,0.102265848102757,0
2007-06-11,0.0006689838547376,0.0,0.1022622814923096,0
2007-06-12,0.0006014594653385,0.0,0.1022579411436428,0
2007-06-13,0.0005325153729289,0.0,0.1022528296460537,0
2007-06-14,0.0004621406795336,0.0,0.102246949588839,0
2007-06-15,0.0003903234862115,0.0,0.1022403035612959,0
2007-06-16,0.0003170508650782,0.0,0.1022328941527213,0
2007-06-17,0.0002423088299318,0.0,0.102224723952412,0
2007-06-18,0.0001660823053861,0.0,0.1022157955496651,0
2007-06-19,8.83550944030146e-05,0.0,0.1022061115337775,0
2007-06-20,9.109844128437013e-06,0.0,0.1021956744940462,0
2007-06-21,-7.167199009382275e-05,0.0,0.1021844870197682,0
2007-06-22,-0.0001540101826414,0.0,0.1021725517002403,0
2007-06-23,-0.0002379257775994,0.0,0.1021598711247596,0
2007-06-24,-0.0003234411309479,0.0,0.1021464478826229,0
2007-06-25,-0.0004105799550913,0.0,0.1021322845631274,0
2007-06-26,-0.0004993673658881,0.0,0.1021173837555698,0
2007-06-27,-0.0005898299323443,0.0,0.1021017480492472,0
2007-06-28,-0.0006819957291416,0.0,0.1020853800334565,0
2007-06-29,-0.0007758943921934,0.0,0.1020682822974947,0
2007-06-30,-0.0008715571774211,0.0,0.1020504574306588,0
2007-07-01,-0.0009690170229745,0.0,0.1020319080222456,0
2007-07-02,-0.0010683086151161,0.0,0.1020126366615522,0
2007-07-03,-0.0011694684580211,0.0,0.1019926459378755,0
2007-07-04,-0.0012725349477586,0.0,0.1019719384405125,0
2007-07-05,-0.001377548450731,0.0,0.10195051675876,0
2007-07-06,-0.0014845513868879,0.0,0.1019283834819152,0
2007-07-07,-0.0015935883180339,0.0,0.1019055411992749,0
2007-07-08,-0.0017047060415918,0.0,0.101881992500136,0
2007-07-09,-0.0018179536901982,0.0,0.1018577399737956,0
2007-07-10,-0.0019333828375512,0.0,0.1018327862095506,0
2007-07-11,-0.002051047610953,0.0,0.101807133796698,0
2007-07-12,-0.0021710048110265,0.0,0.1017807853245346,0
2007-07-13,-0.0022933140391387,0.0,0.1017537433823575,0
2007-07-14,-0.0024180378330864,0.0,0.1017260105594637,0
2007-07-15,-0.0025452418116676,0.0,0.10169758944515,0
2007-07-16,-0.0026749948287972,0.0,0.1016684826287134,0
2007-07-17,-0.0028073691378976,0.0,0.101638692699451,0
2007-07-18,-0.0029424405673522,0.0,0.1016082222466596,0
2007-07-19,-0.0030802887078697,0.0,0.1015770738596361,0
2007-07-20,-0.0032209971127098,0.0,0.1015452501276777,0
2007-07-21,-0.0033646535117714,0.0,0.1015127536400812,0
2007-07-22,-0.0035113500406708,0.0,0.1014795869861435,0
2007-07-23,-0.003661183486014,0.0,0.1014457527551616,0
2007-07-24,-0.0038142555482007,0.0,0.1014112535364325,0
2007-07-25,-0.0039706731232091,0.0,0.1013760919192532,0
2007-07-26,-0.0041305486049645,0.0,0.1013402704929206,0
2007-07-27,-0.0042808862231992,0.0,0.1013037918467316,0
2007-07-28,-0.004368890206542,0.0,0.1012666585699832,0
2007-07-29,-0.0043802614172052,0.0,0.1012288732519723,0
2007-07-30,-0.0043136525830361,0.0,0.101190438481996,0
2007-07-31,-0.0041677235863147,0.0,0.1011513568493512,0
2007-08-01,-0.0039412045328004,0.0,0.1011116309433348,0
2007-08-02,-0.0036329623459987,0.0,0.1010712633532437,0
2007-08-03,-0.0032582060788951,0.0,0.1010302566683751,0
2007-08-04,-0.0028811953125375,0.0,0.1009886134780256,0
2007-08-05,-0.0025185755496678,0.0,0.1009463363714925,0
2007-08-06,-0.002170915707341,0.0,0.1009034279380726,0
2007-08-07,-0.0018387326954576,0.0,0.1008598907670628,0
2007-08-08,-0.0015224916692927,0.0,0.1008157274477602,0
2007-08-09,-0.0012226067290409,0.0,0.1007709405694616,0
2007-08-10,-0.0009394420358145,0.0,0.100725532721464,0
2007-08-11,-0.0006733133100812,0.0,0.1006795064930645,0
2007-08-12,-0.0004244896761265,0.0,0.1006328644735599,0
2007-08-13,-0.000193195814529,0.0,0.1005856092522472,0
2007-08-14,2.038561603160833e-05,0.0,0.1005377434184234,0
2007-08-15,0.0002161113261864,0.0,0.1004892695613853,0
2007-08-16,0.0003938745502563,0.0,0.1004401902704301,0
2007-08-17,0.0005536020438473,0.0,0.1003905081348545,0
2007-08-18,0.0006952509589202,0.0,0.1003402257439557,0
2007-08-19,0.0008188056281233,0.0,0.1002893456870304,0
2007-08-20,0.0009242742873645,0.0,0.1002378705533758,0
2007-08-21,0.0010116857625049,0.0,0.1001858029322887,0
2007-08-22,0.0010810861427938,0.0,0.1001331454130661,0
2007-08-23,0.0011325354602564,0.0,0.100079900585005,0
2007-08-24,0.0011661043908152,0.0,0.1000260710374023,0
2007-08-25,0.0011818709894633,0.0,0.099971659359555,0
2007-08-26,0.0011799174684092,0.0,0.09991666814076,0
2007-08-27,0.001160327023777,0.0,0.0998610999703142,0
2007-08-28,0.001123180713203,0.0,0.0998049574375148,0
2007-08-29,0.0010685543835237,0.0,0.0997482431316585,0
2007-08-30,0.000996515644737,0.0,0.0996909596420423,0
2007-08-31,0.0009071208834645,0.0,0.0996331095579633,0
2007-09-01,0.00080041230631,0.0,0.0995746954687184,0
2007-09-02,0.0006764150007067,0.0,0.0995157199636044,0
2007-09-03,0.0005351339980888,0.0,0.0994561856319185,0
2007-09-04,0.000381974692887,0.0,0.0993960950629575,0
2007-09-05,0.000238577069834,0.0,0.0993354508460183,0
2007-09-06,0.0001102888285073,0.0,0.099274255570398,0
2007-09-07,-2.950137389733144e-06,0.0,0.0992125118253935,0
2007-09-08,-0.0001011817522628,0.0,0.0991502222003018,0
2007-09-09,-0.0001844320682366,0.0,0.0990873892844198,0
2007-09-10,-0.0002527135390671,0.0,0.0990240156670444,0
2007-09-11,-0.0003060272707775,0.0,0.0989601039374727,0
2007-09-12,-0.0003443652595078,0.0,0.0988956566850015,0
2007-09-13,-0.0003677126251393,0.0,0.0988306764989279,0
2007-09-14,-0.0003760498474066,0.0,0.0987651659685488,0
2007-09-15,-0.0003693550093139,0.0,0.0986991276831611,0
2007-09-16,-0.0003476060508353,0.0,0.0986325642320618,0
2007-09-17,-0.0003107830339706,0.0,0.0985654782045479,0
2007-09-18,-0.0002588704183444,0.0,0.0984978721899163,0
2007-09-19,-0.000191859344599,0.0,0.098429748777464,0
2007-09-20,-0.0001097499209176,0.0,0.0983611105564879,0
2007-09-21,-1.255350604752022e-05,0.0,0.098291960116285,0
2007-09-22,9.970501971073694e-05,0.0,0.0982223000461523,0
2007-09-23,0.0002269850060152,0.0,0.0981521329353866,0
2007-09-24,0.0003692278187925,0.0,0.098081461373285,0
2007-09-25,0.0005263546754347,0.0,0.0980102879491443,0
2007-09-26,0.0006982645446174,0.0,0.0979386152522617,0
2007-09-27,0.000884832128017,0.0,0.097866445871934,0
2007-09-28,0.0010812349972099,0.0,0.0977937823974581,0
2007-09-29,0.0012686578912793,0.0,0.0977206274181311,0
2007-09-30,0.0014423778726055,0.0,0.0976469835232499,0
2007-10-01,0.001602376665179,0.0,0.0975728533021114,0
2007-10-02,0.0017486586084675,0.0,0.0974982393440126,0
2007-10-03,0.0018812487063211,0.0,0.0974231442382504,0
2007-10-04,0.0020001906500749,0.0,0.0973475705741219,0
2007-10-05,0.0021055448311424,0.0,0.097271520940924,0
2007-10-06,0.0021973863568323,0.0,0.0971949979279536,0
2007-10-07,0.0022758030814704,0.0,0.0971180041245076,0
2007-10-08,0.002340893663248,0.0,0.0970405421198831,0
2007-10-09,0.0023927656556027,0.0,0.096962614503377,0
2007-10-10,0.0024315336402831,0.0,0.0968842238642862,0
2007-10-11,0.0024573174077393,0.0,0.0968053727919078,0
2007-10-12,0.0024702401889434,0.0,0.0967260638755386,0
2007-10-13,0.0024704269413629,0.0,0.0966462997044756,0
2007-10-14,0.0024580026904289,0.0,0.0965660828680157,0
2007-10-15,0.0024330909266367,0.0,0.0964854159554561,0
2007-10-16,0.0023958120572049,0.0,0.0964043015560935,0
2007-10-17,0.0023462819101649,0.0,0.0963227422592249,0
2007-10-18,0.0022846102877286,0.0,0.0962407406541473,0
2007-10-19,0.0022108995648632,0.0,0.0961582993301577,0
2007-10-20,0.0021252433281229,0.0,0.096075420876553,0
2007-10-21,0.0020277250489835,0.0,0.0959921078826302,0
2007-10-22,0.0019184167851432,0.0,0.0959083629376861,0
2007-10-23,0.0017973779025366,0.0,0.0958241886310179,0
2007-10-24,0.0016646538100614,0.0,0.0957395875519224,0
2007-10-25,0.0015202746983178,0.0,0.0956545622896965,0
2007-10-26,0.0013679731617996,0.0,0.0955691154336374,0
2007-10-27,0.0012225847295176,0.0,0.0954832495730418,0
2007-10-28,0.0010877221335454,0.0,0.0953969672972068,0
2007-10-29,0.000963283369956,0.0,0.0953102711954292,0
2007-10-30,0.0008491800761308,0.0,0.0952231638570062,0
2007-10-31,0.0007453363161818,0.0,0.0951356478712346,0
2007-11-01,0.0006516874118805,0.0,0.0950477258274113,1
2007-11-02,0.0005681788119031,0.0,0.0949594003148334,1
2007-11-03,0.0004947649929927,0.0,0.0948706739227978,1
2007-11-04,0.0004314083873991,0.0,0.0947815492406014,1
2007-11-05,0.0003780783316548,0.0,0.0946920288575413,1
2007-11-06,0.0003347500324145,0.0,0.0946021153629143,1
2007-11-07,0.0003014035456918,0.0,0.0945118113460174,1
2007-11-08,0.0002780227664642,0.0,0.0944211193961476,1
2007-11-09,0.0002629759261303,0.0,0.0943300421026018,1
2007-11-10,0.0002497809029986,0.0,0.094238582054677,1
2007-11-11,0.0002368175659895,0.0,0.0941467418416702,1
2007-11-12,0.0002240851903761,0.0,0.0940545240528782,1
2007-11-13,0.0002115830812302,0.0,0.0939619312775981,1
2007-11-14,0.0001993105727926,0.0,0.0938689661051268,1
2007-11-15,0.0001872670278452,0.0,0.0937756311247612,1
2007-11-16,0.0001754518370981,0.0,0.0936819289257984,1
2007-11-17,0.0001638644185835,0.0,0.0935878620975353,1
2007-11-18,0.0001525042170537,0.0,0.0934934332292687,1
2007-11-19,0.0001413707033935,0.0,0.0933986449102958,1
2007-11-20,0.0001304633740351,0.0,0.0933034997299134,1
2007-11-21,0.0001197817503836,0.0,0.0932080002774186,1
2007-11-22,0.0001093253782452,0.0,0.0931121491421081,1
2007-11-23,9.909382726720948e-05,0.0,0.0930159489132791,1
2007-11-24,8.908669037794296e-05,0.0,0.0929194021802285,1
2007-11-25,7.930358323944145e-05,0.0,0.0928225115322532,1
2007-11-26,6.974414369766125e-05,0.0,0.0927252795586501,1
2007-11-27,6.040803124668263e-05,0.0,0.0926277088487163,1
2007-11-28,5.1294926490528334e-05,0.0,0.0925298019917487,1
2007-11-29,4.240453061376097e-05,0.0,0.0924315615770442,1
2007-11-30,3.3736564854201366e-05,0.0,0.0923329901938999,1
2007-12-01,2.529076998309981e-05,0.0,0.0922340904316126,1
2007-12-02,1.706690578343736e-05,0.0,0.0921348648794793,1
2007-12-03,9.064750539904516e-06,0.0,0.092035316126797,1
2007-12-04,1.2841005243510885e-06,0.0,0.0919354467628626,1
2007-12-05,-6.275230511743937e-06,0.0,0.0918352593769731,1
2007-12-06,-1.3613411840111242e-05,0.0,0.0917347565584254,1
2007-12-07,-2.0730596258832062e-05,0.0,0.0916339408965166,1
2007-12-08,-2.7626920594779505e-05,0.0,0.0915328149805435,1
2007-12-09,-3.4302506196142604e-05,0.0,0.091431381399803,1
2007-12-10,-4.075745943013002e-05,0.0,0.0913296427435923,1
2007-12-11,-4.699187217752408e-05,0.0,0.0912276016012082,1
2007-12-12,-5.300582232119599e-05,0.0,0.0911252605619477,1
2007-12-13,-5.879937423868317e-05,0.0,0.0910226222151076,1
2007-12-14,-6.437257928816798e-05,0.0,0.0909196891499851,1
2007-12-15,-6.97254762974035e-05,0.0,0.0908164639558771,1
2007-12-16,-7.485809205036605e-05,0.0,0.0907129492220804,1
2007-12-17,-7.977044176907829e-05,0.0,0.090609147537892,1
2007-12-18,-8.446252960281383e-05,0.0,0.090505061492609,1
2007-12-19,-8.893434910747164e-05,0.0,0.0904006936755283,1
2007-12-20,-9.318588373188332e-05,0.0,0.0902960466759468,1
2007-12-21,-9.721710729761636e-05,0.0,0.0901911230831614,1
2007-12-22,-0.0001010279844854,0.0,0.0900859254864692,1
2007-12-23,-0.0001046184713129,0.0,0.0899804564751671,1
2007-12-24,-0.0001079885156203,0.0,0.089874718638552,1
2007-12-25,-0.0001111380575519,0.0,0.089768714565921,1
2007-12-26,-0.0001140670300383,0.0,0.0896624468465709,1
2007-12-27,-0.0001167753592784,0.0,0.0895559180697987,1
2007-12-28,-0.0001192629652241,0.0,0.0894491308249014,1
2007-12-29,-0.0001215297620616,0.0,0.0893420877011759,1
2007-12-30,-0.0001235756586989,0.0,0.0892347912879192,1
2007-12-31,-0.0001254005592458,0.0,0.0891272441744282,1
2008-01-01,-0.0001270043635015,0.0,0.08901944895,1
2008-01-02,-0.0001283869674416,0.0,0.0889114082039313,1
2008-01-03,-0.0001295482637022,0.0,0.0888031245255193,1
2008-01-04,-0.0001304881420671,0.0,0.0886946005040609,1
2008-01-05,-0.0001312064899577,0.0,0.088585838728853,1
2008-01-06,-0.0001317031929224,0.0,0.0884768417891925,1
2008-01-07,-0.0001319781351224,0.0,0.0883676122743765,1
2008-01-08,-0.0001320311998268,0.0,0.0882581527737019,1
2008-01-09,-0.0001316537939633,0.0,0.0881484658764656,1
2008-01-10,-0.0001300116786729,0.0,0.0880385541719646,1
2008-01-11,-0.0001268956722772,0.0,0.0879284202494959,1
2008-01-12,-0.0001223050488944,0.0,0.0878180666983564,1
2008-01-13,-0.0001162391392301,0.0,0.087707496107843,1
2008-01-14,-0.000108697352383,0.0,0.0875967110672528,1
2008-01-15,-9.967919766950496e-05,0.0,0.0874857141658827,1
2008-01-16,-8.918430647967803e-05,0.0,0.0873745079930296,1
2008-01-17,-7.721245413427152e-05,0.0,0.0872630951379904,1
2008-01-18,-6.376358174817447e-05,0.0,0.0871514781900623,1
2008-01-19,-4.883781808194388e-05,0.0,0.087039659738542,1
2008-01-20,-3.2435501361968404e-05,0.0,0.0869276423727266,1
2008-01-21,-1.4557201059654607e-05,0.0,0.086815428681913,1
2008-01-22,4.796260390240319e-06,0.0,0.0867030212553982,1
2008-01-23,2.562378595310793e-05,0.0,0.0865904226824791,1
2008-01-24,4.792398246323197e-05,0.0,0.0864776355524527,1
2008-01-25,7.16951392189562e-05,0.0,0.0863646624546159,1
2008-01-26,9.6935206727775e-05,0.0,0.0862515059782658,1
2008-01-27,0.000123641775633,0.0,0.0861381687126991,1
2008-01-28,0.000151812055845,0.0,0.086024653247213,1
2008-01-29,0.000181442855913,0.0,0.0859109621711044,1
2008-01-30,0.0002125305626658,0.0,0.0857970980736701,1
2008-01-31,0.0002450711211462,0.0,0.0856830635442073,1
2008-02-01,0.0002791942645556,0.0,0.0855688611720128,1
2008-02-02,0.0003154316559959,0.0,0.0854544935463836,1
2008-02-03,0.0003539109818112,0.0,0.0853399632566166,1
2008-02-04,0.000394624773101,0.0,0.0852252728920088,1
2008-02-05,0.0004375646791499,0.0,0.0851104250418571,1
2008-02-06,0.0004827214217846,0.0,0.0849954222954586,1
2008-02-07,0.0005300847508207,0.0,0.0848802672421102,1
2008-02-08,0.0005796434007182,0.0,0.0847649624711087,1
2008-02-09,0.0006313850485552,0.0,0.0846495105717513,1
2008-02-10,0.0006852962734472,0.0,0.0845339141333348,1
2008-02-11,0.0007413625175254,0.0,0.0844181757451562,1
2008-02-12,0.0007995680486053,0.0,0.0843022979965124,1
2008-02-13,0.0008598959246702,0.0,0.0841862834767004,1
2008-02-14,0.0009223279602925,0.0,0.0840701347750172,1
2008-02-15,0.0009868446951312,0.0,0.0839538544807597,1
2008-02-16,0.0010534253646173,0.0,0.0838374451832249,1
2008-02-17,0.0011220478729707,0.0,0.0837209094717097,1
2008-02-18,0.001192688768662,0.0,0.0836042499355111,1
2008-02-19,0.0012653232224484,0.0,0.083487469163926,1
2008-02-20,0.0013399250080988,0.0,0.0833705697462514,1
2008-02-21,0.0014164664859302,0.0,0.0832535542717843,1
2008-02-22,0.0014949185892594,0.0,0.0831364253298216,1
2008-02-23,0.0015752508138857,0.0,0.0830191855096602,1
2008-02-24,0.0016574312106945,0.0,0.0829018374005972,1
2008-02-25,0.001741426381482,0.0,0.0827843835919294,1
2008-02-26,0.0018272014780829,0.0,0.0826668266729539,1
2008-02-27,0.001914720204881,0.0,0.0825491692329675,1
2008-02-28,0.0019976783996367,0.0,0.0824314138612673,1
2008-02-29,0.0020510750052273,0.0,0.0823135631471503,1
2008-03-01,0.0020688970629605,0.0,0.0821956196799132,0
2008-03-02,0.002051433831856,0.0,0.0820775860488532,0
2008-03-03,0.0019989731752164,0.0,0.0819594648432671,0
2008-03-04,0.0019117892907081,0.0,0.081841258652452,0
2008-03-05,0.0017901307766223,0.0,0.0817229700657047,0
2008-03-06,0.0016342089937378,0.0,0.0816046016723223,0
2008-03-07,0.0014508364107947,0.0,0.0814861560616017,0
2008-03-08,0.0012666487444804,0.0,0.0813676358228398,0
2008-03-09,0.0010881850325099,0.0,0.0812490435453336,0
2008-03-10,0.0009153244845625,0.0,0.0811303818183801,0
2008-03-11,0.0007479562197795,0.0,0.0810116532312762,0
2008-03-12,0.0005859787483962,0.0,0.0808928603733188,0
2008-03-13,0.0004292994906911,0.0,0.080774005833805,0
2008-03-14,0.0002778343297411,0.0,0.0806550922020317,0
2008-03-15,0.0001315071947923,0.0,0.0805361220672958,0
2008-03-16,-9.750327686888888e-06,0.0,0.0804170980188943,0
2008-03-17,-0.0001459993579565,0.0,0.0802980226461242,0
2008-03-18,-0.0002772940644144,0.0,0.0801788985382824,0
2008-03-19,-0.0004036819847578,0.0,0.0800597282846658,0
2008-03-20,-0.0005252043289836,0.0,0.0799405144745715,0
2008-03-21,-0.0006418962661883,0.0,0.0798212596972963,0
2008-03-22,-0.000753787196969,0.0,0.0797019665421373,0
2008-03-23,-0.0008609010131306,0.0,0.0795826375983913,0
2008-03-24,-0.0009632563462538,0.0,0.0794632754553554,0
2008-03-25,-0.0010608668066288,0.0,0.0793438827023265,0
2008-03-26,-0.0011537412139265,0.0,0.0792244619286016,0
2008-03-27,-0.0012418838209183,0.0,0.0791050157234775,0
2008-03-28,-0.0013252945314894,0.0,0.0789855466762513,0
2008-03-29,-0.0014039691140999,0.0,0.07886605737622,0
2008-03-30,-0.0014778994118041,0.0,0.0787465504126804,0
2008-03-31,-0.0015470735498826,0.0,0.0786270283749296,0
2008-04-01,-0.0016114761420677,0.0,0.0785074938522644,0
2008-04-02,-0.0016710884963179,0.0,0.078387949433982,0
2008-04-03,-0.0017258888210289,0.0,0.0782683977093791,0
2008-04-04,-0.0017758524325314,0.0,0.0781488412677527,0
2008-04-05,-0.001820951964676,0.0,0.0780292826983999,0
2008-04-06,-0.0018605492256092,0.0,0.0779097245906176,0
2008-04-07,-0.0018921694744275,0.0,0.0777901695337026,0
2008-04-08,-0.0019151443558549,0.0,0.0776706201169521,0
2008-04-09,-0.0019294089642856,0.0,0.0775510789296629,0
2008-04-10,-0.0019348964531253,0.0,0.077431548561132,0
2008-04-11,-0.0019315387838427,0.0,0.0773120316006564,0
2008-04-12,-0.0019192674955429,0.0,0.0771925306375329,0
2008-04-13,-0.001898014495606,0.0,0.0770730482610587,0
2008-04-14,-0.0018677128715873,0.0,0.0769535870605305,0
2008-04-15,-0.0018282977241226,0.0,0.0768341496252454,0
2008-04-16,-0.001779707020204,0.0,0.0767147385445004,0
2008-04-17,-0.0017218824656974,0.0,0.0765953564075923,0
2008-04-18,-0.0016547703955415,0.0,0.0764760058038182,0
2008-04-19,-0.0015783226795384,0.0,0.076356689322475,0
2008-04-20,-0.0014924976411837,0.0,0.0762374095528596,0
2008-04-21,-0.0013972609864144,0.0,0.076118169084269,0
2008-04-22,-0.0012925867386726,0.0,0.0759989705060003,0
2008-04-23,-0.0011784581761126,0.0,0.0758798164073502,0
2008-04-24,-0.0010548687662777,0.0,0.0757607093776158,0
2008-04-25,-0.0009218230930299,0.0,0.0756416520060941,0
2008-04-26,-0.0007793377700451,0.0,0.0755226468820819,0
2008-04-27,-0.0006274423346695,0.0,0.0754036965948763,0
2008-04-28,-0.0004661801155378,0.0,0.0752848037337742,0
2008-04-29,-0.000295609066933,0.0,0.0751659708880725,0
2008-04-30,-0.0001158025625333,0.0,0.0750472006470683,0
2008-05-01,7.314985906877426e-05,0.0,0.0749284956000584,0
2008-05-02,0.0002711418048926,0.0,0.0748098583363399,0
2008-05-03,0.0004780494020565,0.0,0.0746912914452097,0
2008-05-04,0.0006937307441684,0.0,0.0745727975159647,0
2008-05-05,0.0009180254174445,0.0,0.0744543791379018,0
2008-05-06,0.0011507541141846,0.0,0.0743360389003182,0
2008-05-07,0.001386045161806,0.0,0.0742177793925106,0
2008-05-08,0.0016010614790773,0.0,0.0740996032037761,0
2008-05-09,0.0017901283258706,0.0,0.0739815129234117,0
2008-05-10,0.001953310326039,0.0,0.0738635111407142,0
2008-05-11,0.0020907168873541,0.0,0.0737456004449806,0
2008-05-12,0.0022024952067516,0.0,0.0736277834255079,0
2008-05-13,0.0022888233319199,0.0,0.0735100626715931,0
2008-05-14,0.002349903328573,0.0,0.0733924407725331,0
2008-05-15,0.0023859545920631,0.0,0.0732749203176248,0
2008-05-16,0.0023972073316394,0.0,0.0731575038961652,0
2008-05-17,0.0023838962457237,0.0,0.0730401940974513,0
2008-05-18,0.0023462543971694,0.0,0.07292299351078,0
2008-05-19,0.0022845072886371,0.0,0.0728059047254483,0
2008-05-20,0.0021988671299945,0.0,0.0726889303307532,0
2008-05-21,0.0020895272819604,0.0,0.0725720729159915,0
2008-05-22,0.0019611934355378,0.0,0.0724553350704602,0
2008-05-23,0.0018320856411835,0.0,0.0723387193834564,0
2008-05-24,0.0017066832433071,0.0,0.072222228444277,0
2008-05-25,0.0015849154162124,0.0,0.0721058648422188,0
2008-05-26,0.0014667159214557,0.0,0.0719896311665789,0
2008-05-27,0.0013520228838048,0.0,0.0718735300066543,0
2008-05-28,0.0012407785808153,0.0,0.0717575639517418,0
2008-05-29,0.0011329292449258,0.0,0.0716417355911385,0
2008-05-30,0.0010284248770416,0.0,0.0715260475141413,0
2008-05-31,0.0009272190706975,0.0,0.0714105023100471,0
2008-06-01,0.0008292688459116,0.0,0.0712951025681529,0
2008-06-02,0.0007345344919536,0.0,0.0711798508777557,0
2008-06-03,0.000642979418267,0.0,0.0710647498281524,0
2008-06-04,0.0005545700128837,0.0,0.07094980200864,0
2008-06-05,0.000469275507665,0.0,0.0708350100085154,0
2008-06-06,0.0003870678498054,0.0,0.0707203764170756,0
2008-06-07,0.0003079215790191,0.0,0.0706059038236175,0
2008-06-08,0.0002318137099224,0.0,0.0704915948174382,0
2008-06-09,0.0001587236191009,0.0,0.0703774519878345,0
2008-06-10,8.86329364382795e-05,0.0,0.0702634779241034,0
2008-06-11,2.152544026962688e-05,0.0,0.0701496752155419,0
2008-06-12,-4.261304403043136e-05,0.0,0.0700360464514469,0
2008-06-13,-0.0001037947423967,0.0,0.0699225942211154,0
2008-06-14,-0.0001620300277016,0.0,0.0698093211138443,0
2008-06-15,-0.0002173275129956,0.0,0.0696962297189306,0
2008-06-16,-0.0002696941426608,0.0,0.0695833226256713,0
2008-06-17,-0.0003191352817688,0.0,0.0694706024233632,0
2008-06-18,-0.0003656548039118,0.0,0.0693580717013034,0
2008-06-19,-0.0004092551777609,0.0,0.0692457330487889,0
2008-06-20,-0.0004499375525856,0.0,0.0691335890551165,0
2008-06-21,-0.0004877018429674,0.0,0.0690216423095832,0
2008-06-22,-0.0005225468129029,0.0,0.068909895401486,0
2008-06-23,-0.0005544701594982,0.0,0.0687983509201219,0
2008-06-24,-0.0005834685964371,0.0,0.0686870114547877,0
2008-06-25,-0.0006095379373787,0.0,0.0685758795947805,0
2008-06-26,-0.0006326731794546,0.0,0.0684649579293972,0
2008-06-27,-0.0006528685869863,0.0,0.0683542490479348,0
2008-06-28,-0.0006701177755709,0.0,0.0682437555396902,0
2008-06-29,-0.0006844137966308,0.0,0.0681334799939604,0
2008-06-30,-0.0006957492225385,0.0,0.0680234250000422,0
2008-07-01,-0.0007041162324052,0.0,0.0679135931472328,0
2008-07-02,-0.0007095066985958,0.0,0.0678039870248291,0
2008-07-03,-0.0007119122740434,0.0,0.0676946092221279,0
2008-07-04,-0.0007113244804018,0.0,0.0675854623284263,0
2008-07-05,-0.0007077347970687,0.0,0.0674765489330211,0
2008-07-06,-0.0007011347510985,0.0,0.0673678716252095,0
2008-07-07,-0.0006915160080022,0.0,0.0672594329942883,0
2008-07-08,-0.0006788704634297,0.0,0.0671512356295544,0
2008-07-09,-0.0006631903356952,0.0,0.067043282120305,0
2008-07-10,-0.0006444682591096,0.0,0.0669355750558367,0
2008-07-11,-0.0006226973780529,0.0,0.0668281170254468,0
2008-07-12,-0.0005978714417166,0.0,0.066720910618432,0
2008-07-13,-0.0005699848994109,0.0,0.0666139584240894,0
2008-07-14,-0.0005390329963384,0.0,0.0665072630317159,0
2008-07-15,-0.0005050118696969,0.0,0.0664008270306085,0
2008-07-16,-0.0004679186449739,0.0,0.0662946530100641,0
2008-07-17,-0.0004284551624584,0.0,0.0661887435593797,0
2008-07-18,-0.0003894375125202,0.0,0.0660831012678522,0
2008-07-19,-0.0003515751869031,0.0,0.0659777287247786,0
2008-07-20,-0.0003148742353319,0.0,0.0658726285194559,0
2008-07-21,-0.0002793402760669,0.0,0.065767803241181,0
2008-07-22,-0.0002449785071103,0.0,0.0656632554792508,0
2008-07-23,-0.0002117937177795,0.0,0.0655589878229624,0
2008-07-24,-0.0001797903006456,0.0,0.0654550028616127,0
2008-07-25,-0.0001489722637949,0.0,0.0653513031844985,0
2008-07-26,-0.0001193432433977,0.0,0.065247891380917,0
2008-07-27,-9.090651655929012e-05,0.0,0.065144770040165,0
2008-07-28,-6.366501442789767e-05,0.0,0.0650419417515395,0
2008-07-29,-3.762133553595837e-05,0.0,0.0649394091043375,0
2008-07-30,-1.2777759356229172e-05,0.0,0.0648371746878558,0
2008-07-31,1.0863739949344818e-05,0.0,0.0647352410913915,0
2008-08-01,3.330147961435193e-05,0.0,0.0646336109042416,0
2008-08-02,5.453405419659416e-05,0.0,0.0645322867157029,0
2008-08-03,7.456032137472691e-05,0.0,0.0644312711150725,0
2008-08-04,9.337938763684564e-05,0.0,0.0643305666916473,0
2008-08-05,0.0001109905938663,0.0,0.0642301760347242,0
2008-08-06,0.0001273935008438,0.0,0.0641301017336002,0
2008-08-07,0.0001425878746956,-0.0007301935337216,0.0640303463775723,0
2008-08-08,0.00015657367228,0.0007301935337216,0.0639309125559374,0
2008-08-09,0.0001693510265381,-0.0002433386068705,0.0638318028579924,0
2008-08-10,0.000180920231827,-0.0002433978349608,0.0637330198730344,0
2008-08-11,0.000191281729227,-0.0002434570918902,0.0636345661903603,0
2008-08-12,0.0002004360918588,0.0007301935337216,0.063536444399267,0
2008-08-13,0.0002083840101941,-0.0007301935337216,0.0634386570890515,0
2008-08-14,0.0002151262773904,0.0,0.0633412068490107,0
2008-08-15,0.0002206637746444,0.0,0.0632440962684417,0
2008-08-16,0.000224997456573,0.0002434570918902,0.0631473279366413,0
2008-08-17,0.0002281283366273,0.0002433978349609,0.0630509044429065,0
2008-08-18,0.0002300574725504,0.0002433386068704,0.0629548283765344,0
2008-08-19,0.0002052365554256,-0.0007301935337216,0.0628591023268217,0
2008-08-20,5.149790123297719e-05,0.0,0.0627637288830655,0
2008-08-21,-0.0002567344566584,0.0,0.0626687106345628,0
2008-08-22,-0.000685831443678,0.0,0.0625740501706105,0
2008-08-23,-0.0011004253464452,0.0,0.0624797500805055,0
2008-08-24,-0.0014668903088097,0.0,0.0623858129535449,0
2008-08-25,-0.0017853813531903,0.0,0.0622922413790255,0
2008-08-26,-0.0020558880741983,-0.0014619885644994,0.0621990379462443,0
2008-08-27,-0.0022782571678065,0.0014619885644994,0.0621062052444983,0
2008-08-28,-0.0024522146450503,0.0,0.0620137458630845,0
2008-08-29,-0.0025773880822997,-0.0014619885644994,0.0619216623912997,0
2008-08-30,-0.0026533292034164,0.0004875670501268,0.061829957418441,0
2008-08-31,-0.0026795370329246,0.0004873294443427,0.0617386335338053,0
2008-09-01,-0.002655481801579,0.0004870920700299,0.0616476933266895,0
2008-09-02,-0.0025806297246868,-0.0014619885644994,0.0615571393863907,0
2008-09-03,-0.002454468708064,0.002192182098221,0.0614669743022057,0
2008-09-04,-0.0022765349656795,0.0,0.0613772006634315,0
2008-09-05,-0.002046440456751,0.0,0.0612878210593652,0
2008-09-06,-0.0017747781762205,-0.0009737099114013,0.0611988380793036,0
2008-09-07,-0.0015050327792178,-0.0009746589465531,0.0611102543125436,0
2008-09-08,-0.0012483473922315,-0.0009756098334808,0.0610220723483824,0
2008-09-09,-0.0010049953844617,0.0021937851577136,0.0609342947761167,0
2008-09-10,-0.0007752170320169,-0.0021937851577135,0.0608469241850436,0
2008-09-11,-0.0005592206650958,0.0,0.06075996316446,0
2008-09-12,-0.000357184000588,-0.0021986084342026,0.0606734143036629,0
2008-09-13,-0.0001692556391328,-0.0002445884811019,0.0605872801919492,0
2008-09-14,4.443294323576302e-06,-0.0002446483192632,0.0605015634186159,0
2008-09-15,0.0001638173871532,-0.0002447081867099,0.06041626657296,0
2008-09-16,0.0003087950728802,0.0,0.0603313922442783,0
2008-09-17,0.0004393266813594,0.0051263385789913,0.0602469430218679,0
2008-09-18,0.0005553824233032,0.0,0.0601629214950257,0
2008-09-19,0.0006569503258322,0.0,0.0600793302530487,0
2008-09-20,0.000744034134246,-0.000730727105953,0.0599961718852338,0
2008-09-21,0.0008166511936163,-0.0007312614585463,0.059913448980878,0
2008-09-22,0.0008748303221237,-0.0007317965932141,0.0598311641292782,0
2008-09-23,0.000918609686332,0.0021937851577136,0.0597493199197314,0
2008-09-24,0.0009480346868366,-0.0021937851577135,0.0596679189415345,0
2008-09-25,0.0009631558609577,0.0,0.0595869637839846,0
2008-09-26,0.0009640986313427,0.0,0.0595064570363785,0
2008-09-27,0.0009512043575397,0.0007317965932141,0.0594264012880133,0
2008-09-28,0.0009245970135085,0.0007312614585463,0.0593467991281858,0
2008-09-29,0.0008843257812987,0.0007307271059531,0.059267653146193,0
2008-09-30,0.0008304351595677,0.0,0.0591889659313319,0
2008-10-01,0.0007629631301921,0.0,0.0591107400728994,0
2008-10-02,0.0006819393411121,0.0,0.0590329781601926,0
2008-10-03,0.0005873832997443,-0.0021937851577135,0.0589556827825083,0
2008-10-04,0.0004793025699393,0.0007317965932141,0.0588788565291435,0
2008-10-05,0.0003576909641409,0.0007312614585463,0.0588025019893951,0
2008-10-06,0.0002225267210368,0.0007307271059531,0.0587266217525602,0
2008-10-07,7.377065761560992e-05,-0.0021937851577135,0.0586512184079357,0
2008-10-08,-8.863571691162134e-05,0.0029239786914352,0.0585762945448185,0
2008-10-09,-0.0002647721394112,0.0,0.0585018527525055,0
2008-10-10,-0.0004547415990645,0.0,0.0584278956202939,0
2008-10-11,-0.0006586724290915,0.0,0.0583544257374804,0
2008-10-12,-0.0008767205034931,0.0,0.058281445693362,0
2008-10-13,-0.0011090715605633,0.0,0.0582089580772358,0
2008-10-14,-0.001355943677491,0.0007296607401436,0.0581369654783987,0
2008-10-15,-0.0016175899232106,-0.0014598542738654,0.0580654704861475,0
2008-10-16,-0.0018943012199778,0.0,0.0579944756897794,0
2008-10-17,-0.0021864094479868,0.0,0.0579239836785912,0
2008-10-18,-0.0024942908317388,0.0,0.0578539970418799,0
2008-10-19,-0.0028183696520633,0.0,0.0577845183689424,0
2008-10-20,-0.0031591223337228,0.0,0.0577155502490757,0
2008-10-21,-0.0035170819656194,0.0007301935337216,0.0576470952715768,0
2008-10-22,-0.0038928433189838,-0.0073260400920728,0.0575791560257426,0
2008-10-23,-0.0042870684387853,0.0073260400920728,0.05751173510087,0
2008-10-24,-0.0047004928952926,0.0,0.0574448350862561,0
2008-10-25,-0.0051339327966219,0.0,0.0573784585711978,0
2008-10-26,-0.0055676155855243,0.0,0.057312608144992,0
2008-10-27,-0.0059188406538149,0.0,0.0572472863969357,0
2008-10-28,-0.0061650755947366,0.0014587894636598,0.0571824959163259,0
2008-10-29,-0.0063038944387092,-0.000729128723516,0.0571182392924595,0
2008-10-30,-0.006332624036252,-0.0102640197274452,0.0570545191146334,0
2008-10-31,-0.0062484563816711,-0.0029520316640808,0.0569913379721446,0
2008-11-01,-0.0060485712660531,0.0034431908095149,0.0569286984542902,1
2008-11-02,-0.0057302699724275,0.0034313759158644,0.0568666031503669,1
2008-11-03,-0.0052911199155598,0.003419641827782,0.0568050546496719,1
2008-11-04,-0.0047291091682146,-0.0029304050274167,0.056744055541502,1
2008-11-05,-0.0040674623540491,-0.0036751235778911,0.0566836084151541,1
2008-11-06,-0.0034047700517558,0.0,0.0566237158599254,1
2008-11-07,-0.0027672052176543,0.0,0.0565643804651126,1
2008-11-08,-0.0021563434563399,0.0002454288882119,0.0565056048200128,1
2008-11-09,-0.0015735962983628,0.0002453686676524,0.056447391513923,1
2008-11-10,-0.0010202091969926,0.0002453084766379,0.05638974313614,1
2008-11-11,-0.000497261856164,-0.0007361060325022,0.0563326622759608,1
2008-11-12,-5.670730631603578e-06,0.0,0.0562761515226825,1
2008-11-13,0.0004538064949698,0.0109850976493295,0.0562202134656018,1
2008-11-14,0.0008805646668224,-0.0087784031165051,0.0561648506940159,1
2008-11-15,0.0012741433973994,0.002934704967594,0.0561100657972217,1
2008-11-16,0.0016342180186202,0.0029261176693887,0.056055861364516,1
2008-11-17,0.0019605894956969,0.0029175804795222,0.056002239985196,1
2008-11-18,0.0022531735379379,0.0,0.0559492042485584,1
2008-11-19,0.0025119891303369,-0.0109850976493295,0.0558967567439004,1
2008-11-20,0.002737146692738,0.002941178590816,0.0558449000605188,1
2008-11-21,0.002928836052865,0.0,0.0557936367877105,1
2008-11-22,0.0030873143967114,0.0002447081867099,0.0557429695147727,1
2008-11-23,0.0032128943355975,0.0002446483192633,0.0556929008310021,1
2008-11-24,0.0033059322045359,0.0002445884811019,0.0556434333256958,1
2008-11-25,0.0033668166821388,0.0002934272321522,0.0555945695881507,1
2008-11-26,0.0033959577986783,0.0004399794747226,0.0555463122076638,1
2008-11-27,0.0033937763765597,0.0,0.055498663773532,1
2008-11-28,0.0033606939266108,0.0,0.0554516268750523,1
2008-11-29,0.0032971230044518,0.0026845653706689,0.0554052041015217,1
2008-11-30,0.0032034580137811,0.0026773777707161,0.055359398042237,1
2008-12-01,0.003080066427663,0.0026702285558788,0.0553142112864953,1
2008-12-02,0.0029272803847263,0.001453488627983,0.0552696464235935,1
2008-12-03,0.0027453886042883,-0.0036376904428243,0.0552257060428286,1
2008-12-04,0.0025346285526694,-0.0014587894636598,0.0551823927334975,1
2008-12-05,0.0022951787819349,-0.0051225871256378,0.0551397090848972,1
2008-12-06,0.0020271513517177,0.000244528672205,0.0550976576863246,1
2008-12-07,0.0017305842341919,0.0002444688925511,0.0550562411270767,1
2008-12-08,0.0014054335913347,0.0002444091421184,0.0550154619964504,1
2008-12-09,0.001051565801721,0.0,0.0549753228837428,1
2008-12-10,0.0006687491008609,0.0,0.0549358263782507,1
2008-12-11,0.0002566446837873,0.0,0.0548969750692711,1
2008-12-12,-0.0001852028994077,-0.0036724242522636,0.054858771546101,1
2008-12-13,-0.000657376245926,-0.0002453084766379,0.0548212183980373,1
2008-12-14,-0.0011605967174032,-0.0002453686676523,0.0547843182143771,1
2008-12-15,-0.0016957374204641,-0.0002454288882119,0.0547480735844171,1
2008-12-16,-0.0022638378382379,-0.0029498546464211,0.0547124870974544,1
2008-12-17,-0.0028661204481535,0.0117475653499502,0.054677561342786,1
2008-12-18,-0.0035040097204308,-0.0029239786914353,0.0546432989097088,1
2008-12-19,-0.0041791539647567,-0.0007323325116752,0.0546097023875198,1
2008-12-20,-0.00489345058357,0.0,0.0545767743655158,1
2008-12-21,-0.0056490754037651,0.0,0.054544517432994,1
2008-12-22,-0.006433460479133,0.0,0.0545129341792512,1
2008-12-23,-0.0071883459442892,0.0,0.0544820271935843,1
2008-12-24,-0.007899156228266,0.0007323325116752,0.0544517990652904,1
2008-12-25,-0.0085658399005826,0.0,0.0544222523836664,1
2008-12-26,-0.0091880071982714,0.0,0.0543933897380093,1
2008-12-27,-0.0097649407851421,-0.0024431969153047,0.054365213717616,1
2008-12-28,-0.0102956048740551,-0.0024491807491396,0.0543377269117834,1
2008-12-29,-0.0107786534265526,-0.0024551939659499,0.0543109319098086,1
2008-12-30,-0.0112124381531865,0.0153680302283139,0.0542848313009884,1
2008-12-31,-0.0115950170639681,0.0007259528449491,0.0542594276746199,1
2009-01-01,-0.0119241643581279,0.0,0.05423472362,1
2009-01-02,-0.0121973824919062,-0.0131484728435063,0.0542107210717152,1
2009-01-03,-0.0124119173178171,0.0012247398958958,0.0541874193455111,1
2009-01-04,-0.0125647772430878,0.0012232417427442,0.0541648171024227,1
2009-01-05,-0.0126527574016497,0.0012217472503222,0.054142913003485,1
2009-01-06,-0.0126724698646706,0.0087527911095947,0.054121705709733,1
2009-01-07,-0.0126203809186059,-0.012422519998557,0.0541011938822019,1
2009-01-08,-0.0124928564050606,-0.0073801072976225,0.0540813761819266,1
2009-01-09,-0.0122862160296749,0.0,0.0540622512699423,1
2009-01-10,-0.0119967973929607,0.0024660924951934,0.054043817807284,1
2009-01-11,-0.0116210302597764,0.0024600258408621,0.0540260744549867,1
2009-01-12,-0.0111555212523164,0.0024539889615667,0.0540090198740855,1
2009-01-13,-0.0105971487136753,0.0044020614006376,0.0539926527256155,1
2009-01-14,-0.0099431669405647,0.0,0.0539769716706117,1
2009-01-15,-0.009191318328084,0.0,0.0539619753701092,1
2009-01-16,-0.0083399512217016,-0.0007323325116752,0.053947662485143,1
2009-01-17,-0.0073881404608393,-0.0004885197947667,0.0539340316767481,1
2009-01-18,-0.0063358067698733,-0.0004887585630044,0.0539210816059598,1
2009-01-19,-0.0051838303677731,-0.0004889975647562,0.0539088109338129,1
2009-01-20,-0.0039341535035952,0.0,0.0538972183213426,1
2009-01-21,-0.0025898661687917,-0.0036751235778911,0.0538863024295838,1
2009-01-22,-0.0011552690785904,0.0044085302847659,0.0538760619195718,1
2009-01-23,0.0003640917642837,0.0,0.0538664954523414,1
2009-01-24,0.0019614239480636,0.0,0.0538576016889279,1
2009-01-25,0.0036287248660333,0.0,0.0538493792903661,1
2009-01-26,0.005356857577683,0.0,0.0538418269176913,1
2009-01-27,0.0071356666663955,0.0014652017273279,0.0538349432319383,1
2009-01-28,0.0089541322258149,0.0,0.0538287268941424,1
2009-01-29,0.0108005578053775,0.0,0.0538231765653386,1
2009-01-30,0.0126627859603203,0.0051113656372358,0.0538182909065618,1
2009-01-31,0.0145284331908057,-0.0002428068483459,0.0538140685788472,1
2009-02-01,0.0163851347063198,-0.0002428658178302,0.0538105082432298,1
2009-02-02,0.0182207887569264,-0.0002429248159645,0.0538076085607447,1
2009-02-03,0.0200237903067399,-0.0051151006667703,0.053805368192427,1
2009-02-04,0.0217832445836339,0.0007323325116752,0.0538037857993116,1
2009-02-05,0.0234891524413079,0.0,0.0538028600424337,1
2009-02-06,0.0251325613688793,0.0029239786914352,0.0538025895828282,1
2009-02-07,0.0267056781881591,0.0007296607401436,0.0538029730815304,1
2009-02-08,0.0282019417815862,0.0007291287235162,0.0538040091995751,1
2009-02-09,0.0296160563952129,0.0007285974821405,0.0538056965979975,1
2009-02-10,0.0309439879939751,0.0,0.0538080339378326,1
2009-02-11,0.0321829276907542,-0.0080439190585135,0.0538110198801155,1
2009-02-12,0.0327898228229909,0.0029325534212777,0.0538146530858812,1
2009-02-13,0.0312554136006392,0.0,0.0538189322161648,1
2009-02-14,0.0293382144053701,0.0017066930876836,0.0538238559320014,1
2009-02-15,0.0275700411350839,0.0017037852484724,0.053829422894426,1
2009-02-16,0.0259334708066734,0.0017008873010799,0.0538356317644736,1
2009-02-17,0.0244136868988483,0.0,0.0538424812031794,1
2009-02-18,0.0229980096111346,-0.0021873869458005,0.0538499698715783,1
2009-02-19,0.0216755242084299,-0.0029239786914353,0.0538580964307054,1
2009-02-20,0.0204367843595782,-0.0014652017273278,0.0538668595415958,1
2009-02-21,0.0192735733897331,0.0021969983205421,0.0538762578652846,1
2009-02-22,0.0181787106725186,0.0021921820982208,0.0538862900628067,1
2009-02-23,0.0171458935099902,0.0021873869458004,0.0538969547951973,1
2009-02-24,0.016169567137443,-0.0051113656372357,0.0539082507234914,1
2009-02-25,0.015244817185946,0.0051113656372358,0.053920176508724,1
2009-02-26,0.0143672802042218,-0.0095134270378734,0.0539327308119303,1
2009-02-27,0.0135330687993168,0.0044020614006376,0.0539459122941452,1
2009-02-28,0.0127387086849435,0.0017066930876836,0.0539597196164039,1
2009-03-01,0.0119810854862829,0.0017037852484724,0.0539741514397413,0
2009-03-02,0.0112573995831356,0.0017008873010799,0.0539892064251926,0
2009-03-03,0.0105651276107434,-0.0095134270378734,0.0540048832337928,0
2009-03-04,0.0099019895022385,0.0044020614006376,0.0540211805265769,0
2009-03-05,0.0092659201656238,0.0051113656372358,0.05403809696458,0
2009-03-06,0.0086550450541022,-0.0051113656372357,0.0540556312088372,0
2009-03-07,0.0080676590211383,-0.0009765625776101,0.0540737819203835,0
2009-03-08,0.0075022079581155,-0.0009775171843875,0.054092547760254,0
2009-03-09,0.0069572727983979,-0.00097847365928,0.0541119273894837,0
2009-03-10,0.0064315555414042,0.0,0.0541319194691077,0
2009-03-11,0.0059238670071631,0.0080439190585135,0.0541525226601611,0
2009-03-12,0.0054331160784128,-0.0051113656372357,0.0541737356236788,0
2009-03-13,0.004958300225649,0.0051113656372358,0.054195557020696,0
2009-03-14,0.0044984971421792,-0.0026741233876319,0.0542179855122477,0
2009-03-15,0.0040528573425099,-0.0026812935015777,0.0542410197593689,0
2009-03-16,0.003620597599236,-0.0026885021693038,0.0542646584230948,0
2009-03-17,0.0032009951119164,0.0094995233912141,0.0542889001644604,0
2009-03-18,0.0027933823166874,-0.009499523391214,0.0543137436445006,0
2009-03-19,0.002397142258296,0.0029325534212777,0.0543391875242507,0
2009-03-20,0.0020117044571076,0.0,0.0543652304647456,0
2009-03-21,0.0016365412128492,0.0,0.0543918711270204,0
2009-03-22,0.0012711642946899,0.0,0.0544191081721102,0
2009-03-23,0.0009151219739247,0.0,0.05444694026105,0
2009-03-24,0.0005679963612156,0.0065669699699363,0.0544753660548748,0
2009-03-25,0.0002294010152397,0.0,0.0545043842146198,0
2009-03-26,-0.0001010212062364,0.0,0.0545339934013199,0
2009-03-27,-0.0004236000782146,-0.009499523391214,0.0545641922760103,0
2009-03-28,-0.0007386397455095,0.0009784736592799,0.0545949794997259,0
2009-03-29,-0.0010464202845498,0.0009775171843875,0.0546263537335019,0
2009-03-30,-0.001347199107168,0.0009765625776101,0.0546583136383733,0
2009-03-31,-0.0016412122215796,0.0065669699699363,0.0546908578753752,0
2009-04-01,-0.0019286753640267,-0.0065669699699363,0.0547239851055426,0
2009-04-02,-0.0022097850129853,0.0065669699699363,0.0547576939899105,0
2009-04-03,-0.0024847192965421,-0.0065669699699363,0.0547919831895141,0
2009-04-04,-0.0027536388023516,-0.0002440512519739,0.0548268513653883,0
2009-04-05,-0.0030166872985902,-0.0002441108275273,0.0548622971785683,0
2009-04-06,-0.0032739923734254,-0.0002441704321739,0.054898319290089,0
2009-04-07,-0.0035256659997479,0.0,0.0549349163609857,0
2009-04-08,-0.0037718050312415,0.0007323325116752,0.0549720870522932,0
2009-04-09,-0.0040124916352824,-0.0007323325116752,0.0550098300250466,0
2009-04-10,-0.0042477936676482,0.0036563112031104,0.0550481439402811,0
2009-04-11,-0.004477764993583,-0.0009737099114013,0.0550870274590317,0
2009-04-12,-0.0047024457593996,-0.0009746589465531,0.0551264792423334,0
2009-04-13,-0.0049218626184633,-0.0009756098334808,0.0551664979512213,0
2009-04-14,-0.005136028915168,0.010196738020515,0.0552070822467304,0
2009-04-15,-0.0053449448302695,-0.0036297680505787,0.0552482307898958,0
2009-04-16,-0.0055485974908013,-0.0072993024816116,0.0552899422417525,0
2009-04-17,-0.005746961047646,0.0,0.0553322152633357,0
2009-04-18,-0.0059399967237586,0.0,0.0553750485156803,0
2009-04-19,-0.006127652835998,0.0,0.0554184406598214,0
2009-04-20,-0.0063098647934848,0.0,0.0554623903567941,0
2009-04-21,-0.0064865550754582,0.0072993024816115,0.0555068962676334,0
2009-04-22,-0.0066576331916364,-0.0072993024816116,0.0555519570533744,0
2009-04-23,-0.0068229956281927,0.0072993024816115,0.0555975713750522,0
2009-04-24,-0.0069825257825797,0.0,0.0556437378937017,0
2009-04-25,-0.0071360938905963,0.0,0.0556904552703581,0
2009-04-26,-0.0072835569492779,0.0,0.0557377221660564,0
2009-04-27,-0.0074247586394253,0.0,0.0557855372418317,0
2009-04-28,-0.0075595292518366,0.0,0.055833899158719,0
2009-04-29,-0.0076876856215997,0.0,0.0558828065777533,0
2009-04-30,-0.007809031075111,0.0,0.0559322581599698,0
2009-05-01,-0.0079233553948549,0.0,0.0559822525664035,0
2009-05-02,-0.0080304348073195,0.0,0.0560327884580894,0
2009-05-03,-0.0081300319998573,0.0,0.0560838644960626,0
2009-05-04,-0.0082218961726878,0.0,0.0561354793413582,0
2009-05-05,-0.0083057631326981,-0.0007275373183769,0.0561876316550111,0
2009-05-06,-0.0083813554361239,0.0007275373183769,0.0562403200980566,0
2009-05-07,-0.0084483825876631,0.0,0.0562935433315295,0
2009-05-08,-0.0085065413040107,0.0,0.0563473000164651,0
2009-05-09,-0.0085555158502511,0.0,0.0564015888138982,0
2009-05-10,-0.0085949784579477,0.0,0.0564564083848641,0
2009-05-11,-0.0086245898341666,0.0,0.0565117573903977,0
2009-05-12,-0.0086439997709833,0.0,0.0565676344915341,0
2009-05-13,-0.0086528478653089,0.0,0.0566240383493084,0
2009-05-14,-0.0086507643590247,0.0,0.0566809676247555,0
2009-05-15,-0.0086373711095305,0.0,0.0567384209789107,0
2009-05-16,-0.0086122827007217,0.0,0.0567963970728088,0
2009-05-17,-0.0085751077042434,0.0,0.0568548945674851,0
2009-05-18,-0.0085254501004687,0.0,0.0569139121239744,0
2009-05-19,-0.0084629108680864,0.0,0.056973448403312,0
2009-05-20,-0.0083870897503599,0.0,0.0570335020665328,0
2009-05-21,-0.0082975872050511,0.0,0.0570940717746719,0
2009-05-22,-0.0081940065436395,0.0,0.0571551561887643,0
2009-05-23,-0.0080759562638159,0.0,0.0572167539698452,0
2009-05-24,-0.00794305257719,0.0,0.0572788637789496,0
2009-05-25,-0.007794922131821,0.0,0.0573414842771124,0
2009-05-26,-0.0076312049264441,-0.0021842018148412,0.0574046141253689,0
2009-05-27,-0.0074515574101475,0.0014566644964641,0.057468251984754,0
2009-05-28,-0.0072556557578132,0.0007275373183769,0.0575323965163027,0
2009-05-29,-0.00704319930778,0.0,0.0575970463810503,0
2009-05-30,-0.0068139141440457,4.848367313246695e-05,0.0576622002400316,0
2009-05-31,-0.0065675568008717,4.848132258010211e-05,0.0577278567542818,0
2009-06-01,-0.0063039180629825,4.847897225531643e-05,0.0577940145848359,0
2009-06-02,-0.00602282682971,-0.0001454439679678,0.057860672392729,0
2009-06-03,-0.0057241540065422,0.0,0.0579278288389961,0
2009-06-04,-0.0054081279097031,-0.0007275373183769,0.0579954825846723,0
2009-06-05,-0.0050759738175235,0.0,0.0580636322907926,0
2009-06-06,-0.0047280552709454,0.0002425712564957,0.0581322766183921,0
2009-06-07,-0.0043644781559873,0.0002425124299504,0.0582014142285059,0
2009-06-08,-0.0039854012963363,0.0002424536319308,0.0582710437821689,0
2009-06-09,-0.003591038707454,-0.0021842018148412,0.0583411639404164,0
2009-06-10,-0.003181661543459,0.0,0.0584117733642832,0
2009-06-11,-0.0027575996902873,0.0021842018148412,0.0584828707148046,0
2009-06-12,-0.002319242960115,-0.003642991278501,0.0585544546530154,0
2009-06-13,-0.0018670418445796,0.0007296607401436,0.0586265238399509,0
2009-06-14,-0.0014015077879815,0.0007291287235162,0.0586990769366459,0
2009-06-15,-0.0009232129464365,0.0007285974821405,0.0587721126041357,0
2009-06-16,-0.0004327894048259,0.0014556043327005,0.0588456295034552,0
2009-06-17,6.907216966065473e-05,0.0,0.0589196262956396,0
2009-06-18,0.0005816244507004,0.0,0.0589941016417238,0
2009-06-19,0.0011040659573219,0.0,0.0590690542027429,0
2009-06-20,0.0016355441348892,0.0,0.059144482639732,0
2009-06-21,0.0021751589979834,0.0,0.0592203856137261,0
2009-06-22,0.0027219673104987,0.0,0.0592967617857603,0
2009-06-23,0.0032581230280866,0.0,0.0593736098168697,0
2009-06-24,0.0037156622224538,0.0,0.0594509283680893,0
2009-06-25,0.0040782777637666,0.0,0.0595287161004541,0
2009-06-26,0.0043470047483952,0.0,0.0596069716749992,0
2009-06-27,0.004523159940323,0.0,0.0596856937527597,0
2009-06-28,0.0046082495185349,0.0,0.0597648809947706,0
2009-06-29,0.0046038809336463,0.0,0.059844532062067,0
2009-06-30,0.0045116795582251,0.0,0.0599246456156839,0
2009-07-01,0.0043332103517843,-0.0021842018148412,0.0600052203166564,0
2009-07-02,0.0040853846028602,0.0014566644964641,0.0600862548260196,0
2009-07-03,0.0038308843374101,0.0008729812863449,0.0601677478048084,0
2009-07-04,0.0035850108888708,0.0,0.060249697914058,0
2009-07-05,0.0033474770550793,0.0,0.0603321038148034,0
2009-07-06,0.0031180166593053,0.0,0.0604149641680797,0
2009-07-07,0.0028963831223334,-0.0001454439679678,0.060498277634922,0
2009-07-08,0.0026823481571086,0.0,0.0605820428763651,0
2009-07-09,0.0024757005734527,0.0,0.0606662585534444,0
2009-07-10,0.0022762451817479,0.0,0.0607509233271947,0
2009-07-11,0.0020838017856625,0.0,0.0608360358586512,0
2009-07-12,0.0018982042550521,0.0,0.0609215948088488,0
2009-07-13,0.0017192996710753,0.0,0.0610075988388228,0
2009-07-14,0.0015469475363951,0.0,0.061094046609608,0
2009-07-15,0.0013810190440276,0.0,0.0611809367822396,0
2009-07-16,0.0012213963990332,0.0,0.0612682680177527,0
2009-07-17,0.0010679721878222,0.0,0.0613560389771822,0
2009-07-18,0.0009206487903032,0.001211387186297,0.0614442483215632,0
2009-07-19,0.0007793378305723,0.0012099215027133,0.0615328947119309,0
2009-07-20,0.0006439596622098,0.0012084593615683,0.0616219768093202,0
2009-07-21,0.0005144428845991,-0.0036297680505787,0.0617114932747662,0
2009-07-22,0.000390723887001,-0.0021842018148412,0.061801442769304,0
2009-07-23,0.0002727464173714,0.0021842018148412,0.0618918239539686,0
2009-07-24,0.0001604611731769,0.0,0.061982635489795,0
2009-07-25,5.3825411676190215e-05,-0.0009701674299639,0.0620738760378184,0
2009-07-26,-4.71974226823184e-05,-0.0009711095689127,0.0621655442590738,0
2009-07-27,-0.0001426380558717,-0.0009720535394805,0.0622576388145962,0
2009-07-28,-0.0002325217289329,0.0029133305383573,0.0623501583654207,0
2009-07-29,-0.0003168685314621,0.0,0.0624431015725823,0
2009-07-30,-0.0003956937256749,0.0,0.0625364670971162,0
2009-07-31,-0.0004690080626035,0.0,0.0626302536000573,0
2009-08-01,-0.0005368180919045,0.0,0.0627244597424408,0
2009-08-02,-0.0005991264666187,0.0,0.0628190841853016,0
2009-08-03,-0.0006559322441437,0.0,0.0629141255896749,0
2009-08-04,-0.000707231184554,0.0043541433086204,0.0630095826165956,0
2009-08-05,-0.0007530160473514,-0.0043541433086203,0.0631054539270989,0
2009-08-06,-0.0007932768875774,0.0,0.0632017381822197,0
2009-08-07,-0.0008280013521986,-0.0014556043327005,0.0632984340429933,0
2009-08-08,-0.0008571749775255,-0.0007285974821404,0.0633955401704545,0
2009-08-09,-0.0008807814883796,-0.0007291287235162,0.0634930552256385,0
2009-08-10,-0.0008988030996162,-0.0007296607401437,0.0635909778695803,0
2009-08-11,-0.0009112208205263,0.003642991278501,0.063689306763315,0
2009-08-12,-0.000918014762548,0.0,0.0637880405678777,0
2009-08-13,-0.0009191644506346,0.0,0.0638871779443033,0
2009-08-14,-0.0009146491385131,-0.003642991278501,0.063986717553627,0
2009-08-15,-0.0009044481279986,0.0012158056208897,0.0640866580568837,0
2009-08-16,-0.0008885410923993,0.0012143292324019,0.0641869981151086,0
2009-08-17,-0.0008669084039711,0.0012128564252092,0.0642877363893368,0
2009-08-18,-0.0008395314652569,0.0043541433086204,0.0643888715406032,0
2009-08-19,-0.0008063930440532,-0.0079971345871215,0.0644904022299429,0
2009-08-20,-0.0007674776116205,0.003642991278501,0.064592327118391,0
2009-08-21,-0.0007227716836603,0.0,0.0646946448669825,0
2009-08-22,-0.0006722641634508,0.0,0.0647973541367526,0
2009-08-23,-0.0006159466864229,0.0,0.0649004535887361,0
2009-08-24,-0.0005538139653576,0.0,0.0650039418839683,0
2009-08-25,-0.0004858641352366,0.0,0.0651078176834841,0
2009-08-26,-0.0004120990966993,0.0,0.0652120796483187,0
2009-08-27,-0.0003325248569242,-0.003642991278501,0.065316726439507,0
2009-08-28,-0.0002471518666481,0.0,0.0654217567180841,0
2009-08-29,-0.00015599535193,0.0,0.0655271691450851,0
2009-08-30,-5.907563917330058e-05,0.0,0.0656329623815451,0
2009-08-31,4.358152818224487e-05,0.0,0.0657391350884991,0
2009-09-01,0.000151944682971,0.003642991278501,0.065845685926982,0
2009-09-02,0.0002659763393587,0.0,0.0659526135580292,0
2009-09-03,0.0003856327114495,0.0043541433086204,0.0660599166426754,0
2009-09-04,0.0005108634473187,-0.0043541433086203,0.0661675938419559,0
2009-09-05,0.0006416113803519,0.0,0.0662756438169056,0
2009-09-06,0.0007778122998244,0.0,0.0663840652285597,0
2009-09-07,0.0009193947426369,0.0,0.0664928567379532,0
2009-09-08,0.0010638674910474,-0.003642991278501,0.0666020170061211,0
2009-09-09,0.001201518114417,0.003642991278501,0.0667115446940985,0
2009-09-10,0.0013299134233998,0.0,0.0668214384629204,0
2009-09-11,0.0014490495153588,0.0,0.066931696973622,0
2009-09-12,0.0015589337881725,0.0,0.0670423188872382,0
2009-09-13,0.0016595840461379,0.0,0.0671533028648041,0
2009-09-14,0.0017510275976159,0.0,0.0672646475673548,0
2009-09-15,0.0018333003496367,-0.0029133305383573,0.0673763516559253,0
2009-09-16,0.0019064459042044,0.0029133305383573,0.0674884137915508,0
2009-09-17,0.0019705146605281,0.0,0.0676008326352661,0
2009-09-18,0.0020255629268988,0.0,0.0677136068481065,0
2009-09-19,0.0020716520454268,0.0,0.0678267350911069,0
2009-09-20,0.0021088475323518,0.0,0.0679402160253024,0
2009-09-21,0.0021372182361579,0.0,0.0680540483117281,0
2009-09-22,0.0021568355152496,0.0,0.068168230611419,0
2009-09-23,0.0021677724364895,-0.003642991278501,0.0682827615854102,0
2009-09-24,0.0021701029954782,-0.0007301935337216,0.0683976398947367,0
2009-09-25,0.0021639013590413,0.0,0.0685128642004336,0
2009-09-26,0.0021492411299976,0.0014598542738654,0.0686284331635359,0
2009-09-27,0.0021261946339309,0.0014577262056567,0.0687443454450787,0
2009-09-28,0.0020948322273362,0.0014556043327005,0.0688605997060971,0
2009-09-29,0.0020552216262078,-0.003642991278501,0.0689771946076261,0
2009-09-30,0.0020074272538202,0.003642991278501,0.0690941288107008,0
2009-10-01,0.0019515096061863,-0.0007275373183769,0.0692114009763562,0
2009-10-02,0.001887524633418,0.0007275373183769,0.0693290097656274,0
2009-10-03,0.0018155231349545,0.001453488627983,0.0694469538395494,0
2009-10-04,0.0017355501663913,0.0014513790646469,0.0695652318591572,0
2009-10-05,0.0016476444554311,0.0014492756159902,0.0696838424854861,0
2009-10-06,0.0015518378242255,-0.0079971345871215,0.0698027843795709,0
2009-10-07,0.0014481546151902,0.003642991278501,0.0699220562024468,0
2009-10-08,0.0013366111171304,0.0,0.0700416566151488,0
2009-10-09,0.0012172149883022,0.0,0.070161584278712,0
2009-10-10,0.0010899646727973,0.0,0.0702818378541714,0
2009-10-11,0.0009588047434677,0.0,0.0704024160025621,0
2009-10-12,0.0008395110473957,0.0,0.0705233173849191,0
2009-10-13,0.0007359485076302,0.0043541433086204,0.0706445406622775,0
2009-10-14,0.0006480356445626,-0.0043541433086203,0.0707660844956724,0
2009-10-15,0.0005757060524422,0.0,0.0708879475461387,0
2009-10-16,0.0005189058817117,0.0,0.0710101284747116,0
2009-10-17,0.0004775913650147,0.0,0.0711326259424262,0
2009-10-18,0.0004517263768571,0.0,0.0712554386103174,0
2009-10-19,0.0004412800191172,0.0,0.0713785651394203,0
2009-10-20,0.0004462242267651,0.0,0.07150200419077,0
2009-10-21,0.0004665313902677,0.0050779942269434,0.0716257544254016,0
2009-10-22,0.0005021719932249,-0.0087209855054445,0.07174981450435,0
2009-10-23,0.0005531122658346,0.0,0.0718741830886504,0
2009-10-24,0.0006193118567929,0.0004864996447207,0.0719988588393378,0
2009-10-25,0.0007007215282242,0.0004862630779014,0.0721238404174473,0
2009-10-26,0.0007972808801662,0.0004860267410376,0.0722491264840138,0
2009-10-27,0.0009089161130388,0.0,0.0723747157000726,0
2009-10-28,0.001035537838312,0.0021842018148412,0.0725006067266586,0
2009-10-29,0.001177038949312,-0.0014556043327005,0.0726267982248068,0
2009-10-30,0.0013332925657061,0.0014556043327005,0.0727532888555524,0
2009-10-31,0.0015041500666189,0.0,0.0728800772799304,0
2009-11-01,0.0016894392286005,0.0,0.0730071621589759,1
2009-11-02,0.0018889624857016,0.0,0.0731345421537238,1
2009-11-03,0.0021024953296741,0.0,0.0732622159252093,1
2009-11-04,0.0023297848688248,0.0,0.0733901821344675,1
2009-11-05,0.0025705485641997,-0.0007275373183769,0.0735184394425333,1
2009-11-06,0.0028244731616126,0.0007275373183769,0.0736469865104418,1
2009-11-07,0.003091213837474,0.0,0.0737758219992282,1
2009-11-08,0.0033703935754081,0.0,0.0739049445699273,1
2009-11-09,0.0036616027893223,0.0,0.0740343528835744,1
2009-11-10,0.0039575615615183,0.0,0.0741640456012044,1
2009-11-11,0.0042306767388789,0.0,0.0742940213838525,1
2009-11-12,0.0044742910785953,0.0,0.0744242788925536,1
2009-11-13,0.0046887086376877,-0.0007275373183769,0.0745548167883428,1
2009-11-14,0.0048742949468995,0.0,0.0746856337322552,1
2009-11-15,0.0050314673303253,0.0,0.0748167283853258,1
2009-11-16,0.0051606855208345,0.0,0.0749480994085897,1
2009-11-17,0.0052624426439397,0.0007275373183769,0.075079745463082,1
2009-11-18,0.0053372566250111,-0.0014556043327005,0.0752116652098377,1
2009-11-19,0.0053822752774528,0.0014556043327005,0.0753438573098918,1
2009-11-20,0.0053846409134251,0.0,0.0754763204242794,1
2009-11-21,0.0053419085344746,0.0,0.0756090532140356,1
2009-11-22,0.0052550344172571,0.0,0.0757420543401954,1
2009-11-23,0.0051249336597741,0.0,0.075875322463794,1
2009-11-24,0.0049524624122534,-0.0014556043327005,0.0760088562458662,1
2009-11-25,0.004738401362865,0.0,0.0761426543474472,1
2009-11-26,0.0044781082541884,0.0,0.0762767154295721,1
2009-11-27,0.0041510167088349,0.0014556043327005,0.0764110381532758,1
2009-11-28,0.0037526927829256,0.0,0.0765456211795936,1
2009-11-29,0.0032838129786579,0.0,0.0766804631695603,1
2009-11-30,0.0027447375179562,0.0,0.0768155627842112,1
2009-12-01,0.002135464805654,-0.0014556043327005,0.0769509186845811,1
2009-12-02,0.0014555843583199,0.0014556043327005,0.0770865295317052,1
2009-12-03,0.000704226704054,0.0,0.0772223939866186,1
2009-12-04,-0.000119991461842,0.0,0.0773585107103562,1
2009-12-05,-0.0009853474237184,0.0002423948624156,0.0774948783639532,1
2009-12-06,-0.0017592139163073,0.0002423361213846,0.0776314956084446,1
2009-12-07,-0.0024090679174764,0.0002422774088167,0.0777683611048655,1
2009-12-08,-0.0029351428734919,0.0,0.0779054735142509,1
2009-12-09,-0.0033369367619767,0.001452433080315,0.0780428314976359,1
2009-12-10,-0.0036133602638944,0.0,0.0781804337160554,1
2009-12-11,-0.003762885384523,-0.0036350458056328,0.0783182788305447,1
2009-12-12,-0.0037836981073607,0.0012131507007697,0.0784563655021387,1
2009-12-13,-0.0036953339330718,0.0012116807492398,0.0785946923918725,1
2009-12-14,-0.003582401454333,0.0012102143556232,0.0787332581607812,1
2009-12-15,-0.0034662169749779,0.0,0.0788720614698997,1
2009-12-16,-0.0033467839886432,-0.0036350458056328,0.0790111009802632,1
2009-12-17,-0.00322410952534,0.0036350458056327,0.0791503753529068,1
2009-12-18,-0.0030982042678067,-0.0036350458056328,0.0792898832488654,1
2009-12-19,-0.0029690826625527,0.0,0.0794296233291741,1
2009-12-20,-0.0028367630248762,0.0,0.079569594254868,1
2009-12-21,-0.002701267637176,0.0,0.0797097946869822,1
2009-12-22,-0.002562622839819,0.0036350458056327,0.0798502232865517,1
2009-12-23,-0.0024208591138782,0.0,0.0799908787146115,1
2009-12-24,-0.0022760111550274,-0.0036350458056328,0.0801317596321967,1
2009-12-25,-0.0021289964300662,0.0009100009727986,0.0802728647003424,1
2009-12-26,-0.0019833861466576,0.0009091736238595,0.0804141925800836,1
2009-12-27,-0.0018401413481331,0.0009083477779616,0.0805557419324554,1
2009-12-28,-0.0016993451476776,0.000907523431013,0.0806975114184928,1
2009-12-29,-0.0015610772831191,0.0007254262196978,0.080839499699231,1
2009-12-30,-0.0014254140526662,0.0,0.0809817054357048,1
2009-12-31,-0.0012924282624448,-0.0029048676926301,0.0811241272889495,1
2010-01-01,-0.0011621891857453,-0.0001818347127475,0.08126676392,1
2010-01-02,-0.0010347625338054,-0.0001818677826236,0.0814096135213763,1
2010-01-03,-0.0009102104379308,-0.0001819008645304,0.081552672411538,1
2010-01-04,-0.0007885914426826,-0.0001819339584751,0.0816959364404295,1
2010-01-05,-0.0006699605098263,0.0007275373183769,0.0818394014579954,1
2010-01-06,-0.0005543690327021,0.0033398709620141,0.0819830633141801,1
2010-01-07,-0.0004418648606199,0.0,0.0821269178589281,1
2010-01-08,-0.0003324923328751,0.0,0.0822709609421838,1
2010-01-09,-0.0002262923219226,0.0,0.0824151884138917,1
2010-01-10,-0.0001233022852564,0.0,0.0825595961239963,1
2010-01-11,-2.355632548999619e-05,0.0,0.082704179922442,1
2010-01-12,7.291474186258346e-05,0.0,0.0828489356591734,1
2010-01-13,0.0001660833134247,0.0,0.0829938591841349,1
2010-01-14,0.0002559249163379,0.0,0.083138946347271,1
2010-01-15,0.000342418120521,-0.0040674082803911,0.0832841929985261,1
2010-01-16,0.0004255444453314,0.0,0.0834295949878447,1
2010-01-17,0.0005052882611609,0.0,0.0835751481651714,1
2010-01-18,0.0005816366864854,0.0,0.0837208483804505,1
2010-01-19,0.0006545794808842,0.0040674082803912,0.0838666914836265,1
2010-01-20,0.0007241089345202,-0.0014507473892196,0.0840126733246439,1
2010-01-21,0.0007902197545823,-0.0021800749859613,0.0841587897534472,1
2010-01-22,0.0008529089491466,0.0021800749859614,0.0843050366199809,1
2010-01-23,0.0009121757089143,-0.0001451905628685,0.0844514097741894,1
2010-01-24,0.0009680212872603,-0.000145211646229,0.0845979050660172,1
2010-01-25,0.0010204488789991,-0.0001452327357139,0.0847445183454087,1
2010-01-26,0.0010694634982544,0.0,0.0848912454623085,1
2010-01-27,0.0011150718558084,0.0036245055989602,0.085038082266661,1
2010-01-28,0.0011572822362532,-0.0052234593519363,0.0851850246084107,1
2010-01-29,0.0011961043752775,0.0015989537529759,0.0853320683375021,1
2010-01-30,0.00123154933737,0.0,0.0854792093038795,1
2010-01-31,0.0012636293942004,0.0,0.0856264433574876,1
2010-02-01,0.0012923579039366,0.0,0.0857737663482708,1
2010-02-02,0.0013177491916845,0.0,0.0859211741261735,1
2010-02-03,0.0013398184312696,0.0,0.0860686625411402,1
2010-02-04,0.001358581528507,0.0,0.0862162274431154,1
2010-02-05,0.0013740550061043,0.0,0.0863638646820435,1
2010-02-06,0.0013862558903259,0.0,0.0865115701078691,1
2010-02-07,0.0013952015994953,0.0,0.0866593395705366,1
2010-02-08,0.0014009098344298,0.0,0.0868071689199905,1
2010-02-09,0.0014033984708407,0.0,0.0869550540061752,1
2010-02-10,0.0014026854537417,0.0021762794225956,0.0871029906790352,1
2010-02-11,0.0013987886938721,0.0,0.0872509747885151,1
2010-02-12,0.0013917259661259,0.0,0.0873990021845591,1
2010-02-13,0.0013815148099632,0.0012070007500352,0.087547068717112,1
2010-02-14,0.0013681724317622,0.0012055456553486,0.087695170236118,1
2010-02-15,0.001351715609039,0.0012040940648045,0.0878433025915217,1
2010-02-16,0.0013321605964772,-0.0036166404701885,0.0879914616332676,1
2010-02-17,0.0013095230336569,0.0,0.0881396432113001,1
2010-02-18,0.0012838178543897,0.0,0.0882878431755637,1
2010-02-19,0.0012550591975296,0.0,0.0884360573760029,1
2010-02-20,0.0012232603191281,0.0,0.0885842816625621,1
2010-02-21,0.0011884335057843,0.0,0.0887325118851858,1
2010-02-22,0.0011505899890312,0.0,0.0888807438938185,1
2010-02-23,0.0011097398605766,0.0,0.0890289735384047,1
2010-02-24,0.0010658919882216,0.0,0.0891771966688888,1
2010-02-25,0.0010190539322512,0.0,0.0893254091352153,1
2010-02-26,0.0009692318620839,0.0,0.0894736067873287,1
2010-02-27,0.0009164304729646,0.0009657171199587,0.0896217854751734,1
2010-02-28,0.000860652902458,0.0009647854100991,0.0897699410486939,1
2010-03-01,0.0008019006464869,0.0009638554963066,0.0899180693578347,0
2010-03-02,0.0007401734746741,-0.0028943580263645,0.0900661662525403,0
2010-03-03,0.0006754693446827,0.0,0.0902142275827552,0
2010-03-04,0.0006077843152853,0.0,0.0903622491984237,0
2010-03-05,0.0005371124578468,0.0,0.0905102269494904,0
2010-03-06,0.0004634457658996,0.0,0.0906581566858997,0
2010-03-07,0.0003879299680099,0.0,0.0908060342575962,0
2010-03-08,0.000315173366944,0.0,0.0909538555145243,0
2010-03-09,0.0002463115177221,0.0,0.0911016163066284,0
2010-03-10,0.0001813258475429,0.0,0.0912493124838531,0
2010-03-11,0.0001202003805315,0.0031833336099388,0.0913969398961428,0
2010-03-12,6.292157658605572e-05,-0.0031833336099388,0.0915444943934419,0
2010-03-13,9.478173837378325e-06,0.0,0.091691971825695,0
2010-03-14,-4.0138965798131e-05,0.0,0.0918393680428466,0
2010-03-15,-8.593700846054954e-05,0.0,0.091986678894841,0
2010-03-16,-0.0001279212980203,0.0,0.0921339002316229,0
2010-03-17,-0.0001660955040098,0.0,0.0922810279031365,0
2010-03-18,-0.0002004617681645,0.0,0.0924280577593264,0
2010-03-19,-0.0002310208499389,0.0028943580263645,0.0925749856501372,0
2010-03-20,-0.0002577722712979,-0.0009638554963065,0.0927218074255133,0
2010-03-21,-0.0002807144610605,-0.0009647854100991,0.092868518935399,0
2010-03-22,-0.0002998448990486,-0.0009657171199588,0.0930151160297389,0
2010-03-23,-0.0003151602602585,0.0,0.0931615945584775,0
2010-03-24,-0.0003266565592394,0.0036166404701885,0.0933079503715593,0
2010-03-25,-0.000334329294835,-0.0004333068602496,0.0934541793189287,0
2010-03-26,-0.0003381735954205,0.0,0.0936002772505302,0
2010-03-27,-0.0003381843647184,-0.0013010482500246,0.0937462400163082,0
2010-03-28,-0.000334356428273,-0.0013027431820009,0.0938920634662073,0
2010-03-29,-0.0003266846806038,-0.0013044425358617,0.0940377434501719,0
2010-03-30,-0.0003151642330446,0.003619258384313,0.0941832758181465,0
2010-03-31,-0.0002997905622415,0.0,0.0943286564200755,0
2010-04-01,-0.0002805596592426,-0.003619258384313,0.0944738811059034,0
2010-04-02,-0.0002574681790868,-0.0029048676926301,0.0946189457255747,0
2010-04-03,-0.0002305135907695,0.0,0.0947638461290339,0
2010-04-04,-0.000199694327414,0.0,0.0949085781662255,0
2010-04-05,-0.0001650099364731,0.0,0.0950531376870938,0
2010-04-06,-0.0001264612297164,0.0029048676926302,0.0951975205415835,0
2010-04-07,-8.405043276490857e-05,0.0,0.0953417225796389,0
2010-04-08,-3.778133386629392e-05,0.0,0.0954857396512045,0
2010-04-09,1.2340568400011617e-05,0.0,0.0956295676062248,0
2010-04-10,6.63079188440166e-05,0.0,0.0957732022946443,0
2010-04-11,0.0001241113611982,0.0,0.0959166395664074,0
2010-04-12,0.0001857393958666,0.0,0.0960598752714586,0
2010-04-13,0.0002511782403401,0.0,0.0962029052597425,0
2010-04-14,0.0003204116927324,0.0,0.0963457253812034,0
2010-04-15,0.0003934209989335,0.0,0.0964883314857858,0
2010-04-16,0.0004701847238855,0.0,0.0966307194234342,0
2010-04-17,0.0005506786275185,0.0,0.0967728850440932,0
2010-04-18,0.0006348755458854,0.0,0.096914824197707,0
2010-04-19,0.0007227452780608,0.0,0.0970565327342203,0
2010-04-20,0.0008142544793719,0.0,0.0971980065035774,0
2010-04-21,0.0009093665615404,0.0,0.097339241355723,0
2010-04-22,0.0010080416003109,0.0,0.0974802331406013,0
2010-04-23,0.0011102362511454,0.0,0.097620977708157,0
2010-04-24,0.0012159036735562,0.0,0.0977614709083345,0
2010-04-25,0.0013249934646345,0.0,0.0979017085910782,0
2010-04-26,0.0014374516023244,0.0,0.0980416866063326,0
2010-04-27,0.0015532203989621,0.0,0.0981814008040423,0
2010-04-28,0.0016722384655859,0.0,0.0983208470341515,0
2010-04-29,0.0017911076130428,0.0,0.098460021146605,0
2010-04-30,0.0018964775210095,0.0,0.098598918991347,0
2010-05-01,0.0019850917052822,0.0,0.0987375364183222,0
2010-05-02,0.0020570539886876,0.0,0.0988758692774748,0
2010-05-03,0.0021124809282914,0.0,0.0990139134187496,0
2010-05-04,0.0021514989343106,0.0,0.0991516646920908,0
2010-05-05,0.0021742414528545,0.0,0.099289118947443,0
2010-05-06,0.0021808462198412,0.0,0.0994262720347506,0
2010-05-07,0.0021714525906938,0.0,0.0995631198039582,0
2010-05-08,0.0021461989478819,0.0,0.0996996581050101,0
2010-05-09,0.0021052201859351,0.0,0.0998358827878509,0
2010-05-10,0.0020486452712995,0.0,0.0999717897024251,0
2010-05-11,0.0019765948722693,0.0,0.100107374698677,0
2010-05-12,0.0018891790522497,0.004341540828137,0.1002426336265512,0
2010-05-13,0.0017864950177128,0.0,0.1003775623359922,0
2010-05-14,0.0016686249104344,0.0,0.1005121566769444,0
2010-05-15,0.0015406041072452,0.0,0.1006464124993523,0
2010-05-16,0.0014223041871345,0.0,0.1007803256531603,0
2010-05-17,0.0013185841757929,0.0,0.100913891988313,0
2010-05-18,0.0012293331307812,0.0,0.1010471073547548,0
2010-05-19,0.0011544543261712,0.0,0.1011799676024302,0
2010-05-20,0.0010938630522736,0.0,0.1013124685812836,0
2010-05-21,0.0010474844717748,0.0,0.1014446061412596,0
2010-05-22,0.0010152515231286,0.0002406449295693,0.1015763761323025,0
2010-05-23,0.0009971028639063,0.0002405870335194,0.1017077744043569,0
2010-05-24,0.0009929808485453,0.0002405291653208,0.1018387968073673,0
2010-05-25,0.0010028295366267,-0.0007217611284096,0.1019694391912781,0
2010-05-26,0.0010265927294199,0.0014430016933927,0.1020996974060338,0
2010-05-27,0.0010642120340125,-0.0065099687412275,0.1022295673015788,0
2010-05-28,0.0011156249558741,0.0,0.1023590447278576,0
2010-05-29,0.0011807630221494,0.0,0.1024881255348148,0
2010-05-30,0.0012595499394408,0.0,0.1026168055723947,0
2010-05-31,0.0013518997911679,0.0,0.1027450806905419,0
2010-06-01,0.0014577152809243,0.0057887281762445,0.1028729467392008,0
2010-06-02,0.0015768860294576,-0.0002886419416777,0.1030003995683159,0
2010-06-03,0.0017092869340277,0.0,0.1031274350278316,0
2010-06-04,0.0018547765999213,0.0,0.1032540489676925,0
2010-06-05,0.0020061327908676,0.0002405407367334,0.103380237237843,0
2010-06-06,0.0021350468112517,0.0002404828908013,0.1035059956882275,0
2010-06-07,0.0022346180373571,0.0002404250726846,0.1036313201687906,0
2010-06-08,0.0023050684654712,-0.0004328067585415,0.1037562065294768,0
2010-06-09,0.0023466434450257,-0.0007217611284096,0.1038806506202304,0
2010-06-10,0.0023596030149574,0.0,0.104004648290996,0
2010-06-11,0.0023442134860356,0.0,0.104128195391718,0
2010-06-12,0.0023007392838814,0.0003368866889429,0.104251287772341,0
2010-06-13,0.0022294350538422,0.0003367732345223,0.1043739212828093,0
2010-06-14,0.0021305380161889,0.0003366598564921,0.1044960917730675,0
2010-06-15,0.0020042605483148,-0.0010103197799573,0.10461779509306,0
2010-06-16,0.0018507829595137,0.0,0.1047390270927313,0
2010-06-17,0.0016702464135061,0.0,0.1048597836220259,0
2010-06-18,0.001462745943894,0.0,0.1049800605308882,0
2010-06-19,0.001228323497907,0.0004812319630889,0.1050998536692628,0
2010-06-20,0.0009669609340417,0.0004810004902741,0.105219158887094,0
2010-06-21,0.0006785728889765,0.0004807692400296,0.1053379720343264,0
2010-06-22,0.0003629994183057,0.0004324947807629,0.1054562889609044,0
2010-06-23,1.999830368323416e-05,0.0002882259711553,0.1055741055167725,0
2010-06-24,-0.00034120787726,-0.002163722445311,0.1056914175518752,0
2010-06-25,-0.000682775284061,0.0021637224453109,0.1058082209161569,0
2010-06-26,-0.0009954427346989,-0.0007207207519181,0.1059245114595622,0
2010-06-27,-0.0012794064559683,-0.0007212405649832,0.1060402850320355,0
2010-06-28,-0.001534776709046,-0.0007217611284096,0.1061555374835212,0
2010-06-29,-0.0017615861374807,0.0024518653661922,0.1062702646639638,0
2010-06-30,-0.0019597978208948,0.0011517421371061,0.1063844624233079,0
2010-07-01,-0.002129313151582,-0.0036036075032985,0.1064981266114978,0
2010-07-02,-0.00226997963799,0.0,0.1066112530784781,0
2010-07-03,-0.0023815987269473,0.0007217611284096,0.1067238376741932,0
2010-07-04,-0.0024639337247805,0.0007212405649832,0.1068358762485876,0
2010-07-05,-0.0025167178859758,0.0007207207519181,0.1069473646516058,0
2010-07-06,-0.0025396627262755,0.0002881429208812,0.1070582987331922,0
2010-07-07,-0.002532466604835,-0.0002881429208813,0.1071686743432913,0
2010-07-08,-0.0024948236070433,0.0,0.1072784873318476,0
2010-07-09,-0.002426432745623,0.0,0.1073877335488056,0
2010-07-10,-0.0023270074825597,0.0002401248660835,0.1074964088441097,0
2010-07-11,-0.0022017272830989,0.0002400672199743,0.1076045090677044,0
2010-07-12,-0.0020722206431372,0.0002400096015361,0.1077120300695342,0
2010-07-13,-0.0019439690303921,0.0,0.1078189676995435,0
2010-07-14,-0.001817035236093,0.0,0.1079253178076768,0
2010-07-15,-0.0016914804392885,-0.0007202016875939,0.1080310762438786,0
2010-07-16,-0.0015673641394982,0.0,0.1081362388580934,0
2010-07-17,-0.0014447440944137,0.0,0.1082408015002656,0
2010-07-18,-0.0013236762627595,0.0,0.1083447600203397,0
2010-07-19,-0.0012042147524034,0.0,0.1084481102682602,0
2010-07-20,-0.0010864117737666,0.0,0.1085508480939715,0
2010-07-21,-0.0009703175985718,0.0,0.1086529693474182,0
2010-07-22,-0.0008559805239452,0.0,0.1087544698785447,0
2010-07-23,-0.0007434468418519,0.0,0.1088553455372954,0
2010-07-24,-0.0006327608138496,0.0,0.1089555921736148,0
2010-07-25,-0.0005239646510875,0.0,0.1090552056374475,0
2010-07-26,-0.0004170984994954,0.0,0.1091541817787378,0
2010-07-27,-0.0003122004300583,0.0,0.1092525164474303,0
2010-07-28,-0.0002093064340753,0.0,0.1093502054934694,0
2010-07-29,-0.0001084504232774,0.0,0.1094472447667996,0
2010-07-30,-9.664234653903588e-06,0.0,0.1095436301173654,0
2010-07-31,8.70223601537695e-05,0.0,0.1096393573951112,0
2010-08-01,0.0001815816410668,0.0,0.1097344224499816,0
2010-08-02,0.0002739879215674,0.0,0.1098288211319209,0
2010-08-03,0.0003642175266733,0.0,0.1099225492908737,0
2010-08-04,0.0004522487670698,0.0,0.1100156027767844,0
2010-08-05,0.0005380619096226,0.0,0.1101079774395975,0
2010-08-06,0.0006216391444683,0.0,0.1101996691292575,0
2010-08-07,0.0007029645488893,0.0,0.1102906736957088,0
2010-08-08,0.0007820240482092,0.0,0.110380986988896,0
2010-08-09,0.0008588053739023,0.0,0.1104706048587634,0
2010-08-10,0.0009332980191536,0.0,0.1105595231552556,0
2010-08-11,0.0010054931920779,0.0,0.110647737728317,0
2010-08-12,0.0010753837668175,0.0,0.1107352444278922,0
2010-08-13,0.0011429642327292,0.0,0.1108220391039255,0
2010-08-14,0.0012082306418765,-0.0018268357563678,0.1109081176063615,0
2010-08-15,0.0012711805550232,-0.0018301791940918,0.1109934757851446,0
2010-08-16,0.0013318129863413,-0.0018335348924418,0.1110781094902192,0
2010-08-17,0.0013901283470175,0.0054905498429016,0.11116201457153,0
2010-08-18,0.0014461283879539,0.0,0.1112451868790213,0
2010-08-19,0.0014998161417416,-0.0050559876574578,0.1113276222626376,0
2010-08-20,0.0015511958640846,0.0,0.1114093165723233,0
2010-08-21,0.0016002729748349,-0.0002414001218723,0.111490265658023,0
2010-08-22,0.0016470539988068,-0.0002414584099622,0.1115704653696812,0
2010-08-23,0.0016915465065092,-0.0002415167262071,0.1116499115572423,0
2010-08-24,0.0017337590549514,0.0,0.1117286000706507,0
2010-08-25,0.0017737011286428,0.0079394137721925,0.1118065267598509,0
2010-08-26,0.0018113830809157,0.0,0.1118836874747875,0
2010-08-27,0.0018468160756924,0.0,0.1119600780654049,0
2010-08-28,0.0018800120297953,0.0,0.1120356943816475,0
2010-08-29,0.0019109835558995,0.0,0.1121105322734599,0
2010-08-30,0.0019397439062213,0.0,0.1121845875907864,0
2010-08-31,0.0019663069170228,-0.0021590508566929,0.1122578561835717,0
2010-09-01,0.0019906869539978,0.0,0.11233033390176,0
2010-09-02,0.0020128988586161,0.002590302211037,0.112402016595296,0
2010-09-03,0.0020329578954696,0.0,0.1124729001141241,0
2010-09-04,0.002049703464991,-0.0008626887666593,0.1125429803081888,0
2010-09-05,0.0020584659701504,-0.0008634336412084,0.1126122530274345,0
2010-09-06,0.0020581387992427,-0.0008641798031692,0.1126807141218056,0
2010-09-07,0.0020487963907195,0.0,0.1127483594412468,0
2010-09-08,0.0020305123679266,-0.0036088094019916,0.1128151848357024,0
2010-09-09,0.0020033587447512,-0.0021715535135079,0.112881186155117,0
2010-09-10,0.001967405153738,0.0007243752580417,0.1129463592494349,0
2010-09-11,0.001922718095479,0.0003378623001948,0.1130106999686007,0
2010-09-12,0.0018693602077917,0.000337748187814,0.1130742041625589,0
2010-09-13,0.0018073895528044,0.0003376341524899,0.1131368676812538,0
2010-09-14,0.001736858919806,-0.0017376198985408,0.1131986863746301,0
2010-09-15,0.0016578151413958,0.0037610343770166,0.1132596560926321,0
2010-09-16,0.0015702984201769,0.00460963074952,0.1133197726852043,0
2010-09-17,0.001474341662987,0.0,0.1133790320022912,0
2010-09-18,0.0013699698193368,9.580838330663592e-05,0.1134374298938373,0
2010-09-19,0.0012571992205039,9.579920493997048e-05,0.113494962209787,0
2010-09-20,0.00113603691541,9.579002833120152e-05,0.1135516248000849,0
2010-09-21,0.0010064799991351,-0.0048970283660979,0.1136074135146753,0
2010-09-22,0.0008685149296063,-0.000866676350652,0.1136623242035028,0
2010-09-23,0.0007344949829434,0.0001444982301479,0.1137163527165119,0
2010-09-24,0.0006538354016314,0.0001444773534262,0.1137694949036469,0
2010-09-25,0.0006387282991597,-9.631591627949404e-05,0.1138217466148524,0
2010-09-26,0.000688999506527,-9.632519392899836e-05,0.1138731037000729,0
2010-09-27,0.0008044636842568,-9.633447336566484e-05,0.1139235620092527,0
2010-09-28,0.0009848818511749,0.002886004889135,0.1139731173923365,0
2010-09-29,0.0012299194601397,0.0,0.1140217656992687,0
2010-09-30,0.0015391052890449,-0.0028860048891349,0.1140695027799936,0
2010-10-01,0.0019117915609902,0.0,0.1141163244844559,0
2010-10-02,0.002347115843353,0.0062425172707866,0.1141622266625999,0
2010-10-03,0.0028439653967348,0.0062037898803304,0.1142072051643702,0
2010-10-04,0.0034009447453276,0.0061655400434819,0.1142512558397113,0
2010-10-05,0.0039711230531996,-0.0071174677688639,0.1142943745385675,0
2010-10-06,0.0043731976522391,0.0,0.1143365571108834,0
2010-10-07,0.0045645784983324,-0.0028612322810322,0.1143777994066034,0
2010-10-08,0.0045488231426286,0.0028612322810321,0.1144180972756721,0
2010-10-09,0.004329631838507,0.0012848884628744,0.1144574465680338,0
2010-10-10,0.0039469726316138,0.0012832396428354,0.1144958431336331,0
2010-10-11,0.003548777815957,0.0012815950490372,0.1145332828224144,0
2010-10-12,0.0031711397851792,-0.0102990468346544,0.1145697614843223,0
2010-10-13,0.0028133838372555,0.0078768756710923,0.114605274969301,0
2010-10-14,0.002474910233635,0.0,0.1146398191272953,0
2010-10-15,0.0021551878111796,0.0,0.1146733898082494,0
2010-10-16,0.0018537482334993,0.0,0.114705982862108,0
2010-10-17,0.0015701807927555,0.0,0.1147375941388154,0
2010-10-18,0.0013041276846708,0.0,0.1147682194883161,0
2010-10-19,0.0010552796893748,0.0,0.1147978547605546,0
2010-10-20,0.0008233721990824,0.0,0.1148264958054754,0
2010-10-21,0.0006081815407641,0.0042704691234525,0.114854138473023,0
2010-10-22,0.0004095215480649,-0.007843177461026,0.1148807786131418,0
2010-10-23,0.0002272403420356,0.0038104356654494,0.1149064120757763,0
2010-10-24,6.12172848013491e-05,0.0037959713434227,0.1149310347108709,0
2010-10-25,-8.86399256751854e-05,0.0037816164186934,0.1149546423683702,0
2010-10-26,-0.0002223980480236,-0.0061049383902504,0.1149772308982186,0
2010-10-27,-0.0003401010021907,-0.0019957241121502,0.1149987961503606,0
2010-10-28,-0.0004417725086739,0.0088081262743911,0.1150193339747406,0
2010-10-29,-0.0005274186817776,0.0,0.1150388402213031,0
2010-10-30,-0.0005970305939515,-0.0004715868986242,0.1150573107399927,0
2010-10-31,-0.0006505868258357,-0.0004718093977592,0.1150747413807537,0
2010-11-01,-0.0006880560143597,-0.0004720321069473,0.1150911279935307,1
2010-11-02,-0.0007093994089664,-0.0011337869695268,0.115106466428268,1
2010-11-03,-0.0007145734437594,-0.0017030943656726,0.1151207525349103,1
2010-11-04,-0.0007035323311327,-0.00855925339567,0.1151339821634019,1
2010-11-05,-0.0006762306800978,0.0085592533956701,0.1151461511636874,1
2010-11-06,-0.0006326261402194,-0.0003314943321149,0.1151572553857111,1
2010-11-07,-0.0005726820696511,-0.0003316042570473,0.1151672906794176,1
2010-11-08,-0.0004963702233351,-0.0003317142549076,0.1151762528947514,1
2010-11-09,-0.0004036734549475,0.0009948128440699,0.1151841378816569,1
2010-11-10,-0.000294588423663,0.0,0.1151909414900786,1
2010-11-11,-0.0001691282943084,0.0,0.1151966595699609,1
2010-11-12,-3.146141097808964e-05,0.0,0.1152012879712484,1
2010-11-13,0.0001018179198751,-0.0004735969778314,0.1152048225438854,1
2010-11-14,0.0002265223807957,-0.0004738213782085,0.1152072591378166,1
2010-11-15,0.0003426108753632,-0.0004740459913375,0.1152085936029863,1
2010-11-16,0.0004500526732914,-0.0064217131136483,0.115208821789339,1
2010-11-17,0.0005488266960354,0.0064217131136485,0.1152079395468193,1
2010-11-18,0.0006389207832074,0.0,0.1152059427253714,1
2010-11-19,0.000720330944287,0.0,0.11520282717494,1
2010-11-20,0.0007930605997608,0.0,0.1151985887454696,1
2010-11-21,0.0008571198154965,0.0,0.1151932232869045,1
2010-11-22,0.0009125245337801,0.0,0.1151867266491893,1
2010-11-23,0.0009592958040741,0.0002844545603021,0.1151790946822684,1
2010-11-24,0.0009974590161718,0.0004265301834765,0.1151703232360863,1
2010-11-25,0.0010270431380348,-0.0007109847437788,0.1151604081605874,1
2010-11-26,0.0010480799602093,0.0,0.1151493453057164,1
2010-11-27,0.001060603348354,0.0002370510856186,0.1151371305214175,1
2010-11-28,0.0010646485050182,0.0002369949057187,0.1151237596576353,1
2010-11-29,0.0010602512414457,0.0002369387524411,0.1151092285643143,1
2010-11-30,0.0010474472598396,0.0,0.1150935330913989,1
2010-12-01,0.0010262714461482,0.0,0.1150766690888336,1
2010-12-02,0.0009967571731217,0.0014204547842913,0.1150586324065628,1
2010-12-03,0.0009589356130486,0.0,0.1150394188945312,1
2010-12-04,0.0009142656819047,0.0004730369056985,0.115019024402683,1
2010-12-05,0.000868484735436,0.0004728132475788,0.1149974447809629,1
2010-12-06,0.0008230188718791,0.0004725898008561,0.1149746758793152,1
2010-12-07,0.0007778610300226,0.0,0.1149507135476844,1
2010-12-08,0.0007330042898286,0.000425139948301,0.114925553636015,1
2010-12-09,0.0006884418681893,0.0002833262520722,0.1148991919942516,1
2010-12-10,0.0006441671148345,0.0,0.1148716244723384,1
2010-12-11,0.0006001735083588,0.000141633029059,0.1148428469202201,1
2010-12-12,0.0005564546523869,0.0001416129719847,0.1148128551878411,1
2010-12-13,0.0005130042718512,0.0001415929205906,0.1147816451251459,1
2010-12-14,0.000469816209394,-0.0025517450761415,0.1147492125820789,1
2010-12-15,0.0004268844218774,0.0,0.1147155534085846,1
2010-12-16,0.0003842029770058,0.0,0.1146806634546075,1
2010-12-17,0.0003417660500471,0.0,0.114644538570092,1
2010-12-18,0.0002995679206582,0.0009458501532775,0.1146071746049827,1
2010-12-19,0.0002576029698058,0.0009449563660875,0.114568567409224,1
2010-12-20,0.0002158656767799,0.0009440642664823,0.1145287128327604,1
2010-12-21,0.0001743506162924,-0.0028348707858472,0.1144876067255362,1
2010-12-22,0.0001330524556706,0.0,0.1144452449374961,1
2010-12-23,9.19659521203578e-05,0.0,0.1144016233185845,1
2010-12-24,5.108595008055471e-05,0.0,0.1143567377187459,1
2010-12-25,1.0407378646163717e-05,0.0009458501532775,0.1143105839879247,1
2010-12-26,-3.0074750931851047e-05,0.0009449563660875,0.1142631579760654,1
2010-12-27,-7.0365347678731e-05,0.0009440642664823,0.1142144555331124,1
2010-12-28,-0.0001104692432555,0.0,0.1141644725090104,1
2010-12-29,-0.0001503911942581,-0.0028348707858472,0.1141132047537036,1
2010-12-30,-0.0001901358844505,0.0,0.1140606481171366,1
2010-12-31,-0.0002297079269394,0.0,0.1140067984492539,1
2011-01-01,-0.0002691118662841,0.0,0.1139516516,1
2011-01-02,-0.0003083521805635,0.0,0.1138952052476893,1
2011-01-03,-0.0003474332833717,0.0,0.113837464384117,1
2011-01-04,-0.0003863595257761,0.0070721652613625,0.1137784358294484,1
2011-01-05,-0.0004251351982172,0.0,0.1137181264038484,1
2011-01-06,-0.0004637645323618,-0.0007049700679698,0.1136565429274824,1
2011-01-07,-0.0005022517029127,0.0,0.1135936922205155,1
2011-01-08,-0.0005406008293677,0.0,0.1135295811031128,1
2011-01-09,-0.0005788159777392,0.0,0.1134642163954397,1
2011-01-10,-0.0006169011622367,0.0,0.1133976049176611,1
2011-01-11,-0.0006548603468966,-0.0021178970147349,0.1133297534899424,1
2011-01-12,-0.0006926974471879,0.0028228670827047,0.1132606689324487,1
2011-01-13,-0.0007304163315696,0.0,0.1131903580653451,1
2011-01-14,-0.0007680208230223,0.0,0.1131188277087969,1
2011-01-15,-0.000805514700535,0.0,0.1130460846829693,1
2011-01-16,-0.000842901700567,0.0,0.1129721358080273,1
2011-01-17,-0.0008801855184768,0.0,0.1128969879041363,1
2011-01-18,-0.0009173698099155,0.0007044734352636,0.1128206477914613,1
2011-01-19,-0.0009544581921968,0.0009854297974882,0.1127431222901676,1
2011-01-20,-0.000991454245638,-0.0016899032327519,0.1126644182204202,1
2011-01-21,-0.0010283615148677,0.0,0.1125845424023845,1
2011-01-22,-0.0010651835101171,0.0,0.1125035016562256,1
2011-01-23,-0.0011019237084798,0.0,0.1124213028021086,1
2011-01-24,-0.0011385855551474,0.0,0.1123379526601988,1
2011-01-25,-0.0011751724646292,0.0,0.1122534580506613,1
2011-01-26,-0.0012116878219377,-0.0035298307035245,0.1121678257936614,1
2011-01-27,-0.0012481349837693,0.0,0.112081062709364,1
2011-01-28,-0.0012845172796455,0.0,0.1119931756179346,1
2011-01-29,-0.0013208380130543,-0.0004715868986242,0.1119041713395382,1
2011-01-30,-0.0013571004625583,-0.0004718093977592,0.1118140566943399,1
2011-01-31,-0.0013933078828936,-0.0004720321069473,0.1117228385025051,1
2011-02-01,-0.0014246863386397,0.0049452591068553,0.1116305235841989,1
2011-02-02,-0.001432074960187,0.0,0.1115371187595864,1
2011-02-03,-0.0014105461804911,0.0021119332031433,0.1114426308488329,1
2011-02-04,-0.0013599376323702,0.0,0.1113470666721034,1
2011-02-05,-0.0012800968834617,0.0,0.1112504330495633,1
2011-02-06,-0.0011708900505443,0.0,0.1111527368013776,1
2011-02-07,-0.0010322105463489,0.0,0.1110539847477115,1
2011-02-08,-0.0008639879216293,0.0,0.1109541837087303,1
2011-02-09,-0.0006661967503336,0.0,0.1108533405045991,1
2011-02-10,-0.0004388654906087,-0.0021119332031433,0.1107514619554831,1
2011-02-11,-0.0001820852395424,0.0,0.1106485548815474,1
2011-02-12,0.0001039817148537,-9.396729944885883e-05,0.1105446261029572,1
2011-02-13,0.0004190936542254,-9.397613013228035e-05,0.1104396824398779,1
2011-02-14,0.0007629216247319,-9.398496247516412e-05,0.1103337307124743,1
2011-02-15,0.0011350421977509,-0.0001409940079882,0.1102267777409119,1
2011-02-16,0.0015349309352887,0.0,0.1101188303453557,1
2011-02-17,0.001961956703112,0.0,0.110009895345971,1
2011-02-18,0.0024153769750957,-0.0002820476679252,0.1098999795629228,1
2011-02-19,0.0028943342686028,0.0,0.1097890898163765,1
2011-02-20,0.0033978538425576,0.0,0.1096772329264971,1
2011-02-21,0.0039248427769034,0.0,0.1095644157134499,1
2011-02-22,0.004474090534377,0.0,0.1094506449974,1
2011-02-23,0.0050442710830386,0.0,0.1093359275985126,1
2011-02-24,0.0055978431170125,0.0,0.1092202703369529,1
2011-02-25,0.0059906095053109,0.0,0.109103680032886,1
2011-02-26,0.0061900263237818,0.0,0.1089861635064773,1
2011-02-27,0.0062005477947575,0.0,0.1088677275778917,1
2011-02-28,0.0060267588717637,0.0,0.1087483790672945,1
2011-03-01,0.0056730269653727,0.005345349624472,0.1086281247948509,0
2011-03-02,0.0051431819422556,-0.0001403016487745,0.1085069715807261,0
2011-03-03,0.0044766212925922,0.0028022997181082,0.1083849262450852,0
2011-03-04,0.0038197598519865,0.0,0.1082619956080934,0
2011-03-05,0.0032073666340741,-9.32835821570923e-05,0.1081381864899159,0
2011-03-06,0.002637746068433,-9.329228479583131e-05,0.108013505710718,0
2011-03-07,0.0021094598746789,-9.33009890580546e-05,0.1078879600906646,0
2011-03-08,0.0016212997547472,0.001119037744416,0.1077615564499211,0
2011-03-09,0.0011722633579091,0.0,0.1076343016086525,0
2011-03-10,0.0007615329197873,-0.0001398112550337,0.1075062023870242,0
2011-03-11,0.0003884560714007,-0.0002796811652966,0.1073772656052013,0
2011-03-12,5.252839119193544e-05,0.0,0.1072474980833489,0
2011-03-13,-0.0002466226641302,0.0,0.1071169066416322,0
2011-03-14,-0.0005092527619434,0.0,0.1069854981002164,0
2011-03-15,-0.0007355148974792,0.0,0.1068532792792667,0
2011-03-16,-0.0009254730296594,0.0055788150270391,0.1067202569989483,0
2011-03-17,-0.0010791153467381,0.0,0.1065864380794263,0
2011-03-18,-0.0011963673298069,0.0,0.1064518293408659,0
2011-03-19,-0.001277104754656,0.0,0.1063164376034324,0
2011-03-20,-0.0013211667461799,0.0,0.1061802696872908,0
2011-03-21,-0.0013283689735454,0.0,0.1060433324126063,0
2011-03-22,-0.0012985170483124,0.0,0.1059056325995442,0
2011-03-23,-0.0012314201609727,0.0089997146031956,0.1057671770682696,0
2011-03-24,-0.0011269049637736,-0.0006894174695677,0.1056279726389478,0
2011-03-25,-0.0009848296790155,0.0,0.1054880261317437,0
2011-03-26,-0.0008050983823387,0.0006894174695677,0.1053473443668227,0
2011-03-27,-0.0005876753800258,0.0006889425005537,0.10520593416435,0
2011-03-28,-0.0003325995684347,0.0006884681855414,0.1050638023444907,0
2011-03-29,-3.9998633025932975e-05,0.0006879945231818,0.1049209557274099,0
2011-03-30,0.0002898970852793,0.0,0.1047774011332729,0
2011-03-31,0.0006567412563632,-0.0027548226788446,0.1046331453822449,0
2011-04-01,0.0010600589843872,0.0,0.104488195294491,0
2011-04-02,0.0014992352333037,0.0011487652038733,0.1043425576901764,0
2011-04-03,0.0019735045138074,0.0011474470564769,0.1041962393894663,0
2011-04-04,0.0024819420986918,0.0011461319306225,0.1040492472125258,0
2011-04-05,0.0030234570329127,0.0,0.1039015879795202,0
2011-04-06,0.0035967871946716,0.0004122861324119,0.1037532685106145,0
2011-04-07,0.0041528423051757,0.0002747630186265,0.1036042956259741,0
2011-04-08,0.0045011701996317,0.0,0.1034546761457641,0
2011-04-09,0.0045976705929489,0.0,0.1033044168901496,0
2011-04-10,0.0044467829996283,0.0,0.1031535246792958,0
2011-04-11,0.0040528328127444,0.0,0.103002006333368,0
2011-04-12,0.0034194394364221,-0.0004121728436452,0.1028498686725312,0
2011-04-13,0.0026156954811684,0.0004121728436453,0.1026971185169507,0
2011-04-14,0.0019082098304707,0.0,0.1025437626867917,0
2011-04-15,0.0013611543721143,0.0,0.1023898080022193,0
2011-04-16,0.0009725714659154,0.0,0.1022352612833987,0
2011-04-17,0.0007412493357471,0.0,0.1020801293504951,0
2011-04-18,0.0006664660143168,0.0,0.1019244190236737,0
2011-04-19,0.0007477404687773,0.000274687544647,0.1017681371230995,0
2011-04-20,0.0009845876524331,-0.0002746875446469,0.1016112904689379,0
2011-04-21,0.001376276427628,0.000274687544647,0.1014538858813541,0
2011-04-22,0.0019215914326731,0.0,0.101295930180513,0
2011-04-23,0.0025837350573322,-0.0001373343406675,0.1011374301865801,0
2011-04-24,0.0032213054791063,-0.0001373532039794,0.1009783927197204,0
2011-04-25,0.0037987190372985,-0.0001373720724736,0.1008188246000991,0
2011-04-26,0.0043157757597195,0.0004120596171206,0.1006587326478814,0
2011-04-27,0.004772597678696,0.0015094342488545,0.1004981236832324,0
2011-04-28,0.0051010717509322,-0.001097544354928,0.1003370045263174,0
2011-04-29,0.0050306546151645,0.0,0.1001753819973016,0
2011-04-30,0.0045013208614813,0.0,0.10001326291635,0
2011-05-01,0.0035207691272232,0.0,0.099850654103628,0
2011-05-02,0.0020932100181634,0.0,0.0996875623793006,0
2011-05-03,0.0002174126292831,0.0009604171692484,0.0995239945635331,0
2011-05-04,-0.0021153003340516,0.0004113251583323,0.0993599574764905,0
2011-05-05,-0.0046714898761206,0.002054091786938,0.0991954579383382,0
2011-05-06,-0.0064598413051297,0.0,0.0990305027692413,0
2011-05-07,-0.007217807486946,0.0,0.0988650987893649,0
2011-05-08,-0.0070990658099211,0.0,0.0986992528188743,0
2011-05-09,-0.0068021980895949,0.0,0.0985329716779346,0
2011-05-10,-0.0065045931188433,0.0006837607104006,0.098366262186711,0
2011-05-11,-0.0062065822585992,-0.0006837607104006,0.0981991311653686,0
2011-05-12,-0.0059084995904549,0.0002735603901618,0.0980315854340727,0
2011-05-13,-0.0056106808431704,0.0,0.0978636318129885,0
2011-05-14,-0.0053134623089711,0.0001367521369653,0.0976952771222811,0
2011-05-15,-0.0050171797571513,0.0001367334383753,0.0975265281821156,0
2011-05-16,-0.0047221673525973,0.0001367147448981,0.0973573918126573,0
2011-05-17,-0.0044287565867317,0.0,0.0971878748340714,0
2011-05-18,-0.0041372752282888,0.0001366960565314,0.097017984066523,0
2011-05-19,-0.0038480463010424,-0.0008204567669322,0.0968477263301773,0
2011-05-20,-0.0035613870953539,0.0,0.0966771084451995,0
2011-05-21,-0.0032776082199617,0.0009115770913835,0.0965061372317548,0
2011-05-22,-0.0029970127000156,0.0009107468753386,0.0963348195100083,0
2011-05-23,-0.0027198951268148,0.0009099181701508,0.0961631621001252,0
2011-05-24,-0.002446540864136,-0.000682360995429,0.0959911718222707,0
2011-05-25,-0.0021772253154298,0.0,0.09581885549661,0
2011-05-26,-0.001912213255508,0.0023181301715116,0.0956462199433083,0
2011-05-27,-0.0016517582296547,0.0,0.0954732719825307,0
2011-05-28,-0.0013961020224486,-9.080590244593556e-05,0.0953000184344424,0
2011-05-29,-0.0011454741978433,-9.0814148906876e-05,0.0951264661192086,0
2011-05-30,-0.0009000917114231,-9.082239686537824e-05,0.0949526218569945,0
2011-05-31,-0.0006601585950564,0.0020415114269764,0.0947784924679652,0
2011-06-01,-0.0004258657135404,-0.0006800408286555,0.094604084772286,0
2011-06-02,-0.0001973905922367,0.0006800408286554,0.094429405590122,0
2011-06-03,2.5102685875321725e-05,0.0,0.0942544617416384,0
2011-06-04,0.0002414635158203,0.0009060023269792,0.0940792600470003,0
2011-06-05,0.0004515547414734,0.0009051822297169,0.093903807326373,0
2011-06-06,0.0006552525646077,0.0009043636157865,0.0937281103999216,0
2011-06-07,0.0008524463954647,0.0,0.0935521760878113,0
2011-06-08,0.001043038648486,0.0,0.0933760112102073,0
2011-06-09,0.0012269444870744,0.0006777363864975,0.0931996225872748,0
2011-06-10,0.0014040915214463,0.0,0.0930230170391789,0
2011-06-11,0.0015744194637703,0.0003612716802299,0.0928462013860848,0
2011-06-12,0.0017378797448702,0.0003611412101365,0.0926691824481577,0
2011-06-13,0.0018944350967868,0.0003610108342457,0.0924919670455628,0
2011-06-14,0.0020440591055002,0.000270672623117,0.0923145619984653,0
2011-06-15,0.0021867357380243,-0.0006768189767674,0.0921369741270303,0
2011-06-16,0.0023224588480285,0.0,0.091959210251423,0
2011-06-17,0.0024512316639656,0.0,0.0917812771918086,0
2011-06-18,0.0025730662635675,0.0,0.0916031817683522,0
2011-06-19,0.0026879830383523,0.0,0.0914249308012192,0
2011-06-20,0.0027960101516027,0.0,0.0912465311105745,0
2011-06-21,0.0028971829930409,0.00135318017942,0.0910679895165835,0
2011-06-22,0.0029915436331964,0.0,0.0908893128394112,0
2011-06-23,0.0030791402802217,-0.00135318017942,0.0907105078992229,0
2011-06-24,0.0031600267416586,0.0,0.0905315815161838,0
2011-06-25,0.0032342618934125,0.0009023235441904,0.090352540510459,0
2011-06-26,0.0033019091579457,0.0009015100903554,0.0901733917022137,0
2011-06-27,0.003363035993447,0.0009006981018731,0.089994141911613,0
2011-06-28,0.003417713395513,0.0,0.0898147979588222,0
2011-06-29,0.0034660154126279,0.0,0.0896353666640065,0
2011-06-30,0.0035080186765211,0.0020236094595269,0.0894558548473309,0
2011-07-01,0.0035438019482668,0.0,0.0892762693289608,0
2011-07-02,0.0035734456807858,0.0,0.0890966169290613,0
2011-07-03,0.0035970315982396,0.0,0.0889169044677975,0
2011-07-04,0.0036146422926078,0.0,0.0887371387653346,0
2011-07-05,0.0036263608376048,0.0002695054591167,0.0885573266418379,0
2011-07-06,0.0036322704199267,0.0001347254970041,0.0883774749174724,0
2011-07-07,0.0036324539876965,0.0004040676194785,0.0881975904124034,0
2011-07-08,0.0036269939158383,0.0,0.088017679946796,0
2011-07-09,0.0036159716880183,0.0007179395444335,0.0878377503408155,0
2011-07-10,0.0035994675946815,0.0007174244770094,0.087657808414627,0
2011-07-11,0.003577560446627,0.0007169101480991,0.0874778609883957,0
2011-07-12,0.0035503273034868,0.0,0.0872979148822867,0
2011-07-13,0.0035178432164099,0.0004030362115415,0.0871179769164653,0
2011-07-14,0.0034801809841916,0.0009397866033697,0.0869380539110966,0
2011-07-15,0.0034374109220317,0.0,0.0867581526863458,0
2011-07-16,0.0033896006420704,-0.0001789388928457,0.086578280062378,0
2011-07-17,0.0033368148448138,-0.0001789709177034,0.0863984428593586,0
2011-07-18,0.0032791151205131,-0.0001790029540266,0.0862186478974525,0
2011-07-19,0.0032165597595515,0.0002684924167021,0.0860389019968251,0
2011-07-20,0.0031496954742877,0.0013413818242013,0.0858592119776415,0
2011-07-21,0.0030805289341495,0.0006700167754842,0.0856795846600668,0
2011-07-22,0.0030095672045289,0.0,0.0855000268642663,0
2011-07-23,0.0029368208378117,-0.0004466279663345,0.0853205454104052,0
2011-07-24,0.0028622989041862,-0.0004468275320099,0.0851411471186485,0
2011-07-25,0.0027860089767909,-0.0004470272761075,0.0849618388091615,0
2011-07-26,0.00270795711608,0.001340482774452,0.0847826273021094,0
2011-07-27,0.0026281478532567,0.0,0.0846035194176574,0
2011-07-28,0.0025465841726575,0.0,0.0844245219759705,0
2011-07-29,0.0024632674929467,0.0,0.0842456417972141,0
2011-07-30,0.0023931486197731,0.0002232392017307,0.0840668857015533,0
2011-07-31,0.0023957496897193,0.0002231893771122,0.0838882605091532,0
2011-08-01,0.002485250350744,0.0002231395747291,0.083709773040179,0
2011-08-02,0.0026607718478004,0.0,0.083531430114796,0
2011-08-03,0.0029213272044787,-0.0002677734652497,0.0833532385531692,0
2011-08-04,0.0032657506328875,-0.0004017946883224,0.083175205175464,0
2011-08-05,0.0036926305717009,0.0,0.0829973368018454,0
2011-08-06,0.0042002472867697,0.0,0.0828196402524786,0
2011-08-07,0.0046955391269807,0.0,0.0826421223475288,0
2011-08-08,0.0048158246825678,0.0,0.0824647899071613,0
2011-08-09,0.0044778382264111,0.0,0.0822876497515411,0
2011-08-10,0.0036895179251221,0.0006695681535722,0.0821107087008334,0
2011-08-11,0.0024561884479739,0.0004015258034271,0.0819339735752035,0
2011-08-12,0.0009712136562273,0.0,0.0817574511948165,0
2011-08-13,2.785105236063066e-07,0.0,0.0815811483798376,0
2011-08-14,-0.0002680558339311,0.0,0.0814050719504319,0
2011-08-15,0.0001658773522589,0.0,0.0812292287267647,0
2011-08-16,0.0013011643358021,0.0,0.0810536255290011,0
2011-08-17,0.0031314040877399,-0.0024115767314514,0.0808782691773063,0
2011-08-18,0.0056399563844442,0.0,0.0807031664918455,0
2011-08-19,0.0087956443452566,0.0,0.0805283242927838,0
2011-08-20,0.0120852723006466,0.0,0.0803537494002865,0
2011-08-21,0.0136396189377893,0.0,0.0801794486345187,0
2011-08-22,0.0127956861964808,0.0,0.0800054288156456,0
2011-08-23,0.0085335021655935,-0.0047058910374126,0.0798316967638324,0
2011-08-24,0.0006497183567006,-0.0074400072646954,0.0796582592992442,0
2011-08-25,-0.0090403061184669,-0.002719240288753,0.0794851232420462,0
2011-08-26,-0.0129386006003082,0.0,0.0793122954124037,0
2011-08-27,-0.0102982748642045,0.0015871219746945,0.0791397826304817,0
2011-08-28,-0.0066046458886766,0.0015846070095616,0.0789675917164456,0
2011-08-29,-0.003305359567232,0.0015821000022841,0.0787957294904603,0
2011-08-30,-0.0004418286818269,-0.0027137058715962,0.0786242027726912,0
2011-08-31,0.0019577956609146,0.0,0.0784530183833034,0
2011-09-01,0.0038774869634192,0.0,0.0782821831424621,0
2011-09-02,0.0053115178497383,0.0,0.0781117038703324,0
2011-09-03,0.0062622167826744,0.0,0.0779415873870796,0
2011-09-04,0.0067375489509034,0.0,0.0777718405128688,0
2011-09-05,0.0067487072136737,0.0,0.0776024700678652,0
2011-09-06,0.0063078317265565,0.0067705065672107,0.077433482872234,0
2011-09-07,0.005425910572835,-0.0040568006956143,0.0772648857461403,0
2011-09-08,0.0041999023626797,0.0,0.0770966855097494,0
2011-09-09,0.0029871211640755,0.0,0.0769288889832263,0
2011-09-10,0.0018716997848664,0.0024811110055078,0.0767615029867364,0
2011-09-11,0.0008490077724287,0.0024749703262505,0.0765945343404447,0
2011-09-12,-8.45879050035092e-05,0.0024688599679789,0.0764279898645165,0
2011-09-13,-0.0009318458814853,0.0026863683045834,0.076261876379117,0
2011-09-14,-0.0016947543027173,0.0026791710600483,0.0760962007044112,0
2011-09-15,-0.0023746202436404,0.0020046782523781,0.0759309696605644,0
2011-09-16,-0.0029721484147451,0.0,0.0757661900677418,0
2011-09-17,-0.0034875123035234,0.0008007474069929,0.0756018687461085,0
2011-09-18,-0.0039204204121896,0.0008001067235744,0.0754380125158298,0
2011-09-19,-0.0042701798717471,0.0007994670645669,0.0752746281970707,0
2011-09-20,-0.0045357594003742,-0.0024003211951342,0.0751117226099965,0
2011-09-21,-0.0047158533024022,0.0,0.0749493025747724,0
2011-09-22,-0.004808947948575,0.0013342230131366,0.0747873749115635,0
2011-09-23,-0.0048133919182744,0.0,0.0746259464405351,0
2011-09-24,-0.0047274707019745,0.0004443457082664,0.0744650239818522,0
2011-09-25,-0.0045494865426141,0.0004441483528486,0.0743046143556801,0
2011-09-26,-0.0042931247639421,0.0004439511726633,0.074144724382184,0
2011-09-27,-0.0040185920358981,0.0003993876109801,0.073985360881529,0
2011-09-28,-0.0037412411812198,0.0005322688083083,0.0738265306738803,0
2011-09-29,-0.0034612860920913,-0.0022641016530671,0.0736682405794031,0
2011-09-30,-0.0031789478428728,0.0,0.0735104974182626,0
2011-10-01,-0.002894454153183,0.0013324452337784,0.0733533080106239,0
2011-10-02,-0.0026080388128525,0.0013306721857051,0.0731966791766523,0
2011-10-03,-0.0023199410715657,0.0013289038500537,0.0730406177365128,0
2011-10-04,-0.0020304049963515,0.0010618530331414,0.0728851305103708,0
2011-10-05,-0.0017396788003933,0.0009281973748687,0.0727302243183913,0
2011-10-06,-0.0014480141469366,0.0,0.0725759059807395,0
2011-10-07,-0.0011556654323086,0.0,0.0724221823175807,0
2011-10-08,-0.0008628890522931,8.835483306672739e-05,0.0722690601490799,0
2011-10-09,-0.0005699426562734,8.83470271801409e-05,0.0721165462954025,0
2011-10-10,-0.0002770843936756,8.833922267226865e-05,0.0719646475767135,0
2011-10-11,1.542784266042362e-05,-0.0002650410829191,0.0718133708131781,0
2011-10-12,0.0003073371715304,0.000265041082919,0.0716627228249616,0
2011-10-13,0.0005983884722031,0.002382213937588,0.071512710432229,0
2011-10-14,0.0008883291224729,0.0,0.0713633404551456,0
2011-10-15,0.0011726030540194,8.812125490357087e-05,0.0712146197138766,0
2011-10-16,0.0014337880018869,8.811349023255571e-05,0.0710665550285871,0
2011-10-17,0.0016675034303788,8.810572692915452e-05,0.0709191532194423,0
2011-10-18,0.001873751758676,0.0023759250881109,0.0707724211066073,0
2011-10-19,0.0020525950768766,0.0,0.0706263655102475,0
2011-10-20,0.0022041473078834,0.0003954392722722,0.0704809932505279,0
2011-10-21,0.0023285663493321,0.0,0.0703363111476138,0
2011-10-22,0.0024260462694677,-0.0005712402660006,0.0701923260216702,0
2011-10-23,0.0024968096180849,-0.0005715667679618,0.0700490446928624,0
2011-10-24,0.0025410999008757,-0.0005718936433723,0.0699064739813556,0
2011-10-25,0.0025591742531171,0.0,0.0697646207073149,0
2011-10-26,0.0025512963367235,0.0,0.0696234916909055,0
2011-10-27,0.0025177294734297,0.0046098204781614,0.0694830937522926,0
2011-10-28,0.0024587300163009,-0.0046098204781615,0.0693434337116414,0
2011-10-29,0.0023745409519921,-0.0002200462105918,0.0692045183891171,0
2011-10-30,0.0022653857170544,-0.000220094641584,0.0690663546048848,0
2011-10-31,0.0021314622031758,-0.0002201430938994,0.0689289491791097,0
2011-11-01,0.0019729369183753,0.0065833022491973,0.068792308931957,1
2011-11-02,0.0017899392637183,0.0002624327531134,0.0686564406835919,1
2011-11-03,0.001582555878023,-0.002758984867765,0.0685213512541795,1
2011-11-04,0.001350824995944,0.0028901754222334,0.068387047463885,1
2011-11-05,0.0010947307577453,0.0,0.0682535361328737,1
2011-11-06,0.0008141974016006,0.0,0.0681208240813106,1
2011-11-07,0.0005090832612599,0.0,0.067988918129361,1
2011-11-08,0.0001791744830227,-0.0001311905544682,0.06785782509719,1
2011-11-09,-0.0001758216341092,0.0009179726564238,0.0677275518049629,1
2011-11-10,-0.0005562837829256,0.0007861635625033,0.0675981050728448,1
2011-11-11,-0.0009626843986615,0.0,0.0674694917210008,1
2011-11-12,-0.0013955981536224,0.0002182691266986,0.0673417185695962,1
2011-11-13,-0.0018557113530989,0.0002182214956833,0.0672147924387961,1
2011-11-14,-0.0023438324133969,0.0002181738854514,0.0670887201487658,1
2011-11-15,-0.0028609036312943,0.0006542362025964,0.0669635085196703,1
2011-11-16,-0.0034080144888653,0.0002615746810623,0.066839164371675,1
2011-11-17,-0.0039604159355934,0.001045615047559,0.0667156945249448,1
2011-11-18,-0.0044145965784599,0.0,0.0665931057996451,1
2011-11-19,-0.0047432436250466,0.0,0.0664714050159411,1
2011-11-20,-0.004944338659229,0.0,0.0663505989939978,1
2011-11-21,-0.0050154974730466,0.0,0.0662306945539804,1
2011-11-22,-0.0049541284924167,0.0006529546428528,0.0661116985160543,1
2011-11-23,-0.0047576020591984,0.0,0.0659936177003844,1
2011-11-24,-0.0044478347933208,0.0010438414308984,0.065876458927136,1
2011-11-25,-0.0041210782296289,-0.0001304206066407,0.0657602290164744,1
2011-11-26,-0.0038019957915287,0.0001304206066407,0.0656449347885646,1
2011-11-27,-0.0034910483975149,0.000130403599324,0.0655305830635718,1
2011-11-28,-0.0031886728901683,0.0001303865964427,0.0654171806616613,1
2011-11-29,-0.0028952811585226,0.0006516780940959,0.0653047344029981,1
2011-11-30,-0.0026112594635317,0.0006512536863199,0.0651932511077475,1
2011-12-01,-0.0023369679653672,0.0013012363579719,0.0650827375960747,1
2011-12-02,-0.0020727404490931,0.0,0.0649732006881448,1
2011-12-03,-0.0018188842432656,0.0004333694542365,0.0648646472041231,1
2011-12-04,-0.0015756803242137,0.000433181726505,0.0647570839641746,1
2011-12-05,-0.001343383597177,0.0004329941613437,0.0646505177884646,1
2011-12-06,-0.0011222233441682,0.0025940351770467,0.0645449554971582,1
2011-12-07,-0.0009124038273139,-0.0025940351770466,0.0644404039104207,1
2011-12-08,-0.0007141050356075,0.0025940351770467,0.0643368698484172,1
2011-12-09,-0.0005274835623953,-0.0025940351770466,0.0642343601313129,1
2011-12-10,-0.0003526736005707,0.0,0.0641328815792729,1
2011-12-11,-0.0001897880422971,0.0,0.0640324410124625,1
2011-12-12,-3.891967013938784e-05,0.0,0.0639330452510468,1
2011-12-13,9.985757322541154e-05,0.0,0.063834701115191,1
2011-12-14,0.0002264872491851,0.0,0.0637374154250603,1
2011-12-15,0.0003409290330924,0.0,0.0636411950008198,1
2011-12-16,0.0004431572810706,0.0001298616974749,0.0635460466626348,1
2011-12-17,0.0005331595640874,0.0160587392581484,0.0634519772306704,1
2011-12-18,0.000610935178767,0.0158049266931686,0.0633589935250918,1
2011-12-19,0.0006764936434813,0.0155590126002899,0.0632671023660641,1
2011-12-20,0.0007298531872346,0.0006190034242837,0.0631763105737527,1
2011-12-21,0.0007734369846208,-0.0049627893421289,0.0630866249683225,1
2011-12-22,0.0008168516405661,0.001243008239597,0.0629980523699389,1
2011-12-23,0.0008624856056252,-0.0037336695520488,0.0629105995987669,1
2011-12-24,0.0009103250037086,0.0051818957284137,0.0628242734749718,1
2011-12-25,0.0009603549451901,0.0051551820530854,0.0627390808187188,1
2011-12-26,0.0010125594876261,0.0051287423940862,0.062655028450173,1
2011-12-27,0.0010669215981704,-0.0055401803756153,0.0625721231894996,1
2011-12-28,0.0011234231178362,0.0024660924951934,0.0624903718568638,1
2011-12-29,0.001182044727692,0.0071174677688639,0.0624097812724307,1
2011-12-30,0.0012427659171213,0.0,0.0623303582563656,1
2011-12-31,0.0013055649542707,0.0,0.0622521096288337,1
2012-01-01,0.0013704188587864,0.0,0.06217504221,1
2012-01-02,0.0014373033769666,0.0,0.0620991608990251,1
2012-01-03,0.0015061929594427,-0.0034296946896792,0.0620244629110507,1
2012-01-04,0.0015770607414941,0.0,0.0619509435402138,1
2012-01-05,0.0016498785261041,0.0,0.0618785980806516,1
2012-01-06,0.0017246167698702,0.0,0.061807421826501,1
2012-01-07,0.0018012445718505,0.0,0.0617374100718991,1
2012-01-08,0.0018797296654519,0.0,0.0616685581109829,1
2012-01-09,0.0019600384134392,0.0,0.0616008612378895,1
2012-01-10,0.0020421358061451,0.0121952730938182,0.0615343147467559,1
2012-01-11,0.0021259854629511,0.0054397232958181,0.0614689139317191,1
2012-01-12,0.0022115496371035,-0.0054397232958182,0.0614046540869162,1
2012-01-13,0.0022987892239173,-0.0060790460763822,0.0613415305064842,1
2012-01-14,0.0023876637724049,0.0064830048780783,0.0612795384845602,1
2012-01-15,0.0024785106493555,0.006441246102857,0.0612186733152812,1
2012-01-16,0.0025727955661268,0.0064000218454675,0.0611589302927842,1
2012-01-17,0.0026708309566094,0.0017926506145199,0.0611003047112063,1
2012-01-18,0.0027725449328148,0.0,0.0610427918646845,1
2012-01-19,0.002877862235444,-0.0005971932097461,0.0609863870473559,1
2012-01-20,0.0029867041986657,0.0,0.0609310855533574,1
2012-01-21,0.00309898872795,0.0001991040325144,0.0608768826768263,1
2012-01-22,0.0032146302912913,0.0001990643979897,0.0608237737118994,1
2012-01-23,0.0033335399240965,0.0001990247792418,0.0607717539527138,1
2012-01-24,0.0034556252479615,0.0071386382868015,0.0607208186934066,1
2012-01-25,0.0035737060515721,0.0002370791855582,0.0606709632281148,1
2012-01-26,0.0036595538565189,0.0003555134243761,0.0606221828509755,1
2012-01-27,0.0037065693226937,0.0,0.0605744728561256,1
2012-01-28,0.0037153083053843,0.0001974528587716,0.0605278285377023,1
2012-01-29,0.0036863322099215,0.0001974138788367,0.0604822451898425,1
2012-01-30,0.0036201935169379,0.0001973749142892,0.0604377181066833,1
2012-01-31,0.0035174220379563,0.0,0.0603942425823618,1
2012-02-01,0.0033834445453232,-0.0047477833991845,0.0603518139110149,1
2012-02-02,0.0032383108019552,0.0029700051531851,0.0603104273867798,1
2012-02-03,0.0030870156232277,0.0,0.0602700783037935,1
2012-02-04,0.0029295771012838,0.0,0.0602307619561929,1
2012-02-05,0.0027660031685548,0.0,0.0601924736381152,1
2012-02-06,0.002596291301636,0.0,0.0601552086436974,1
2012-02-07,0.0024204282070734,-0.0017809443709946,0.0601189622670765,1
2012-02-08,0.0022383894856294,-0.0011890607821904,0.0600837298023896,1
2012-02-09,0.0020501392714479,-0.0035756891494487,0.0600495065437737,1
2012-02-10,0.0018556298423515,0.0,0.0600162877853658,1
2012-02-11,0.0016548011972761,0.0,0.059984068821303,1
2012-02-12,0.0014475805965937,0.0,0.0599528449457224,1
2012-02-13,0.0012338820607552,0.0,0.0599226114527609,1
2012-02-14,0.001013605822353,-0.0041878613404746,0.0598933636365556,1
2012-02-15,0.0007866377262427,-0.0042054733053972,0.0598650967912436,1
2012-02-16,0.0005528485719475,0.0,0.0598378062109619,1
2012-02-17,0.0003120933919636,-0.0072507870536958,0.0598114871898475,1
2012-02-18,6.421065898010162e-05,-0.0014160010457405,0.0597861350220375,1
2012-02-19,-0.0001909785856917,-0.0014180089482298,0.0597617450016688,1
2012-02-20,-0.00045367169105,-0.0014200225532551,0.0597383124228787,1
2012-02-21,-0.0007240854521845,0.0,0.059715832579804,1
2012-02-22,-0.0010024572735124,-0.0006091989222826,0.0596943007665818,1
2012-02-23,-0.0012890464513373,-0.0048869981196257,0.0596737122773492,1
2012-02-24,-0.0015841355890183,0.0,0.0596540624062433,1
2012-02-25,-0.0018880321597289,0.0001224664749555,0.059635346447401,1
2012-02-26,-0.0022010702336725,0.0001224514787543,0.0596175596949593,1
2012-02-27,-0.0025236123888387,0.0001224364862258,0.0596006974430554,1
2012-02-28,-0.0028527484789912,0.0,0.0595847549858263,1
2012-02-29,-0.0031756069213664,0.0,0.059569727617409,1
2012-03-01,-0.0034890832659377,-0.0034339008479155,0.0595556106319405,0
2012-03-02,-0.0037933276808017,0.0034339008479156,0.059542399323558,0
2012-03-03,-0.0040884604201451,-0.000367354439936,0.0595300889863983,0
2012-03-04,-0.0043745727823183,-0.0003674894388145,0.0595186749145987,0
2012-03-05,-0.0046335301468994,-0.0003676245369508,0.059508152402296,0
2012-03-06,-0.0047918684502663,0.0001225565293524,0.0594985167436274,0
2012-03-07,-0.004829364773354,-0.0002451280806489,0.0594897632327299,0
2012-03-08,-0.0047436858739974,-0.0003678048223895,0.0594818871637406,0
2012-03-09,-0.0045325009669569,0.0,0.0594748838307964,0
2012-03-10,-0.0041936390443433,0.0008171604131937,0.0594687485280344,0
2012-03-11,-0.003725255738719,0.0008164932072302,0.0594634765495917,0
2012-03-12,-0.0031260081308656,0.0008158270899158,0.0594590631896053,0
2012-03-13,-0.0023952345814076,0.0,0.0594555037422122,0
2012-03-14,-0.0015331352649934,0.0,0.0594527935015495,0
2012-03-15,-0.0005409476863213,0.0,0.0594509277617542,0
2012-03-16,0.0005788898303287,0.0,0.0594499018169633,0
2012-03-17,0.0017654772744939,0.0,0.059449710961314,0
2012-03-18,0.00278646563579,0.0,0.0594503504889432,0
2012-03-19,0.0035834323731712,0.0,0.059451815693988,0
2012-03-20,0.0041572238140026,0.0,0.0594541018705853,0
2012-03-21,0.0045101886831698,0.0,0.0594572043128724,0
2012-03-22,0.004645664223884,0.0,0.0594611183149861,0
2012-03-23,0.0045674788830148,0.0,0.0594658391710636,0
2012-03-24,0.0042794804129699,-0.0010198879007454,0.0594713621752419,0
2012-03-25,0.0037850920775628,-0.0010209291341073,0.059477682621658,0
2012-03-26,0.0030868941488998,-0.0010219724956929,0.0594847958044489,0
2012-03-27,0.0021862230325676,0.0030627895305457,0.0594926970177517,0
2012-03-28,0.0010827759699843,0.0,0.0595013815557035,0
2012-03-29,-0.0002257949952798,0.0,0.0595108447124413,0
2012-03-30,-0.0017443207064352,0.0,0.059521081782102,0
2012-03-31,-0.0033793949316657,0.0,0.0595320880588229,0
2012-04-01,-0.0047333988632596,0.0,0.0595438588367408,0
2012-04-02,-0.0057049551705922,0.0,0.0595563894099929,0
2012-04-03,-0.0062888503980076,0.0,0.0595696750727161,0
2012-04-04,-0.0064767380189194,-0.0018365478073015,0.0595837111190476,0
2012-04-05,-0.0062586026336462,0.0018365478073015,0.0595984928431243,0
2012-04-06,-0.0056243408117049,0.0,0.0596140155390834,0
2012-04-07,-0.0046462034136553,0.0,0.0596302745010618,0
2012-04-08,-0.0036442579871705,0.0,0.0596472650231965,0
2012-04-09,-0.002702481104725,0.0,0.0596649823996247,0
2012-04-10,-0.0018243774024197,0.0,0.0596834219244834,0
2012-04-11,-0.0010128786776127,-0.0006118079114055,0.0597025788919095,0
2012-04-12,-0.0002703577189879,0.0,0.0597224485960402,0
2012-04-13,0.0004013467863993,0.0,0.0597430263310125,0
2012-04-14,0.0010008959377594,0.0002039775631754,0.0597643073909634,0
2012-04-15,0.0015274086683575,0.0002039359648141,0.0597862870700299,0
2012-04-16,0.0019804139334249,0.000203894383416,0.0598089606623492,0
2012-04-17,0.0023597987377751,0.0,0.0598323234620582,0
2012-04-18,0.0026657535593474,-0.0006118079114055,0.059856370763294,0
2012-04-19,0.0028987165335531,0.0006118079114054,0.0598810978601936,0
2012-04-20,0.0030593175409077,-0.0006118079114055,0.0599065000468941,0
2012-04-21,0.0031483231023559,0.0004079135279893,0.0599325726175325,0
2012-04-22,0.0031665827453821,0.0004077472023872,0.0599593108662458,0
2012-04-23,0.0031149772691848,0.0004075810123674,0.0599867100871712,0
2012-04-24,0.0029943691152412,0.0,0.0600147655744455,0
2012-04-25,0.0028055548442932,-0.0018354241922271,0.0600434726222059,0
2012-04-26,0.0025492195329317,-0.0008576855270618,0.0600728265245895,0
2012-04-27,0.0022258927314005,0.0002451280806487,0.0601028225757331,0
2012-04-28,0.0018359054655573,0.0002042275101552,0.060133456069774,0
2012-04-29,0.0013793476152361,0.0002041858097959,0.0601647223008491,0
2012-04-30,0.0008560248519787,0.0002041441264617,0.0601966165630954,0
2012-05-01,0.0002654141631866,0.0,0.0602291341506501,0
2012-05-02,-0.0003933831824255,0.0024464844006696,0.0602622703576501,0
2012-05-03,-0.0011216925734915,0.0,0.0602960204782325,0
2012-05-04,-0.0019213224868412,0.0,0.0603303798065343,0
2012-05-05,-0.0027946283017895,-0.0006110602084425,0.0603653436366926,0
2012-05-06,-0.0037445857757547,-0.0006114338313385,0.0604009072628444,0
2012-05-07,-0.0047748769595255,-0.0006118079114055,0.0604370659791267,0
2012-05-08,-0.0058899919849523,0.001223241742744,0.0604738150796766,0
2012-05-09,-0.0070953510211709,0.0006110602084426,0.0605111498586312,0
2012-05-10,-0.0083974518433902,-0.0018343019511866,0.0605490656101274,0
2012-05-11,-0.0098040499965406,0.0,0.0605875576283024,0
2012-05-12,-0.0110912070126327,-0.0002040191785103,0.0606266212072931,0
2012-05-13,-0.011314431367563,-0.0002040608108294,0.0606662516412366,0
2012-05-14,-0.0101879269741935,-0.0002041024601431,0.0607064442242699,0
2012-05-15,-0.0076590131674912,0.0,0.0607471942505301,0
2012-05-16,-0.0036994791793854,0.0,0.0607884970141542,0
2012-05-17,0.0016733751638087,0.0,0.0608303478092792,0
2012-05-18,0.0083771308617756,0.0,0.0608727419300423,0
2012-05-19,0.0153052048637149,0.0,0.0609156746705803,0
2012-05-20,0.0185963468119663,0.0,0.0609591413250305,0
2012-05-21,0.0182272126381486,0.0,0.0610031371875297,0
2012-05-22,0.0171961988295474,0.0006121824494829,0.0610476575522152,0
2012-05-23,0.0162226973651405,0.001223241742744,0.0610926977132238,0
2012-05-24,0.0153017372044179,0.0006110602084426,0.0611382529646926,0
2012-05-25,0.0144289086936175,-0.0018343019511866,0.0611843186007587,0
2012-05-26,0.013600287129069,0.0,0.0612308899155591,0
2012-05-27,0.0128123685213693,0.0,0.0612779622032309,0
2012-05-28,0.0120620153494322,0.0,0.0613255307579111,0
2012-05-29,0.0113464105399213,0.0018343019511866,0.0613735908737367,0
2012-05-30,0.0106630182551329,0.0,0.0614221378448448,0
2012-05-31,0.0100095503447505,-0.0018343019511866,0.0614711669653724,0
2012-06-01,0.0093839375317713,0.0018343019511866,0.0615206735294565,0
2012-06-02,0.0087843045734176,0.0,0.0615706528312343,0
2012-06-03,0.0082089487739715,0.0,0.0616211001648427,0
2012-06-04,0.0076563213357435,0.0,0.0616720108244187,0
2012-06-05,0.0071250111225662,0.0,0.0617233801040995,0
2012-06-06,0.0066137304816886,0.0,0.061775203298022,0
2012-06-07,0.0061213028282451,0.0003664569759448,0.0618274757003234,0
2012-06-08,0.0056466517441494,0.0,0.0618801926051405,0
2012-06-09,0.0051887913824883,-0.0007330482918363,0.0619333493066106,0
2012-06-10,0.0047468180008696,-0.000733586045858,0.0619869410988705,0
2012-06-11,0.004319902474004,-0.000734124589437,0.0620409632760575,0
2012-06-12,0.0039072836581524,0.0022007589271315,0.0620954111323084,0
2012-06-13,0.0035082624986798,0.0,0.0621502799617603,0
2012-06-14,0.0031221967876255,-0.0009775171843873,0.0622055650585504,0
2012-06-15,0.0027484964913065,0.0,0.0622612617168155,0
2012-06-16,0.0023866195790634,0.0,0.0623173652306928,0
2012-06-17,0.0020360682936318,0.0,0.0623738708943194,0
2012-06-18,0.0016963858115836,0.0,0.0624307740018321,0
2012-06-19,0.0013671532490364,0.0,0.0624880698473681,0
2012-06-20,0.0010479869736117,0.0,0.0625457537250645,0
2012-06-21,0.0007385361885567,0.0,0.0626038209290582,0
2012-06-22,0.0004384807591688,0.0,0.0626622667534863,0
2012-06-23,0.000147529255302,0.0,0.0627210864924859,0
2012-06-24,-0.0001345828131517,0.0,0.0627802754401939,0
2012-06-25,-0.0004080945882092,0.0,0.0628398288907474,0
2012-06-26,-0.0006732213012661,0.0,0.0628997421382835,0
2012-06-27,-0.0009301555721585,0.0,0.0629600104769393,0
2012-06-28,-0.0011790685841719,-0.0006114338313385,0.0630206292008516,0
2012-06-29,-0.0014201111478382,0.0,0.0630815936041577,0
2012-06-30,-0.001653414665064,0.0,0.0631428989809944,0
2012-07-01,-0.0018790920040281,0.0,0.0632045406254989,0
2012-07-02,-0.0020972382942861,0.0,0.0632665138318083,0
2012-07-03,-0.0023079316507296,0.0,0.0633288138940594,0
2012-07-04,-0.0025112338342798,0.000244618396523,0.0633914361063895,0
2012-07-05,-0.0027071908566176,0.0,0.0634543757629355,0
2012-07-06,-0.0028958335357155,0.0,0.0635176281578344,0
2012-07-07,-0.0030771780084798,-0.0006932409289765,0.0635811885852234,0
2012-07-08,-0.0032512262064552,-0.0006937218453721,0.0636450523392394,0
2012-07-09,-0.0034179663002132,-0.0006942034294757,0.0637092147140194,0
2012-07-10,-0.0035773731178164,0.0020811662038246,0.0637736710037006,0
2012-07-11,-0.0037294085424883,0.0,0.06383841650242,0
2012-07-12,-0.0038740218945278,0.0003668154348155,0.0639034465043145,0
2012-07-13,-0.0040111503022983,0.0,0.0639687563035214,0
2012-07-14,-0.0041407190670959,0.0,0.0640343411941775,0
2012-07-15,-0.0042626420265729,0.0,0.0641001964704199,0
2012-07-16,-0.0043768219213944,0.0,0.0641663174263857,0
2012-07-17,-0.0044831507697481,-0.0024479816386401,0.0642326993562119,0
2012-07-18,-0.0045815102543221,0.0,0.0642993375540355,0
2012-07-19,-0.0046717721263748,0.0,0.0643662273139937,0
2012-07-20,-0.0047537986314878,0.0,0.0644333639302233,0
2012-07-21,-0.0048274429616406,0.0006125574464126,0.0645007426968616,0
2012-07-22,-0.0048925497381853,0.0006121824494832,0.0645683589080454,0
2012-07-23,-0.0049489555303275,0.0006118079114054,0.0646362078579119,0
2012-07-24,-0.0049964894136501,0.0,0.064704284840598,0
2012-07-25,-0.0050349735731896,0.0,0.064772585150241,0
2012-07-26,-0.005064223955443,0.0,0.0648411040809776,0
2012-07-27,-0.0050840509736104,-0.0003976325621694,0.0649098369269451,0
2012-07-28,-0.0050942602701562,-0.0003977907367213,0.0649787789822804,0
2012-07-29,-0.0050946535405866,-0.0003979490371641,0.0650479255411206,0
2012-07-30,-0.0050850294220463,-0.0003981074636481,0.0651172718976028,0
2012-07-31,-0.0050651844499903,0.0003674894388145,0.0651868133458639,0
2012-08-01,-0.0050349140857694,0.0,0.065256545180041,0
2012-08-02,-0.0049940138174669,0.0,0.0653264626942712,0
2012-08-03,-0.0049422803357332,0.0,0.0653965611826915,0
2012-08-04,-0.0048795127856897,0.0,0.0654668359394389,0
2012-08-05,-0.004805514095184,0.0,0.0655372822586504,0
2012-08-06,-0.0047200923788045,0.0,0.0656078954344632,0
2012-08-07,-0.0046230624160768,-0.0030665464079794,0.0656786707610143,0
2012-08-08,-0.0045142472011724,0.0,0.0657496035324406,0
2012-08-09,-0.0043934795602659,0.0,0.0658206890428792,0
2012-08-10,-0.0042606038314008,0.0,0.0658919225864673,0
2012-08-11,-0.0041154776003298,0.0004094165870904,0.0659632994573417,0
2012-08-12,-0.0039579734843522,0.0004092490337454,0.0660348149496396,0
2012-08-13,-0.0037879809546463,0.0004090816174863,0.066106464357498,0
2012-08-14,-0.0036054081860272,0.0,0.0661782429750539,0
2012-08-15,-0.0034101839214782,0.0,0.0662501460964444,0
2012-08-16,-0.0032022593372113,0.0,0.0663221690158065,0
2012-08-17,-0.0029816098924717,0.0,0.0663943070272773,0
2012-08-18,-0.0027482371468114,0.0,0.0664665554249938,0
2012-08-19,-0.0025021705261766,0.0,0.0665389095030929,0
2012-08-20,-0.0022434690179357,0.0,0.0666113645557119,0
2012-08-21,-0.0019722227739132,0.0,0.0666839158769877,0
2012-08-22,-0.0016885545996999,0.0,0.0667565587610573,0
2012-08-23,-0.0013926213079487,-0.0030721990369701,0.0668292885020579,0
2012-08-24,-0.001084614913172,0.0,0.0669021003941263,0
2012-08-25,-0.000764763645651,0.0,0.0669749897313998,0
2012-08-26,-0.0004333327626291,0.0,0.0670479518080153,0
2012-08-27,-9.507422535635234e-05,0.0,0.0671209819181098,0
2012-08-28,0.0002318835839096,0.0,0.0671940753558204,0
2012-08-29,0.0005427774339629,0.0,0.0672672274152841,0
2012-08-30,0.000837342016691,0.0055231806561102,0.0673404333906381,0
2012-08-31,0.0011153613757555,0.0,0.0674136885760192,0
2012-09-01,0.001376666780452,-0.0018376727989344,0.0674869882655646,0
2012-09-02,0.0016211343466415,-0.0018410560585282,0.0675603277534113,0
2012-09-03,0.0018486824456714,-0.0018444517986478,0.0676337023336964,0
2012-09-04,0.0020592689412195,0.0055231806561102,0.0677071073005568,0
2012-09-05,0.0022528882924771,0.0,0.0677805379481296,0
2012-09-06,0.0024295685599866,0.0006118079114054,0.0678539895705519,0
2012-09-07,0.0025893683479827,0.0,0.0679274574619607,0
2012-09-08,0.0027323737142559,0.0,0.0680009369164931,0
2012-09-09,0.0028586950755165,0.0,0.068074423228286,0
2012-09-10,0.0029584691066382,0.0,0.0681479116914765,0
2012-09-11,0.0029921073264894,0.0006114338313385,0.0682213976002017,0
2012-09-12,0.0029504468299856,0.0,0.0682948762485986,0
2012-09-13,0.0028343686230063,0.0,0.0683683429308043,0
2012-09-14,0.0026446888130184,0.0,0.0684417929409557,0
2012-09-15,0.0023821052658767,-0.0001222568618187,0.0685152215731899,0
2012-09-16,0.0020471459924813,-0.0001222718103863,0.068588624121644,0
2012-09-17,0.001656280651106,-0.0001222867626104,0.068661995880455,0
2012-09-18,0.0012740370428584,-0.0008564263079286,0.06873533214376,0
2012-09-19,0.0009160590082854,0.0,0.0688086282056959,0
2012-09-20,0.0005818587213194,0.0,0.0688818793603999,0
2012-09-21,0.0002710309239954,0.0,0.0689550809020089,0
2012-09-22,-1.675411695648715e-05,0.0,0.06902822812466,0
2012-09-23,-0.0002817570949185,0.0,0.0691013163224902,0
2012-09-24,-0.0005241756914836,0.0,0.0691743407896367,0
2012-09-25,-0.0007441502376056,0.0,0.0692472968202364,0
2012-09-26,-0.0009417690872203,-0.0012247398958959,0.0693201797084263,0
2012-09-27,-0.0011170737737844,0.0,0.0693929847483435,0
2012-09-28,-0.0012700640122686,0.0,0.0694657072341251,0
2012-09-29,-0.001400702602062,0.0,0.0695383424599081,0
2012-09-30,-0.0015089202797574,0.0,0.0696108857198295,0
2012-10-01,-0.0015946205646794,0.0,0.0696833323080263,0
2012-10-02,-0.001657684634163,0.0,0.0697556775186357,0
2012-10-03,-0.0016979762597976,0.0,0.0698279166457946,0
2012-10-04,-0.0017153468300397,-0.0012262417232441,0.0699000449836401,0
2012-10-05,-0.0017096404786231,0.0,0.0699720578263092,0
2012-10-06,-0.0016806993320064,0.0,0.070043950467939,0
2012-10-07,-0.0016283688826116,0.0,0.0701157182026665,0
2012-10-08,-0.0015525034877908,0.0,0.0701873563246287,0
2012-10-09,-0.0014529719873018,-0.0024570036930521,0.0702588601279627,0
2012-10-10,-0.001329663424554,0.0,0.0703302249068056,0
2012-10-11,-0.0011824928491351,-0.0012307693861326,0.0704014459552943,0
2012-10-12,-0.0010114071700552,0.0,0.070472518567566,0
2012-10-13,-0.0008163910210608,0.0002052334537731,0.0705434380377575,0
2012-10-14,-0.0005974725912078,0.0002051913416453,0.0706141996600061,0
2012-10-15,-0.0003547293659874,0.0002051492467959,0.0706847987284487,0
2012-10-16,-8.829371671797729e-05,0.0,0.0707552305372223,0
2012-10-17,0.0002016417309698,-0.0006155740422145,0.0708254903804641,0
2012-10-18,0.0005148190248045,0.0,0.070895573552311,0
2012-10-19,0.0008509101898335,0.0,0.0709654753469001,0
2012-10-20,0.0012095129922965,0.0002052334537731,0.0710351910583685,0
2012-10-21,0.0015901472488244,0.0002051913416453,0.0711047159808531,0
2012-10-22,0.0019862369977528,0.0002051492467959,0.071174045408491,0
2012-10-23,0.002373193681556,-0.0006155740422145,0.0712431746354193,0
2012-10-24,0.0027446543801241,0.0,0.071312098955775,0
2012-10-25,0.0031003504376834,0.0,0.0713808136636951,0
2012-10-26,0.0034400694396415,0.0,0.0714493140533166,0
2012-10-27,0.0037636531642623,0.0,0.0715175954187767,0
2012-10-28,0.0040709952378053,0.0,0.0715856530542123,0
2012-10-29,0.0043620385400264,0.0,0.0716534822537605,0
2012-10-30,0.0046367724063602,0.0,0.0717210783115584,0
2012-10-31,0.0048952296716502,0.0,0.0717884365217429,0
2012-11-01,0.0051374835983339,-0.0037014231031862,0.0718555521784512,1
2012-11-02,0.0053636447293578,0.0049321924893188,0.0719224205758202,1
2012-11-03,0.0055738577031513,0.0004099200713272,0.0719890370079869,1
2012-11-04,0.0057682980646702,0.0004097521057127,0.0720553967690886,1
2012-11-05,0.0059471691030716,0.0004095842776899,0.0721214951532621,1
2012-11-06,0.0061106987429549,-0.0055435928848504,0.0721873274546445,1
2012-11-07,0.0062591365125293,0.0006174745487945,0.0722528889673728,1
2012-11-08,0.006392750608517,0.0,0.0723181749855842,1
2012-11-09,0.006511825074165,0.0,0.0723831808034156,1
2012-11-10,0.0066166571034845,0.0026713259489667,0.072447901715004,1
2012-11-11,0.0067075544817927,0.0026642089741795,0.0725123330144866,1
2012-11-12,0.0067848331697928,0.0026571298208891,0.0725764699960004,1
2012-11-13,0.0068488150358846,0.0,0.0726403079536823,1
2012-11-14,0.0068998257390732,0.0006121824494829,0.0727038421816695,1
2012-11-15,0.0069381927628069,0.0,0.0727670679740989,1
2012-11-16,0.0069642435983076,0.0,0.0728299806251077,1
2012-11-17,0.006978304074401,-0.0016333200854409,0.0728925754288328,1
2012-11-18,0.0069806968295889,-0.001635992184931,0.0729548476794113,1
2012-11-19,0.0069717399210231,-0.0016386730418202,0.0730167926709803,1
2012-11-20,0.0069517455641897,-0.0024630554323977,0.0730784056976767,1
2012-11-21,0.0069210189964221,0.0,0.0731396820536376,1
2012-11-22,0.0068798574568909,0.0,0.0732006170330002,1
2012-11-23,0.0068285492753139,0.0,0.0732612059299012,1
2012-11-24,0.0067673730614514,0.0,0.073321444038478,1
2012-11-25,0.0066965969873028,0.0,0.0733813266528674,1
2012-11-26,0.0066164781539157,0.0,0.0734408490672066,1
2012-11-27,0.0065272620347711,0.0,0.0735000065756324,1
2012-11-28,0.0064291819878267,0.0067588582951069,0.0735587944722822,1
2012-11-29,0.006322458828469,-0.006758858295107,0.0736172080512927,1
2012-11-30,0.0062073004558321,0.0,0.0736752426068011,1
2012-12-01,0.0060839015251605,0.0007395538362467,0.0737328934329444,1
2012-12-02,0.0059524431591472,0.0007390073005377,0.0737901558238597,1
2012-12-03,0.0058130926914322,0.00073846157202,0.0738470250736841,1
2012-12-04,0.0056660034356662,0.0,0.0739034964765544,1
2012-12-05,0.0055113144738287,0.0,0.0739595653266078,1
2012-12-06,0.0053491504576708,-0.0034508291577329,0.0740152269179814,1
2012-12-07,0.0051796214173805,0.0,0.0740704765448121,1
2012-12-08,0.0050028225717389,-0.0004116073324216,0.074125309501237,1
2012-12-09,0.0048188341341878,-0.0004117768227835,0.0741797210813931,1
2012-12-10,0.0046277211093284,-0.0004119464527874,0.0742337065794176,1
2012-12-11,0.004429533074471,0.0,0.0742872612894473,1
2012-12-12,0.0042243039408609,0.0,0.0743403805056194,1
2012-12-13,0.0040120516892182,0.0,0.0743930595220709,1
2012-12-14,0.0037927780741536,0.0,0.0744452936329389,1
2012-12-15,0.0035664682918999,-0.0020622816135638,0.0744970781323603,1
2012-12-16,0.0033330906056478,-0.0020665434095544,0.0745484083144723,1
2012-12-17,0.0030925959225014,-0.0020708228564069,0.0745992794734119,1
2012-12-18,0.0028449173157924,0.0024844733276617,0.074649686903316,1
2012-12-19,0.0025899694860626,-0.003978125584445,0.0746996258983218,1
2012-12-20,0.0023276481536035,-0.0009970090556685,0.0747490917525662,1
2012-12-21,0.0020578293748073,0.0,0.0747980797601864,1
2012-12-22,0.0017803687739625,-0.0008316008795258,0.0748465852153194,1
2012-12-23,0.0014951006812905,-0.0008322930151694,0.0748946034121022,1
2012-12-24,0.0012018371671088,-0.0008329863038917,0.0749421296446718,1
2012-12-25,0.0009003669608942,-0.0012507819016526,0.0749891592071653,1
2012-12-26,0.0005904542427755,-0.001252348316466,0.0750356873937197,1
2012-12-27,0.0002718372935025,-0.0027606994569804,0.0750817094984721,1
2012-12-28,-5.577301276060183e-05,0.0,0.0751272208155595,1
2012-12-29,-0.0003926948904437,0.000533911226389,0.0751722166391189,1
2012-12-30,-0.0007392775192854,0.0005336263173005,0.0752166922632875,1
2012-12-31,-0.0010959031383101,0.0005333417121203,0.0752606429822021,1
2013-01-01,-0.0014629893827052,0.0005330574103617,0.07530406409,1
2013-01-02,-0.0018375247960568,-0.0002508151505498,0.0753469519623502,1
2013-01-03,-0.0022060759561621,0.0001254154388046,0.0753893073010509,1
2013-01-04,-0.0025655108804288,-0.0002508466086149,0.0754311318894321,1
2013-01-05,-0.002916119528094,-0.0001672660370212,0.0754724275108243,1
2013-01-06,-0.003258159799061,-0.0001672940196288,0.0755131959485575,1
2013-01-07,-0.0035918589979571,-0.0001673220116009,0.075553438985962,1
2013-01-08,-0.0039174151105438,0.0,0.075593158406368,1
2013-01-09,-0.0042349979097318,0.0,0.0756323559931057,1
2013-01-10,-0.0045447499065568,0.0,0.0756710335295053,1
2013-01-11,-0.0048467871598089,0.0,0.075709192798897,1
2013-01-12,-0.0051411999566426,0.0,0.0757468355846111,1
2013-01-13,-0.0054280533753155,0.0,0.0757839636699778,1
2013-01-14,-0.0057073877402363,0.0,0.0758205788383273,1
2013-01-15,-0.0059792189787214,0.0,0.0758566828729897,1
2013-01-16,-0.0062435388882116,0.0,0.0758922775572954,1
2013-01-17,-0.0065003153222421,-0.0025131955927267,0.0759273646745744,1
2013-01-18,-0.006749492303114,0.0,0.0759619460081572,1
2013-01-19,-0.0069909900690011,0.0,0.0759960233413738,1
2013-01-20,-0.0072247050631621,0.0,0.0760295984575544,1
2013-01-21,-0.0074505098729617,0.0,0.0760626731400293,1
2013-01-22,-0.0076682531265702,0.0,0.0760952491721288,1
2013-01-23,-0.0078777593554893,-0.0016369707111981,0.0761273283371829,1
2013-01-24,-0.0080788288314453,0.0,0.076158912418522,1
2013-01-25,-0.0082712373867101,0.0,0.0761900031994762,1
2013-01-26,-0.0084547362275141,0.0,0.0762206024633757,1
2013-01-27,-0.0086290517509699,0.0,0.0762507119935508,1
2013-01-28,-0.008793885376758,0.0,0.0762803335733318,1
2013-01-29,-0.0089489134057744,0.0,0.0763094689860487,1
2013-01-30,-0.0090937869190045,0.0,0.0763381200150318,1
2013-01-31,-0.0092281317310275,-0.0063211335633707,0.0763662884436113,1
2013-02-01,-0.0093515484137921,-0.0063613446070176,0.0763939760551175,1
2013-02-02,-0.0094636124076086,0.0010630382631771,0.0764211846328806,1
2013-02-03,-0.009563874237683,0.0010619094127333,0.0764479159602307,1
2013-02-04,-0.0096518598559011,0.0010607829572204,0.0764741718204981,1
2013-02-05,-0.0097270711289908,-0.0031857306331309,0.076499953997013,1
2013-02-06,-0.009788986495592,0.0095269059715782,0.0765252642731056,1
2013-02-07,-0.0098370618160628,-0.0010118897903634,0.0765501044321061,1
2013-02-08,-0.0098707314400955,-0.0119670428784075,0.0765744762573448,1
2013-02-09,-0.0098894095182503,0.0039199027611074,0.0765983815321519,1
2013-02-10,-0.0098924915843424,0.0039045971006296,0.0766218220398575,1
2013-02-11,-0.0098793564361424,0.0038894105004471,0.0766447995637919,1
2013-02-12,-0.0098493683419675,0.0,0.0766673158872853,1
2013-02-13,-0.0098018796004196,0.0,0.0766893727936679,1
2013-02-14,-0.0097362334795874,0.0,0.0767109720662699,1
2013-02-15,-0.0096517675604231,0.0,0.0767321154884216,1
2013-02-16,-0.0095478175066323,-0.0002954022767455,0.0767528048434531,1
2013-02-17,-0.0094237212800744,-0.0002954895650366,0.0767730419146948,1
2013-02-18,-0.0092788238163896,-0.0002955769049281,0.0767928284854767,1
2013-02-19,-0.0091124821701139,0.0,0.0768121663391291,1
2013-02-20,-0.0089240711319146,0.0,0.0768310572589822,1
2013-02-21,-0.0087129893126693,-7.601961309675398e-05,0.0768495030283663,1
2013-02-22,-0.0084786656799086,-7.602539251772989e-05,0.0768675054306115,1
2013-02-23,-0.0082151440419967,-7.603117281743651e-05,0.076885066249048,1
2013-02-24,-0.0078999005522948,-7.603695399620696e-05,0.0769021872670061,1
2013-02-25,-0.0075261689828824,-7.604273605426329e-05,0.076918870267816,1
2013-02-26,-0.0070926846629642,0.0,0.076935117034808,1
2013-02-27,-0.0065983940521477,-0.0006339144427813,0.0769509293513121,1
2013-02-28,-0.0060424986501595,-0.0001268311245278,0.0769663090006586,1
2013-03-01,-0.0054244997381893,0.0,0.0769812577661779,0
2013-03-02,-0.0047442429697481,0.0,0.0769957774312,0
2013-03-03,-0.0040019616495017,0.0,0.0770098697790551,0
2013-03-04,-0.0031983173775981,0.0,0.0770235365930735,0
2013-03-05,-0.0023344366081528,0.0,0.0770367796565855,0
2013-03-06,-0.0014119415881762,-0.000507485420686,0.0770496007529211,0
2013-03-07,-0.0004329741216158,-0.0025412974286726,0.0770620016654107,0
2013-03-08,0.0005997893448425,0.0004134005433082,0.0770739841773844,0
2013-03-09,0.0016831326821989,0.0004132297139174,0.0770855500721725,0
2013-03-10,0.0028133062296865,0.0004130590256522,0.0770967011331052,0
2013-03-11,0.0039860449672368,0.0004128884783371,0.0771074391435127,0
2013-03-12,0.005196599149112,-0.0001905427297835,0.0771177658867252,0
2013-03-13,0.0064397773801585,-0.0001905790432348,0.0771276831460728,0
2013-03-14,0.007710001615232,-0.0012714559881968,0.077137192704886,0
2013-03-15,0.0090013730467611,0.0,0.0771462963464947,0
2013-03-16,0.0102659465911634,0.0,0.0771549958542294,0
2013-03-17,0.0113340285041136,0.0,0.0771632930114201,0
2013-03-18,0.0121689703650535,0.0,0.0771711896013971,0
2013-03-19,0.0127786915044009,-0.0008909820483775,0.0771786874074906,0
2013-03-20,0.0131724405977926,-0.0029331143900259,0.0771857882130308,0
2013-03-21,0.0133602297246975,0.0010211897747279,0.077192493801348,0
2013-03-22,0.0133523377894811,-0.0003190097963061,0.0771988059557722,0
2013-03-23,0.0131588864175785,-0.000319111596032,0.0772047264596339,0
2013-03-24,0.0127894855490324,-0.0003192134607498,0.0772102570962632,0
2013-03-25,0.0122529418001907,-0.0003193153905217,0.0772153996489902,0
2013-03-26,0.0115570199910851,-0.0003833131076129,0.0772201559011453,0
2013-03-27,0.0107082467012014,-0.0003834600928945,0.0772245276360586,0
2013-03-28,0.0097117439636041,-0.0021757223659269,0.0772285166370602,0
2013-03-29,0.0085710809001972,0.0002562131707585,0.0772321246874806,0
2013-03-30,0.0072881309368383,0.0002561475423843,0.0772353535706498,0
2013-03-31,0.0058629219460479,0.0002560819476221,0.0772382050698981,0
2013-04-01,0.004293465994683,0.0002560163864469,0.0772406809685557,0
2013-04-02,0.0025755540653587,-0.0006401639038158,0.0772427830499528,0
2013-04-03,0.0007024988738913,0.0,0.0772445130974197,0
2013-04-04,-0.0013351946676998,-0.0003842951433959,0.0772458728942864,0
2013-04-05,-0.0035502572372962,3.2030236545903745e-05,0.0772468642238833,0
2013-04-06,-0.0059592151540998,3.202921064298288e-05,0.0772474888695406,0
2013-04-07,-0.0085831287396909,3.202818480533999e-05,0.0772477486145885,0
2013-04-08,-0.0114485728866477,3.2027159033641186e-05,0.0772476452423571,0
2013-04-09,-0.0145889504689929,0.0,0.0772471805361768,0
2013-04-10,-0.018046269819549,-0.0001281147910279,0.0772463562793777,0
2013-04-11,-0.0218735802126861,-0.0002562788327711,0.07724517425529,0
2013-04-12,-0.0261383582196811,0.0,0.077243636247244,0
2013-04-13,-0.0309272976409602,-0.0001281640501594,0.0772417440385698,0
2013-04-14,-0.0363532210863312,-0.0001281804782885,0.0772394994125977,0
2013-04-15,-0.0425652856550591,-0.0001281969106301,0.0772369041526579,0
2013-04-16,-0.0477009612303346,-0.0002564431351404,0.0772339600420807,0
2013-04-17,-0.0429270562294835,0.0002564431351403,0.0772306688641961,0
2013-04-18,-0.0271197052254059,-0.0002564431351404,0.0772270324023345,0
2013-04-19,-0.0108784327837918,-0.0003847880506657,0.0772230524398261,0
2013-04-20,0.0021806935463683,0.0,0.077218730760001,0
2013-04-21,0.0114798405283068,0.0,0.0772140691461895,0
2013-04-22,0.0168500538703938,0.0,0.0772090693817218,0
2013-04-23,0.0184033046093612,-0.0010268259148908,0.0772037332499281,0
2013-04-24,0.016376387742775,0.0003851832878079,0.0771980625341386,0
2013-04-25,0.0117296096584261,-0.0003851832878078,0.0771920590176836,0
2013-04-26,0.007482172045607,-0.0002568713088875,0.0771857244838932,0
2013-04-27,0.0042989930478585,0.0002140640059549,0.0771790607160977,0
2013-04-28,0.0021247289781967,0.0002140181923634,0.0771720694976273,0
2013-04-29,0.0009315236546335,0.0002139723983771,0.0771647526118121,0
2013-04-30,0.0005439028553613,0.0002567064575769,0.0771571118419825,0
2013-05-01,0.0003015597910268,-0.0005134788302807,0.0771491489714686,0
2013-05-02,3.980852499140483e-05,0.0005134788302808,0.0771408657836007,0
2013-05-03,-0.000241543564917,-0.0002567064575769,0.0771322640617089,0
2013-05-04,-0.0005427423634665,8.557614142403769e-05,0.0771233455891235,0
2013-05-05,-0.0008640916196049,8.556881877469615e-05,0.0771141121491747,0
2013-05-06,-0.0012059579170983,8.55614973784135e-05,0.0771045655251926,0
2013-05-07,-0.0015687760884856,-0.0005134788302807,0.0770947075005076,0
2013-05-08,-0.0019530551566182,-0.0003852822239916,0.0770845398584498,0
2013-05-09,-0.0023593848998581,-0.0002569373087105,0.0770740643823495,0
2013-05-10,-0.0027884431511406,-0.0001284934148893,0.0770632828555368,0
2013-05-11,-0.0032410039579359,0.0,0.0770521970613419,0
2013-05-12,-0.0037179467504424,0.0,0.0770408087830952,0
2013-05-13,-0.004220266689699,0.0,0.0770291198041268,0
2013-05-14,-0.0047490863968344,-0.0006427148495555,0.0770171319077668,0
2013-05-15,-0.005263439731283,0.0,0.0770048468773456,0
2013-05-16,-0.0055938822388554,0.0,0.0769922664961934,0
2013-05-17,-0.0056939756887738,-0.0002572016475083,0.0769793925476403,0
2013-05-18,-0.0055585275959874,8.574123301143601e-05,0.0769662268150166,0
2013-05-19,-0.0051823170331076,8.573388208279652e-05,0.0769527710816525,0
2013-05-20,-0.0046067447016728,8.57265324140981e-05,0.0769390271308781,0
2013-05-21,-0.0040140182572458,-0.0001285925546681,0.0769249967460238,0
2013-05-22,-0.0034513874975719,-0.0002572347281066,0.0769106817104197,0
2013-05-23,-0.0029203098160821,-0.0002573009148376,0.0768960838073961,0
2013-05-24,-0.0024220745730503,-0.0005148005261698,0.0768812048202831,0
2013-05-25,-0.001957805442613,0.0003861252380814,0.076866046532411,0
2013-05-26,-0.0015284650193108,0.0003859762029261,0.07685061072711,0
2013-05-27,-0.0011348614632667,0.0003858272827749,0.0768348991877102,0
2013-05-28,-0.0007776569425101,-0.0002572016475083,0.076818913697542,0
2013-05-29,-0.0004573776201281,0.0,0.0768026560399356,0
2013-05-30,-0.0001744249320986,0.0,0.076786127998221,0
2013-05-31,7.091209200175231e-05,-0.0003859265501041,0.0767693313557286,0
2013-06-01,0.0002784436999989,0.0,0.0767522678957887,0
2013-06-02,0.0004480656953744,0.0,0.0767349394017313,0
2013-06-03,0.0005797453148617,0.0,0.0767173476568867,0
2013-06-04,0.0006735068706727,0.0,0.0766994944445851,0
2013-06-05,0.0007294172936078,0.0,0.0766813815481567,0
2013-06-06,0.000747571683005,0.0003859265501042,0.0766630107509318,0
2013-06-07,0.0007280789385995,-0.0002572678172151,0.0766443838362406,0
2013-06-08,0.0006710475185209,-4.288440509264476e-05,0.0766255025874132,0
2013-06-09,0.0005765713372279,-4.288624424385452e-05,0.07660636878778,0
2013-06-10,0.0004447157872786,-4.288808355250405e-05,0.076586984220671,0
2013-06-11,0.0002755038395558,0.0002573009148376,0.0765673506694165,0
2013-06-12,6.890214761245088e-05,0.0001286256352663,0.0765474699173468,0
2013-06-13,-0.000175192947097,-0.0002572678172151,0.076527343747792,0
2013-06-14,-0.0004569696418326,-0.000128658732889,0.0765069739440824,0
2013-06-15,-0.0007767152944575,0.0,0.0764863622895482,0
2013-06-16,-0.0011348316370083,0.0,0.0764655105675195,0
2013-06-17,-0.0015318508135979,0.0,0.0764444205613267,0
2013-06-18,-0.0019684525163697,0.0001286587328889,0.0764230940542999,0
2013-06-19,-0.0024454825407754,0.0,0.0764015328297693,0
2013-06-20,-0.0029639731376124,-0.000128658732889,0.0763797386710652,0
2013-06-21,-0.0035251656068093,-0.0002573671356374,0.0763577133615177,0
2013-06-22,-0.0040991013155498,-0.0002145232229614,0.0763354586844571,0
2013-06-23,-0.0045606043295658,-0.0002145692530494,0.0763129764232136,0
2013-06-24,-0.0048765837518423,-0.0002146153028948,0.0762902683611174,0
2013-06-25,-0.0050445489337772,-0.0006441224055231,0.0762673362814987,0
2013-06-26,-0.0050616172243831,-0.0002577651773519,0.0762441819676878,0
2013-06-27,-0.0049247299817783,0.0018029624974182,0.0762208072030148,0
2013-06-28,-0.0046308838726987,-0.0002573671356374,0.07619721377081,0
2013-06-29,-0.0042058445199146,0.0001286918475492,0.0761734034544036,0
2013-06-30,-0.0037621767055621,0.0001286752880883,0.0761493780371257,0
2013-07-01,-0.003328888132441,0.0001286587328889,0.0761251393023067,0
2013-07-02,-0.0029067271656698,0.0002572678172151,0.0761006890332767,0
2013-07-03,-0.0024963961844398,-0.0001286256352664,0.0760760290133659,0
2013-07-04,-0.0020985495904501,0.0002572347281066,0.0760511610259045,0
2013-07-05,-0.001713792300433,-0.0001286090928401,0.0760260868542229,0
2013-07-06,-0.0013426787187631,-8.57485852007536e-05,0.0760008082816511,0
2013-07-07,-0.0009857121794262,-8.575593865143213e-05,0.0759753270915194,0
2013-07-08,-0.0006433448404861,-8.576329336293109e-05,0.075949645067158,0
2013-07-09,-0.0003159780088329,0.0001286421819487,0.0759237639918972,0
2013-07-10,-3.962868425400501e-06,-0.0002573009148376,0.075897685649067,0
2013-07-11,0.0002923984185069,-0.0002573671356374,0.0758714118219979,0
2013-07-12,0.0005728512706701,0.0,0.0758449442940199,0
2013-07-13,0.0008371869427471,8.579640518311582e-05,0.0758182848484632,0
2013-07-14,0.0010852405128712,8.57890447917086e-05,0.0757914352686582,0
2013-07-15,0.001316888639603,8.578168566268456e-05,0.075764397337935,0
2013-07-16,0.0015320471251845,-0.0002573671356374,0.0757371728396238,0
2013-07-17,0.0017306683210032,-0.0002574333905322,0.0757097635570549,0
2013-07-18,0.0019127384097309,-0.0001287415515135,0.0756821712735583,0
2013-07-19,0.0020782745967472,-0.0002575328368598,0.0756543977724645,0
2013-07-20,0.0022273222412104,0.000343362379441,0.0756264448371036,0
2013-07-21,0.0023599519545691,0.0003432445221838,0.0755983142508057,0
2013-07-22,0.0024762566916174,0.000343126745807,0.0755700077969012,0
2013-07-23,0.0025763488562904,0.0002572678172151,0.0755415272587202,0
2013-07-24,0.0026603574414797,-0.0006432936857417,0.0755128744195929,0
2013-07-25,0.0027284252192158,0.0002573671356376,0.0754840510628496,0
2013-07-26,0.0027807059946571,-0.0002573671356374,0.0754550589718204,0
2013-07-27,0.0028173619345403,-0.0002145232229614,0.0754258999298356,0
2013-07-28,0.0028385609780339,-0.0002145692530494,0.0753965757202255,0
2013-07-29,0.0028444743354027,-0.0002146153028948,0.0753670881263201,0
2013-07-30,0.0028352740775066,0.0009010749145432,0.0753374389314498,0
2013-07-31,0.0028111308169118,-0.0002573671356374,0.0753076299189447,0
2013-08-01,0.0027722114793547,-0.0003861749420458,0.075277662872135,0
2013-08-02,0.0027186771624067,-0.0002575328368598,0.0752475395743511,0
2013-08-03,0.0026516007481084,0.0003004485289891,0.075217261808923,0
2013-08-04,0.0025747853673693,0.0003003582867833,0.075186831359181,0
2013-08-05,0.0024892326954895,0.0003002680987706,0.0751562500084553,0
2013-08-06,0.0023950120866552,-0.0002573671356374,0.0751255195400762,0
2013-08-07,0.0022921845413233,0.0002573671356376,0.0750946417373738,0
2013-08-08,0.0021808020610813,-0.0002573671356374,0.0750636183836784,0
2013-08-09,0.0020609070106577,-0.0002574333905322,0.0750324512623201,0
2013-08-10,0.0019325314826566,0.0001716296236942,0.0750011421566292,0
2013-08-11,0.0017956966603671,0.000171600172021,0.0749696928499359,0
2013-08-12,0.0016504121737316,0.0001715707304543,0.0749381051255704,0
2013-08-13,0.0014966754432902,-0.0002573671356374,0.074906380766863,0
2013-08-14,0.0013344710066166,0.0002573671356376,0.0748745215571438,0
2013-08-15,0.0011637698214431,-0.0002573671356374,0.0748425292797431,0
2013-08-16,0.000984528539273,0.0,0.074810405717991,0
2013-08-17,0.0007966887429005,-8.580376683797722e-05,0.0747781526552178,0
2013-08-18,0.0006001761407339,-8.581112975630152e-05,0.0747457718747537,0
2013-08-19,0.000398108151166,-8.581849393800021e-05,0.0747132651599289,0
2013-08-20,0.0002032049416048,-0.0100919474714712,0.0746806342940737,0
2013-08-21,1.8551766152776207e-05,-0.0022131103220244,0.0746478810605182,0
2013-08-22,-0.0001559583002778,-0.0016956894430283,0.0746150072425927,0
2013-08-23,-0.0003204139593544,0.0,0.0745820146236273,0
2013-08-24,-0.0004748868628669,0.0013046316266649,0.0745489049869523,0
2013-08-25,-0.0006194327276114,0.0013029317804158,0.074515680115898,0
2013-08-26,-0.0007540924012004,0.0013012363579719,0.0744823417937944,0
2013-08-27,-0.0008788928876427,0.004152614324492,0.0744488918039719,0
2013-08-28,-0.0009938483407569,0.0,0.0744153319297606,0
2013-08-29,-0.0010989610328278,0.0,0.0743816639544908,0
2013-08-30,-0.00119422230532,0.0,0.0743478896614926,0
2013-08-31,-0.0012796135078919,0.0021560096316778,0.0743140108340964,0
2013-09-01,-0.0013551069314266,0.0021513712527425,0.0742800292556322,0
2013-09-02,-0.0014206667402896,0.0021467527887287,0.0742459467094304,0
2013-09-03,-0.0014762499085421,-0.006454133673149,0.0742117649788211,0
2013-09-04,-0.0015218071643546,0.0,0.0741774858471345,0
2013-09-05,-0.0015572839463784,0.0,0.074143111097701,0
2013-09-06,-0.0015826213753579,-0.0048030208514854,0.0741086425138505,0
2013-09-07,-0.0015977572437689,0.0,0.0740740818789135,0
2013-09-08,-0.0016026270257342,0.0,0.0740394309762201,0
2013-09-09,-0.001597164908962,0.0,0.0740046915891005,0
2013-09-10,-0.0015813048498725,0.0048030208514855,0.0739698655008849,0
2013-09-11,-0.0015549816524957,0.0,0.0739349544949036,0
2013-09-12,-0.0015181320711102,0.0,0.0738999603544867,0
2013-09-13,-0.00147069593595,0.0,0.0738648848629645,0
2013-09-14,-0.0014126173006277,0.0,0.0738297298036672,0
2013-09-15,-0.001345935739836,0.0,0.073794496959925,0
2013-09-16,-0.0012789890716257,0.0,0.0737591881150682,0
2013-09-17,-0.0012138854247073,0.0,0.0737238050524268,0
2013-09-18,-0.001150647371317,0.0,0.0736883495553312,0
2013-09-19,-0.0010892963165961,0.0,0.0736528234071116,0
2013-09-20,-0.0010298525173436,0.0,0.0736172283910981,0
2013-09-21,-0.0009723351028795,0.0,0.0735815662906211,0
2013-09-22,-0.0009167620979183,0.0,0.0735458388890106,0
2013-09-23,-0.0008631504473576,0.0,0.073510047969597,0
2013-09-24,-0.0008115160428943,0.0,0.0734741953157104,0
2013-09-25,-0.0007618737513522,0.0,0.0734382827106811,0
2013-09-26,-0.0007142374446363,0.0064541336731491,0.0734023119378392,0
2013-09-27,-0.0006686200312114,-0.006454133673149,0.073366284780515,0
2013-09-28,-0.0006250334890028,0.0,0.0733302030220387,0
2013-09-29,-0.00058348889963,0.0,0.0732940684457405,0
2013-09-30,-0.0005439964838745,0.0,0.0732578828349506,0
2013-10-01,-0.0005065656382894,0.0064541336731491,0.0732216479729993,0
2013-10-02,-0.0004712049728626,0.0,0.0731853656432167,0
2013-10-03,-0.0004379223496421,-0.0061951669489256,0.0731490376289331,0
2013-10-04,-0.0004067249222466,-0.0002589667242233,0.0731126657134786,0
2013-10-05,-0.0003776191761731,0.0,0.0730762516801836,0
2013-10-06,-0.0003506109698265,0.0,0.0730397973123781,0
2013-10-07,-0.0003257055762025,0.0,0.0730033043933925,0
2013-10-08,-0.0003029077251465,0.0,0.0729667747065569,0
2013-10-09,-0.0002822216461335,0.0,0.0729302100352016,0
2013-10-10,-0.000263651111499,0.0,0.0728936121626568,0
2013-10-11,-0.0002471994800726,0.0064541336731491,0.0728569828722526,0
2013-10-12,-0.0002328697411592,0.0,0.0728203239473193,0
2013-10-13,-0.0002206645588286,0.0,0.0727836371711871,0
2013-10-14,-0.0002105863164598,0.0,0.0727469243271863,0
2013-10-15,-0.0002026371615191,0.0,0.072710187198647,0
2013-10-16,-0.0001968190505338,0.0,0.0726734275688994,0
2013-10-17,-0.0001931337942338,0.0,0.0726366472212738,0
2013-10-18,-0.0001915831028508,0.0,0.0725998479391004,0
2013-10-19,-0.0001921686315453,-0.0021467527887287,0.0725630315057094,0
2013-10-20,-0.0001948920259745,-0.0021513712527424,0.072526199704431,0
2013-10-21,-0.0001997549679694,-0.0021560096316778,0.0724893543185954,0
2013-10-22,-0.0002067592213507,0.0,0.0724524971315329,0
2013-10-23,-0.0002159066778684,0.0055530587586059,0.0724156299265736,0
2013-10-24,-0.0002271994032933,-0.001030795091916,0.0723787544870478,0
2013-10-25,-0.0002406396836656,0.0,0.0723418725962856,0
2013-10-26,-0.0002562300717407,-0.0021509085122902,0.0723049860376174,0
2013-10-27,-0.0002739734336425,-0.0021555448939423,0.0722680965943733,0
2013-10-28,-0.0002938729957746,-0.0021602013066457,0.0722312060498835,0
2013-10-29,-0.0003159323920256,0.0,0.0721943161874782,0
2013-10-30,-0.000340155711311,0.0,0.0721574287904877,0
2013-10-31,-0.0003665475455122,0.0,0.0721205456422422,0
2013-11-01,-0.000395113037864,0.0,0.0720836685260719,1
2013-11-02,-0.0004258579318639,0.0020738827912705,0.0720467992253069,1
2013-11-03,-0.0004587886207648,0.0020695907011954,0.0720099395232776,1
2013-11-04,-0.000493912197741,0.0020653163401799,0.0719730912033141,1
2013-11-05,-0.0005312365068001,-0.00025793139168,0.0719362560487466,1
2013-11-06,-0.0005707701945437,0.0006447037809534,0.0718994358429054,1
2013-11-07,-0.000612522762869,0.0,0.0718626323691207,1
2013-11-08,-0.0006565046227207,-0.0003867723892733,0.0718258474107226,1
2013-11-09,-0.0007027271490099,0.0,0.0717890827510415,1
2013-11-10,-0.0007512027368175,0.0,0.0717523401734074,1
2013-11-11,-0.0008019448590246,0.0,0.0717156214611507,1
2013-11-12,-0.0008549681255014,0.0,0.0716789283976016,1
2013-11-13,-0.0009102883440079,0.0003867723892733,0.0716422627660901,1
2013-11-14,-0.0009679225829777,0.0,0.0716056263499467,1
2013-11-15,-0.0010278892363444,-0.0006447037809534,0.0715690209325015,1
2013-11-16,-0.0010890999832333,0.0,0.0715324482970846,1
2013-11-17,-0.0011471334332363,0.0,0.0714959102270264,1
2013-11-18,-0.0012008743342382,0.0,0.071459408505657,1
2013-11-19,-0.0012503107410613,-0.0003870218715663,0.0714229449163066,1
2013-11-20,-0.0012954284242089,0.0002580312232094,0.0713865212423055,1
2013-11-21,-0.001336211043296,0.0002579646602724,0.0713501392669839,1
2013-11-22,-0.0013726403217086,0.0001289573797645,0.071313800773672,1
2013-11-23,-0.0014046962229804,0.0,0.0712775075456999,1
2013-11-24,-0.0014323571293304,0.0,0.071241261366398,1
2013-11-25,-0.0014556000227974,0.0,0.0712050640190964,1
2013-11-26,-0.0014744006693252,0.0,0.0711689172871254,1
2013-11-27,-0.0014887338061549,0.0,0.0711328229538151,1
2013-11-28,-0.0014985733328055,0.0,0.0710967828024958,1
2013-11-29,-0.0015038925059075,0.0,0.0710607986164976,1
2013-11-30,-0.0015046641380892,-8.596973870491308e-05,0.0710248721791509,1
2013-12-01,-0.0015008608010797,-8.597713013643876e-05,0.0709890052737858,1
2013-12-02,-0.0014924550331438,-8.598452283877859e-05,0.0709531996837325,1
2013-12-03,-0.0014794195509017,-0.0001289906483569,0.0709174571923213,1
2013-12-04,-0.0014617274655508,0.0006447869202694,0.0708817795828824,1
2013-12-05,-0.0014393525034375,-0.0006447869202693,0.0708461686387459,1
2013-12-06,-0.0014122692308637,0.0,0.0708106261432421,1
2013-12-07,-0.0013804532829739,0.0002149751711956,0.0707751538797012,1
2013-12-08,-0.001343881596481,0.0002149289668041,0.0707397536314534,1
2013-12-09,-0.0013025326459386,0.0002148827822695,0.070704427181829,1
2013-12-10,-0.0012563866831951,-0.0002578648802323,0.0706691763141581,1
2013-12-11,-0.0012054259795978,-0.0001289573797646,0.0706340028117709,1
2013-12-12,-0.0011496350704418,0.0001289573797645,0.0705989084579978,1
2013-12-13,-0.0010890010010917,-0.0001289573797646,0.0705638950361688,1
2013-12-14,-0.001023513574126,-0.0001719690459956,0.0705289643296143,1
2013-12-15,-0.000953165596791,-0.000171998624435,0.0704941181216643,1
2013-12-16,-0.0008779531279687,-0.0001720282130511,0.0704593581956492,1
2013-12-17,-0.0007978757237975,0.0002580312232094,0.0704246863348991,1
2013-12-18,-0.0007129366810266,0.0001289906483568,0.0703901043227444,1
2013-12-19,-0.0006231432770914,-0.0001289906483569,0.0703556139425151,1
2013-12-20,-0.0005285070058659,0.0003869220400371,0.0703212169775414,1
2013-12-21,-0.0004303125409177,-8.596973870491308e-05,0.0702869152111537,1
2013-12-22,-0.000333658767145,-8.597713013643876e-05,0.0702527104266821,1
2013-12-23,-0.0002398456324498,-8.598452283877859e-05,0.0702186044074568,1
2013-12-24,-0.000148902866379,-0.0045246021213949,0.0701845989368081,1
2013-12-25,-6.085754922338206e-05,0.0,0.0701506957980662,1
2013-12-26,2.4265830520685613e-05,-0.0003887773003028,0.0701168967745612,1
2013-12-27,0.0001064453136274,-0.0006482982398861,0.0700832036496234,1
2013-12-28,0.0001856614029556,0.0003458113633493,0.0700496182065831,1
2013-12-29,0.0002618969919603,0.0003456918191889,0.0700161422287703,1
2013-12-30,0.0003351372892784,0.0003455723576508,0.0699827774995154,1
2013-12-31,0.0004053697397698,-0.0002591680719444,0.0699495258021485,1
2014-01-01,0.0004725839423608,0.0,0.06991638892,1
2014-01-02,0.00053677156507,-0.0001296092283584,0.0698833682637734,1
2014-01-03,0.0005979262575414,-0.0003889285068797,0.0698504637536668,1
2014-01-04,0.00065604356145,0.0018568503661857,0.0698176749372517,1
2014-01-05,0.0007111208190825,0.0018534088622742,0.0697850013620996,1
2014-01-06,0.0007631570804219,0.0018499800917973,0.0697524425757819,1
2014-01-07,0.000812153009029,-0.004912109153036,0.0697199981258703,1
2014-01-08,0.0008581107870139,0.0068444769040899,0.0696876675599361,1
2014-01-09,0.0009010340193495,0.0,0.0696554504255509,1
2014-01-10,0.0009409276378045,0.0,0.0696233462702862,1
2014-01-11,0.0009777978047067,-0.0022762910595469,0.0695913546417135,1
2014-01-12,0.0010116518167776,-0.0022814843843011,0.0695594750874043,1
2014-01-13,0.0010424980092221,-0.0022867014602421,0.0695277071549301,1
2014-01-14,0.0010703456602731,0.004654177761356,0.0694960503918624,1
2014-01-15,0.0010952048963464,0.0010313266351798,0.0694645043457726,1
2014-01-16,0.0011170865979602,-0.0059447060568774,0.0694330685642324,1
2014-01-17,0.0011360023065551,0.0049133794216977,0.0694017425948131,1
2014-01-18,0.0011519641323255,-0.0014628692050294,0.0693705259850864,1
2014-01-19,0.0011649846631583,-0.0014650123268301,0.0693394182826236,1
2014-01-20,0.001175076874771,-0.0014671617372455,0.0693084190349964,1
2014-01-21,0.0011822540421115,-0.0005183361525924,0.0692775277897761,1
2014-01-22,0.0011865296520621,0.0003887773003027,0.0692467440945344,1
2014-01-23,0.001187917317498,0.0043956114730379,0.0692160674968426,1
2014-01-24,0.0011864306927165,-0.0005161290437155,0.0691854975442723,1
2014-01-25,0.0011820833902325,-0.0012914892664282,0.0691550337843951,1
2014-01-26,0.0011748888989566,-0.0012931593681044,0.0691246757647823,1
2014-01-27,0.0011648605037129,-0.0012948337947898,0.0690944230330056,1
2014-01-28,0.0011520112060809,0.0041375802498284,0.0690642751366363,1
2014-01-29,0.001136353646508,0.0002580312232094,0.0690342316232461,1
2014-01-30,0.0011179000276386,0.0001289906483568,0.0690042920404064,1
2014-01-31,0.0010966620387922,-0.0001289906483569,0.0689744559356887,1
2014-02-01,0.0010726507815096,8.59956142768695e-05,0.0689447228566645,1
2014-02-02,0.0010458766960808,8.598821966680238e-05,0.0689150923509053,1
2014-02-03,0.0010163494889491,8.598082632888679e-05,0.0688855639659826,1
2014-02-04,0.0009840780608885,-0.0002579646602724,0.068856137249468,1
2014-02-05,0.0009490704358211,-0.0002580312232094,0.0688268117489328,1
2014-02-06,0.0009113336901639,0.0,0.0687975870119487,1
2014-02-07,0.0008708738825418,0.0002580312232094,0.0687684625860871,1
2014-02-08,0.0008276959837378,0.0,0.0687394380189195,1
2014-02-09,0.0007818038067039,0.0,0.0687105128580174,1
2014-02-10,0.000733199936478,0.0,0.0686816866509523,1
2014-02-11,0.000681885659816,-0.004525187112999,0.0686529589452958,1
2014-02-12,0.0006278608943536,0.0055566467196613,0.0686243292886193,1
2014-02-13,0.0005711241171038,-0.0055566467196612,0.0685957972284943,1
2014-02-14,0.0005116722920658,0.0042671558897896,0.0685673623124923,1
2014-02-15,0.0004495007967326,0.0,0.0685390240881849,1
2014-02-16,0.000384603347264,0.0,0.0685107821031434,1
2014-02-17,0.0003176928136721,0.0,0.0684826359049395,1
2014-02-18,0.0002516414882497,0.0006449532632463,0.0684545850411447,1
2014-02-19,0.0001871559180243,0.0002578648802324,0.0684266290593303,1
2014-02-20,0.0001242222750546,-0.0011609159639849,0.068398767507068,1
2014-02-21,6.282772082738918e-05,-0.0002581644521891,0.0683709999319292,1
2014-02-22,2.9603739803153585e-06,-4.303388919433887e-05,0.0683433258814855,1
2014-02-23,-5.539072068624738e-05,-4.303574118965829e-05,0.0683157449033083,1
2014-02-24,-0.0001122356219939,-4.3037593344416014e-05,0.0682882565449691,1
2014-02-25,-0.0001675835210568,-0.0002582644642453,0.0682608603540395,1
2014-02-26,-0.0002214427689248,-0.0001291572491301,0.0682335558780908,1
2014-02-27,-0.0002738209032611,-0.0006460365881389,0.0682063426646948,1
2014-02-28,-0.0003247246741501,0.0,0.0681792202614228,1
2014-03-01,-0.0003741600690873,-0.0001723469348055,0.0681521882158463,0
2014-03-02,-0.0004221323372285,-0.0001723766433917,0.0681252460755368,0
2014-03-03,-0.0004686460129623,-0.0001724063622218,0.0680983933880659,0
2014-03-04,-0.0005137049388596,0.0050306458882952,0.068071629701005,0
2014-03-05,-0.0005573122880704,-0.0009010749145431,0.0680449545619257,0
2014-03-06,-0.0005994705862155,-0.0002575991771072,0.0680183675183994,0
2014-03-07,-0.0006401817328285,-0.0001288244768286,0.0679918681179977,0
2014-03-08,-0.000679447022405,-0.0002147443476802,0.067965455908292,0
2014-03-09,-0.0007172671651025,-0.0002147904727206,0.0679391304368538,0
2014-03-10,-0.0007536423071409,-0.0002148366175793,0.0679128912512547,0
2014-03-11,-0.0007885720509534,-0.0002578648802323,0.0678867378990662,0
2014-03-12,-0.0008220554751238,-0.0006449532632464,0.0678606699278597,0
2014-03-13,-0.0008540911541645,-0.0003871717154901,0.0678346868852068,0
2014-03-14,-0.0008846771781602,-0.0005164622451789,0.0678087883186789,0
2014-03-15,-0.0009138111723366,-0.0001291572491301,0.0677829737758475,0
2014-03-16,-0.0009414903165697,-0.0001291739328798,0.0677572428042842,0
2014-03-17,-0.0009677113648958,-0.0001291906209406,0.0677315949515605,0
2014-03-18,-0.0009924706650321,0.0028383453450787,0.0677060297652478,0
2014-03-19,-0.001015764177966,0.0,0.0676805467929177,0
2014-03-20,-0.0010375874976257,-0.0005154639289391,0.0676551455821417,0
2014-03-21,-0.0010579358706772,-0.0006447037809534,0.0676298256804912,0
2014-03-22,-0.001076804216462,-0.000344012043814,0.0676045866355377,0
2014-03-23,-0.0010941871471228,-0.0003441304288272,0.0675794279948529,0
2014-03-24,-0.0011100789879264,-0.0003442488953485,0.0675543493060081,0
2014-03-25,-0.001124473797818,0.0002581977809334,0.0675293501165748,0
2014-03-26,-0.0011373653902288,-0.0005164622451789,0.0675044299741246,0
2014-03-27,-0.0011487473541596,-0.0003875218029507,0.067479588426229,0
2014-03-28,-0.0011586130755573,-0.0003876720343183,0.0674548250204594,0
2014-03-29,-0.0011669557590134,0.0007321432743764,0.0674301393043875,0
2014-03-30,-0.0011737684497899,0.0007316076327444,0.0674055308255846,0
2014-03-31,-0.0011790440561943,0.0007310727742991,0.0673809991316222,0
2014-04-01,-0.0011827753723231,-0.0002579646602724,0.067356543770072,0
2014-04-02,-0.0011849551011725,0.0,0.0673321642885052,0
2014-04-03,-0.001185575878147,-0.0005161290437155,0.0673078602344936,0
2014-04-04,-0.0011846302949483,-0.000129073894984,0.0672836311556086,0
2014-04-05,-0.0011821109238816,-0.0001721244463993,0.0672594765994216,0
2014-04-06,-0.0011780103425563,-0.0001721540783247,0.0672353961135042,0
2014-04-07,-0.0011723211589994,-0.0001721837204547,0.0672113892454278,0
2014-04-08,-0.0011650360371827,0.0011616651838783,0.0671874555427641,0
2014-04-09,-0.0011561477229496,0.0,0.0671635945530844,0
2014-04-10,-0.0011456490703504,-0.0002580312232094,0.0671398058239603,0
2014-04-11,-0.0011335330683724,-0.0003871717154901,0.0671160889029633,0
2014-04-12,-0.0011197928680566,-8.605851984645281e-05,0.0670924433376649,0
2014-04-13,-0.0011044218099878,-8.606592655295435e-05,0.0670688686756366,0
2014-04-14,-0.0010874134521519,-8.607333453404544e-05,0.0670453644644498,0
2014-04-15,-0.0010687615981259,-0.0003874217133756,0.0670219302516761,0
2014-04-16,-0.0010484603256001,-0.0002583645538205,0.066998565584887,0
2014-04-17,-0.0010265040152,0.0,0.0669752700116541,0
2014-04-18,-0.0010028873795753,0.0,0.0669520430795486,0
2014-04-19,-0.0009776054927434,0.0,0.0669288843361423,0
2014-04-20,-0.0009506538196421,0.0,0.0669057933290066,0
2014-04-21,-0.0009220282458617,0.0,0.0668827696057129,0
2014-04-22,-0.0008917251075195,-0.0002584313233146,0.0668598127138329,0
2014-04-23,-0.000859741221237,0.0,0.0668369222009379,0
2014-04-24,-0.0008260739141635,-0.0003877722532918,0.0668140976145996,0
2014-04-25,-0.0007907210540241,-0.000258598398131,0.0667913385023893,0
2014-04-26,-0.0007536810791116,-0.0001293242808139,0.0667686444118786,0
2014-04-27,-0.000714953028195,-0.0001293410077466,0.0667460148906391,0
2014-04-28,-0.0006745365702735,-0.0001293577390071,0.0667234494862421,0
2014-04-29,-0.0006324320341187,0.0029710026374915,0.0667009477462592,0
2014-04-30,-0.0005886404375522,0.0,0.0666785092182619,0
2014-05-01,-0.0005431635163845,-0.0001289906483569,0.0666561334498218,0
2014-05-02,-0.0004960037529465,-0.0002580312232094,0.0666338199885102,0
2014-05-03,-0.0004471644041619,-0.0008605852510475,0.0666115683818987,0
2014-05-04,-0.0003966495290618,-0.0008613264959722,0.0665893781775589,0
2014-05-05,-0.0003444640156902,-0.0008620690189053,0.0665672489230621,0
2014-05-06,-0.0002906136073165,0.0028420119891344,0.06654518016598,0
2014-05-07,-0.0002351049278712,0.0001289906483568,0.0665231714538839,0
2014-05-08,-0.0001779455065394,-0.0003870218715663,0.0665012223343455,0
2014-05-09,-0.0001191438014196,-0.0002580978205061,0.0664793323549362,0
2014-05-10,-5.870922217385615e-05,-0.000129073894984,0.0664575010632275,0
2014-05-11,3.347848415069319e-06,-0.0001290905572048,0.0664357280067909,0
2014-05-12,6.70160340614517e-05,-0.0001291072237286,0.0664140127331979,0
2014-05-13,0.0001322829458496,-0.0003874217133756,0.06639235479002,0
2014-05-14,0.0001991351644455,0.0014198130813655,0.0663707537248288,0
2014-05-15,0.0002675582237288,-0.0012906558322353,0.0663492090851956,0
2014-05-16,0.0003375365959229,-0.0003875218029507,0.0663277204186921,0
2014-05-17,0.0004090536783034,-0.0003445899413835,0.0663062872728897,0
2014-05-18,0.0004820917815571,-0.000344708724544,0.0662849091953599,0
2014-05-19,0.0005566321198779,-0.0003448275896237,0.0662635857336742,0
2014-05-20,0.000632654802854,0.001292490809372,0.0662423164354042,0
2014-05-21,0.0007101388292298,0.0002582978188195,0.0662211008481212,0
2014-05-22,0.0007890620826017,-0.0002582978188194,0.0661999385193969,0
2014-05-23,0.0008694013291053,-0.0002583645538205,0.0661788289968028,0
2014-05-24,0.0009511322171603,-8.613635390148284e-05,0.0661577718279102,0
2014-05-25,0.0010342292793176,-8.614377401188368e-05,0.0661367665602908,0
2014-05-26,0.0011186659362578,-8.615119540120465e-05,0.066115812741516,0
2014-05-27,0.0012044145029856,-0.0003877722532918,0.0660949099191573,0
2014-05-28,0.0012914461972503,-0.0003879226789449,0.0660740576407863,0
2014-05-29,0.0013797311502282,0.0007756949322367,0.0660532554539744,0
2014-05-30,0.0014692384194853,-0.0002584981273279,0.0660325029062931,0
2014-05-31,0.0015599360042371,-4.308951848120563e-05,0.0660117995453139,0
2014-06-01,0.00165179086292,-4.3091375268002e-05,0.0659911449186084,0
2014-06-02,0.00174299471718,-4.309323221445876e-05,0.065970538573748,0
2014-06-03,0.0018264416304367,0.0,0.0659499800583043,0
2014-06-04,0.0019003966928212,0.0009045681304269,0.0659294689198487,0
2014-06-05,0.0019649124086567,-0.0005167958771352,0.0659090047059527,0
2014-06-06,0.0020200474885578,0.0,0.0658885869641879,0
2014-06-07,0.0020658659047439,0.0001722949694132,0.0658682152421257,0
2014-06-08,0.0021024359633505,0.0001722652889703,0.0658478890873376,0
2014-06-09,0.0021298293961281,0.0001722356187517,0.0658276080473952,0
2014-06-10,0.0021481204734365,0.0,0.06580737166987,0
2014-06-11,0.0021573851399005,0.0012908224330087,0.0657871795023333,0
2014-06-12,0.0021577001736306,0.0,0.0657670310923569,0
2014-06-13,0.0021491423694581,-0.0005161290437155,0.065746925987512,0
2014-06-14,0.0021317877461831,0.000172072615068,0.0657268637353703,0
2014-06-15,0.002105710777462,0.0001720430111767,0.0657068438835033,0
2014-06-16,0.0020709836455427,0.0001720134174707,0.0656868659794824,0
2014-06-17,0.002027675516742,0.0001289906483568,0.0656669295708792,0
2014-06-18,0.0019758518371866,-0.0019366089585008,0.0656470342052651,0
2014-06-19,0.0019155736470655,-0.0003877722532918,0.0656271794302117,0
2014-06-20,0.0018468969113156,-0.000258598398131,0.0656073647932903,0
2014-06-21,0.0017698718644078,-0.0001293242808139,0.0655875898420727,0
2014-06-22,0.0016845423666176,-0.0001293410077466,0.0655678541241302,0
2014-06-23,0.0015909452689142,-0.0001293577390071,0.0655481571870344,0
2014-06-24,0.0014907869552036,0.0029710026374915,0.0655284985783568,0
2014-06-25,0.0013907784894318,0.0001289740119155,0.0655088778456687,0
2014-06-26,0.0012925630035206,0.0,0.0654892945365419,0
2014-06-27,0.0011961030879212,-0.0002579646602724,0.0654697481985477,0
2014-06-28,0.001101363067556,0.0,0.0654502383792577,0
2014-06-29,0.001008308933366,0.0,0.0654307646262433,0
2014-06-30,0.0009169082776728,0.0,0.0654113264870761,0
2014-07-01,0.0008271302330847,0.0,0.0653919235093276,0
2014-07-02,0.0007389454147528,0.0001289906483568,0.0653725552405692,0
2014-07-03,0.0006523258657515,0.0001289740119155,0.0653532212283725,0
2014-07-04,0.0005672450054145,0.0,0.065333921020309,0
2014-07-05,0.0004836775804255,4.2987641059819846e-05,0.0653146541639501,0
2014-07-06,0.0004015996185188,4.298579320189621e-05,0.0652954202068674,0
2014-07-07,0.0003209883846141,4.298394550294626e-05,0.0652762186966324,0
2014-07-08,0.0002418223392565,-0.0006449532632464,0.0652570491808165,0
2014-07-09,0.0001640810992121,0.0006449532632463,0.0652379112069913,0
2014-07-10,8.77454000983472e-05,-0.0006449532632464,0.0652188043227283,0
2014-07-11,1.2797060927372435e-05,0.0,0.0651997280755989,0
2014-07-12,-6.078104955499016e-05,-8.602520543817311e-05,0.0651806820131748,0
2014-07-13,-0.0001330050448341,-8.603260641096499e-05,0.0651616656830273,0
2014-07-14,-0.0002038900510034,-8.604000865701393e-05,0.065142678632728,0
2014-07-15,-0.000273450235642,0.0,0.0651237204098484,0
2014-07-16,-0.0003416988352878,-0.0002581644521891,0.0651047905619599,0
2014-07-17,-0.0004086481815819,-0.0005165289371039,0.0650858886366341,0
2014-07-18,-0.0004743097261767,-0.0002583645538205,0.0650670141814425,0
2014-07-19,-0.0005386940644729,0.0003014188237344,0.0650481667439566,0
2014-07-20,-0.0006018109582624,0.0003013279978033,0.0650293458717479,0
2014-07-21,-0.0006636693573458,0.0003012372265921,0.0650105511123879,0
2014-07-22,-0.0007242774201857,-0.0005164622451789,0.064991782013448,0
2014-07-23,-0.0007836425336615,-0.0003875218029507,0.0649730381224998,0
2014-07-24,-0.0008417713319884,-0.0002584313233146,0.0649543189871148,0
2014-07-25,-0.0008986697148415,0.0,0.0649356241548646,0
2014-07-26,-0.0009543428647639,-4.307838112106765e-05,0.0649169531733204,0
2014-07-27,-0.0010087952638864,-4.308023694790316e-05,0.064898305590054,0
2014-07-28,-0.0010620307100242,-4.308209293473214e-05,0.0648796809526368,0
2014-07-29,-0.0011140523321946,-0.0005171299404191,0.0648610788086403,0
2014-07-30,-0.0011648626055979,0.0,0.0648424987056359,0
2014-07-31,-0.0012144633661123,-0.0001293242808139,0.0648239401911953,0
2014-08-01,-0.0012628558243409,-0.0002586987467537,0.0648054028128899,0
2014-08-02,-0.0013100405792588,0.000431127404824,0.0647868861182911,0
2014-08-03,-0.0013560176314907,0.0004309416140814,0.0647683896549706,0
2014-08-04,-0.0014007863962705,0.0004307559833997,0.0647499129704997,0
2014-08-05,-0.0014443457161134,0.0010330579431135,0.0647314556124501,0
2014-08-06,-0.0014866938732385,-0.000129073894984,0.0647130171283931,0
2014-08-07,-0.0015278286017845,-0.0002581977809334,0.0646945970659004,0
2014-08-08,-0.0015677470998427,-0.0002582644642453,0.0646761949725433,0
2014-08-09,-0.0016064460413581,0.0001291405696893,0.0646578103958935,0
2014-08-10,-0.0016439215879158,0.000129123894556,0.0646394428835224,0
2014-08-11,-0.0016801694004637,0.0001291072237283,0.0646210919830014,0
2014-08-12,-0.0017151846509855,0.000129090557205,0.0646027572419022,0
2014-08-13,-0.0017489620341774,-0.0005164622451789,0.0645844382077962,0
2014-08-14,-0.0017814957791437,-0.0003875218029507,0.0645661344282549,0
2014-08-15,-0.0018127796611482,0.0,0.0645478454508498,0
2014-08-16,-0.0018428070134631,0.0,0.0645295708231524,0
2014-08-17,-0.0018715707393232,0.0,0.0645113100927342,0
2014-08-18,-0.0018990633240406,0.0,0.0644930628071668,0
2014-08-19,-0.0019252768472946,0.0002583645538206,0.0644748285140215,0
2014-08-20,-0.0019502029956272,-0.0002583645538205,0.06445660676087,0
2014-08-21,-0.0019738330751837,-0.0002584313233146,0.0644383970952837,0
2014-08-22,-0.0019961580247107,-0.0003877722532918,0.0644201990648341,0
2014-08-23,-0.00201716842886,0.0,0.0644020122170927,0
2014-08-24,-0.0020368545318033,0.0,0.0643838360996311,0
2014-08-25,-0.0020552062512083,0.0,0.0643656702600206,0
2014-08-26,-0.0020720739148003,0.0005169962632926,0.0643475142458329,0
2014-08-27,-0.0020868873913347,-0.0045328057924975,0.0643293676046394,0
2014-08-28,-0.0020994899590821,-0.0001298111249957,0.0643112298840117,0
2014-08-29,-0.0021098631989446,-0.0001298279781117,0.0642931006315211,0
2014-08-30,-0.002117988335692,0.001427181559145,0.0642749793947393,0
2014-08-31,-0.0021238462847275,0.0014251476144057,0.0642568657212377,0
2014-09-01,-0.0021274177002944,0.0014231194587615,0.0642387591585878,0
2014-09-02,-0.0021286830251867,0.0,0.0642206592543612,0
2014-09-03,-0.00212762254199,0.0,0.0642025655561293,0
2014-09-04,-0.0021242164259011,0.0,0.0641844776114636,0
2014-09-05,-0.0021184447991619,0.0,0.0641663949679357,0
2014-09-06,-0.0021102877871089,-0.0014231194587614,0.0641483171731169,0
2014-09-07,-0.0020997255758875,-0.0014251476144058,0.064130243774579,0
2014-09-08,-0.0020867384718117,-0.0014271815591449,0.0641121743198932,0
2014-09-09,-0.0020713069623879,0.0,0.0640941083566312,0
2014-09-10,-0.0020534117789904,0.0038875259533672,0.0640760454323645,0
2014-09-11,-0.0020330339611701,0.0001293242808141,0.0640579850946644,0
2014-09-12,-0.0020101549225732,-0.0042765567672601,0.0640399268911026,0
2014-09-13,-0.0019847565184365,8.657633874054052e-05,0.0640218703692506,0
2014-09-14,-0.0019568211146066,8.656884392716315e-05,0.0640038150766798,0
2014-09-15,-0.0019263316580281,8.656135041102394e-05,0.0639857605609617,0
2014-09-16,-0.0018932717486402,0.0,0.0639677063696678,0
2014-09-17,-0.0018579881501307,0.0040168502341813,0.0639496520503698,0
2014-09-18,-0.0018219210232589,-0.0001293242808139,0.0639315971506389,0
2014-09-19,-0.0017854329916284,-0.0002586987467537,0.0639135412180468,0
2014-09-20,-0.0017485257415266,-0.0001293744745967,0.063895483800165,0
2014-09-21,-0.001711201103965,-0.0001293912145169,0.0638774244445649,0
2014-09-22,-0.001673461056133,-0.0001294079587701,0.063859362698818,0
2014-09-23,-0.0016353077227814,-0.0002588661676375,0.0638412981104959,0
2014-09-24,-0.001596743377513,-0.0002589331966823,0.0638232302271701,0
2014-09-25,-0.001557770443991,0.0011646717589575,0.063805158596412,0
2014-09-26,-0.0015183914970529,0.0,0.0637870827657932,0
2014-09-27,-0.0014786092637297,-0.0007331536716539,0.0637690022828851,0
2014-09-28,-0.0014384266241696,-0.0007336915803542,0.0637509166952592,0
2014-09-29,-0.0013978466124621,-0.0007342302789519,0.0637328255504872,0
2014-09-30,-0.0013568724173523,0.00220107553096,0.0637147283961403,0
2014-10-01,-0.0013155073828586,0.0,0.0636966247797903,0
2014-10-02,-0.0012737550087706,-0.0002586987467537,0.0636785142490085,0
2014-10-03,-0.0012316189510446,0.0,0.0636603963513664,0
2014-10-04,-0.0011891030220775,0.0,0.0636422706344356,0
2014-10-05,-0.0011462111908679,0.0,0.0636241366457876,0
2014-10-06,-0.001102947583055,0.0,0.0636059939329939,0
2014-10-07,-0.0010593164808363,0.0,0.0635878420436259,0
2014-10-08,-0.001015322322766,0.0003880230275678,0.0635696805252552,0
2014-10-09,-0.0009709697034169,0.0,0.0635515089254532,0
2014-10-10,-0.0009262633729285,0.0,0.0635333267917915,0
2014-10-11,-0.0008812082364118,-4.310623532358162e-05,0.0635151336718416,0
2014-10-12,-0.0008358093532336,-4.310809355142961e-05,0.0634969291131749,0
2014-10-13,-0.0007900719361635,-4.310995193904904e-05,0.0634787126633631,0
2014-10-14,-0.0007440013503866,0.0001293242808141,0.0634604838699774,0
2014-10-15,-0.0006976031123858,-0.0010350628430892,0.0634422422805896,0
2014-10-16,-0.000650882888682,0.0,0.063423987442771,0
2014-10-17,-0.0006038464944457,0.0,0.0634057189040933,0
2014-10-18,-0.0005564998919654,0.0002157264596867,0.0633874362121277,0
2014-10-19,-0.0005088491889829,0.0002156799318185,0.063369138914446,0
2014-10-20,-0.0004609006368883,0.0002156334240161,0.0633508265586196,0
2014-10-21,-0.000412660628782,0.0,0.0633324986922199,0
2014-10-22,-0.0003641356973981,0.0003880230275678,0.0633141548628185,0
2014-10-23,-0.0003153325128892,0.0,0.0632957946179869,0
2014-10-24,-0.0002662578804788,0.0,0.0632774175052965,0
2014-10-25,-0.0002169187379809,-0.0001293242808139,0.063259023072319,0
2014-10-26,-0.0001673221531797,-0.0001293410077466,0.0632406108666257,0
2014-10-27,-0.0001174753210864,-0.0001293577390071,0.0632221804357882,0
2014-10-28,-6.738556105769525e-05,0.0,0.063203731327378,0
2014-10-29,-1.7060313790075185e-05,0.0,0.0631852630889666,0
2014-10-30,3.349286181248648e-05,0.0,0.0631667752681255,0
2014-10-31,8.426629189624975e-05,0.0,0.0631482674124261,0
2014-11-01,0.0001352521910354,-0.0001293744745967,0.0631297390694401,1
2014-11-02,0.0001864426657298,-0.0001293912145169,0.0631111897867388,1
2014-11-03,0.0002378297180207,-0.0001294079587701,0.0630926191118939,1
2014-11-04,0.0002894052492124,-0.0009063249147619,0.0630740265924767,1
2014-11-05,0.0003411610637136,0.0,0.0630554117760588,1
2014-11-06,0.0003930888729751,0.0,0.0630367742102117,1
2014-11-07,0.0004451802995354,0.0,0.063018113442507,1
2014-11-08,0.0004971006731936,0.0,0.062999429020516,1
2014-11-09,0.0005475380507755,0.0,0.0629807204918103,1
2014-11-10,0.0005961619842156,0.0,0.0629619874039614,1
2014-11-11,0.0006429694338058,-0.0002591009212577,0.0629432293045408,1
2014-11-12,0.000687958220269,0.0002591009212577,0.06292444574112,1
2014-11-13,0.0007311269917304,0.0,0.0629056362612705,1
2014-11-14,0.0007724751901864,0.0,0.0628868004125638,1
2014-11-15,0.0008120030175493,0.0,0.0628679377425715,1
2014-11-16,0.0008497114013362,0.0,0.0628490477988649,1
2014-11-17,0.0008856019601057,0.0,0.0628301301290156,1
2014-11-18,0.0009196769686874,0.0,0.0628111842805952,1
2014-11-19,0.000951939323294,0.0,0.062792209801175,1
2014-11-20,0.0009823925065653,0.0,0.0627732062383267,1
2014-11-21,0.0010110405526279,0.0,0.0627541731396216,1
2014-11-22,0.0010378880121998,-8.63595147131483e-05,0.0627351100526314,1
2014-11-23,0.0010629399178281,-8.636697332318174e-05,0.0627160165249275,1
2014-11-24,0.0010862017492763,-8.637443322135181e-05,0.0626968921040814,1
2014-11-25,0.0011076793991374,0.0,0.0626777363376647,1
2014-11-26,0.0011273791386955,0.0,0.0626585487732487,1
2014-11-27,0.0011453075840876,0.0,0.0626393289584051,1
2014-11-28,0.0011614716627894,0.0,0.0626200764407052,1
2014-11-29,0.0011758785804724,8.637443322148302e-05,0.0626007907677207,1
2014-11-30,0.0011885357882401,8.636697332319939e-05,0.062581471487023,1
2014-12-01,0.0011994509502885,8.635951471305164e-05,0.0625621181461837,1
2014-12-02,0.0012086319119982,0.0,0.0625427302927741,1
2014-12-03,0.0012160866684754,-0.0002591009212577,0.0625233074743659,1
2014-12-04,0.0012218233335669,0.0002591009212577,0.0625038492385305,1
2014-12-05,0.0012258501093512,-0.0003886765612188,0.0624843551328394,1
2014-12-06,0.0012281752561081,0.000129575639961,0.0624648247048642,1
2014-12-07,0.0012288070627919,0.0001295588522896,0.0624452575021762,1
2014-12-08,0.0012277538179833,0.000129542068968,0.0624256530723471,1
2014-12-09,0.0012250237813441,0.0,0.0624060109629484,1
2014-12-10,0.0012206251555498,0.0,0.0623863307215515,1
2014-12-11,0.00121456605871,-0.0003886765612188,0.0623666118957278,1
2014-12-12,0.0012068544972577,0.0003886765612188,0.0623468540330491,1
2014-12-13,0.0011974983392997,0.0,0.0623270566810866,1
2014-12-14,0.0011865052884134,0.0,0.062307219387412,1
2014-12-15,0.0011738828578789,0.0,0.0622873416995968,1
2014-12-16,0.001159638345315,0.0,0.0622674231652123,1
2014-12-17,0.0011437788077158,-0.0002591009212577,0.0622474633318302,1
2014-12-18,0.0011263110368538,0.0002591009212577,0.062227461747022,1
2014-12-19,0.0011072415350299,0.0,0.0622074179583591,1
2014-12-20,0.00108657649114,0.0028026319951076,0.062187331513413,1
2014-12-21,0.0010643217570381,0.0027947991963473,0.0621672019597552,1
2014-12-22,0.0010404828241534,0.0027870100578217,0.0621470288449573,1
2014-12-23,0.0010150648003473,-0.0002569373087105,0.0621268117165908,1
2014-12-24,0.0009880723869572,-0.0001284934148893,0.0621065501222271,1
2014-12-25,0.0009595098560049,0.0,0.0620862436094377,1
2014-12-26,0.0009293810275327,-0.0002570363720615,0.0620658917257942,1
2014-12-27,0.0008976892470203,0.0,0.0620454940188681,1
2014-12-28,0.0008644373628472,0.0,0.0620250500362307,1
2014-12-29,0.0008296277037647,0.0,0.0620045593254538,1
2014-12-30,0.0007932620563192,-0.0003856784774939,0.0619840214341086,1
2014-12-31,0.0007553416421925,0.0003856784774941,0.0619634359097669,1
2015-01-01,0.0007158670954136,0.0,0.0619428023,1
2015-01-02,0.0006748384393782,-0.0003856784774939,0.0619221203093391,1
2015-01-03,0.0006322550636418,-8.572653241419553e-05,0.061901390270154,1
2015-01-04,0.0005881157004231,-8.573388208274601e-05,0.0618806126717742,1
2015-01-05,0.0005424184007595,-8.574123301133961e-05,0.0618597880035293,1
2015-01-06,0.0004951605102709,0.0016706294446553,0.0618389167547485,1
2015-01-07,0.0004463386444539,-0.0016706294446553,0.0618179994147616,1
2015-01-08,0.0003959486634553,0.0,0.0617970364728978,1
2015-01-09,0.0003439856462586,0.0,0.0617760284184868,1
2015-01-10,0.0002904438642092,-0.0002143852511158,0.0617549757408579,1
2015-01-11,0.000235316753812,-0.0002144312220074,0.0617338789293407,1
2015-01-12,0.0001785968887271,-0.0002144772126184,0.0617127384732646,1
2015-01-13,0.0001202759508801,0.0006432936857417,0.0616915548619591,1
2015-01-14,6.034470061412541e-05,-0.0003859265501041,0.0616703285847537,1
2015-01-15,-1.2070542133203884e-06,0.0001286587328889,0.0616490601309779,1
2015-01-16,-6.439049026855515e-05,0.0002572678172151,0.0616277499899611,1
2015-01-17,-0.0001292178020169,-8.57485852007536e-05,0.0616063986510329,1
2015-01-18,-0.0001957022363323,-8.575593865143213e-05,0.0615850066035226,1
2015-01-19,-0.0002638581285485,-8.576329336293109e-05,0.0615635743367598,1
2015-01-20,-0.0003337009400539,0.0002572678172151,0.0615421023400739,1
2015-01-21,-0.0004052472975685,0.0,0.0615205911027945,1
2015-01-22,-0.0004785150342025,0.0,0.061499041114251,1
2015-01-23,-0.0005527641338807,0.0,0.0614774528637729,1
2015-01-24,-0.0006249747665853,-4.28733734979496e-05,0.0614558268406896,1
2015-01-25,-0.0006943975410462,-4.287521170307748e-05,0.0614341635343307,1
2015-01-26,-0.0007610393963608,-4.287705006553408e-05,0.0614124634340256,1
2015-01-27,-0.0008249053656288,-0.000900842992521,0.0613907270291038,1
2015-01-28,-0.0008859986537423,0.0010294686277874,0.0613689548088948,1
2015-01-29,-0.000944320713525,-0.0051579740402684,0.061347147262728,1
2015-01-30,-0.0009998713204721,0.0,0.061325304879933,1
2015-01-31,-0.0010526486463661,0.0015071592905713,0.0613034281498391,1
2015-02-01,-0.0011026493320179,0.0015048911794203,0.061281517561776,1
2015-02-02,-0.0011498685593695,0.001502629884535,0.061259573605073,1
2015-02-03,-0.0011943001231905,0.0,0.0612375967690596,1
2015-02-04,-0.0012359365025816,0.0,0.0612155875430654,1
2015-02-05,-0.0012747689324995,0.0006432936857417,0.0611935464164198,1
2015-02-06,-0.0013107874754891,0.0,0.0611714738784522,1
2015-02-07,-0.0013439810938266,0.0,0.0611493704184922,1
2015-02-08,-0.0013743377222395,0.0,0.0611272365258692,1
2015-02-09,-0.0014018443413709,0.0,0.0611050726899127,1
2015-02-10,-0.0014264870521655,-0.0002572678172151,0.0610828793999522,1
2015-02-11,-0.001448251151298,0.0002572678172151,0.0610606571453172,1
2015-02-12,-0.0014671212078065,0.0,0.0610384064153371,1
2015-02-13,-0.001483081141049,0.0,0.0610161276993414,1
2015-02-14,-0.0014961143001006,8.574123301143601e-05,0.0609938214866597,1
2015-02-15,-0.0015062035447025,8.573388208279652e-05,0.0609714882666213,1
2015-02-16,-0.0015133313278539,8.57265324140981e-05,0.0609491285285557,1
2015-02-17,-0.0015174797801322,0.0001285760207494,0.0609267427617925,1
2015-02-18,-0.0015186307958134,0.0002571024567446,0.0609043314556611,1
2015-02-19,-0.0015167661208428,0.0,0.0608818950994909,1
2015-02-20,-0.001511867442712,0.0,0.0608594341826116,1
2015-02-21,-0.0015039164822587,-8.569347449425469e-05,0.0608369491943524,1
2015-02-22,-0.0014928950874094,-8.570081849538719e-05,0.060814440624043,1
2015-02-23,-0.0014787853288638,-8.570816375500825e-05,0.0607919089610128,1
2015-02-24,-0.0014615695976982,0.0002571024567446,0.0607693546945912,1
2015-02-25,-0.001441230704852,-0.0002571024567445,0.0607467783141078,1
2015-02-26,-0.0014177519824517,0.0,0.0607241803088921,1
2015-02-27,-0.001391117386882,0.0002571024567446,0.0607015611682734,1
2015-02-28,-0.001361311603535,-8.569347449425469e-05,0.0606789213815813,1
2015-03-01,-0.0013283201531013,-8.570081849538719e-05,0.0606562614381453,0
2015-03-02,-0.0012921294992912,-8.570816375500825e-05,0.0606335818272948,0
2015-03-03,-0.0012527271578144,0.0,0.0606108830383593,0
2015-03-04,-0.0012101018064612,0.0,0.0605881655606684,0
2015-03-05,-0.0011642433960677,-0.0010290713539994,0.0605654298835514,0
2015-03-06,-0.0011151432621637,-0.0002574333905322,0.0605426764963378,0
2015-03-07,-0.0010627942370516,-0.0001287415515135,0.0605199058883572,0
2015-03-08,-0.0010071907620575,-0.0001287581280346,0.060497118548939,0
2015-03-09,-0.0009483289996626,-0.0001287747088252,0.0604743149674126,0
2015-03-10,-0.0008862069452181,0.0019298815896496,0.0604514956331077,0
2015-03-11,-0.0008208245379022,0.0,0.0604286610353535,0
2015-03-12,-0.000752935784867,0.0,0.0604058116634797,0
2015-03-13,-0.0006855570081443,0.0,0.0603829480068157,0
2015-03-14,-0.0006194565215543,0.0,0.0603600705546909,0
2015-03-15,-0.000554650960664,0.0,0.0603371797964349,0
2015-03-16,-0.0004911561189142,0.0,0.0603142762213771,0
2015-03-17,-0.000428986953323,0.0,0.0602913603188471,0
2015-03-18,-0.0003681575914528,0.0,0.0602684325781742,0
2015-03-19,-0.0003086813396039,-0.0002571024567445,0.0602454934886879,0
2015-03-20,-0.0002505706921708,0.0002571024567446,0.0602225435397178,0
2015-03-21,-0.0001938373421297,0.0,0.0601995832205934,0
2015-03-22,-0.0001384921925883,0.0,0.060176613020644,0
2015-03-23,-8.454536936656447e-05,0.0,0.0601536334291991,0
2015-03-24,-3.2006234533805223e-05,0.0,0.0601306449355884,0
2015-03-25,1.9116599131276768e-05,0.0,0.0601076480291411,0
2015-03-26,6.881525281998875e-05,0.0,0.0600846431991869,0
2015-03-27,0.0001170825655717,0.0,0.0600616309350551,0
2015-03-28,0.000163912077385,0.0,0.0600386117260753,0
2015-03-29,0.0002092980116406,0.0,0.060015586061577,0
2015-03-30,0.0002532352568659,0.0,0.0599925544308895,0
2015-03-31,0.0002957193479041,0.0,0.0599695173233425,0
2015-04-01,0.0003367464465445,0.0,0.0599464752282653,0
2015-04-02,0.0003763133216442,-0.0002571024567445,0.0599234286349875,0
2015-04-03,0.0004144173288202,0.0002571024567446,0.0599003780328385,0
2015-04-04,0.0004510563897296,0.0,0.0598773239111477,0
2015-04-05,0.0004862289710059,0.0,0.0598542667592448,0
2015-04-06,0.0005199340628893,0.0,0.0598312070664592,0
2015-04-07,0.0005521711575939,0.0,0.0598081453221202,0
2015-04-08,0.0005829402274536,0.0,0.0597850820155575,0
2015-04-09,0.0006122417028944,0.0,0.0597620176361005,0
2015-04-10,0.0006400764502618,-0.0002571024567445,0.0597389526730786,0
2015-04-11,0.0006664457495474,0.0,0.0597158876158214,0
2015-04-12,0.0006913512720474,0.0,0.0596928229536583,0
2015-04-13,0.0007147950579898,0.0,0.0596697591759189,0
2015-04-14,0.0007367794941516,0.0002571024567446,0.0596466967719325,0
2015-04-15,0.0007573072915105,-0.0002571024567445,0.0596236362310286,0
2015-04-16,0.0007763814629493,-0.0005144033035241,0.0596005780425368,0
2015-04-17,0.0007940053010339,-0.0001286421819486,0.0595775226957865,0
2015-04-18,0.0008101823559051,0.0002143944437171,0.0595544706801072,0
2015-04-19,0.0008249164132873,0.000214348488592,0.0595314224848284,0
2015-04-20,0.0008382114726477,0.0002143025531635,0.0595083785992795,0
2015-04-21,0.0008500717255156,0.0,0.05948533951279,0
2015-04-22,0.000860501533985,0.0,0.0594623057146895,0
2015-04-23,0.0008695054094021,0.0,0.0594392776943073,0
2015-04-24,0.0008770879912701,0.0,0.059416255940973,0
2015-04-25,0.0008832540263612,0.0,0.059393240944016,0
2015-04-26,0.0008880083480542,0.0,0.0593702331927659,0
2015-04-27,0.0008913558559114,0.0,0.059347233176552,0
2015-04-28,0.0008933014954813,0.0002571024567446,0.0593242413847039,0
2015-04-29,0.0008938502383506,-0.0002571024567445,0.059301258306551,0
2015-04-30,0.0008930070624365,0.0002571024567446,0.0592782844314228,0
2015-05-01,0.0008907769325214,-0.0002571024567445,0.0592553202486489,0
2015-05-02,0.0008871647810268,8.570816375489975e-05,0.0592323662475587,0
2015-05-03,0.0008821754890359,8.570081849544026e-05,0.0592094229174815,0
2015-05-04,0.0008758138675357,8.569347449436778e-05,0.0591864907477471,0
2015-05-05,0.0008680846389089,0.0,0.0591635702276847,0
2015-05-06,0.0008589924186306,-0.0002571024567445,0.0591406618466239,0
2015-05-07,0.0008485416971879,-0.0003857776682577,0.0591177660938943,0
2015-05-08,0.0008367368222076,0.0006428801250023,0.0590948834588251,0
2015-05-09,0.0008235819807687,-0.0002142474566309,0.059072014430746,0
2015-05-10,0.0008090811819079,-0.0002142933684403,0.0590491594989863,0
2015-05-11,0.0007932382392859,-0.000214339299931,0.0590263191528757,0
2015-05-12,0.00077605675401,0.0,0.0590034938817435,0
2015-05-13,0.0007575400975999,-0.0002572678172151,0.0589806841749192,0
2015-05-14,0.000737691395068,0.0009001479422174,0.0589578905217324,0
2015-05-15,0.0007165135081102,-0.0003856784774939,0.0589351134115124,0
2015-05-16,0.0006940090183781,-0.000171460414497,0.0589123533335889,0
2015-05-17,0.0006701802108167,-0.0001714898182122,0.0588896107772911,0
2015-05-18,0.0006450290570441,-0.0001715192320143,0.0588668862319487,0
2015-05-19,0.0006185571987536,0.0,0.0588441801868911,0
2015-05-20,0.0005907659311127,0.0002572678172151,0.0588214931314477,0
2015-05-21,0.0005616561861344,0.0,0.0587988255549481,0
2015-05-22,0.0005312285159918,0.0,0.0587761779467218,0
2015-05-23,0.0004994830762585,0.0,0.0587535507960981,0
2015-05-24,0.0004664196090314,0.0,0.0587309445924067,0
2015-05-25,0.0004320374259237,0.0,0.0587083598249769,0
2015-05-26,0.000396335390881,-0.0003859265501041,0.0586857969831382,0
2015-05-27,0.0003593119028001,0.0003859265501042,0.0586632565562202,0
2015-05-28,0.0003209648779097,0.0,0.0586407390335523,0
2015-05-29,0.0002812917318823,0.0,0.058618244904464,0
2015-05-30,0.0002402893616384,0.0,0.0585957746582847,0
2015-05-31,0.0001979541268049,0.0,0.0585733287843439,0
2015-06-01,0.0001542818307914,0.0,0.0585509077719712,0
2015-06-02,0.0001092677014332,0.0,0.0585285121104959,0
2015-06-03,6.290637117144559e-05,0.0,0.0585061422892476,0
2015-06-04,1.5191856713245044e-05,0.0,0.0584837987975558,0
2015-06-05,-3.388246186925639e-05,0.0,0.0584614821247499,0
2015-06-06,-8.4323862657585e-05,-0.0004288164731233,0.0584391927601593,0
2015-06-07,-0.0001361403040631,-0.0004290004355798,0.0584169311931137,0
2015-06-08,-0.0001893404477339,-0.0004291845559441,0.0583946979129424,0
2015-06-09,-0.0002439336822281,0.0006437077789056,0.058372493408975,0
2015-06-10,-0.0002999301475356,0.0006432936857417,0.0583503181705408,0
2015-06-11,-0.0003573407604963,-0.0009007270762739,0.0583281726869694,0
2015-06-12,-0.0004161772411896,-0.0003862743883733,0.0583060574475903,0
2015-06-13,-0.0004764521403606,0.0001287747088252,0.058283972941733,0
2015-06-14,-0.0005381788679674,0.0001287581280345,0.0582619196587269,0
2015-06-15,-0.0006013717229114,0.0001287415515135,0.0582398980879014,0
2015-06-16,-0.0006660459240541,0.0006434592590588,0.0582179087185862,0
2015-06-17,-0.0007322176425896,-0.0009009589386071,0.0581959520401106,0
2015-06-18,-0.0007999040358782,0.0009009589386071,0.0581740285418041,0
2015-06-19,-0.0008691232828392,0.0,0.0581521387129962,0
2015-06-20,-0.0009398946209955,4.288256609930846e-05,0.0581302830430165,0
2015-06-21,-0.0010122383853013,4.288072726358629e-05,0.0581084620211943,0
2015-06-22,-0.0010861760488508,4.287888858572768e-05,0.0580866761368591,0
2015-06-23,-0.0011617302656106,0.0,0.0580649258793404,0
2015-06-24,-0.0012389249152968,-0.0001286421819486,0.0580432117379678,0
2015-06-25,-0.0013177851505522,-0.0006434592590587,0.0580215342020706,0
2015-06-26,-0.0013983374465596,0.0005148005261697,0.0579998937609784,0
2015-06-27,-0.0014806096532754,4.288808355254618e-05,0.0579782909040206,0
2015-06-28,-0.001564631050438,4.288624424389943e-05,0.0579567261205268,0
2015-06-29,-0.0016504324055454,4.2884405092672166e-05,0.0579351998998263,0
2015-06-30,-0.0017380460350073,0.0,0.0579137127312486,0
2015-07-01,-0.0018275058686713,0.0002572678172151,0.0578922651041234,0
2015-07-02,-0.0019188475179633,-0.0002572678172151,0.0578708575077799,0
2015-07-03,-0.0020121083478877,0.0001286421819487,0.0578494904315477,0
2015-07-04,-0.002107327553141,0.0,0.0578281643647563,0
2015-07-05,-0.0022045462386375,0.0,0.0578068797967352,0
2015-07-06,-0.0023038075047403,0.0,0.0577856372168138,0
2015-07-07,-0.0024051565375318,0.0001286256352663,0.0577644371143216,0
2015-07-08,-0.0025086407044819,-0.0001286256352664,0.0577432799785881,0
2015-07-09,-0.002614309655888,0.0001286256352663,0.0577221662989427,0
2015-07-10,-0.0027222154325071,-0.0002572678172151,0.057701096564715,0
2015-07-11,-0.0028324125798243,-0.000128658732889,0.0576800712652345,0
2015-07-12,-0.0029449582694367,-0.0001286752880883,0.0576590908898305,0
2015-07-13,-0.0030599124280842,-0.0001286918475492,0.0576381559278326,0
2015-07-14,-0.0031773378748825,0.0,0.0576172668685702,0
2015-07-15,-0.0032973004673827,-0.0001287084112723,0.0575964242013729,0
2015-07-16,-0.0034198692571148,0.00038607554691,0.05757562841557,0
2015-07-17,-0.0035451166553501,-0.0003860755469099,0.0575548800004912,0
2015-07-18,-0.0036731186098534,-8.581481168903477e-05,0.0575341794454658,0
2015-07-19,-0.0038039547935048,-8.582217650319787e-05,0.0575135272398234,0
2015-07-20,-0.0039377088057002,-8.582954258117954e-05,0.0574929238728934,0
2015-07-21,-0.0040744683875699,-0.000515132013967,0.0574723698340053,0
2015-07-22,-0.0042143256521111,0.0011586740916503,0.0574518656124885,0
2015-07-23,-0.0043573773304576,0.0002573009148376,0.0574314116976726,0
2015-07-24,-0.0044921014287378,-0.0007721014410074,0.0574110085788871,0
2015-07-25,-0.0045716803879291,-0.0002145784614375,0.0573906567454613,0
2015-07-26,-0.0045833877612066,-0.0002146245152361,0.0573703566867248,0
2015-07-27,-0.0045259734708524,-0.0002146705888071,0.0573501088920071,0
2015-07-28,-0.0043981892005989,0.0,0.0573299138506377,0
2015-07-29,-0.004198837988821,0.0014159750064881,0.0573097720519459,0
2015-07-30,-0.0039268267716889,-0.0001286421819486,0.0572896839852614,0
2015-07-31,-0.0035812216105739,0.0002572678172151,0.0572696501399135,0
2015-08-01,-0.0031613051025161,8.574123301143601e-05,0.0572496710052318,0
2015-08-02,-0.0026666352179738,8.573388208279652e-05,0.0572297470705457,0
2015-08-03,-0.0020971045438026,8.57265324140981e-05,0.0572098788251847,0
2015-08-04,-0.0014529986426151,-0.0002572016475083,0.0571900667584783,0
2015-08-05,-0.000735051986946,0.0003857776682577,0.0571703113597559,0
2015-08-06,5.550029421103362e-05,-0.0003857776682577,0.0571506131183471,0
2015-08-07,0.0008894743919399,-0.0001286256352664,0.0571309725235813,0
2015-08-08,0.0016552790599862,-4.287888858576352e-05,0.057111390064788,0
2015-08-09,0.0023242013160525,-4.288072726365477e-05,0.0570918662312967,0
2015-08-10,0.0028956479453567,-4.288256609931886e-05,0.0570724015124369,0
2015-08-11,0.0033696246453502,0.0001286421819487,0.0570529963975379,0
2015-08-12,0.0037466385535418,-0.0002573009148376,0.0570336513759294,0
2015-08-13,0.0040275988783574,0.0001286587328889,0.0570143669369407,0
2015-08-14,0.0042137181158467,0.0,0.0569951435699015,0
2015-08-15,0.0043064157614879,4.288256609930846e-05,0.056975981764141,0
2015-08-16,0.0043072258546595,4.288072726358629e-05,0.0569568820089889,0
2015-08-17,0.0042177091495887,4.287888858572768e-05,0.0569378447937746,0
2015-08-18,0.0040393702073901,-0.0001286421819486,0.0569188706078275,0
2015-08-19,0.0037735792567352,0.0002572678172151,0.0568999599404772,0
2015-08-20,0.0034214982758492,-0.0001286256352664,0.0568811132810531,0
2015-08-21,0.0029840103997217,-0.0002573009148376,0.0568623311188847,0
2015-08-22,0.002461651442409,4.288808355254618e-05,0.0568436139433015,0
2015-08-23,0.0018545420297965,4.288624424389943e-05,0.056824962243633,0
2015-08-24,0.0011874473676384,4.2884405092672166e-05,0.0568063765092086,0
2015-08-25,0.0005598676731399,0.0002572678172151,0.0567878572293578,0
2015-08-26,-4.399041771251268e-06,0.0,0.0567694048934101,0
2015-08-27,-0.0005063820443907,-0.0002572678172151,0.056751019990695,0
2015-08-28,-0.0009467781071234,0.0006430454854728,0.056732703010542,0
2015-08-29,-0.0013259933462888,-0.0001285760207493,0.0567144544422804,0
2015-08-30,-0.0016441824124379,-0.0001285925546681,0.0566962747752399,0
2015-08-31,-0.0019012859789003,-0.0001286090928401,0.0566781644987499,0
2015-09-01,-0.0020970673268005,0.0,0.0566601241021397,0
2015-09-02,-0.002231148692891,-0.0002572678172151,0.0566421540747391,0
2015-09-03,-0.0023030479238279,0.0,0.0566242549058774,0
2015-09-04,-0.0023122158609094,0.0002572678172151,0.056606427084884,0
2015-09-05,-0.0022580747579208,-4.28733734979496e-05,0.0565886711010886,0
2015-09-06,-0.0021400579080043,-4.287521170307748e-05,0.0565709874438204,0
2015-09-07,-0.0019576505207688,-4.287705006553408e-05,0.0565533766024092,0
2015-09-08,-0.0017104317470911,0.0002572347281066,0.0565358390661842,0
2015-09-09,-0.0013981175963504,-0.0003858769100553,0.056518375324475,0
2015-09-10,-0.0010343133920808,0.0005144694647236,0.056500985866611,0
2015-09-11,-0.0006740438672579,-0.0002572016475083,0.0564836711819218,0
2015-09-12,-0.0003314354497264,-8.57485852007536e-05,0.0564664317597368,0
2015-09-13,-6.876885128316806e-06,-8.575593865143213e-05,0.0564492680893855,0
2015-09-14,0.0002993032197676,-8.576329336293109e-05,0.0564321806601974,0
2015-09-15,0.0005868341724469,0.0001286421819487,0.0564151699615019,0
2015-09-16,0.0008555005858498,-0.0001286421819486,0.0563982364826286,0
2015-09-17,0.0011051394387567,0.0,0.0563813807129068,0
2015-09-18,0.0013356368585246,0.0002572678172151,0.0563646031416661,0
2015-09-19,0.0015469246781016,0.0,0.056347904258236,0
2015-09-20,0.0017389768171716,0.0,0.056331284551946,0
2015-09-21,0.0019118055343944,0.0,0.0563147445121254,0
2015-09-22,0.002065457594328,-0.0001286256352664,0.0562982846281039,0
2015-09-23,0.0022000103886805,-0.0005146680504752,0.0562819053892108,0
2015-09-24,0.0023155680473703,0.0006432936857417,0.0562656072847756,0
2015-09-25,0.0024122575704449,-0.0002572678172151,0.0562493908041279,0
2015-09-26,0.0024902250074179,8.576329336299537e-05,0.0562332564365971,0
2015-09-27,0.002549631706094,8.575593865142446e-05,0.0562172046715126,0
2015-09-28,0.0025906506485226,8.574858520090465e-05,0.0562012359982041,0
2015-09-29,0.0026134628874724,-0.0012870014646473,0.0561853509060008,0
2015-09-30,0.0026182540927203,0.0012870014646474,0.0561695498842324,0
2015-10-01,0.0026052112126085,-0.0002572678172151,0.0561538334222283,0
2015-10-02,0.0025745192527015,0.0002572678172151,0.0561382020093179,0
2015-10-03,0.0025263581700348,0.0,0.0561226561348308,0
2015-10-04,0.0024608998783145,0.0,0.0561071962880964,0
2015-10-05,0.0023783053565858,0.0,0.0560918229584442,0
2015-10-06,0.0022787218512072,-0.0006432936857417,0.0560765366352037,0
2015-10-07,0.0021622801585239,-0.0094395218273757,0.0560613378077044,0
2015-10-08,0.0020290919733008,0.0085382148713629,0.0560462269652756,0
2015-10-09,0.0018792472858122,0.0002575991771071,0.056031204597247,0
2015-10-10,0.001712811808319,-8.585901954283956e-05,0.056016271192948,0
2015-10-11,0.0015298244095954,-8.58663919469094e-05,0.0560014272417081,0
2015-10-12,0.0013302945340224,-8.587376561746272e-05,0.0559866732328567,0
2015-10-13,0.0011141995795175,0.0014159750064881,0.0559720096557233,0
2015-10-14,0.0008814822062207,-0.0002573009148376,0.0559574369996375,0
2015-10-15,0.0006320475452066,0.0002573009148376,0.0559429557539286,0
2015-10-16,0.0003657602735992,0.0001286256352663,0.0559285664079262,0
2015-10-17,8.244151912953257e-05,0.0,0.0559142694509597,0
2015-10-18,-0.00021279928304,0.0,0.0559000653723586,0
2015-10-19,-0.0004988755306051,0.0,0.0558859546614524,0
2015-10-20,-0.0007706778688025,-0.0003859265501041,0.0558719378075706,0
2015-10-21,-0.0010283915335134,0.0002573009148376,0.0558580153000426,0
2015-10-22,-0.0012721643519773,0.0,0.055844187628198,0
2015-10-23,-0.0015021090249048,0.0001286256352663,0.0558304552813661,0
2015-10-24,-0.0017183052517851,8.574123301143601e-05,0.0558168187488765,0
2015-10-25,-0.0019208017266965,8.573388208279652e-05,0.0558032785200587,0
2015-10-26,-0.0021096180295932,8.57265324140981e-05,0.0557898350842422,0
2015-10-27,-0.0022847464361038,-0.0005144694647235,0.0557764889307563,0
2015-10-28,-0.0024461536671297,0.0003858769100554,0.0557632405489306,0
2015-10-29,-0.0025937825980754,-0.0005145356429443,0.0557500904280946,0
2015-10-30,-0.0027275539461958,0.0006431281976125,0.0557370390575778,0
2015-10-31,-0.0028473679533602,-8.572653241419553e-05,0.0557240869267095,0
2015-11-01,-0.0029531060804385,-8.573388208274601e-05,0.0557112345248194,1
2015-11-02,-0.0030446327284367,-8.574123301133961e-05,0.0556984823412368,1
2015-11-03,-0.0031217970005242,0.0050035385675809,0.0556858308652913,1
2015-11-04,-0.0031844345179957,-0.0007681475220875,0.0556732805863124,1
2015-11-05,-0.0032323693021971,0.0014078200315855,0.0556608319936294,1
2015-11-06,-0.0032654157332248,-0.0017921151749815,0.0556484855765719,1
2015-11-07,-0.0032833805950153,-0.0001281312065306,0.0556362418244694,1
2015-11-08,-0.0032860652150314,-0.0001281476262404,0.0556241012266514,1
2015-11-09,-0.0032732677052597,-0.0001281640501594,0.0556120642724473,1
2015-11-10,-0.0032463678188637,-0.0005128205240591,0.0556001314511865,1
2015-11-11,-0.0032115350786865,-0.0001282462329427,0.0555883032521987,1
2015-11-12,-0.0031702650318806,-0.0002565418177229,0.0555765801648132,1
2015-11-13,-0.0031224828145856,-0.0002566076483158,0.0555649626783595,1
2015-11-14,-0.0030681158400228,4.277251438867925e-05,0.0555534512821672,1
2015-11-15,-0.0030070942770621,4.277068497903318e-05,0.0555420464655656,1
2015-11-16,-0.0029393515439927,4.2768855725696494e-05,0.0555307487178843,1
2015-11-17,-0.002864824816528,-0.0072109506381963,0.0555195585284528,1
2015-11-18,-0.0027834555488312,-0.0003877722532918,0.0555084763866005,1
2015-11-19,-0.0026951900061147,-0.000258598398131,0.0554975027816568,1
2015-11-20,-0.0025999798071298,0.0,0.0554866382029514,1
2015-11-21,-0.002497782474607,-0.0001293242808139,0.0554758831398136,1
2015-11-22,-0.0023885619914648,-0.0001293410077466,0.055465238081573,1
2015-11-23,-0.0022722893603212,-0.0001293577390071,0.0554547035175589,1
2015-11-24,-0.0021489431636204,-0.0003881736478837,0.0554442799371009,1
2015-11-25,-0.0020185101214086,-0.0002588661676375,0.0554339678295285,1
2015-11-26,-0.0018809856435532,0.0,0.0554237676841712,1
2015-11-27,-0.001736374372976,0.0096619109117368,0.0554136799903584,1
2015-11-28,-0.0015846907162349,-0.0001282133471851,0.0554037052374195,1
2015-11-29,-0.0014259593576085,-0.0001282297879552,0.0553938439146842,1
2015-11-30,-0.001260215752638,-0.0001282462329427,0.0553840965114818,1
2015-12-01,-0.0010875065969658,0.0,0.0553744635171418,1
2015-12-02,-0.0009078902661561,0.0023059195459771,0.0553649454209938,1
2015-12-03,-0.0007214372221542,-0.0006400000218454,0.0553555427123671,1
2015-12-04,-0.0005282303819614,-0.0002561147408031,0.0553462558805913,1
2015-12-05,-0.0003283654441463,-0.0002134790691881,0.0553370854149959,1
2015-12-06,-0.0001245464527195,-0.0002135246522322,0.0553280318049102,1
2015-12-07,7.272510428433072e-05,-0.0002135702547467,0.0553190955396639,1
2015-12-08,0.000260737357841,-0.0003845414390781,0.0553102771085863,1
2015-12-09,0.000439390375954,0.0,0.055301577001007,1
2015-12-10,0.0006086013714502,0.0012812301560485,0.0552929957062555,1
2015-12-11,0.0007683039555553,-0.0003841967134407,0.0552845337136611,1
2015-12-12,0.0009184473369056,-4.269763669222266e-05,0.0552761915125534,1
2015-12-13,0.0010589954741723,-4.2699459858303474e-05,0.0552679695922619,1
2015-12-14,0.0011899261902259,-4.270128318004752e-05,0.055259868442116,1
2015-12-15,0.0013112302554447,-0.0012818871131089,0.0552518885514453,1
2015-12-16,0.0014229104473962,0.0002565089150914,0.0552440304095791,1
2015-12-17,0.0015249805936382,0.0015376732911888,0.0552362945058471,1
2015-12-18,0.0016174646039409,-0.0003841967134407,0.0552286813295785,1
2015-12-19,0.0017003954976954,-8.539709655058061e-05,0.0552211913701031,1
2015-12-20,0.0017738144317043,-8.54043898376564e-05,0.0552138251167501,1
2015-12-21,0.0018377697330522,-8.541168437022894e-05,0.0552065830588491,1
2015-12-22,0.001892315941119,-0.0003844428829305,0.0551994656857296,1
2015-12-23,0.0019375128623013,0.0061334207098524,0.055192473486721,1
2015-12-24,0.001973424640399,-0.000254809531255,0.0551856069511528,1
2015-12-25,0.0020001188451262,0.0,0.0551788665683546,1
2015-12-26,0.0020176655806419,-0.0015302221807677,0.0551722528276557,1
2015-12-27,0.0020261366155105,-0.001532567349778,0.0551657662183856,1
2015-12-28,0.0020256045350173,-0.0015349197180838,0.0551594072298739,1
2015-12-29,0.0020161419162932,-0.000256049162838,0.05515317635145,1
2015-12-30,0.0019978205262773,-0.0002561147408031,0.0551470740724434,1
2015-12-31,0.0019707105421275,0.0,0.0551411008821836,1
2016-01-01,0.0019348797933134,0.0,0.05513525727,1
2016-01-02,0.0018903930242438,0.0012372807005391,0.0551295435475745,1
2016-01-03,0.0018373111759648,0.00123575172858,0.0551239593159988,1
2016-01-04,0.001775690685113,0.0012342265308171,0.055118503998717,1
2016-01-05,0.0017055827980286,-0.0005105296856261,0.055113177019173,1
2016-01-06,0.0016270328976291,0.0006381213923382,0.0551079778008109,1
2016-01-07,0.0015400798403528,-0.0010211897747279,0.0551029057670749,1
2016-01-08,0.0014447553002393,-0.0003832151800106,0.0550979603414089,1
2016-01-09,0.0013410831169082,0.000255493103076,0.055093140947257,1
2016-01-10,0.0012290786439501,0.0002554278430235,0.0550884470080632,1
2016-01-11,0.0011087480939631,0.0002553626163008,0.0550838779472717,1
2016-01-12,0.0009800878761722,-0.0007662835624004,0.0550794331883263,1
2016-01-13,0.0008430839222813,0.001021580985283,0.0550751121546714,1
2016-01-14,0.0007047408386124,0.0010205384225455,0.0550709142697508,1
2016-01-15,0.0005931089156969,-0.0001275103603895,0.0550668389570086,1
2016-01-16,0.0005151031961492,-8.50159405399227e-05,0.0550628856398888,1
2016-01-17,0.0004706300135862,-8.50231688648757e-05,0.0550590537418356,1
2016-01-18,0.0004596163406285,-8.503039841855823e-05,0.055055342686293,1
2016-01-19,0.0004819985182711,0.0003825798682129,0.055051751896705,1
2016-01-20,0.0005377110703713,0.0,0.0550482807965157,1
2016-01-21,0.0006266755959759,-0.0006377144530898,0.0550449288091692,1
2016-01-22,0.0007487897530765,-0.0003828239694556,0.0550416953581094,1
2016-01-23,0.0009039163677947,0.0002126980758842,0.0550385798667806,1
2016-01-24,0.0010918727230217,0.0002126528450333,0.0550355817586266,1
2016-01-25,0.0013124200997671,0.0002126076334147,0.0550327004570915,1
2016-01-26,0.0015652536626743,-0.0006379585543325,0.0550299353856195,1
2016-01-27,0.0018499927978354,-0.0002552974228825,0.0550272859676546,1
2016-01-28,0.0021661720257697,0.0002552974228826,0.0550247516266407,1
2016-01-29,0.0025132326245223,-0.0002552974228825,0.0550223317860221,1
2016-01-30,0.0028905151067963,-0.0001276731568923,0.0550200258692426,1
2016-01-31,0.0032972527002461,-0.0001276894594084,0.0550178332997465,1
2016-02-01,0.0037325659808426,-0.0001277057660889,0.0550157535009777,1
2016-02-02,0.0041954588052789,0.0029331143900258,0.0550137858963803,1
2016-02-03,0.0046848156791156,-0.0001273479785229,0.0550119299093983,1
2016-02-04,0.0051994006827136,-0.0005095541511525,0.0550101849634758,1
2016-02-05,0.0057378580568351,-0.0001274291177258,0.0550085504820569,1
2016-02-06,0.0062987145243241,0.0008916630104818,0.0550070258885856,1
2016-02-07,0.0068455866555077,0.0008908686558014,0.0550056106065059,1
2016-02-08,0.007239634711752,0.0008900757151933,0.055004304059262,1
2016-02-09,0.007450214824986,-0.0003813640165714,0.0550031056702978,1
2016-02-10,0.0074824054761599,-0.0008904153739732,0.0550020148630575,1
2016-02-11,0.0073414083683652,-0.0001272669425835,0.055001031060985,1
2016-02-12,0.0070322380900979,-0.0021660198313678,0.0550001536875244,1
2016-02-13,0.0065594422785251,0.0,0.0549993821661199,1
2016-02-14,0.0059599983737183,0.0,0.0549987159202154,1
2016-02-15,0.0053679915325125,0.0,0.0549981543732549,1
2016-02-16,0.0048151406430231,-0.0002551345848769,0.0549976969486826,1
2016-02-17,0.0042998311184693,0.0002551345848769,0.0549973430699425,1
2016-02-18,0.0038206567936933,0.0012746974320005,0.0549970921604787,1
2016-02-19,0.0033763974115036,-0.0012746974320004,0.0549969436437352,1
2016-02-20,0.0029659987849575,8.503039841858463e-05,0.054996896943156,1
2016-02-21,0.0025885551875866,8.502316886485252e-05,0.0549969514821852,1
2016-02-22,0.0022432935956911,8.501594053998056e-05,0.0549971066842669,1
2016-02-23,0.0019295594658585,-0.0007654037878455,0.0549973619728452,1
2016-02-24,0.0016468037793959,0.0001276079884332,0.054997716771364,1
2016-02-25,0.0013945711257939,-0.0002552322627435,0.0549981705032674,1
2016-02-26,0.0011724886311745,-0.0002552974228825,0.0549987225919996,1
2016-02-27,0.000980255566464,8.510638303007532e-05,0.0549993724610044,1
2016-02-28,0.0008176334947809,8.509914055011168e-05,0.0550001195337261,1
2016-02-29,0.0006844368391934,8.509189930256029e-05,0.0550009632336086,1
2016-03-01,0.0005805237712792,-0.0003829705797749,0.055001902984096,0
2016-03-02,0.0005057873383906,0.0007657945492304,0.0550029382086323,0
2016-03-03,0.0004601467637335,-0.000127591706712,0.0550040683306617,0
2016-03-04,0.0004435388685657,-0.0001276079884333,0.0550052927736281,0
2016-03-05,0.0004559095804293,-8.508103974151185e-05,0.0550066109609757,0
2016-03-06,0.0004972055054748,-8.508827914102004e-05,0.0550080223161484,0
2016-03-07,0.0005673655567929,-8.509551977214482e-05,0.0550095262625903,0
2016-03-08,0.0006607127937386,-0.0001276568585381,0.0550111222237455,0
2016-03-09,0.0007547811683423,-0.0001276731568923,0.0550128096230581,0
2016-03-10,0.0008439509477067,0.0001276731568923,0.055014587883972,0
2016-03-11,0.0009282135910264,-0.0001276731568923,0.0550164564299313,0
2016-03-12,0.0010075647783501,-8.512449462469073e-05,0.0550184146843802,0
2016-03-13,0.0010820041662563,-8.513174142133796e-05,0.0550204620707626,0
2016-03-14,0.0011515351397309,-8.513898945160051e-05,0.0550225980125226,0
2016-03-15,0.0012161645613384,-0.0002554604688818,0.0550248219331043,0
2016-03-16,0.0012759025186683,-0.0001277547111288,0.0550271332559516,0
2016-03-17,0.0013307620710073,-0.0001277710344802,0.0550295314045088,0
2016-03-18,0.0013807589960861,-0.0001277873620038,0.0550320158022197,0
2016-03-19,0.001425911537686,-8.520064757637235e-05,0.0550345858725285,0
2016-03-20,0.0014662401548281,-8.52079073454123e-05,0.0550372410388793,0
2016-03-21,0.0015017672731629,-8.52151683513988e-05,0.055039980724716,0
2016-03-22,0.0015325170391387,-0.0002556890834693,0.0550428043534827,0
2016-03-23,0.0015585150774248,-0.0001278690622544,0.0550457113486236,0
2016-03-24,0.0015797882520088,0.0016610238278817,0.0550487011335826,0
2016-03-25,0.001596364431315,0.0,0.0550517731318037,0
2016-03-26,0.0016082722576176,-0.0001276731568923,0.0550549267667311,0
2016-03-27,0.0016155409209606,-0.0001276894594084,0.0550581614618088,0
2016-03-28,0.0016181999377272,-0.0001277057660889,0.0550614766404809,0
2016-03-29,0.0016162789339491,-0.0003832151800106,0.0550648717261914,0
2016-03-30,0.0016098074333839,-0.0002555583964841,0.0550683461423844,0
2016-03-31,0.0015988146503151,-0.0003834600928945,0.0550718993125038,0
2016-04-01,0.0015833292870233,-0.0005115089625591,0.0550755306599938,0
2016-04-02,0.0015633793357523,-8.527693690418409e-05,0.0550792396082985,0
2016-04-03,0.0015389918850375,-8.528420968015061e-05,0.0550830255808618,0
2016-04-04,0.00151019293012,-8.529148369717214e-05,0.0550868880011279,0
2016-04-05,0.0014770071872162,0.0020449904877276,0.0550908262925408,0
2016-04-06,0.0014394579112969,-0.0002553952254974,0.0550948398785444,0
2016-04-07,0.0013975667170453,-0.0003832151800106,0.055098928182583,0
2016-04-08,0.001351353402588,-0.0002555583964841,0.0551030906281006,0
2016-04-09,0.0013008357755714,0.0002981451136933,0.0551073266385411,0
2016-04-10,0.0012460294811205,0.0002980562496785,0.0551116356373487,0
2016-04-11,0.0011869478311718,0.0002979674386203,0.0551160170479674,0
2016-04-12,0.0011236016346478,-0.0007663814399884,0.0551204702938413,0
2016-04-13,0.0010559990278891,0.0003832641375563,0.0551249947984144,0
2016-04-14,0.0009841453047442,-0.0001277383919473,0.0551295899851307,0
2016-04-15,0.0009080427456626,-0.0001277547111288,0.0551342552774344,0
2016-04-16,0.0008276904450981,0.0,0.0551389900987695,0
2016-04-17,0.0007430841365152,0.0,0.05514379387258,0
2016-04-18,0.0006542160141987,0.0,0.05514866602231,0
2016-04-19,0.0005610745510843,0.000638610405508,0.0551536059714035,0
2016-04-20,0.0004636443117154,-0.0002553952254974,0.0551586131433046,0
2016-04-21,0.0003619057594371,-0.0006387735764947,0.0551636869614574,0
2016-04-22,0.0002558350568291,0.0,0.0551688268493059,0
2016-04-23,0.0001454038583607,-8.520064757637235e-05,0.0551740322302941,0
2016-04-24,3.0579094152897704e-05,-8.52079073454123e-05,0.0551793025278661,0
2016-04-25,-8.867725633348974e-05,-8.52151683513988e-05,0.055184637165466,0
2016-04-26,-0.0002124084019376,0.0012774656821578,0.0551900355665378,0
2016-04-27,-0.0003406629901353,-0.0003830683823897,0.0551954971545256,0
2016-04-28,-0.0004734953715148,0.0002553952254974,0.0552010213528735,0
2016-04-29,-0.0006109658799793,-0.0006386104055081,0.0552066075850254,0
2016-04-30,-0.0007531411303632,0.0,0.0552122552744254,0
2016-05-01,-0.0009000943352972,0.0,0.0552179638445176,0
2016-05-02,-0.0010519056433321,0.0,0.0552237327187461,0
2016-05-03,-0.001208662500476,0.0003832151800107,0.0552295613205549,0
2016-05-04,-0.0013704600375178,-0.0003832151800106,0.055235449073388,0
2016-05-05,-0.001537401485725,0.0003832151800107,0.0552413954006895,0
2016-05-06,-0.0017095986237361,-0.0003832151800106,0.0552473997259035,0
2016-05-07,-0.0018834373628301,4.258671720930226e-05,0.0552534614724739,0
2016-05-08,-0.0020440469447867,4.258490365817684e-05,0.055259580063845,0
2016-05-09,-0.0021876464766315,4.258309026136256e-05,0.0552657549234607,0
2016-05-10,-0.0023141499582103,0.0028064822604871,0.055271985474765,0
2016-05-11,-0.0024234474596825,0.0,0.0552782711412021,0
2016-05-12,-0.0025154078226611,0.0012730746467981,0.0552846113462159,0
2016-05-13,-0.0025898814062658,0.0001272183705044,0.0552910055132506,0
2016-05-14,-0.0026467028975185,-4.240432524746065e-05,0.0552974530657502,0
2016-05-15,-0.0026856942031761,-4.24061234506929e-05,0.0553039534271587,0
2016-05-16,-0.0027066674377455,-4.24079218061464e-05,0.0553105060209202,0
2016-05-17,-0.0027094280198214,-0.0022927025709751,0.0553171102704788,0
2016-05-18,-0.0026937778861668,0.0010196279241772,0.0553237655992784,0
2016-05-19,-0.0026595188299634,0.001018589341951,0.0553304714307632,0
2016-05-20,-0.0026064559664078,-0.003952826313567,0.0553372271883773,0
2016-05-21,-0.0025344013253544,0.0009364890859805,0.0553440322955646,0
2016-05-22,-0.0024431775668671,0.0009356128946518,0.0553508861757692,0
2016-05-23,-0.0023326218114992,0.0009347383413429,0.0553577882524352,0
2016-05-24,-0.002202589572773,-0.0002548419993403,0.0553647379490066,0
2016-05-25,-0.002052958774759,0.0014008279909317,0.0553717346889275,0
2016-05-26,-0.0018836338328929,0.0002544853048472,0.055378777895642,0
2016-05-27,-0.0016945497713023,-0.0022927025709751,0.055385866992594,0
2016-05-28,-0.0014856763449599,0.0,0.0553930014032277,0
2016-05-29,-0.0012570221301265,0.0,0.0554001805509871,0
2016-05-30,-0.0010086385418311,0.0,0.0554074038593162,0
2016-05-31,-0.0007406237327136,0.0022927025709752,0.0554146707516591,0
2016-06-01,-0.0004578261359971,-0.0025477720787985,0.0554219806514599,0
2016-06-02,-0.0001792537211397,0.0006375518226792,0.0554293329821626,0
2016-06-03,9.015482469306608e-05,0.001655734951272,0.0554367271672113,0
2016-06-04,0.0003501800852849,8.483563101583027e-05,0.05544416263005,0
2016-06-05,0.0006006274665283,8.48284345423078e-05,0.0554516387941227,0
2016-06-06,0.0008413267940559,8.482123928898718e-05,0.0554591550828736,0
2016-06-07,0.0010721317844584,-0.0003817522474306,0.0554667109197467,0
2016-06-08,0.0012929194010926,0.0001272669425836,0.055474305728186,0
2016-06-09,0.0015035891059493,-0.0007638447220534,0.0554819389316356,0
2016-06-10,0.0017040620192899,0.0007638447220535,0.0554896099535395,0
2016-06-11,0.0018942799988237,-0.0010185893419509,0.0554973182173419,0
2016-06-12,0.0020742046501357,-0.0010196279241771,0.0555050631464867,0
2016-06-13,0.0022438162798201,-0.0010206686265002,0.055512844164418,0
2016-06-14,0.0024031128024284,0.0,0.0555206606945798,0
2016-06-15,0.0025521086118585,-0.0016608116241653,0.0555285121604163,0
2016-06-16,0.0026908334272663,0.0017884521885098,0.0555363979853714,0
2016-06-17,0.0028193311229117,0.0021674006062305,0.0555443175928893,0
2016-06-18,0.0029376585506949,-0.0005945050920354,0.0555522704064139,0
2016-06-19,0.0030442550058969,-0.000594858738595,0.0555602558493894,0
2016-06-20,0.0031327231879288,-0.0005952128061445,0.0555682733452598,0
2016-06-21,0.003201637827685,0.0,0.0555763223174691,0
2016-06-22,0.0032512263276352,0.0002551345848769,0.0555844021894613,0
2016-06-23,0.0032817256225008,0.0003825798682129,0.0555925123846807,0
2016-06-24,0.0032933783249689,-0.0002550369817446,0.0556006523265711,0
2016-06-25,0.0032864290294994,0.0001275266213551,0.0556088214385767,0
2016-06-26,0.0032611207762992,0.0001275103603894,0.0556170191441414,0
2016-06-27,0.0032206814142441,0.0001274941035705,0.0556252448667095,0
2016-06-28,0.003177224233914,-0.0008928002633722,0.0556334980297248,0
2016-06-29,0.0031337554450888,-0.0002552322627435,0.0556417780566316,0
2016-06-30,0.0030902720423095,-0.0002552974228825,0.0556500843708737,0
2016-07-01,0.0030467709867755,-0.0006385288512716,0.0556584163958953,0
2016-07-02,0.0030032492057726,0.0,0.0556667735551405,0
2016-07-03,0.0029597035920833,0.0,0.0556751552720532,0
2016-07-04,0.0029161310033517,0.0,0.0556835609700776,0
2016-07-05,0.0028725282614274,-0.0003833131076129,0.0556919900726577,0
2016-07-06,0.0028288921516736,-0.0010228871880234,0.0557004420032375,0
2016-07-07,0.0027852194222493,0.0,0.0557089161852611,0
2016-07-08,0.0027415067833483,0.0,0.0557174120421726,0
2016-07-09,0.0026977509064198,0.0006394270951289,0.0557259289974159,0
2016-07-10,0.0026539484233452,0.0006390184893785,0.0557344664744353,0
2016-07-11,0.0026100959255865,0.000638610405508,0.0557430238966746,0
2016-07-12,0.0025661899633015,-0.0012776288948868,0.055751600687578,0
2016-07-13,0.0025222270444191,0.0020434234441172,0.0557601962705896,0
2016-07-14,0.0024782036336888,-0.0014044049547386,0.0557688100691533,0
2016-07-15,0.0024341161516837,0.0,0.0557774415067132,0
2016-07-16,0.0023899609737744,0.0004257855808174,0.0557860900067135,0
2016-07-17,0.0023457344290647,0.0004256043646132,0.055794754992598,0
2016-07-18,0.0023014327992859,0.0004254233025958,0.055803435887811,0
2016-07-19,0.0022570523176541,0.0003827262915888,0.0558121321157964,0
2016-07-20,0.0022125891676902,-0.0029379851241231,0.0558208430999983,0
2016-07-21,0.0021680394819945,0.0019170559900157,0.0558295682638608,0
2016-07-22,0.0021233993409816,0.0001276731568923,0.0558383070308279,0
2016-07-23,0.0020786647715753,-0.0001276731568923,0.0558470588243436,0
2016-07-24,0.0020338317458536,-0.0001276894594084,0.0558558230678521,0
2016-07-25,0.0019888961796533,-0.0001277057660889,0.0558645991847973,0
2016-07-26,0.0019438539311275,0.0002553952254974,0.0558733865986233,0
2016-07-27,0.0018987007992528,0.0007657945492304,0.0558821847327743,0
2016-07-28,0.001853432522292,0.0001275754291453,0.0558909930106941,0
2016-07-29,0.0018080447762016,-0.0008933699783759,0.055899810855827,0
2016-07-30,0.0017625331729899,-0.0001702562360459,0.0559086376916168,0
2016-07-31,0.0017168932590233,-0.0001702852281678,0.0559174729415078,0
2016-08-01,0.0016711205132736,-0.0001703142301656,0.0559263160289439,0
2016-08-02,0.0016252103455103,-0.0006389368308861,0.0559351663773693,0
2016-08-03,0.0015791580944378,0.0012774656821578,0.0559440234102278,0
2016-08-04,0.0015329590257637,-0.0003830683823897,0.0559528865509637,0
2016-08-05,0.0014866083302156,0.0001277057660888,0.055961755223021,0
2016-08-06,0.0014401011214824,-0.0005960998217898,0.0559706288498436,0
2016-08-07,0.0013934324340987,-0.0005964553687394,0.0559795068548758,0
2016-08-08,0.0013465972212536,-0.0005968113400779,0.0559883886615614,0
2016-08-09,0.0012995903525322,0.0019170559900157,0.0559972736933447,0
2016-08-10,0.0012524066115816,-0.0002553952254974,0.0560061613736695,0
2016-08-11,0.0012050406937004,-0.0003832151800106,0.0560150511259801,0
2016-08-12,0.0011574872033531,0.0002554931030762,0.0560239423737204,0
2016-08-13,0.0011097406515971,-8.515711492845999e-05,0.0560328345403345,0
2016-08-14,0.0010617954534307,-8.516436728015144e-05,0.0560417270492664,0
2016-08-15,0.0010136459250486,-8.517162086756792e-05,0.0560506193239602,0
2016-08-16,0.0009652862810133,0.0003832151800107,0.05605951078786,0
2016-08-17,0.000916710631323,-0.0016616607645183,0.0560684008644098,0
2016-08-18,0.0008679129783915,0.0012784455845076,0.0560772889770537,0
2016-08-19,0.0008188872139202,-0.0001277710344802,0.0560861745492357,0
2016-08-20,0.0007696271156712,0.0001703577516896,0.0560950570043999,0
2016-08-21,0.0007201263441217,0.0001703287348691,0.0561039357659903,0
2016-08-22,0.0006703784390175,0.0001702997279321,0.0561128102574509,0
2016-08-23,0.0006203768157994,-0.0019175461292717,0.0561216799022259,0
2016-08-24,0.0005701147619111,0.0006395906837797,0.0561305441237593,0
2016-08-25,0.0005195854329816,0.0007669692310011,0.0561394023454951,0
2016-08-26,0.0004687818488733,0.0,0.0561482539908774,0
2016-08-27,0.0004176968895947,0.000510986214491,0.0561570984833503,0
2016-08-28,0.0003663232910671,0.0005107252409279,0.0561659352463578,0
2016-08-29,0.0003146536407497,0.0005104645338,0.0561747637033439,0
2016-08-30,0.0002626803731022,-0.0019155870744959,0.0561835832777527,0
2016-08-31,0.0002103957648943,0.0015327631050404,0.0561923933930283,0
2016-09-01,0.0001577919303425,-0.0005106600391834,0.0562011934726148,0
2016-09-02,0.0001048608160736,-0.0003831662349708,0.0562099829399561,0
2016-09-03,5.159419591105545e-05,0.0,0.0562187612184963,0
2016-09-04,-2.0163345344320243e-06,0.0,0.0562275277316795,0
2016-09-05,-5.5979363466338245e-05,0.0,0.0562362819029497,0
2016-09-06,-0.000110303668711,-0.0014062002956363,0.056245023155751,0
2016-09-07,-0.0001649982237404,0.002044729146908,0.0562537509135275,0
2016-09-08,-0.0002200722039207,-0.002044729146908,0.0562624645997231,0
2016-09-09,-0.0002755349929876,0.0011506745500274,0.056271163637782,0
2016-09-10,-0.0003313961897737,-4.259397295924861e-05,0.0562798474511482,0
2016-09-11,-0.0003876656151844,-4.259578728316968e-05,0.0562885154632658,0
2016-09-12,-0.0004443533194398,-4.259760176142162e-05,0.0562971670975788,0
2016-09-13,-0.0005014695895952,0.0001277873620038,0.0563058017775312,0
2016-09-14,-0.0005590249573513,-0.0011506745500274,0.0563144189265672,0
2016-09-15,-0.0006170302071673,0.0023000265697907,0.0563230179681307,0
2016-09-16,-0.0006754963846888,-0.0007660878822068,0.0563315983256659,0
2016-09-17,-0.0007344348055098,0.0003405559608921,0.0563401594226167,0
2016-09-18,-0.0007938570642779,0.000340440022012,0.0563487006824273,0
2016-09-19,-0.0008537750441666,0.000340324162046,0.0563572215285417,0
2016-09-20,-0.0009142009267213,-0.0011490585368978,0.0563657213844039,0
2016-09-21,-0.0009751472021083,-0.0007667732005074,0.056374199673458,0
2016-09-22,-0.001036626679777,0.0,0.056382655819148,0
2016-09-23,-0.0010986524995579,0.0026811378972072,0.0563910892449181,0
2016-09-24,-0.0011612381432211,-0.0001700174271958,0.0563994993742122,0
2016-09-25,-0.0012243974465097,-0.0001700463380368,0.0564078856304744,0
2016-09-26,-0.0012881446116803,-0.0001700752587117,0.0564162474371488,0
2016-09-27,-0.0013524942205675,0.0007651109784109,0.0564245842176794,0
2016-09-28,-0.0014174612482046,0.0001274616023647,0.0564328953955103,0
2016-09-29,-0.0014830610770235,-0.0021690598615835,0.0564411803940856,0
2016-09-30,-0.0015493095116674,0.0017866263047523,0.0564494386368491,0
2016-10-01,-0.0016162227944403,-0.0001275103603895,0.0564576695472452,0
2016-10-02,-0.0016838176214382,-0.0001275266213549,0.0564658725487177,0
2016-10-03,-0.0017521111593799,-0.0001275428864685,0.0564740470647108,0
2016-10-04,-0.0018211210631902,-0.0016595395396154,0.0564821925186684,0
2016-10-05,-0.0018908654943634,0.0012768132480266,0.0564903083340347,0
2016-10-06,-0.0019613631401533,-0.0002552322627435,0.0564983939342537,0
2016-10-07,-0.0020326332336319,-0.0005106600391834,0.0565064487427695,0
2016-10-08,-0.0021046955746641,0.0002979167132029,0.0565144721830261,0
2016-10-09,-0.0021775705518444,0.0002978279852679,0.0565224636784676,0
2016-10-10,-0.0022512791654564,0.0002977393101682,0.0565304226525379,0
2016-10-11,-0.0023258430514941,-0.0007657945492304,0.0565383485286813,0
2016-10-12,-0.0024012845068259,-0.001021972495693,0.0565462407303417,0
2016-10-13,-0.0024776265155435,0.0,0.0565540986809631,0
2016-10-14,-0.0025548927765754,0.0011496456525854,0.0565619218039897,0
2016-10-15,-0.0026331077326334,0.0002127523783103,0.0565697095228655,0
2016-10-16,-0.0027122966005618,0.0002127071243635,0.0565774612610345,0
2016-10-17,-0.0027924854031753,0.0002126618896643,0.0565851764419409,0
2016-10-18,-0.0028737010026763,0.0006377144530898,0.0565928544890285,0
2016-10-19,-0.0029559711357277,-0.0020421194078285,0.0566004948257416,0
2016-10-20,-0.0030393244502978,0.001021580985283,0.0566080968755242,0
2016-10-21,-0.0031237905443647,-0.0008938262741542,0.0566156600618202,0
2016-10-22,-0.003209400006605,0.0005108556943794,0.0566231838080738,0
2016-10-23,-0.0032961844591784,0.0005105948540849,0.0566306675377291,0
2016-10-24,-0.003384176602734,0.0005103342800223,0.05663811067423,0
2016-10-25,-0.003473410263785,-0.0001275591557313,0.0566455126410207,0
2016-10-26,-0.0035639204445859,-0.0006380399629455,0.0566528728615451,0
2016-10-27,-0.0036557433756722,0.0011481789868898,0.0566601907592474,0
2016-10-28,-0.0037489165712371,-0.0014035090023203,0.0566674657575715,0
2016-10-29,-0.0038434788875129,-0.0003831173024321,0.0566746972799616,0
2016-10-30,-0.0039394705843618,-0.0003832641375562,0.0566818847498617,0
2016-10-31,-0.0040369333902728,-0.0003834110852772,0.0566890275907159,0
2016-11-01,-0.0041359105709967,0.0012774656821578,0.0566961252259682,1
2016-11-02,-0.0042364470020499,0.0008932559772151,0.0567031770790626,1
2016-11-03,-0.0043385892453535,-0.0005103342800222,0.0567101825734432,1
2016-11-04,-0.0044423856302749,0.0,0.0567171411325541,1
2016-11-05,-0.0045478863393783,0.0001701403662122,0.0567240521798394,1
2016-11-06,-0.0046551434992082,0.0001701114233923,0.056730915138743,1
2016-11-07,-0.0047642112764405,0.0001700824904176,0.056737729432709,1
2016-11-08,-0.0048751459797912,0.0015294420518981,0.0567444944851815,1
2016-11-09,-0.0049880061680829,-0.001529442051898,0.0567512097196046,1
2016-11-10,-0.0051028527649022,0.0001275428864682,0.0567578745594222,1
2016-11-11,-0.0052197491803313,0.000510008936211,0.0567644884280785,1
2016-11-12,-0.0053387614402642,-4.249081136837636e-05,0.0567710507490175,1
2016-11-13,-0.0054599583238615,-4.249261691431404e-05,0.0567775609456832,1
2016-11-14,-0.0055834115097545,-4.249442261336125e-05,0.0567840184415198,1
2016-11-15,-0.00569826096265,0.0039442763775969,0.0567904226599712,1
2016-11-16,-0.0057603368136228,-0.001143510702079,0.0567967730244815,1
2016-11-17,-0.0057573575332198,0.0001271213374877,0.0568030689584948,1
2016-11-18,-0.0056878132779365,-0.0002542588368642,0.0568093098854551,1
2016-11-19,-0.0055501969446618,0.0018207614116978,0.0568154952288065,1
2016-11-20,-0.0053430508248493,0.0018174522638358,0.0568216244119931,1
2016-11-21,-0.0050650167351064,0.0018141551225953,0.0568276968584588,1
2016-11-22,-0.0047283996157193,-0.001771928067715,0.0568337119916477,1
2016-11-23,-0.0043867141564908,0.0032882285856792,0.056839669235004,1
2016-11-24,-0.0040538885780814,-0.0001262705980591,0.0568455680119716,1
2016-11-25,-0.0037304449849059,-0.0006315922650428,0.0568514077459945,1
2016-11-26,-0.0034168767118333,-4.212033781135336e-05,0.056857187860517,1
2016-11-27,-0.0031136473806149,-4.2122112009042816e-05,0.0568629077789829,1
2016-11-28,-0.0028211902148971,-4.212388635595568e-05,0.0568685669248364,1
2016-11-29,-0.0025399076107807,0.0017676772279625,0.0568741647215216,1
2016-11-30,-0.0022701709570486,-0.0020204578157594,0.0568797005924824,1
2016-12-01,-0.0020123206966585,0.004540302918783,0.0568851739611629,1
2016-12-02,-0.0017666666188041,-0.0002516989693629,0.0568905842510072,1
2016-12-03,-0.0015334883689758,-0.0006715071390114,0.0568959308854593,1
2016-12-04,-0.0013130361628285,-0.000671958363867,0.0569012132879633,1
2016-12-05,-0.0011055316884657,-0.0006724101955387,0.0569064308819633,1
2016-12-06,-0.0009111691808543,0.0026450043759785,0.0569115830909032,1
2016-12-07,-0.0007301166515306,0.0003772873087575,0.0569166693382272,1
2016-12-08,-0.0005611779837714,-0.0030222916847362,0.0569216890473793,1
2016-12-09,-0.0003991115489589,0.0037764395334503,0.0569266416418035,1
2016-12-10,-0.0002426695555944,-0.0014249792855519,0.056931526544944,1
2016-12-11,-9.193281248236826e-05,-0.0014270127495049,0.0569363431802447,1
2016-12-12,5.302662730624458e-05,-0.0014290520253111,0.0569410909711498,1
2016-12-13,0.0001921452486199,0.0005046045269176,0.0569457693411032,1
2016-12-14,0.0003253678294789,0.0007564296881103,0.056950377713549,1
2016-12-15,0.0004526471718157,-0.0003781433208228,0.0569549155119313,1
2016-12-16,0.0005739438101953,-0.0003782863672874,0.0569593821596941,1
2016-12-17,0.0006892257009461,-0.0006728626352521,0.0569637770802816,1
2016-12-18,0.0007984678941419,-0.0006733156842347,0.0569680996971376,1
2016-12-19,0.0009016521907824,-0.0006737693437188,0.0569723494337064,1
2016-12-20,0.0009987667874871,-0.0071021224333717,0.0569765257134319,1
2016-12-21,0.0010898059109087,0.0054579052792913,0.0569806279597582,1
2016-12-22,0.0011747694439722,-0.0006331117653704,0.0569846555961294,1
2016-12-23,0.0012536625459475,0.0001266544235749,0.0569886080459895,1
2016-12-24,0.0013264952682336,-4.221635884523485e-05,0.0569924847327825,1
2016-12-25,0.0013932821675997,-4.221814114151432e-05,0.0569962850799526,1
2016-12-26,0.0014540419185113,-4.221992358812752e-05,0.0570000085109437,1
2016-12-27,0.0015087969260043,-0.0003800595472365,0.0570036544491999,1
2016-12-28,0.0015575729404562,0.0,0.0570072223181654,1
2016-12-29,0.0016003986754491,-0.0003802040474163,0.057010711541284,1
2016-12-30,0.0016373054297654,0.0003802040474162,0.057014121542,1
2016-12-31,0.0016683267144514,-0.00016896173057,0.0570174517437573,1
2017-01-01,0.001693497885703,-0.0001689902834608,0.05702070157,1
2017-01-02,0.0017128557842318,-0.0001690188460036,0.0570238705944831,1
2017-01-03,0.00172643838161,0.0051843069899276,0.0570269589922061,1
2017-01-04,0.0017342844339896,-0.0036641648172861,0.0570299670884791,1
2017-01-05,0.0017364331434504,0.0010121458353945,0.0570328952086126,1
2017-01-06,0.0017329238271316,0.0,0.0570357436779168,1
2017-01-07,0.0017237955941827,-0.0008855715677741,0.057038512821702,1
2017-01-08,0.00170908703046,-0.0008863564999408,0.0570412029652786,1
2017-01-09,0.0016888358908097,-0.0008871428248014,0.057043814433957,1
2017-01-10,0.0016630787986674,-0.0020307152555408,0.0570463475530473,1
2017-01-11,0.0016318509526264,0.0055745741726626,0.05704880264786,1
2017-01-12,0.0015951858395301,-0.000126350369743,0.0570511800437054,1
2017-01-13,0.0015531149535793,0.0005053057207063,0.0570534800658937,1
2017-01-14,0.0015056675208425,-8.419989058993876e-05,0.0570557030397354,1
2017-01-15,0.0014539036040995,-8.420698080837985e-05,0.0570578492905406,1
2017-01-16,0.0014019690350994,-8.421407222134973e-05,0.0570599191436199,1
2017-01-17,0.0013508878809377,-0.0007582459607567,0.0570619129242834,1
2017-01-18,0.0013006482238549,0.0015159174201624,0.0570638309578415,1
2017-01-19,0.0012512385853467,-0.0026543654591286,0.0570656735696046,1
2017-01-20,0.0012026479123951,0.0024018720857381,0.0570674410848828,1
2017-01-21,0.0011548655642552,0.0005049230099698,0.0570691338289867,1
2017-01-22,0.0011078812997722,0.0005046681913825,0.0570707521272264,1
2017-01-23,0.0010616852652025,0.0005044136298625,0.0570722963049123,1
2017-01-24,0.0010162679825103,-0.0006305568025307,0.0570737666873548,1
2017-01-25,0.0009716203381183,-0.0018940595346076,0.0570751635998641,1
2017-01-26,0.0009277335720965,0.0,0.0570764873677505,1
2017-01-27,0.0008845992677571,0.0026506799994549,0.0570777383163245,1
2017-01-28,0.0008422093416412,-0.0003362050882688,0.0570789167708963,1
2017-01-29,0.0008005560338816,-0.0003363181601464,0.0570800230567762,1
2017-01-30,0.0007596318989149,-0.0003364313081062,0.0570810574992746,1
2017-01-31,0.0007194297965354,0.0030238148276312,0.0570820204237017,1
2017-02-01,0.0006799428832639,-0.000125809901405,0.057082912155368,1
2017-02-02,0.0006411646040281,0.0008803371001795,0.0570837330195837,1
2017-02-03,0.0006030886841245,0.0,0.0570844833416591,1
2017-02-04,0.0005657091214661,-4.190324541241801e-05,0.0570851634469046,1
2017-02-05,0.0005290201790816,-4.19050013679936e-05,0.0570857736606304,1
2017-02-06,0.000493016377873,-4.1906757470683e-05,0.057086314308147,1
2017-02-07,0.0004576924896014,0.0,0.0570867857147646,1
2017-02-08,0.0004230435301068,0.0010052777926264,0.0570871882057936,1
2017-02-09,0.0003890647527329,0.0006277858201036,0.0570875221065443,1
2017-02-10,0.0003557409841215,0.0,0.0570877877423269,1
2017-02-11,0.0003230253299016,0.0006273919523191,0.0570879854384519,1
2017-02-12,0.0002909031271303,0.000626998578444,0.0570881155202295,1
2017-02-13,0.0002593705716484,0.0006266056975497,0.0570881783129701,1
2017-02-14,0.0002284240474657,-0.0020065218670895,0.0570881741419839,1
2017-02-15,0.0001980601220679,0.0007529175910957,0.0570881033325814,1
2017-02-16,0.0001682755418455,0.0047553587297196,0.0570879662100728,1
2017-02-17,0.0001390672276631,-0.0001248517387224,0.0570877630997684,1
2017-02-18,0.0001104322705362,-8.324315329877259e-05,0.0570874943269786,1
2017-02-19,8.236792742531822e-05,-8.325008329812785e-05,0.0570871602170137,1
2017-02-20,5.487161714170816e-05,-8.325701445170405e-05,0.0570867610951841,1
2017-02-21,2.7940916345549648e-05,-0.0006246486554534,0.0570862972867999,1
2017-02-22,1.573555648085922e-06,-0.0006250390852903,0.0570857691171716,1
2017-02-23,-2.4232584200148e-05,-0.0026294386902155,0.0570851769116095,1
2017-02-24,-4.947947603576264e-05,0.0,0.0570845209954239,1
2017-02-25,-7.416894992587703e-05,0.0004178331235317,0.0570838016939252,1
2017-02-26,-9.830269673788788e-05,0.0004176586119269,0.0570830193324235,1
2017-02-27,-0.0001218822716395,0.0004174842460335,0.0570821742362294,1
2017-02-28,-0.0001449090975307,-0.0037636476493038,0.057081266730653,1
2017-03-01,-0.0001673844684115,0.0043895474005999,0.0570802971410047,0
2017-03-02,-0.0001893095526984,-0.00075112672535,0.0570792657925949,0
2017-03-03,-0.0002106853964807,0.001751752199709,0.0570781730107338,0
2017-03-04,-0.0002315129267284,0.0002916605924719,0.0570770191207318,0
2017-03-05,-0.0002517929544565,0.0002915755513732,0.0570758044478992,0
2017-03-06,-0.0002715261778458,0.000291490559852,0.0570745293175463,0
2017-03-07,-0.0002907131853211,0.0001248985201148,0.0570731940549835,0
2017-03-08,-0.0003093544585995,0.0007490637054367,0.057071798985521,0
2017-03-09,-0.000327450375705,-0.0019987514461805,0.0570703444344692,0
2017-03-10,-0.0003450012139491,0.0014994379917924,0.0570688307271385,0
2017-03-11,-0.0003620071528951,0.0002080775720692,0.057067258188839,0
2017-03-12,-0.0003784682772904,0.0002080342848002,0.0570656271448812,0
2017-03-13,-0.000394384579984,0.0002079910155378,0.0570639379205754,0
2017-03-14,-0.0004097559648266,0.0003742748468618,0.0570621908412318,0
2017-03-15,-0.0004245822495555,-0.0016228703393274,0.0570603862321609,0
2017-03-16,-0.0004388631686656,-0.0065179473672142,0.0570585244186729,0
2017-03-17,-0.0004525983762795,0.0077665428596798,0.0570566057260782,0
2017-03-18,-0.0004657874489974,-8.319121505563454e-05,0.0570546304796871,0
2017-03-19,-0.0004784298887576,-8.319813640982522e-05,0.0570525990048098,0
2017-03-20,-0.0004905251256833,-8.320505891546088e-05,0.0570505116267568,0
2017-03-21,-0.0005020725209373,-0.0004993757906523,0.0570483686708383,0
2017-03-22,-0.0005130713695752,-0.0047565492107957,0.0570461704623647,0
2017-03-23,-0.0005235209034051,0.0051311044308561,0.0570439173266463,0
2017-03-24,-0.0005334202938497,0.0011228246454434,0.0570416095889934,0
2017-03-25,-0.0005427686548265,-0.0003325573692106,0.0570392475747164,0
2017-03-26,-0.0005515650456233,-0.0003326680004065,0.0570368316091255,0
2017-03-27,-0.0005598084738019,-0.0003327787052341,0.057034362017531,0
2017-03-28,-0.0005674978981022,0.0009980040748513,0.0570318391252434,0
2017-03-29,-0.0005746322313684,0.0,0.0570292632575729,0
2017-03-30,-0.0005812103434904,-0.0009980040748513,0.0570266347398298,0
2017-03-31,-0.0005872310643638,0.0009980040748513,0.0570239538973245,0
2017-04-01,-0.0005926931868665,0.0002077922085397,0.0570212210553673,0
2017-04-02,-0.0005975954698585,0.0002077490399079,0.0570184365392685,0
2017-04-03,-0.0006019366412043,0.0002077058892086,0.0570156006743384,0
2017-04-04,-0.0006057154008149,-0.0013716568021266,0.0570127137858874,0
2017-04-05,-0.0006089304237159,0.0022435507354203,0.0570097761992257,0
2017-04-06,-0.0006115803631414,0.0031077158456855,0.0570067882396638,0
2017-04-07,-0.0006136638536466,-0.0027342796055829,0.0570037502325118,0
2017-04-08,-0.0006151795142586,0.0007049993034656,0.0570006625030802,0
2017-04-09,-0.0006161259516422,0.0007045026295818,0.0569975253766793,0
2017-04-10,-0.0006165017632991,0.0007040066550217,0.0569943391786193,0
2017-04-11,-0.0006163055407933,0.0,0.0569911042342106,0
2017-04-12,-0.0006155358730059,0.0049554115279541,0.0569878208687636,0
2017-04-13,-0.0006141913494149,-0.0002471882350986,0.0569844894075885,0
2017-04-14,-0.0006122705634071,-0.0002472493522301,0.0569811101759957,0
2017-04-15,-0.0006097721156155,-0.0005771530027877,0.0569776834992955,0
2017-04-16,-0.0006066946172864,-0.0005774863007495,0.0569742097027982,0
2017-04-17,-0.0006030366936727,-0.0005778199838838,0.0569706891118141,0
2017-04-18,-0.0005987969874596,0.0098595819663127,0.0569671220516536,0
2017-04-19,-0.0005939741622096,0.0028167307827784,0.0569635088476269,0
2017-04-20,-0.0005885669058402,0.0109463510906985,0.0569598498250445,0
2017-04-21,-0.0005825739341285,0.0006046314955348,0.0569561453092165,0
2017-04-22,-0.0005759939942338,0.0003626034970532,0.0569523956254535,0
2017-04-23,-0.0005688258682535,0.0003624720634139,0.0569486010990655,0
2017-04-24,-0.0005610683767936,0.0003623407250223,0.0569447620553631,0
2017-04-25,-0.0005527203825672,0.0080582551633913,0.0569408788196565,0
2017-04-26,-0.0005437807940145,0.0073994847699021,0.056936951717256,0
2017-04-27,-0.0005342485689326,-0.0232162950358057,0.056932981073472,0
2017-04-28,-0.0005241227181381,-0.00867816972283,0.0569289672136147,0
2017-04-29,-0.000513402309129,0.0026970716361435,0.0569249104629945,0
2017-04-30,-0.000502086469779,0.0026898170026137,0.0569208111469218,0
2017-05-01,-0.0004901743920239,0.002682601291709,0.0569166695907068,0
2017-05-02,-0.0004776653355794,0.0024324993750611,0.0569124861196598,0
2017-05-03,-0.0004645586316479,0.0021842018148412,0.0569082610590912,0
2017-05-04,-0.0004508536866447,-0.0128089582925811,0.0569039947343114,0
2017-05-05,-0.0004365499859202,-0.000736919709104,0.0568996874706305,0
2017-05-06,-0.0004216470974859,-0.0001228727654061,0.056895339593359,0
2017-05-07,-0.0004061446757363,-0.0001228878649779,0.0568909514278072,0
2017-05-08,-0.0003900424651679,-0.0001229029682614,0.0568865232992854,0
2017-05-09,-0.0003734211071896,-0.0014760150281206,0.0568820555331039,0
2017-05-10,-0.0003566039804017,-0.0004924895445515,0.056877548454573,0
2017-05-11,-0.0003396725207045,0.0012307693861326,0.0568730023890031,0
2017-05-12,-0.000322627441726,0.0,0.0568684176617044,0
2017-05-13,-0.0003054694762784,-8.20041822591351e-05,0.0568637945979874,0
2017-05-14,-0.0002881993763717,-8.201090749677399e-05,0.0568591335231623,0
2017-05-15,-0.000270817913223,-8.201763383722204e-05,0.0568544347625394,0
2017-05-16,-0.00025332587726,-0.0080291951332411,0.0568496986414291,0
2017-05-17,-0.0002357240781145,0.0003720007482914,0.0568449254851416,0
2017-05-18,-0.0002180133446138,-0.0004960317562022,0.0568401156189874,0
2017-05-19,-0.0002001945247619,0.0,0.0568352693682767,0
2017-05-20,-0.0001822684857157,0.0,0.0568303870583199,0
2017-05-21,-0.0001642361137535,0.0,0.0568254690144272,0
2017-05-22,-0.0001460983142375,0.0,0.0568205155619091,0
2017-05-23,-0.0001278560115704,-0.0003721853525997,0.0568155270260758,0
2017-05-24,-0.0001095101491388,0.0003721853525998,0.0568105037322375,0
2017-05-25,-9.106168926209923e-05,0.0,0.0568054460057048,0
2017-05-26,-7.251161311654705e-05,0.0004960317562021,0.0568003541717878,0
2017-05-27,-5.386092067354805e-05,-8.265487461819231e-05,0.056795228555797,0
2017-05-28,-3.511063060892615e-05,-8.266170701147024e-05,0.0567900694830426,0
2017-05-29,-1.6261780222313236e-05,-8.2668540533874e-05,0.0567848772788349,0
2017-05-30,2.68457466066004e-06,-0.0002480466340387,0.0567796522684843,0
2017-05-31,2.1727359788621544e-05,0.0006200012598631,0.0567743947773011,0
2017-06-01,4.086548259559913e-05,0.0,0.0567691051305956,0
2017-06-02,6.009783231604994e-05,0.00037181632702,0.0567637836536781,0
2017-06-03,7.942328010854965e-05,8.2607079473611e-05,0.056758430671859,0
2017-06-04,9.884067918869467e-05,8.26002561078478e-05,0.0567530465104486,0
2017-06-05,0.0001183488649677,8.259343386882132e-05,0.0567476314947571,0
2017-06-06,0.0001379466551943,-0.0006196170964705,0.056742185950095,0
2017-06-07,0.0001576328501129,0.0002478929115321,0.0567367102017726,0
2017-06-08,0.0001774062326229,0.0003717241849384,0.0567312045751001,0
2017-06-09,0.0001972655684439,0.0,0.0567256693953879,0
2017-06-10,0.0002172096062941,0.0002064537447719,0.0567201049879463,0
2017-06-11,0.0002372370780714,0.000206411130421,0.0567145116780856,0
2017-06-12,0.0002573466990424,0.0002063685336584,0.0567088897911162,0
2017-06-13,0.0002775371680411,-0.0019828981586953,0.0567032396523484,0
2017-06-14,0.0002978071676702,0.0012397720407713,0.0566975615870925,0
2017-06-15,0.0003181553645166,0.0006193101083558,0.0566918559206588,0
2017-06-16,0.0003385804093635,-0.0008671415842216,0.0566861229783576,0
2017-06-17,0.0003590809374229,0.0001652278082159,0.0566803630854992,0
2017-06-18,0.000379655568561,0.0001652005124973,0.0566745765673941,0
2017-06-19,0.0004003029075407,0.0001651732257956,0.0566687637493525,0
2017-06-20,0.0004210215442712,-0.0009914488357062,0.0566629249566847,0
2017-06-21,0.0004418100540508,0.0004958472891973,0.0566570605147011,0
2017-06-22,0.0004626669978373,-0.0004958472891971,0.0566511707487119,0
2017-06-23,0.0004835909225064,0.0006197707046852,0.0566452559840275,0
2017-06-24,0.0005045803611278,-0.0002478621898919,0.0566393165459582,0
2017-06-25,0.0005256338332425,-0.0002479236407891,0.0566333527598144,0
2017-06-26,0.0005467498451493,-0.0002479851221635,0.0566273649509063,0
2017-06-27,0.0005679268901949,0.0,0.0566213534445443,0
2017-06-28,0.0005891634490735,0.0011154490838656,0.0566153185660388,0
2017-06-29,0.0006104579901268,-0.0009914488357062,0.0566092606406999,0
2017-06-30,0.0006318089696569,-0.0009924327821133,0.0566031799938381,0
2017-07-01,0.0006532148322401,0.0005376900139883,0.0565970769507636,0
2017-07-02,0.0006746740110467,0.0005374010587985,0.0565909518367869,0
2017-07-03,0.0006961849281685,0.0005371124140117,0.0565848049772181,0
2017-07-04,0.0007177459949509,-0.0018604656529197,0.0565786366973677,0
2017-07-05,0.0007393556123269,0.0023560058018113,0.0565724473225459,0
2017-07-06,0.000761012171162,0.0042022061590046,0.0565662371780631,0
2017-07-07,0.0007827140525995,-0.001604641460155,0.0565600065892296,0
2017-07-08,0.0008044596284127,0.001316818428214,0.0565537558813558,0
2017-07-09,0.000826247261359,0.0013150866975658,0.0565474853797518,0
2017-07-10,0.0008480753055444,0.0013133595156891,0.0565411954097282,0
2017-07-11,0.0008699421067842,0.0003690717886513,0.0565348862965951,0
2017-07-12,0.000891846002975,-0.0003690717886514,0.0565285583656629,0
2017-07-13,0.0009137853244648,-0.0004923077022508,0.0565222119422419,0
2017-07-14,0.0009357583944338,-0.0022183888811774,0.0565158473516426,0
2017-07-15,0.0009577635292691,-0.0011522160856647,0.056509464919175,0
2017-07-16,0.0009797990389541,-0.001153545219169,0.0565030649701497,0
2017-07-17,0.0010018632274506,-0.0011548774226464,0.0564966478298769,0
2017-07-18,0.0010239543930928,-0.0018588517651851,0.0564902138236669,0
2017-07-19,0.001046070828977,-0.0003721853525997,0.0564837632768301,0
2017-07-20,0.0010682108233579,-0.0006206169131117,0.0564772965146767,0
2017-07-21,0.0010903726600474,0.0003724163657962,0.0564708138625172,0
2017-07-22,0.0011125546188143,0.0002068380672152,0.0564643156456618,0
2017-07-23,0.001134754975786,0.0002067952940761,0.0564578021894208,0
2017-07-24,0.0011569720038531,0.0002067525386238,0.0564512738191046,0
2017-07-25,0.0011792039730756,0.0049492800855246,0.0564447308600235,0
2017-07-26,0.0012014491510888,-0.0029666276392775,0.0564381736374878,0
2017-07-27,0.0012237058035148,-0.0027271617249598,0.0564316024768078,0
2017-07-28,0.0012459721943675,0.0001241233787976,0.0564250177032939,0
2017-07-29,0.0012681238289964,0.0026030383461624,0.0564184196422564,0
2017-07-30,0.0012896692056934,0.0025962801256316,0.0564118086190056,0
2017-07-31,0.001310487376265,0.0025895569067338,0.0564051849588518,0
2017-08-01,0.0013305806018689,-0.0012322860462651,0.0563985489871053,0
2017-08-02,0.0013499512804461,-0.0058121724244365,0.0563919010290765,0
2017-08-03,0.001368601940673,0.0009916946393502,0.0563852414100757,0
2017-08-04,0.0013865352359431,0.001485700409472,0.0563785704554131,0
2017-08-05,0.0014037539383993,-0.000825116594525,0.0563718884903993,0
2017-08-06,0.0014202609330094,-0.0008257979741762,0.0563651958403443,0
2017-08-07,0.0014360592116942,-0.000826480480121,0.0563584928305587,0
2017-08-08,0.0014511518675134,0.0026011038384896,0.0563517797863526,0
2017-08-09,0.0014655420889097,-0.000618697043803,0.0563450570330364,0
2017-08-10,0.0014792331540203,-0.0004952333888514,0.0563383248959205,0
2017-08-11,0.0014922284250532,-0.0002477086958417,0.0563315837003152,0
2017-08-12,0.001504531342736,-8.258320262366763e-05,0.0563248337715307,0
2017-08-13,0.0015161454208364,-8.259002317206254e-05,0.0563180754348774,0
2017-08-14,0.0015260541934699,-8.259684484758446e-05,0.0563113090156657,0
2017-08-15,0.0015301936216425,-0.0009916946393502,0.0563045348392058,0
2017-08-16,0.0015275817824186,0.0009916946393502,0.0562977532308081,0
2017-08-17,0.0015182598030307,0.003216232361742,0.0562909645157828,0
2017-08-18,0.001502268254718,0.0,0.0562841690194404,0
2017-08-19,0.0014796467112952,0.000493888144377,0.0562773670670911,0
2017-08-20,0.001450433316908,0.0004936443392852,0.0562705589840453,0
2017-08-21,0.001414664362467,0.0004934007747808,0.0562637450956132,0
2017-08-22,0.0013723738701105,-0.0019750654488553,0.0562569257271053,0
2017-08-23,0.0013235931848938,-0.0019789740534056,0.0562501012038317,0
2017-08-24,0.0012683505727751,0.0037073695454109,0.056243271851103,0
2017-08-25,0.0012066708238282,-0.0030885193492881,0.0562364379942292,0
2017-08-26,0.0011385748594769,0.0007421150618884,0.0562295999585209,0
2017-08-27,0.0010640793424279,0.0007415647355035,0.0562227580692882,0
2017-08-28,0.000983196287845,0.0007410152247192,0.0562159126518416,0
2017-08-29,0.0008959326741762,0.0008638243271769,0.0562090640314914,0
2017-08-30,0.0008022900519232,0.0006165608432573,0.0562022125335478,0
2017-08-31,0.0007022641484982,-0.0029629651306571,0.0561953584833212,0
2017-09-01,0.0005958444671838,-0.0025998157633329,0.0561885022061219,0
2017-09-02,0.0004830138780506,0.0021051335865372,0.0561816440272603,0
2017-09-03,0.0003637481985424,0.0021007113069796,0.0561747842720467,0
2017-09-04,0.0002380157612587,0.0020963075683517,0.0561679232657913,0
2017-09-05,0.0001057769662826,0.0004926108473999,0.0561610613338045,0
2017-09-06,-3.301618479477358e-05,-0.0012319824152786,0.0561541988013966,0
2017-09-07,-0.0001784205762419,0.0036914032319596,0.056147335993878,0
2017-09-08,-0.0003305024902588,0.0001228124042072,0.056140473236559,0
2017-09-09,-0.0004893381473696,0.0021263553298988,0.0561336108547498,0
2017-09-10,-0.0006550142790341,0.0021218435348928,0.0561267491737609,0
2017-09-11,-0.000827628736749,0.0021173508460071,0.0561198885189025,0
2017-09-12,-0.0010147709799032,-0.0031777098360608,0.056113029215485,0
2017-09-13,-0.0012465555155888,0.0028115659374197,0.0561061715888186,0
2017-09-14,-0.0015308471575829,-0.0153764023423146,0.0560993159642137,0
2017-09-15,-0.0018681811017218,-0.0004959702519524,0.0560924626669807,0
2017-09-16,-0.0022592588422341,0.0002480158742872,0.0560856120224298,0
2017-09-17,-0.0027049797268113,0.0002479543776653,0.0560787643558714,0
2017-09-18,-0.003206474797262,0.0002478929115321,0.0560719199926157,0
2017-09-19,-0.0037651436215896,0.016104595403838,0.0560650792579732,0
2017-09-20,-0.0043826949760809,-0.0157328712188996,0.0560582424772541,0
2017-09-21,-0.0050209942773309,0.0139019277717902,0.0560514099757687,0
2017-09-22,-0.0055198932210226,-0.0001221821737728,0.0560445820788274,0
2017-09-23,-0.0058364562739857,-8.146307690553763e-05,0.0560377591117406,0
2017-09-24,-0.0059667723369016,-8.146971367897513e-05,0.0560309413998184,0
2017-09-25,-0.0059064536302982,-8.147635153412408e-05,0.0560241292683713,0
2017-09-26,-0.0056509819361419,-0.0056379607609479,0.0560173230427095,0
2017-09-27,-0.0052309759133366,0.0088106296821549,0.0560105230481434,0
2017-09-28,-0.0047836835348308,-0.003050456883169,0.0560037296099833,0
2017-09-29,-0.0043444398247875,0.0029286171023298,0.0559969430535396,0
2017-09-30,-0.0039140327782221,-0.0009752530335339,0.0559901637041225,0
2017-10-01,-0.0034932144017276,-0.0009762050805755,0.0559833918870424,0
2017-10-02,-0.0030826979250261,-0.0009771589882203,0.0559766279276095,0
2017-10-03,-0.002683155421779,-0.0052686515307956,0.0559698721511343,0
2017-10-04,-0.0022952158516819,0.0066119991102302,0.055963124882927,0
2017-10-05,-0.0019194635292727,-0.0145054786740882,0.055956386448298,0
2017-10-06,-0.0015564370185627,0.0062951513204766,0.0559496571725575,0
2017-10-07,-0.0012066284467017,0.0026624629158935,0.0559429373810159,0
2017-10-08,-0.000870483224385,0.0026553930262687,0.0559362273989836,0
2017-10-09,-0.0005484001558987,0.0026483605839219,0.0559295275517708,0
2017-10-10,-0.0002407319174288,0.0002441108275273,0.0559228381646879,0
2017-10-11,5.2214121219755295e-05,-0.0062435166396849,0.0559161595630452,0
2017-10-12,0.0003301747592026,-0.0081381460248351,0.0559094920721529,0
2017-10-13,0.0005929295412947,-0.0002476473514389,0.0559028360173216,0
2017-10-14,0.0008402990798138,0.0001651050484618,0.0558961917238613,0
2017-10-15,0.0010721431537382,0.0001650777932849,0.0558895595170826,0
2017-10-16,0.0012883586170505,0.0001650505471047,0.0558829397222956,0
2017-10-17,0.0014888771479108,-0.0006190800668226,0.0558763326648107,0
2017-10-18,0.0016736628693027,0.0192584915597578,0.0558697386699383,0
2017-10-19,0.0018427098704558,0.0010928299308734,0.0558631580629887,0
2017-10-20,0.001996039656603,0.0006066120901818,0.0558565911692721,0
2017-10-21,0.00213369855263,0.0010102031367234,0.055850038314099,0
2017-10-22,0.0022557550839659,0.0010091836561419,0.0558434998227795,0
2017-10-23,0.0023622973556635,0.0010081662311722,0.0558369760206242,0
2017-10-24,0.0024534304481734,0.0002418087304732,0.0558304672329431,0
2017-10-25,0.0025292738457953,-0.0002418087304733,0.0558239737850468,0
2017-10-26,0.0025899589112863,0.0008460748676586,0.0558174960022455,0
2017-10-27,0.0026356264176596,0.0,0.0558110342098495,0
2017-10-28,0.0026664241458128,0.0002013409312778,0.0558045887331692,0
2017-10-29,0.0026825045543527,0.0002013004012675,0.0557981598975149,0
2017-10-30,0.0026840225258256,0.0002012598875713,0.0557917480281969,0
2017-10-31,0.0026711331915177,0.0,0.0557853534505255,0
2017-11-01,0.0026439898351194,-0.0016918433038535,0.055778976489811,1
2017-11-02,0.002602741873782,0.0020540090590042,0.0557726174713638,1
2017-11-03,0.0025475329134666,0.0,0.0557662767204942,1
2017-11-04,0.0024784988740209,0.0,0.0557599545625125,1
2017-11-05,0.0023957661780249,0.0,0.0557536513227291,1
2017-11-06,0.0022994499961807,0.0,0.0557473673264542,1
2017-11-07,0.0021896525408552,-0.0059318617129831,0.0557411028989981,1
2017-11-08,0.0020664613982406,0.0077407256370093,0.0557348583656713,1
2017-11-09,0.0019299478885762,-0.0045888258279793,0.055728634051784,1
2017-11-10,0.0017801654427924,0.0063944236703181,0.0557224302826465,1
2017-11-11,0.0016171479829471,0.0,0.0557162473835692,1
2017-11-12,0.0014409082927298,0.0,0.0557100856798624,1
2017-11-13,0.0012514363632387,0.0,0.0557039454968363,1
2017-11-14,0.0010486976980122,-0.0001202718144453,0.0556978271598015,1
2017-11-15,0.0008326315600401,0.0019226153483055,0.055691730994068,1
2017-11-16,0.0006031491419836,0.000839983249725,0.0556856573249463,1
2017-11-17,0.0003601316392466,0.000959117685322,0.0556796064777468,1
2017-11-18,0.0001034282036261,-0.0027198928811232,0.0556735787777796,1
2017-11-19,-0.0001671462468385,-0.0027273108791533,0.0556675745503552,1
2017-11-20,-0.0004518133887396,-0.002734769450263,0.0556615941207838,1
2017-11-21,-0.0007508340546823,0.0111733005981252,0.0556556378143758,1
2017-11-22,-0.0010645110283871,0.0,0.0556497059564415,1
2017-11-23,-0.001393192110675,-0.0290929609416647,0.0556437988722913,1
2017-11-24,-0.00173727349819,0.0356425526787062,0.0556379168872354,1
2017-11-25,-0.0020972035221958,0.0006723752898316,0.0556320603265841,1
2017-11-26,-0.0024734868012521,0.0006719235050531,0.0556262295156479,1
2017-11-27,-0.0028527909469284,0.0006714723269967,0.0556204247797369,1
2017-11-28,-0.0031797963442615,0.0041373662659614,0.0556146464441616,1
2017-11-29,-0.0034401856966449,-0.0354199941190616,0.0556088948342322,1
2017-11-30,-0.0036332633670771,0.0048768689684798,0.0556031702752592,1
2017-12-01,-0.0037581731758229,-0.0002432794075981,0.0555974730925527,1
2017-12-02,-0.0038139417051754,8.109971214043177e-05,0.0555918036114231,1
2017-12-03,-0.0037995235605498,8.109313551053608e-05,0.0555861621571808,1
2017-12-04,-0.0037138489789709,8.108655994699092e-05,0.055580549055136,1
2017-12-05,-0.0035558740073373,-0.0002432794075981,0.0555749646305991,1
2017-12-06,-0.0033246332843228,0.0014587894636598,0.0555694092088805,1
2017-12-07,-0.0030192952495006,-0.0003644979081724,0.0555638831152904,1
2017-12-08,-0.0026392193717784,0.000850288541967,0.0555583866751391,1
2017-12-09,-0.0021840147396573,-4.047354042843005e-05,0.055552920213737,1
2017-12-10,-0.0016535990946249,-4.047517860238228e-05,0.0555474840563943,1
2017-12-11,-0.0010482571259229,-4.04768169085701e-05,0.0555420785284215,1
2017-12-12,-0.0003686965932472,0.0014561342216147,0.0555367039551289,1
2017-12-13,0.0003589967327338,-0.000242541839656,0.0555313606618266,1
2017-12-14,0.0010337303043367,0.0003637907030965,0.0555260489738252,1
2017-12-15,0.0016294473691931,0.0007271846157312,0.0555207692164349,1
2017-12-16,0.002145494011116,0.0010091021865801,0.055515521714966,1
2017-12-17,0.0025816567062821,0.0010080849257912,0.0555103067947289,1
2017-12-18,0.0029380984939327,0.0010070697139073,0.0555051247810338,1
2017-12-19,0.0032152931807498,-0.0035089878100792,0.0554999759991911,1
2017-12-20,0.0034139591264681,0.0015745173724576,0.0554948607745111,1
2017-12-21,0.0035349938544018,-0.0023020546908346,0.0554897794323041,1
2017-12-22,0.0035794104186043,0.002665053061328,0.0554847322978805,1
2017-12-23,0.0035482761538302,6.0486919722089086e-05,0.0554797196965506,1
2017-12-24,0.0034426541455187,6.048326127600816e-05,0.0554747419536247,1
2017-12-25,0.003263547490722,6.0479603272421975e-05,0.0554697993944131,1
2017-12-26,0.003027796855393,6.047594571088649e-05,0.0554648923442262,1
2017-12-27,0.0027995812794923,-0.0001209555489833,0.0554600211283742,1
2017-12-28,0.0025945343729382,0.0001209555489834,0.0554551860721675,1
2017-12-29,0.0024122903703307,-0.0003629105465343,0.0554503875009164,1
2017-12-30,0.0022525291790662,0.0,0.0554456257399312,1
2017-12-31,0.0021149704540728,0.0,0.0554409011145223,1
2018-01-01,0.0019993679836495,0.0,0.05543621395,1
2018-01-02,0.0019055043359691,0.000241954997551,0.0554315645106833,1
2018-01-03,0.0018331857241933,0.0,0.0554269528169264,1
2018-01-04,0.001782237055831,0.0,0.0554223788280922,1
2018-01-05,0.0017524971389265,0.0001209555489834,0.0554178425035437,1
2018-01-06,0.001743814024175,8.062890550620093e-05,0.0554133438026437,1
2018-01-07,0.001756040468118,8.062240501016218e-05,0.0554088826847551,1
2018-01-08,0.0017890295082699,8.061590556182518e-05,0.0554044591092409,1
2018-01-09,0.0018426301464589,0.000362691172446,0.055400073035464,1
2018-01-10,0.001916683141759,0.0001208678311738,0.0553957244227873,1
2018-01-11,0.0020048921740519,0.0,0.0553914132305736,1
2018-01-12,0.0020826733752269,0.0001208532239069,0.0553871394181859,1
2018-01-13,0.0021439925936131,0.0001611149155618,0.0553829029449871,1
2018-01-14,0.0021889752457027,0.0001610889617271,0.0553787037703402,1
2018-01-15,0.0022177547009402,0.0001610630162531,0.0553745418536079,1
2018-01-16,0.0022304695470935,-0.0002416042534102,0.0553704171541534,1
2018-01-17,0.0022272609307072,-0.0026615065311673,0.0553663296313393,1
2018-01-18,0.0022082699755256,0.0025406825112054,0.0553622792445287,1
2018-01-19,0.002173635279358,0.0004832085138716,0.0553582659530845,1
2018-01-20,0.0021234904875676,0.0001610176317786,0.0553542897163696,1
2018-01-21,0.0020579619392673,0.0001609917092746,0.0553503504937468,1
2018-01-22,0.001977166380296,0.0001609657951162,0.0553464482445792,1
2018-01-23,0.0018812087352011,0.0012064182908518,0.0553425829282295,1
2018-01-24,0.0017701799286876,-0.0007236763070623,0.0553387545040608,1
2018-01-25,0.0016441547453128,0.0,0.0553349629314359,1
2018-01-26,0.0015031897146014,-0.0001206636502217,0.0553312081697178,1
2018-01-27,0.0013506030838575,4.022283450851691e-05,0.0553274901782692,1
2018-01-28,0.0011995056874161,4.0221216697090434e-05,0.0553238089164533,1
2018-01-29,0.0010530977776939,4.0219599015996286e-05,0.0553201643436328,1
2018-01-30,0.000911295191824,-0.0001206636502217,0.0553165564191707,1
2018-01-31,0.0007740204539978,0.0,0.0553129851024299,1
2018-02-01,0.0006412024445709,0.0,0.0553094503527733,1
2018-02-02,0.000512776090333,0.0001206636502216,0.0553059521295638,1
2018-02-03,0.0003886820740417,-4.021959901598937e-05,0.0553024903921643,1
2018-02-04,0.0002688665614375,-4.0221216697204e-05,0.0552990650999378,1
2018-02-05,0.0001532809441565,-4.022283450854462e-05,0.055295676212247,1
2018-02-06,4.188159701989535e-05,0.0014470037494053,0.0552923236884551,1
2018-02-07,-6.537035167240342e-05,-0.0024128374596419,0.0552890074879248,1
2018-02-08,-0.0001685092381232,0.0010864973604582,0.0552857275700191,1
2018-02-09,-0.0002675650704874,0.0,0.0552824838941008,1
2018-02-10,-0.000362563726906,0.0,0.0552792764195329,1
2018-02-11,-0.0004535271451418,0.0,0.0552761051056784,1
2018-02-12,-0.0005404735048071,0.0,0.0552729699119,1
2018-02-13,-0.0006234174030641,0.0013263400991836,0.0552698707975608,1
2018-02-14,-0.0007023700246734,-0.0016883747377847,0.0552668077220236,1
2018-02-15,-0.0007773393071679,0.0016883747377847,0.0552637806446514,1
2018-02-16,-0.000848330101913,-0.0013263400991837,0.055260789524807,1
2018-02-17,-0.000915344331767,0.0,0.0552578343218533,1
2018-02-18,-0.0009783811459951,0.0,0.0552549149951534,1
2018-02-19,-0.0010374370730779,0.0,0.05525203150407,1
2018-02-20,-0.0010925061720045,0.0006030999519395,0.0552491838079661,1
2018-02-21,-0.0011435801826075,-0.0002411963349851,0.0552463718662046,1
2018-02-22,-0.001190648675469,-0.0008446456007437,0.0552435956381484,1
2018-02-23,-0.0012336992019022,0.0004827419837893,0.0552408550831605,1
2018-02-24,-0.0012727174444508,0.0,0.0552381501606037,1
2018-02-25,-0.0013076873683676,0.0,0.0552354808298409,1
2018-02-26,-0.0013385913744634,0.0,0.0552328470502351,1
2018-02-27,-0.0013654104536918,0.0001206490922619,0.0552302487811491,1
2018-02-28,-0.0013881243438368,0.0003618599641439,0.0552276859819459,1
2018-03-01,-0.0014067116885927,-0.0003618599641439,0.0552251586119884,0
2018-03-02,-0.0014211501993253,0.0001206345378145,0.0552226666306395,0
2018-03-03,-0.0014314168197717,0.0,0.0552202099972621,0
2018-03-04,-0.0014374878938646,0.0,0.0552177886712191,0
2018-03-05,-0.0014393393368857,0.0,0.0552154026118735,0
2018-03-06,-0.0014369468100756,0.0001206199868779,0.0552130517785881,0
2018-03-07,-0.0014302858987863,-0.0001206199868779,0.0552107361307258,0
2018-03-08,-0.0014193322942731,0.0,0.0552084556276495,0
2018-03-09,-0.0014040619790959,-0.0002412836300764,0.0552062102287223,0
2018-03-10,-0.0013844514161415,0.0001206490922619,0.0552039998933069,0
2018-03-11,-0.0013604777411733,0.0001206345378143,0.0552018245807663,0
2018-03-12,-0.0013321189587887,0.0001206199868782,0.0551996842504634,0
2018-03-13,-0.0012993541416229,-0.0003619036169544,0.0551975788617611,0
2018-03-14,-0.0012621636325568,0.0002412836300764,0.0551955083740223,0
2018-03-15,-0.0012205292496763,-0.0002412836300764,0.05519347274661,0
2018-03-16,-0.0011744344936325,0.002891568279799,0.0551914719388869,0
2018-03-17,-0.0011238647570278,-0.000882648001135,0.0551895059102162,0
2018-03-18,-0.0010688075353779,-0.0008834277569294,0.0551875746199605,0
2018-03-19,-0.0010092526391594,-0.0008842088916581,0.055185678027483,0
2018-03-20,-0.0009460951925708,0.0,0.0551838160921464,0
2018-03-21,-0.000882947775261,-0.0002412836300764,0.0551819887733137,0
2018-03-22,-0.0008207270515002,0.0002412836300764,0.0551801960303479,0
2018-03-23,-0.0007594480902034,-0.0001206345378144,0.0551784378226117,0
2018-03-24,-0.0006991253858799,0.0001206345378145,0.0551767141094681,0
2018-03-25,-0.0006397728577795,0.0001206199868779,0.0551750248502801,0
2018-03-26,-0.000581403849873,0.0001206054394515,0.0551733700044105,0
2018-03-27,-0.0005240311316562,0.0,0.0551717495312222,0
2018-03-28,-0.0004676668997533,0.0115109184661402,0.0551701633900782,0
2018-03-29,-0.0004123227803032,-0.0116315239055918,0.0551686115403414,0
2018-03-30,-0.0003580098321054,0.0,0.0551670939413747,0
2018-03-31,-0.0003047385504996,4.020342935801223e-05,0.0551656105525409,0
2018-04-01,-0.0002525188719562,4.020181310724315e-05,0.0551641613332031,0
2018-04-02,-0.0002013601793628,4.020019698636232e-05,0.055162746242724,0
2018-04-03,-0.0001512713079584,0.0,0.0551613652404667,0
2018-04-04,-0.0001022605519156,-0.0004825090564059,0.055160018285794,0
2018-04-05,-5.433567152124349e-05,-0.0015697642540005,0.0551587053380689,0
2018-04-06,-7.503900942666677e-06,0.0018110478840769,0.0551574263566541,0
2018-04-07,3.82280434530835e-05,8.041494113927503e-05,0.0551561813009128,0
2018-04-08,8.285395426118412e-05,8.040847509662275e-05,0.0551549701302077,0
2018-04-09,0.0001263681236991,8.040201009345792e-05,0.0551537928039018,0
2018-04-10,0.0001687653337995,-0.0026566855379332,0.055152649281358,0
2018-04-11,0.0002100408461698,0.0026566855379331,0.0551515395219392,0
2018-04-12,0.0002501903913349,-0.0003618599641439,0.0551504634850083,0
2018-04-13,0.0002892101576965,-0.0001206490922619,0.0551494211299282,0
2018-04-14,0.000327096780144,8.04343455090409e-05,0.0551484124160619,0
2018-04-15,0.000363847328333,8.04278763452621e-05,0.0551474373027722,0
2018-04-16,0.0003994592946658,8.042140822230283e-05,0.055146495749422,0
2018-04-17,0.0004339305819978,-0.0002412836300764,0.0551455877153743,0
2018-04-18,0.0004672594910959,0.0001206490922619,0.055144713159992,0
2018-04-19,0.0004994447078768,0.0004824508596776,0.055143872042638,0
2018-04-20,0.0005304852904502,-0.0001205908955336,0.0551430643226751,0
2018-04-21,0.0005603806559846,0.0047323128219489,0.0551422899594664,0
2018-04-22,0.0005891305674281,0.0047100234760604,0.0551415489123747,0
2018-04-23,0.0006167351201045,0.0046879431133139,0.0551408411407629,0
2018-04-24,0.000643194728199,0.0,0.0551401666039939,0
2018-04-25,0.0006685101111666,0.0011883542693787,0.0551395252614307,0
2018-04-26,0.0006926822800775,0.0,0.0551389170724361,0
2018-04-27,0.0007157125239115,0.0,0.0551383419963731,0
2018-04-28,0.0007376023958418,0.0,0.0551377999926045,0
2018-04-29,0.0007583536994944,0.0,0.0551372910204934,0
2018-04-30,0.000777968475229,0.0,0.0551368150394025,0
2018-05-01,0.0007964489864408,0.0,0.0551363720086948,0
2018-05-02,0.0008137977058998,0.0,0.0551359618877333,0
2018-05-03,0.0008300173021467,0.0029647220055281,0.0551355846358808,0
2018-05-04,0.0008451106259532,0.0,0.0551352402125002,0
2018-05-05,0.0008590806968612,-0.0061368103116719,0.0551349285769544,0
2018-05-06,0.0008719306898096,-0.0061747034149167,0.0551346496886064,0
2018-05-07,0.0008836639218616,-0.0062130673859709,0.0551344035068191,0
2018-05-08,0.0008942838390429,0.0185245811125596,0.0551341899909554,0
2018-05-09,0.0009037940032874,0.0,0.0551340091003781,0
2018-05-10,0.0009121980795185,0.0,0.0551338607944502,0
2018-05-11,0.0009194998228529,0.0,0.0551337450325346,0
2018-05-12,0.0009257030659393,-0.0056206607756661,0.0551336617739943,0
2018-05-13,0.0009308117064484,-0.005652431258441,0.0551336109781921,0
2018-05-14,0.000934829694689,-0.0056845629457627,0.0551335926044909,0
2018-05-15,0.0009377610213924,0.0111385066784928,0.0551336066122536,0
2018-05-16,0.0009396097056309,0.0075937716597453,0.0551336529608433,0
2018-05-17,0.0009403797828953,0.0,0.0551337316096226,0
2018-05-18,0.0009400752933236,0.0,0.0551338425179547,0
2018-05-19,0.0009387002700812,0.0,0.0551339856452023,0
2018-05-20,0.0009362587278942,0.0,0.0551341609507285,0
2018-05-21,0.0009327546517296,0.0,0.055134368393896,0
2018-05-22,0.0009281919856295,-0.0111733005981251,0.0551346079340679,0
2018-05-23,0.0009225746216872,-0.0004782400856333,0.055134879530607,0
2018-05-24,0.0009159063891653,0.0045340729148946,0.0551351831428762,0
2018-05-25,0.0009081910437563,0.0,0.0551355187302385,0
2018-05-26,0.0008994322569716,0.0,0.0551358862520567,0
2018-05-27,0.0008896336056663,0.0,0.0551362856676938,0
2018-05-28,0.00087879856168,0.0,0.0551367169365127,0
2018-05-29,0.0008669304816011,0.0,0.0551371800178763,0
2018-05-30,0.000854032596637,-0.0040558328292612,0.0551376748711474,0
2018-05-31,0.000840108002591,0.0040558328292613,0.0551382014556891,0
2018-06-01,0.0008251596499312,0.0,0.0551387597308642,0
2018-06-02,0.0008091903339476,0.0011897681355887,0.0551393496560356,0
2018-06-03,0.0007922026849897,0.0011883542693787,0.0551399711905663,0
2018-06-04,0.0007741991587696,0.0011869437595286,0.0551406242938191,0
2018-06-05,0.0007551820267258,0.0,0.0551413089251569,0
2018-06-06,0.0007351533664367,-0.0075013747003024,0.0551420250439428,0
2018-06-07,0.0007141150520709,0.0075013747003025,0.0551427726095395,0
2018-06-08,0.0006920687448657,0.0,0.05514355158131,0
2018-06-09,0.0006690158836184,0.0,0.0551443619186172,0
2018-06-10,0.0006449576751862,0.0,0.055145203580824,0
2018-06-11,0.0006198950849682,0.0,0.0551460765272934,0
2018-06-12,0.0005938288273749,-0.0029700051531852,0.0551469807173881,0
2018-06-13,0.0005667593562508,0.0,0.0551479161104713,0
2018-06-14,0.0005386868552544,0.0017830613936565,0.0551488826659056,0
2018-06-15,0.0005096112281688,-0.0023781224049674,0.0551498803430541,0
2018-06-16,0.0004795320891355,0.0,0.0551509091012797,0
2018-06-17,0.0004484487527845,0.0,0.0551519688999453,0
2018-06-18,0.0004163602242619,0.0,0.0551530596984138,0
2018-06-19,0.0003832651891195,0.0,0.055154181456048,0
2018-06-20,0.0003491620030603,0.0,0.055155334132211,0
2018-06-21,0.0003140486815186,0.0,0.0551565176862656,0
2018-06-22,0.0002783662618489,0.0,0.0551577320775747,0
2018-06-23,0.0002438846786641,0.0,0.0551589772655013,0
2018-06-24,0.0002110422969216,0.0,0.0551602532094082,0
2018-06-25,0.0001798343988583,0.0,0.0551615598686584,0
2018-06-26,0.0001502567909307,0.0,0.0551628972026148,0
2018-06-27,0.0001223057756588,0.0,0.0551642651706402,0
2018-06-28,9.597812384482058e-05,-0.0045340729148946,0.0551656637320976,0
2018-06-29,7.127104713958328e-05,-0.0001195957664525,0.05516709284635,0
2018-06-30,4.818217090577479e-05,0.0002391772314677,0.0551685524727601,0
2018-07-01,2.6709507326684492e-05,0.0002391200393986,0.055170042570691,0
2018-07-02,6.851428754917207e-06,0.0002390628746743,0.0551715630995055,0
2018-07-03,-1.1393358769190638e-05,0.0003584871879223,0.0551731140185666,0
2018-07-04,-2.802584183452488e-05,0.0,0.0551746952872371,0
2018-07-05,-4.3046725849889926e-05,-0.0027516916327844,0.05517630686488,0
2018-07-06,-5.6456461143505776e-05,0.0023932044448621,0.0551779487108581,0
2018-07-07,-6.825526897551098e-05,-0.0008768434200704,0.0551796207845344,0
2018-07-08,-7.844316750610145e-05,-0.0008776129492595,0.0551813230452718,0
2018-07-09,-8.701999772652522e-05,-0.0008783838303331,0.0551830554524333,0
2018-07-10,-9.398544937159392e-05,0.0026328401996631,0.0551848179653816,0
2018-07-11,-9.933908683626132e-05,0.0,0.0551866105434798,0
2018-07-12,-0.0001030803750935,0.0001195100091054,0.0551884331460907,0
2018-07-13,-0.0001052087056402,-0.0001195100091056,0.0551902857325772,0
2018-07-14,-0.0001057234224724,0.0013138252113814,0.0551921682623023,0
2018-07-15,-0.0001046238480848,0.0013121013393144,0.0551940806946289,0
2018-07-16,-0.0001019093095207,0.0013103819851103,0.0551960229889199,0
2018-07-17,-9.757916444950108e-05,0.0,0.0551979951045381,0
2018-07-18,-9.163282728288404e-05,0.0,0.0551999970008465,0
2018-07-19,-8.406979533031255e-05,0.0,0.055202028637208,0
2018-07-20,-7.488967496740856e-05,0.0,0.0552040899729856,0
2018-07-21,-6.443775610117187e-05,0.0,0.0552061809675421,0
2018-07-22,-5.409628110116349e-05,0.0,0.0552083015802404,0
2018-07-23,-4.421117949137921e-05,0.0,0.0552104517704435,0
2018-07-24,-3.478283453549868e-05,0.0,0.0552126314975142,0
2018-07-25,-2.581158539650973e-05,0.0,0.0552148407208155,0
2018-07-26,-1.7297729193426046e-05,0.0,0.0552170793997102,0
2018-07-27,-9.241523061710696e-06,0.0,0.0552193474935614,0
2018-07-28,-1.643186221088262e-06,0.0,0.0552216449617318,0
2018-07-29,5.497097944794428e-06,0.0,0.0552239717635845,0
2018-07-30,1.2179179806387844e-05,0.0,0.0552263278584822,0
2018-07-31,1.8402941403031665e-05,0.0,0.055228713205788,0
2018-08-01,2.4168294345728865e-05,0.0,0.0552311277648648,0
2018-08-02,2.9475177723758183e-05,0.0,0.0552335714950754,0
2018-08-03,3.432355600644534e-05,0.0,0.0552360443557827,0
2018-08-04,3.871341693874083e-05,0.0,0.0552385463063497,0
2018-08-05,4.264476943835552e-05,0.0,0.0552410773061393,0
2018-08-06,4.611764149509996e-05,0.0,0.0552436373145144,0
2018-08-07,4.9196132719096646e-05,0.0,0.0552462262908379,0
2018-08-08,5.213649494608878e-05,0.0,0.0552488441944727,0
2018-08-09,5.50027779621207e-05,0.0,0.0552514909847817,0
2018-08-10,5.779497293961374e-05,0.0,0.0552541666211278,0
2018-08-11,6.0513073145698016e-05,0.0,0.055256871062874,0
2018-08-12,6.315707388644833e-05,0.0,0.0552596042693831,0
2018-08-13,6.57269724515672e-05,0.0,0.0552623662000181,0
2018-08-14,6.822276805907116e-05,0.0,0.0552651568141419,0
2018-08-15,7.064446180331042e-05,0.0,0.0552679760711173,0
2018-08-16,7.299205659255598e-05,-0.0042949242828807,0.0552708239303074,0
2018-08-17,7.526555710301998e-05,0.0004781257561799,0.0552737003510749,0
2018-08-18,7.746496971600438e-05,0.0,0.0552766052927828,0
2018-08-19,7.959030246681992e-05,0.0,0.0552795387147941,0
2018-08-20,8.164156498860106e-05,0.0,0.0552825005764716,0
2018-08-21,8.361876845456915e-05,0.0,0.0552854908371783,0
2018-08-22,8.552192552740291e-05,0.0,0.0552885094562769,0
2018-08-23,8.735105029973014e-05,-0.002153368459803,0.0552915563931306,0
2018-08-24,8.910615824083849e-05,-0.0005989817489657,0.0552946316071021,0
2018-08-25,9.078726613983583e-05,0.0009581986599707,0.0552977350575544,0
2018-08-26,9.239439205280934e-05,0.0009572813941517,0.0553008667038504,0
2018-08-27,9.392755524598982e-05,0.0009563658828161,0.055304026505353,0
2018-08-28,9.538677613869622e-05,-0.0019136472769677,0.0553072144214251,0
2018-08-29,9.67720762540526e-05,0.0009572813941517,0.0553104304114297,0
2018-08-30,9.808347815438722e-05,0.0008368701546463,0.0553136744347295,0
2018-08-31,9.93210053966153e-05,-0.0001195100091056,0.0553169464506877,0
2018-09-01,0.0001004846824696,0.0,0.0553202464186669,0
2018-09-02,0.0001015745347415,0.0,0.0553235742980302,0
2018-09-03,0.0001025905884055,0.0,0.0553269300481405,0
2018-09-04,0.0001035328704244,-0.0017943661731787,0.0553303136283607,0
2018-09-05,0.0001044014084747,0.0019138761822844,0.0553337249980537,0
2018-09-06,0.0001051962308942,-0.0008368701546463,0.0553371641165824,0
2018-09-07,0.0001059173666248,0.0008368701546463,0.0553406309433097,0
2018-09-08,0.0001065648451581,-0.0003984222531687,0.0553441254375985,0
2018-09-09,0.0001071386964834,-0.0003985810567336,0.0553476475588118,0
2018-09-10,0.0001076389510289,-0.000398739986941,0.0553511972663124,0
2018-09-11,0.0001080656396127,0.0001196386912954,0.0553547745194632,0
2018-09-12,0.0001084187933817,0.0001196243795909,0.0553583792776272,0
2018-09-13,0.0001086984437644,0.0010759759541268,0.0553620115001673,0
2018-09-14,0.000108904622411,0.0,0.0553656711464464,0
2018-09-15,0.0001090373611425,0.0,0.0553693581758274,0
2018-09-16,0.0001090966918947,0.0,0.0553730725476732,0
2018-09-17,0.0001090826466667,0.0,0.0553768142213467,0
2018-09-18,0.0001089952574641,0.001074819474106,0.0553805831562108,0
2018-09-19,0.0001088345562474,-0.0009553380234591,0.0553843793116285,0
2018-09-20,0.0001086005748772,-0.0002389771788168,0.0553882026469626,0
2018-09-21,0.0001082933450609,0.0,0.055392053121576,0
2018-09-22,0.0001079128982983,-0.0003984222531687,0.0553959306948318,0
2018-09-23,0.0001074592658303,-0.0003985810567336,0.0553998353260927,0
2018-09-24,0.0001069324785828,-0.000398739986941,0.0554037669747217,0
2018-09-25,0.000106332567116,0.0004784689086497,0.0554077256000817,0
2018-09-26,0.0001056595615675,0.0002391486320138,0.0554117111615356,0
2018-09-27,0.000104913491604,-0.000597978849368,0.0554157236184463,0
2018-09-28,0.0001040943863642,0.0002392344509017,0.0554197629301767,0
2018-09-29,0.0001032022744074,0.0002790345423004,0.0554238290560898,0
2018-09-30,0.0001022371836595,0.0002789567037436,0.0554279219555484,0
2018-10-01,0.0001011991413636,0.0002788789086022,0.0554320415879155,0
2018-10-02,0.0001000881740206,0.0007167602743842,0.055436187912554,0
2018-10-03,9.890430734479836e-05,-0.0007167602743843,0.0554403608888267,0
2018-10-04,9.764756620259515e-05,-0.0015547452752101,0.0554445604760966,0
2018-10-05,9.631797456602468e-05,0.0015547452752101,0.0554487866337266,0
2018-10-06,9.491555545786328e-05,0.0,0.0554530393210797,0
2018-10-07,9.344033089998244e-05,0.0,0.0554573184975186,0
2018-10-08,9.189232185851803e-05,0.0,0.0554616241224064,0
2018-10-09,9.02715481939223e-05,0.0001194957281698,0.0554659561551059,0
2018-10-10,8.857802860790597e-05,-0.0014348920314379,0.0554703145549801,0
2018-10-11,8.681178058971244e-05,0.0005981219150743,0.0554746992813918,0
2018-10-12,8.49728203666086e-05,0.0009562515670107,0.055479110293704,0
2018-10-13,8.306116284660298e-05,-7.965271420832965e-05,0.0554835475512796,0
2018-10-14,8.107682157248498e-05,-7.965905926872341e-05,0.0554880110134814,0
2018-10-15,7.901980866409482e-05,-7.966540533976295e-05,0.0554925006396725,0
2018-10-16,7.689013476858426e-05,-0.0001195100091056,0.0554970163892157,0
2018-10-17,7.468780900690054e-05,0.0002390057372754,0.0555015582214739,0
2018-10-18,7.241283892337651e-05,0.0125862502157768,0.05550612609581,0
2018-10-19,7.006523043132174e-05,0.0,0.055510719971587,0
2018-10-20,6.764498775994344e-05,-0.0005901446025509,0.0555153398081677,0
2018-10-21,6.515211340614931e-05,-0.0005904930788645,0.0555199855649151,0
2018-10-22,6.258660807680073e-05,-0.0005908419669666,0.055524657201192,0
2018-10-23,5.994847063984418e-05,0.0041285815057635,0.0555293546763614,0
2018-10-24,5.723769807011127e-05,0.0005884083723753,0.0555340779497863,0
2018-10-25,5.445428539844635e-05,0.0005880623515542,0.0555388269808294,0
2018-10-26,5.159822565528032e-05,0.0,0.0555436017288537,0
2018-10-27,4.866950982330478e-05,-0.001058761348242,0.0555484021532222,0
2018-10-28,4.566812677992952e-05,-0.001059883512043,0.0555532282132977,0
2018-10-29,4.25940632463978e-05,-0.0010610080570944,0.0555580798684431,0
2018-10-30,3.944730373534409e-05,0.0028268570061528,0.0555629570780214,0
2018-10-31,3.6227830496572246e-05,-0.0148115747649259,0.0555678598013954,0
2018-11-01,3.2935623463052136e-05,-0.0008359706702883,0.0555727879979282,1
2018-11-02,2.95706602009095e-05,-0.0003584871879223,0.0555777416269825,1
2018-11-03,2.6132915852306903e-05,0.0002788344737139,0.0555827206479213,1
2018-11-04,2.2622363082761805e-05,0.0002787567467227,0.0555877250201075,1
2018-11-05,1.9038972028460766e-05,0.0002786790630531,0.055592754702904,1
2018-11-06,1.5382710242903714e-05,-0.003828671822198,0.0555978096556737,1
2018-11-07,1.165354263821522e-05,0.0011980353655294,0.0556028898377796,1
2018-11-08,7.851431438219885e-06,0.0010770060276379,0.0556079952085845,1
2018-11-09,3.976336115748651e-06,-0.0028745977394444,0.0556131257274514,1
2018-11-10,2.8213345705814992e-08,0.0017975917118065,0.0556182813537431,1
2018-11-11,-3.9929830565230895e-06,0.0017943661731787,0.0556234620468226,1
2018-11-12,-8.087302185343647e-06,0.0017911521894181,0.0556286677660528,1
2018-11-13,-1.2254796103667116e-05,-0.0055030644918685,0.0556338984707966,1
2018-11-14,-1.6495519896744623e-05,0.0033532965553759,0.0556391541204169,1
2018-11-15,-2.0809531727560396e-05,-0.000478354469777,0.0556444346742766,1
2018-11-16,-2.5196892896226656e-05,0.0,0.0556497400917386,1
2018-11-17,-2.9657667893610248e-05,0.0001196100713107,0.0556550703321659,1
2018-11-18,-3.419192445751774e-05,0.0001195957664522,0.0556604253549213,1
2018-11-19,-3.879973363343777e-05,0.0001195814650155,0.0556658051193678,1
2018-11-20,-4.348116982862708e-05,-0.0057561017544976,0.0556712095848682,1
2018-11-21,-4.823631087119799e-05,-0.0009625797879566,0.0556766387107856,1
2018-11-22,-5.306523806921142e-05,0.0097035801827389,0.0556820924564826,1
2018-11-23,-5.79680362669997e-05,0.0,0.0556875707813225,1
2018-11-24,-6.294479390626928e-05,-0.0006360311869685,0.0556930736446678,1
2018-11-25,-6.799560308521068e-05,-0.0006364359801141,0.0556986010058818,1
2018-11-26,-7.312055961661516e-05,-0.0006368412888375,0.0557041528243271,1
2018-11-27,-7.831976308966121e-05,-0.0028708153687988,0.0557097290593668,1
2018-11-28,-8.3593316930486e-05,0.0031096783819972,0.0557153296703637,1
2018-11-29,-8.89413284629851e-05,-0.0010753331581641,0.0557209546166808,1
2018-11-30,-9.436390897028464e-05,0.0124741742251755,0.055726603857681,1
2018-12-01,-9.986117375744158e-05,-0.0032322941934164,0.0557322773527271,1
2018-12-02,-0.0001054332422141,-0.0032427758079863,0.0557379750611821,1
2018-12-03,-0.0001110802378757,-0.0032533256228867,0.0557436969424089,1
2018-12-04,-0.000116802288492,-0.0095832070258075,0.0557494429557705,1
2018-12-05,-0.0001225995260857,0.0019240025175221,0.0557552130606296,1
2018-12-06,-0.000128472087022,0.0028790806835664,0.0557610072163493,1
2018-12-07,-0.0001344201120715,-0.0038406192191879,0.0557668253822924,1
2018-12-08,-0.000140443746477,0.0013218772579158,0.0557726675178219,1
2018-12-09,-0.0001465431400213,0.0013201322049228,0.0557785335823006,1
2018-12-10,-0.0001527184470935,0.0013183917532582,0.0557844235350915,1
2018-12-11,-0.0001589698267583,0.0001197676509007,0.0557903373355574,1
2018-12-12,-0.0001652974428236,0.0007183048315551,0.0557962749430614,1
2018-12-13,-0.000171701463912,0.0011960293256873,0.0558022363169662,1
2018-12-14,-0.0001781820635291,-0.0038323400197448,0.0558082214166349,1
2018-12-15,-0.0001847394201383,0.0015187245635263,0.0558142302014303,1
2018-12-16,-0.0001913737172275,0.0015164215364483,0.0558202626307153,1
2018-12-17,-0.000198085143387,0.0015141254835168,0.0558263186638529,1
2018-12-18,-0.0002048738923799,-0.0028708153687988,0.0558323982602059,1
2018-12-19,-0.0002117401632205,0.0009578544793649,0.0558385013791373,1
2018-12-20,-0.000218684160244,-0.0038369351629315,0.0558446279800099,1
2018-12-21,-0.0002257060931887,0.0019203078392675,0.0558507780221867,1
2018-12-22,-0.0002328061772711,0.0001598593241355,0.0558569514650306,1
2018-12-23,-0.0002399846332625,0.0001598337732163,0.0558631482679045,1
2018-12-24,-0.0002472416875719,0.0001598082304638,0.0558693683901714,1
2018-12-25,-0.0002545775723242,0.0,0.055875611791194,1
2018-12-26,-0.0002619925254419,0.000479271516483,0.0558818784303354,1
2018-12-27,-0.0002694867907284,-0.0003594321011558,0.0558881682669584,1
2018-12-28,-0.0002770606179519,-0.0038420025648473,0.055894481260426,1
2018-12-29,-0.0002847142629285,0.0,0.055900817370101,1
2018-12-30,-0.0002924479876112,0.0,0.0559071765553464,1
2018-12-31,-0.0003002620601744,0.0,0.0559135587755251,1
2019-01-01,-0.0003081567551039,0.0086238407262211,0.05591996399,1
2019-01-02,-0.0003161323532871,-0.0047818381613736,0.0559263921056742,1
2019-01-03,-0.0003235902156787,0.0021546572855901,0.0559328428196118,1
2019-01-04,-0.0003281333480155,-0.0017952251844343,0.055939315776417,1
2019-01-05,-0.000329158695988,0.0003992175389362,0.0559458106206943,1
2019-01-06,-0.0003266616470339,0.0003990582278904,0.0559523269970478,1
2019-01-07,-0.0003206376107758,0.0003988990439427,0.0559588645500819,1
2019-01-08,-0.0003110821434247,-0.00191616825097,0.0559654229244008,1
2019-01-09,-0.0002979910727287,-0.0028811544540335,0.0559720017646089,1
2019-01-10,-0.000281360623434,0.0028811544540334,0.0559786007153104,1
2019-01-11,-0.000261187543184,-0.0019198470019697,0.0559852194211095,1
2019-01-12,-0.0002374692287747,0.000960384227478,0.0559918575266107,1
2019-01-13,-0.0002102038526381,0.0009594627744917,0.0559985146764182,1
2019-01-14,-0.0001793904894265,0.0009585430880105,0.0560051905151363,1
2019-01-15,-0.0001450292425214,-0.0009585430880105,0.0560118846873692,1
2019-01-16,-0.0001071213702766,0.0,0.0560185968377213,1
2019-01-17,-6.566941177816385e-05,-0.0028811544540335,0.0560253266107969,1
2019-01-18,-2.0677311886294008e-05,0.0,0.0560320736512002,1
2019-01-19,2.784945472202361e-05,0.0030409754548531,0.0560388376035355,1
2019-01-20,7.990376078020664e-05,0.0030317559523338,0.0560456181124072,1
2019-01-21,0.0001354767052641,0.003022592183492,0.0560524148224195,1
2019-01-22,0.0001945574941405,-0.0033412918913924,0.0560592273781767,1
2019-01-23,0.0002571333234085,-0.0047927242472228,0.056066055424283,1
2019-01-24,0.0003231892647953,0.0019198470019696,0.0560728986053429,1
2019-01-25,0.0003927081545105,-0.0019198470019697,0.0560797565659605,1
2019-01-26,0.0004656704854573,0.0020796680027894,0.0560866289507402,1
2019-01-27,0.0005420543033397,0.0020753519581752,0.0560935154042863,1
2019-01-28,0.0006218351070872,0.0020710537910947,0.056100415571203,1
2019-01-29,0.0007049857540599,-0.0020311853569223,0.0561073290960946,1
2019-01-30,0.0007905301893605,-0.0003588731421972,0.0561142556235655,1
2019-01-31,0.0008746576425285,-0.0038360152529398,0.0561211947982199,1
2019-02-01,0.0009564068279259,-0.0009613074520636,0.056128146264662,1
2019-02-02,0.0010357660122139,0.0019216916795417,0.0561351096674963,1
2019-02-03,0.0011127253665706,0.0019180058625023,0.056142084651327,1
2019-02-04,0.0011872769136113,0.0019143341572425,0.0561490708607583,1
2019-02-05,0.0012594144720583,0.0009557945769449,0.0561560679403946,1
2019-02-06,0.0013291335994089,-0.0028701287341874,0.0561630755348401,1
2019-02-07,0.0013964315328419,0.0009576251629595,0.0561700932886992,1
2019-02-08,0.0014613071285879,-0.0038360152529398,0.0561771208465762,1
2019-02-09,0.0015237608000035,0.0003202305687441,0.0561841578530752,1
2019-02-10,0.0015837944545577,0.0003201280539543,0.0561912039528007,1
2019-02-11,0.0016414114299493,0.0003200256047794,0.0561982587903569,1
2019-02-12,0.0016966164295638,0.0031148940963483,0.0562053220103481,1
2019-02-13,0.0017494154574511,-0.0009573959563273,0.0562123932573785,1
2019-02-14,0.001799815753027,-0.0005988382716832,0.0562194721760525,1
2019-02-15,0.0018478257256583,0.0,0.0562265584109744,1
2019-02-16,0.0018934548893133,0.0025127144539674,0.0562336516067485,1
2019-02-17,0.0019367137974213,0.0025064165415905,0.056240751407979,1
2019-02-18,0.0019776139780926,0.002500150120699,0.0562478574592703,1
2019-02-19,0.0020161678698352,0.0,0.0562549694052265,1
2019-02-20,0.002052388757892,0.0,0.0562620868904521,1
2019-02-21,0.0020862907113158,-0.0066810079098729,0.0562692095595513,1
2019-02-22,0.0021178885208822,0.0,0.0562763370571284,1
2019-02-23,0.0021471976379423,7.979890679713963e-05,0.0562834690277877,1
2019-02-24,0.0021742341142955,7.979253943990164e-05,0.0562906051161334,1
2019-02-25,0.0021990145431614,7.978617309839612e-05,0.0562977449667699,1
2019-02-26,0.0022215560013179,0.0009569378720677,0.0563048882243015,1
2019-02-27,0.0022418759924557,-0.0028735651957316,0.0563120345333324,1
2019-02-28,0.0022599923918148,0.0,0.056319183538467,1
2019-03-01,0.0022759233921217,0.0,0.0563263348843095,0
2019-03-02,0.0022896874508828,0.001477724573476,0.0563334882154641,0
2019-03-03,0.0023013032390413,0.0014755441252665,0.0563406431765354,0
2019-03-04,0.0023107895910259,0.0014733701022741,0.0563477994121274,0
2019-03-05,0.0023181654561997,-0.002510011477353,0.0563549565668445,0
2019-03-06,0.002323449851712,0.0028680707996721,0.0563621142852909,0
2019-03-07,0.0023266618167562,-0.0047846981233361,0.0563692722120711,0
2019-03-08,0.002327820368222,-0.00095969297193,0.0563764299917892,0
2019-03-09,0.0023269444577288,0.0001200120013442,0.0563835872690495,0
2019-03-10,0.0023240529300318,0.0001199976001919,0.0563907436884564,0
2019-03-11,0.002319164482763,0.0001199832024957,0.0563978988946141,0
2019-03-12,0.0023122976274972,0.0038318811107043,0.0564050525321269,0
2019-03-13,0.002303470652094,0.0005974072702916,0.0564122042455991,0
2019-03-14,0.002292701584305,-0.0009560230173661,0.0564193536796351,0
2019-03-15,0.0022800081565789,-0.0009569378720678,0.056426500478839,0
2019-03-16,0.0022654077720494,0.0004785834022909,0.0564336442878152,0
2019-03-17,0.0022489174716454,0.0004783544697767,0.0564407847511679,0
2019-03-18,0.0022305539022867,0.0004781257561799,0.0564479215135016,0
2019-03-19,0.0022103332861053,0.0,0.0564550542194203,0
2019-03-20,0.0021882713906524,-0.0020336151514747,0.0564621825135285,0
2019-03-21,0.0021643835000268,-0.0008385744726211,0.0564693060404305,0
2019-03-22,0.002138684386878,0.0,0.0564764244447304,0
2019-03-23,0.0021111882852192,0.0,0.0564835373710327,0
2019-03-24,0.0020819088639977,0.0,0.0564906444639416,0
2019-03-25,0.0020508592013553,0.0,0.0564977453680613,0
2019-03-26,0.0020180517595252,0.0,0.0565048397279962,0
2019-03-27,0.0019834983602942,0.0008385744726211,0.0565119271883506,0
2019-03-28,0.0019472101609724,0.0029891813971434,0.0565190073937288,0
2019-03-29,0.001909197630798,-0.0038277558697645,0.056526079988735,0
2019-03-30,0.0018694705277178,0.0006389776575235,0.0565331446179735,0
2019-03-31,0.0018280378754724,0.0006385696257862,0.0565402009260487,0
2019-04-01,0.0017849079409124,0.0006381621148293,0.0565472485575648,0
2019-04-02,0.0017400882114844,0.0020314280750622,0.0565542871571261,0
2019-04-03,0.0016935853728082,0.0009545401034997,0.0565613163693369,0
2019-04-04,0.0016454052862768,-0.003344884255873,0.0565683358388015,0
2019-04-05,0.0015955529665985,-0.0019163977598243,0.0565753452101242,0
2019-04-06,0.0015440325592219,0.0022354406339163,0.0565823441279092,0
2019-04-07,0.0014908473175393,0.0022304545830376,0.0565893322367609,0
2019-04-08,0.0014359995798202,0.0022254907249972,0.0565963091812836,0
2019-04-09,0.001379490745774,-0.0041768662670528,0.0566032746060814,0
2019-04-10,0.0013213212526643,0.0019115895904699,0.0566102281557589,0
2019-04-11,0.0012614905508952,-0.0019115895904698,0.0566171694749201,0
2019-04-12,0.0011999970789768,0.0,0.0566240982081695,0
2019-04-13,0.0011368382377829,0.0015932449797429,0.0566310140001112,0
2019-04-14,0.0010720103640062,0.0015907105875502,0.0566379164953496,0
2019-04-15,0.0010055087027203,0.0015881842455237,0.0566448053384891,0
2019-04-16,0.0009373273789441,-0.0009526078357911,0.0566516801741338,0
2019-04-17,0.000867459368104,0.004753990412969,0.056658540646888,0
2019-04-18,0.0007958964652992,-0.004753990412969,0.0566653864013561,0
2019-04-19,0.0007226292532397,-0.0038195319770257,0.0566722170821423,0
2019-04-20,0.0006476470687586,0.001274798993452,0.056679032333851,0
2019-04-21,0.000570937967765,0.001273175949813,0.0566858318010864,0
2019-04-22,0.0004924886885106,0.0012715570337606,0.0566926151284528,0
2019-04-23,0.0004122846130445,-0.0009535161628281,0.0566993819605545,0
2019-04-24,0.0003303097267021,-0.0025073143097834,0.0567061319419958,0
2019-04-25,0.0002465465754902,-0.0011961723914303,0.056712864717381,0
2019-04-26,0.0001609762211996,0.0,0.0567195799313143,0
2019-04-27,7.35781940913304e-05,0.003544478909497,0.0567262772284001,0
2019-04-28,-1.5669557036539337e-05,0.0035319599389239,0.0567329562532427,0
2019-04-29,-0.0001067907175685,0.0035195290902959,0.0567396166504463,0
2019-04-30,-0.0001998106628029,-0.0076082154920825,0.0567462580646152,0
2019-05-01,-0.0002947565168826,0.0,0.0567528801403538,0
2019-05-02,-0.0003916572151706,0.0055929222962247,0.0567594825222662,0
2019-05-03,-0.0004905435703013,0.0,0.0567660648549569,0
2019-05-04,-0.0005914483421731,0.0006722157670241,0.0567726267830301,0
2019-05-05,-0.0006944063121588,0.0006717641965223,0.05677916795109,0
2019-05-06,-0.0007994543618258,0.0006713132323114,0.056785688003741,0
2019-05-07,-0.0009066315564975,-0.003202659756635,0.0567921865855874,0
2019-05-08,-0.0010159792339808,0.0018991103630655,0.0567986633412334,0
2019-05-09,-0.0011275410988515,-0.0018991103630654,0.0568051179152834,0
2019-05-10,-0.0012413633226751,-0.005719067178702,0.0568115499523415,0
2019-05-11,-0.0013574946506055,0.0012737334047044,0.0568179590970123,0
2019-05-12,-0.0014759865148146,0.0012721130715718,0.0568243449938998,0
2019-05-13,-0.0015968931552653,0.0012704968556967,0.0568307072876084,0
2019-05-14,-0.0017202717483538,-0.0009527212820196,0.0568370456227425,0
2019-05-15,-0.001846182544023,-0.0028636220499535,0.0568433596439062,0
2019-05-16,-0.0019746890119674,0.0017907245279493,0.0568496489957038,0
2019-05-17,-0.0021058579976335,-0.0009546540104505,0.0568559133227398,0
2019-05-18,-0.00223975988875,0.0006763073875827,0.0568621522696183,0
2019-05-19,-0.0023764687932099,0.000675850305011,0.0568683654809436,0
2019-05-20,-0.0025160627291949,0.0006753938398611,0.0568745526013201,0
2019-05-21,-0.0026586238284897,0.0009527212820194,0.056880713275352,0
2019-05-22,-0.0028042385540608,-0.001906351107538,0.0568868471476436,0
2019-05-23,-0.00295299793303,0.0,0.0568929538627992,0
2019-05-24,-0.0031049978063102,-0.0009545401034997,0.0568990330654231,0
2019-05-25,-0.0032603390962716,0.0028608912110376,0.0569050844001196,0
2019-05-26,-0.0034191280939428,0.0028527298557153,0.0569111075114929,0
2019-05-27,-0.0035814767673991,0.0028446149322821,0.0569171020441475,0
2019-05-28,-0.0037475030931466,-0.0085582359990353,0.0569230676426874,0
2019-05-29,-0.0039173314124886,0.0047636150577666,0.0569290039517172,0
2019-05-30,-0.0040910928150738,-0.0028554451287485,0.0569349106158409,0
2019-05-31,-0.0042689255520179,0.0,0.056940787279663,0
2019-06-01,-0.0044509754812794,0.0012700934432109,0.0569466335877877,0
2019-06-02,-0.004637396548208,0.0012684823518765,0.0569524491848193,0
2019-06-03,-0.0048283513045174,0.0012668753426473,0.056958233715362,0
2019-06-04,-0.0050240114692754,-0.0019009153876644,0.0569639868240203,0
2019-06-05,-0.0052245585358921,0.0008320951445931,0.0569697081553984,0
2019-06-06,-0.0054301844295192,-0.0009510224207039,0.0569753973541005,0
2019-06-07,-0.0056410922197859,0.0,0.0569810540647309,0
2019-06-08,-0.0058574968943219,0.0007529673211281,0.056986677931894,0
2019-06-09,-0.0060796261991762,0.0007524007878956,0.0569922686001941,0
2019-06-10,-0.0063077215529214,0.0007518351065423,0.0569978257142353,0
2019-06-11,-0.0065420390420579,0.0,0.0570033489186221,0
2019-06-12,-0.0067828505062347,0.0026072543804914,0.0570088378579587,0
2019-06-13,-0.0070304447228319,-0.0008288438104006,0.0570142921768494,0
2019-06-14,-0.0072851287016506,0.0,0.0570197115198984,0
2019-06-15,-0.0074865353917513,0.0,0.0570250955317102,0
2019-06-16,-0.007388532206778,0.0,0.0570304438568889,0
2019-06-17,-0.0069206684401951,0.0,0.0570357561400388,0
2019-06-18,-0.0060731629700678,0.0,0.0570410320257643,0
2019-06-19,-0.0049184871639775,0.0,0.0570462711586697,0
2019-06-20,-0.0037750025637506,-0.0001184623587241,0.0570514731833591,0
2019-06-21,-0.002727427494323,0.0,0.057056637744437,0
2019-06-22,-0.0017804037101182,3.948901218741998e-05,0.0570617644865076,0
2019-06-23,-0.0009375811120757,3.948745286703911e-05,0.0570668530541751,0
2019-06-24,-0.0002016829642066,3.948589366966365e-05,0.057071903092044,0
2019-06-25,0.0004254086483569,0.0,0.0570769142447184,0
2019-06-26,0.0009425517869814,0.0,0.0570818861568027,0
2019-06-27,0.0013492325417434,0.0008288438104006,0.0570868184729012,0
2019-06-28,0.0016454458968834,0.0,0.0570917108376181,0
2019-06-29,0.0018315730528932,-0.0002762049458243,0.0570965628955577,0
2019-06-30,0.0019082579724561,-0.0002762812560743,0.0571013742913244,0
2019-07-01,0.0018762851561137,-0.0002763576085019,0.0571061446695224,0
2019-07-02,0.0017364598803484,0.0,0.057110873674756,0
2019-07-03,0.0014894913753449,0.0008288438104006,0.0571155609516294,0
2019-07-04,0.0011358786973296,0.0,0.0571202061447471,0
2019-07-05,0.0007029088612532,0.0,0.0571248088987132,0
2019-07-06,0.0002987214290707,-0.0002762049458243,0.0571293688581322,0
2019-07-07,-5.01274875756551e-05,-0.0002762812560743,0.0571338856676081,0
2019-07-08,-0.0003440335474596,-0.0002763576085019,0.0571383589717454,0
2019-07-09,-0.0005832156935946,-0.0001184623587241,0.0571427884151484,0
2019-07-10,-0.0007677468625902,0.0001184623587241,0.0571471736424213,0
2019-07-11,-0.000897583994713,0.0008288438104006,0.0571515142981683,0
2019-07-12,-0.0009725977468481,0.0,0.0571558100269939,0
2019-07-13,-0.0009926022178202,-0.0002762049458243,0.0571600604735023,0
2019-07-14,-0.000957384905141,-0.0002762812560743,0.0571642652822978,0
2019-07-15,-0.0008667370217753,-0.0002763576085019,0.0571684240979847,0
2019-07-16,-0.000720484209434,-0.0001184623587241,0.0571725365651672,0
2019-07-17,-0.0005185175904011,0.0,0.0571766023284497,0
2019-07-18,-0.0002608250031335,-0.0018973087631574,0.0571806210324364,0
2019-07-19,5.247783124134598e-05,0.0,0.0571845923217317,0
2019-07-20,0.000421116561983,0.0,0.0571885158409397,0
2019-07-21,0.0008446283260266,0.0,0.057192391234665,0
2019-07-22,0.0013223332615027,0.0,0.0571962181475116,0
2019-07-23,0.0018533080255002,-0.000118701406751,0.0571999962240839,0
2019-07-24,0.0024363619839086,0.000118701406751,0.0572037251089862,0
2019-07-25,0.003039818989282,-0.000118701406751,0.0572074044468228,0
2019-07-26,0.0035419849689852,0.0,0.0572110338821979,0
2019-07-27,0.003913417277347,-0.000277024755912,0.0572146130597159,0
2019-07-28,0.0041555924697278,-0.0002771015198936,0.0572181416239811,0
2019-07-29,0.0042703652195814,-0.0002771783264295,0.0572216192195977,0
2019-07-30,0.0042597970646304,0.0,0.05722504549117,0
2019-07-31,0.004125993391714,0.0009500060089862,0.0572284200833023,0
2019-08-01,0.003870949423677,0.0,0.0572317426405989,0
2019-08-02,0.0034964048423533,0.0,0.0572350128076642,0
2019-08-03,0.003003705681233,0.0,0.0572382302291023,0
2019-08-04,0.00239367122999,0.0,0.0572413945495176,0
2019-08-05,0.0016664628733743,0.0,0.0572445054135144,0
2019-08-06,0.0008214509868999,0.0,0.0572475624656969,0
2019-08-07,2.8496431322023148e-05,0.0,0.0572505653506695,0
2019-08-08,-2.849643132196915e-05,0.0,0.0572535137130364,0
2019-08-09,0.0006607921749504,0.0,0.057256407197402,0
2019-08-10,0.0014528676964652,0.0,0.0572592454483704,0
2019-08-11,0.0021855723798531,0.0,0.0572620281105461,0
2019-08-12,0.0028577152601639,0.0,0.0572647548285333,0
2019-08-13,0.0034685274368532,0.0,0.0572674252469363,0
2019-08-14,0.0040176283023931,0.0,0.0572700390103593,0
2019-08-15,0.0045049879479975,0.0,0.0572725957634067,0
2019-08-16,0.0049308870203966,0.0,0.0572750951506828,0
2019-08-17,0.0052958751930481,0.0,0.0572775368167918,0
2019-08-18,0.0056007292759869,0.0,0.0572799204063381,0
2019-08-19,0.0058464118321469,0.0,0.0572822455639258,0
2019-08-20,0.0060143635539887,0.0,0.0572845119341594,0
2019-08-21,0.0060280862368067,0.0,0.0572867191616432,0
2019-08-22,0.0058717875414656,0.0,0.0572888668909813,0
2019-08-23,0.005549397392356,0.0,0.0572909547667781,0
2019-08-24,0.0050643929522114,0.0009491043540791,0.0572929824336379,0
2019-08-25,0.0044195457325859,0.0009482044090783,0.0572949495361649,0
2019-08-26,0.0036166831015623,0.0009473061691248,0.0572968557189636,0
2019-08-27,0.0026564566423046,0.0,0.057298700626638,0
2019-08-28,0.0015819921246617,0.0,0.0573004839037926,0
2019-08-29,0.0005662649378738,0.0,0.0573022051950316,0
2019-08-30,-0.0003501904622548,0.0,0.0573038641449594,0
2019-08-31,-0.0011699483251521,0.0,0.0573054603981802,0
2019-09-01,-0.0018947415753362,0.0,0.0573069935992982,0
2019-09-02,-0.0025255672107047,0.0,0.0573084633929179,0
2019-09-03,-0.0030627810914641,-0.0028446149322822,0.0573098694236434,0
2019-09-04,-0.0035061858481831,0.0028446149322821,0.0573112113360791,0
2019-09-05,-0.0038551150482651,-0.0028446149322822,0.0573124887748293,0
2019-09-06,-0.0041085162770762,0.0,0.0573137013844982,0
2019-09-07,-0.0042650353677467,0.0,0.0573148488096902,0
2019-09-08,-0.0043231036153564,0.0,0.0573159306950095,0
2019-09-09,-0.0042810294057495,0.0,0.0573169466850604,0
2019-09-10,-0.004137095251447,0.0,0.0573178964244472,0
2019-09-11,-0.0038896607370808,0.0,0.0573187795577742,0
2019-09-12,-0.0035554247849722,0.0,0.0573195957296457,0
2019-09-13,-0.0032063036635366,0.0,0.057320344584666,0
2019-09-14,-0.002860751080657,0.0,0.0573210257674394,0
2019-09-15,-0.0025191901455968,0.0,0.0573216389225701,0
2019-09-16,-0.0021820307550106,0.0,0.0573221836946625,0
2019-09-17,-0.0018496682703576,0.0,0.0573226597283208,0
2019-09-18,-0.001522482307532,0.0,0.0573230666681493,0
2019-09-19,-0.0012008356455983,0.0,0.0573234041587524,0
2019-09-20,-0.0008850732600763,0.0,0.0573236718447343,0
2019-09-21,-0.0005755214847082,0.0,0.0573238693706993,0
2019-09-22,-0.0002724873041779,0.0,0.0573239963812517,0
2019-09-23,2.374222124102002e-05,0.0,0.0573240525209957,0
2019-09-24,0.0003129003994985,0.0,0.0573240374345357,0
2019-09-25,0.0005947412207868,0.0,0.057323950766476,0
2019-09-26,0.0008690395447565,0.0,0.0573237921614209,0
2019-09-27,0.0011355911650349,0.0,0.0573235612639746,0
2019-09-28,0.0013942127561804,0.0009491043540791,0.0573232577187414,0
2019-09-29,0.0016447417091122,0.0009482044090783,0.0573228811703256,0
2019-09-30,0.0018870358617837,0.0009473061691248,0.0573224312633316,0
2019-10-01,0.0021209731325196,0.0,0.0573219076423635,0
2019-10-02,0.002346451063907,-0.0028446149322822,0.0573213099520258,0
2019-10-03,0.002563386285498,0.0,0.0573206378369226,0
2019-10-04,0.0027717139038068,0.0,0.0573198909416583,0
2019-10-05,0.0029713868281894,0.0,0.0573190689108372,0
2019-10-06,0.0031623750412021,0.0,0.0573181713890635,0
2019-10-07,0.0033446648219091,0.0,0.0573171980209416,0
2019-10-08,0.0035182579304367,0.0,0.0573161484510756,0
2019-10-09,0.0036831707617688,0.0,0.0573150223240701,0
2019-10-10,0.0038394334764481,0.002962965130657,0.0573138192845291,0
2019-10-11,0.0039870891154303,0.0,0.057312538977057,0
2019-10-12,0.0041261927058985,0.0007492261633228,0.0573111810462581,0
2019-10-13,0.004256810364342,0.0007486652437086,0.0573097451367368,0
2019-10-14,0.0043790184027065,0.000748105163348,0.0573082308930971,0
2019-10-15,0.0044929024428856,-0.0022459965703794,0.0573066379599436,0
2019-10-16,0.0045985565442864,0.0,0.0573049659818804,0
2019-10-17,0.0046960823486766,0.0,0.0573032146035118,0
2019-10-18,0.0047855882459912,0.0,0.0573013834694422,0
2019-10-19,0.0048671885642427,0.0,0.0572994722242758,0
2019-10-20,0.0049410027862315,0.0,0.0572974805126169,0
2019-10-21,0.0050071547952255,0.0,0.0572954079790698,0
2019-10-22,0.0050657721513792,0.0,0.0572932542682388,0
2019-10-23,0.0051169854002103,0.0,0.0572910190247282,0
2019-10-24,0.005160927414093,0.0,0.0572887018931423,0
2019-10-25,0.0051977327673499,0.0,0.0572863025180853,0
2019-10-26,0.0052275371452131,0.0,0.0572838205441616,0
2019-10-27,0.005250476786625,0.0,0.0572812556159755,0
2019-10-28,0.0052666879605934,0.0,0.0572786073781311,0
2019-10-29,0.005276306475574,0.0,0.0572758754752329,0
2019-10-30,0.0052794672211713,0.0,0.0572730595518851,0
2019-10-31,0.0052763037412421,0.0,0.057270159252692,0
2019-11-01,0.0052669478373644,0.0,0.0572671742222579,1
2019-11-02,0.0052515292015003,0.0003943995318329,0.0572641041051871,1
2019-11-03,0.0052301750765652,0.0003942440421652,0.0572609485460839,1
2019-11-04,0.0052030099435541,0.0003940886750511,0.0572577071895525,1
2019-11-05,0.0051701552337977,0.0016534785862355,0.0572543796801973,1
2019-11-06,0.0051317290648717,0.0,0.0572509656626225,1
2019-11-07,0.0050878459986584,0.0,0.0572474647814325,1
2019-11-08,0.0050386168200347,0.0,0.0572438766812315,1
2019-11-09,0.0049841483346445,0.0,0.0572402010066238,1
2019-11-10,0.004924543184229,0.0,0.0572364374022137,1
2019-11-11,0.0048598996779785,0.0,0.0572325855126055,1
2019-11-12,0.0047903116384002,-0.0016534785862355,0.0572286449824035,1
2019-11-13,0.0047158682602037,0.0,0.057224615456212,1
2019-11-14,0.0046366539807367,0.0,0.0572204965786352,1
2019-11-15,0.0045527483605327,0.0,0.0572162879942775,1
2019-11-16,0.0044642259725429,0.0,0.0572119893477431,1
2019-11-17,0.0043711562986864,0.0,0.0572076002836364,1
2019-11-18,0.0042736036323391,0.0,0.0572031204465616,1
2019-11-19,0.0041716269854512,0.0,0.057198549481123,1
2019-11-20,0.0040652799989778,0.0,0.0571938870319249,1
2019-11-21,0.0039546108553446,0.0,0.0571891327435716,1
2019-11-22,0.0038396621916925,0.0,0.0571842862606674,1
2019-11-23,0.0037204710126495,0.0,0.0571793472278166,1
2019-11-24,0.0035970686014031,0.0,0.0571743152896234,1
2019-11-25,0.0034710997972283,0.0,0.0571691900906922,1
2019-11-26,0.0033490183973282,0.0,0.0571639712756273,1
2019-11-27,0.00323234438093,0.0,0.0571586584890328,1
2019-11-28,0.003120973848848,0.0034220341376989,0.0571532513755132,1
2019-11-29,0.003014809431026,0.0,0.0571477495796728,1
2019-11-30,0.0029137598652909,-0.0009428403762677,0.0571421527461157,1
2019-12-01,0.0028177396008184,-0.0009437301632358,0.0571364605194463,1
2019-12-02,0.002726668424125,-0.0009446216312284,0.0571306725442689,1
2019-12-03,0.0026404711056087,-0.0005908419669668,0.0571247884651878,1
2019-12-04,0.002559077064816,0.0,0.0571188079268073,1
2019-12-05,0.0024824200528143,0.0,0.0571127305737316,1
2019-12-06,0.0024104378501704,0.0,0.057106556050565,1
2019-12-07,0.0023430719791774,0.0,0.0571002840019119,1
2019-12-08,0.0022802674291126,0.0,0.0570939140723766,1
2019-12-09,0.0022219723933941,0.0,0.0570874459065632,1
2019-12-10,0.0021681380176351,0.0,0.0570808791490762,1
2019-12-11,0.0021187181576725,0.0,0.0570742134445197,1
2019-12-12,0.0020736691467494,0.0,0.0570674484374982,1
2019-12-13,0.0020329495710898,0.0,0.0570605837726157,1
2019-12-14,0.0019965200532114,0.0,0.0570536190944768,1
2019-12-15,0.0019643430423643,0.0,0.0570465540476857,1
2019-12-16,0.0019363826115669,0.0,0.0570393882768466,1
2019-12-17,0.0019126042607602,0.0,0.0570321214265638,1
2019-12-18,0.0018929747256716,0.0,0.0570247531414416,1
2019-12-19,0.0018774617920217,0.0034220341376989,0.0570172830660844,1
2019-12-20,0.0018652016150438,0.0,0.0570097108450964,1
2019-12-21,0.0018528458919071,-0.001060757952019,0.0570020361230819,1
2019-12-22,0.0018395656860562,-0.0010618843543977,0.0569942585446451,1
2019-12-23,0.0018253675305095,-0.0010630131515382,0.0569863777543905,1
2019-12-24,0.0018102577995027,-0.0002363786797439,0.0569783933969222,1
2019-12-25,0.0017942427016418,0.0,0.0569703051168446,1
2019-12-26,0.001777328273221,0.0,0.0569621125587619,1
2019-12-27,0.0017595203717063,0.0,0.0569538153672784,1
2019-12-28,0.0017408246693657,0.0011419796866099,0.0569454131869985,1
2019-12-29,0.0017212466470408,0.0011406770564412,0.0569369056625264,1
2019-12-30,0.0017007915880515,0.0011393773946476,0.0569282924384664,1
2019-12-31,0.001679464572218,0.0,0.0569195731594229,1
2020-01-01,0.0016572704699938,0.0,0.05691074747,1
2020-01-02,0.0016342139367013,-0.0034220341376988,0.0569018152565118,1
2020-01-03,0.0016102994068509,0.0,0.0568927773721118,1
2020-01-04,0.0015855310885439,0.0,0.056883634911663,1
2020-01-05,0.0015599129579382,0.0,0.0568743889700285,1
2020-01-06,0.0015334310302669,0.0,0.0568650406420714,1
2020-01-07,0.0015060181207707,0.0,0.0568555910226549,1
2020-01-08,0.0014776603258344,0.0,0.056846041206642,1
2020-01-09,0.0014483612334831,0.0,0.056836392288896,1
2020-01-10,0.0014181241379981,0.0,0.0568266453642798,1
2020-01-11,0.0013869520329846,0.0011419796866099,0.0568168015276566,1
2020-01-12,0.0013548476044251,0.0011406770564412,0.0568068618738895,1
2020-01-13,0.0013218132237308,0.0011393773946476,0.0567968274978416,1
2020-01-14,0.0012878509407596,-0.0034220341376988,0.0567866994943761,1
2020-01-15,0.001252962476792,0.0,0.056776478958356,1
2020-01-16,0.0012171492174445,0.0,0.0567661669846445,1
2020-01-17,0.0011804122055062,0.0,0.0567557646681047,1
2020-01-18,0.0011427521336819,0.0011419796866099,0.0567452731035996,1
2020-01-19,0.0011041693372237,0.0011406770564412,0.0567346933859925,1
2020-01-20,0.0010646637864361,0.0011393773946476,0.0567240266101464,1
2020-01-21,0.0010242350790279,0.0,0.0567132738709244,1
2020-01-22,0.0009828824323098,-0.0034220341376988,0.0567024362631897,1
2020-01-23,0.0009406046751985,0.0,0.0566915148818053,1
2020-01-24,0.0008974002400232,0.0,0.0566805108216344,1
2020-01-25,0.0008532671541083,0.0,0.0566694251775401,1
2020-01-26,0.0008082030311103,0.0,0.0566582590443855,1
2020-01-27,0.000762205062096,0.0,0.0566470135170337,1
2020-01-28,0.0007152700063275,0.0,0.0566356896903478,1
2020-01-29,0.0006673941817447,0.0,0.056624288659191,1
2020-01-30,0.0006185734551126,0.0,0.0566128115184263,1
2020-01-31,0.0005688032318128,0.0,0.0566012593629169,1
2020-02-01,0.0005180784452562,0.0,0.0565896332875258,1
2020-02-02,0.0004663935458868,0.0,0.0565779343871163,1
2020-02-03,0.0004137424897507,0.0,0.0565661637565513,1
2020-02-04,0.000360118726607,0.0005908419669668,0.0565543224906941,1
2020-02-05,0.0003055151875403,0.0005904930788644,0.0565424116844077,1
2020-02-06,0.0002499242720591,-0.0005904930788643,0.0565304324325553,1
2020-02-07,0.0001933378346308,0.0,0.0565183858299999,1
2020-02-08,0.0001357471706358,0.0,0.0565062729716047,1
2020-02-09,7.714300169559873e-05,0.0,0.0564940949522327,1
2020-02-10,1.7515460337293994e-05,0.0,0.0564818528667472,1
2020-02-11,-4.314592603555805e-05,0.0,0.0564695478100112,1
2020-02-12,-0.0001048522519163,0.0,0.0564571808768878,1
2020-02-13,-0.0001676152512508,0.0,0.0564447531622402,1
2020-02-14,-0.0002314473158217,0.0,0.0564322657609314,1
2020-02-15,-0.0002963615145085,0.0011413055411518,0.0564197197678245,1
2020-02-16,-0.0003623716134759,0.0011400044476176,0.0564071162777828,1
2020-02-17,-0.0004294920973415,0.001138706317211,0.0563944563856692,1
2020-02-18,-0.0004977381913797,-0.0034200163059807,0.056381741186347,1
2020-02-19,-0.0005671258848244,0.0,0.0563689717746791,1
2020-02-20,-0.0006367269609642,0.0,0.0563561492455288,1
2020-02-21,-0.0007027736942525,0.0,0.0563432746937592,1
2020-02-22,-0.0007643231079515,0.0,0.0563303492142333,1
2020-02-23,-0.0008213731907072,0.0,0.0563173739018143,1
2020-02-24,-0.000873919236176,0.0,0.0563043498513652,1
2020-02-25,-0.0009219540388926,0.0,0.0562912781577493,1
2020-02-26,-0.0009654680896159,0.0005904930788644,0.0562781599158296,1
2020-02-27,-0.0010044497707571,-0.0005904930788643,0.0562649962204692,1
2020-02-28,-0.0010388855524393,0.0,0.0562517881665312,1
2020-02-29,-0.0010687601897023,0.0,0.0562385368488788,1
2020-03-01,-0.0010940569213104,0.0,0.056225243362375,0
2020-03-02,-0.0011147576705853,0.0,0.0562119088018831,0
2020-03-03,-0.0011308432486242,0.0,0.056198534262266,0
2020-03-04,-0.0011422935602266,0.0,0.056185120838387,0
2020-03-05,-0.0011490878128121,0.0,0.056171669625109,0
2020-03-06,-0.0011512047285255,0.0,0.0561581817172953,0
2020-03-07,-0.0011486227597238,0.0,0.0561446582098089,0
2020-03-08,-0.001141320307938,0.0,0.056131100197513,0
2020-03-09,-0.0011292759463821,0.0,0.0561175087752707,0
2020-03-10,-0.0011124686460034,0.0034200163059805,0.0561038850379451,0
2020-03-11,-0.0010908780050083,0.0,0.0560902300803992,0
2020-03-12,-0.0010644844817569,-0.0029475939516174,0.0560765449974963,0
2020-03-13,-0.0010332696308271,-0.0004724223543632,0.0560628308840994,0
2020-03-14,-0.0009972163420006,0.0,0.0560490888350716,0
2020-03-15,-0.000956309081857,0.0,0.0560353199452761,0
2020-03-16,-0.0009105341375809,0.0,0.0560215253095759,0
2020-03-17,-0.0008598798625316,0.0,0.0560077060228342,0
2020-03-18,-0.0008043369230443,0.0004724223543631,0.0559938631799142,0
2020-03-19,-0.000743898545858,-0.0004724223543632,0.0559799978756788,0
2020-03-20,-0.0006794140403889,0.0,0.0559661112049912,0
2020-03-21,-0.0006142997692976,0.0,0.0559522042627146,0
2020-03-22,-0.0005494212687706,0.0,0.055938278143712,0
2020-03-23,-0.0004847918617098,0.0,0.0559243339428466,0
2020-03-24,-0.00042042471071,0.0,0.0559103727549815,0
2020-03-25,-0.0003563328100097,0.0002362390750415,0.0558963956749797,0
2020-03-26,-0.0002925289776643,0.0,0.0558824037977045,0
2020-03-27,-0.0002290258479715,0.0,0.0558683982180188,0
2020-03-28,-0.0001658358641382,0.0,0.0558543800307859,0
2020-03-29,-0.0001029712712191,0.0,0.0558403503308688,0
2020-03-30,-4.044410930998863e-05,0.0,0.0558263102131307,0
2020-03-31,2.1733792978691927e-05,0.0,0.0558122607724346,0
2020-04-01,8.355082476728795e-05,0.0,0.0557982031036437,0
2020-04-02,0.000144995598872,0.0,0.0557841383016212,0
2020-04-03,0.0002060569574725,0.0,0.05577006746123,0
2020-04-04,0.0002667239774929,-7.874015752092978e-05,0.0557559916773333,0
2020-04-05,0.0003269859756721,-7.874635802177261e-05,0.0557419120447943,0
2020-04-06,0.0003868325133444,-7.875255949883884e-05,0.055727829658476,0
2020-04-07,0.0004462534009063,0.0,0.0557137456132416,0
2020-04-08,0.0005052387019818,0.0,0.0556996610039541,0
2020-04-09,0.0005637787372757,0.0004724223543631,0.0556855769254768,0
2020-04-10,0.0006218640881224,-0.0004724223543632,0.0556714944726726,0
2020-04-11,0.0006794855997224,0.0,0.0556574147404047,0
2020-04-12,0.0007366343840713,0.0,0.0556433388235363,0
2020-04-13,0.0007933018225826,0.0,0.0556292678169304,0
2020-04-14,0.0008494795684026,0.0,0.0556152028154502,0
2020-04-15,0.0009051595484209,0.0009446216312284,0.0556011449139587,0
2020-04-16,0.0009603339649855,0.0,0.0555870952073191,0
2020-04-17,0.0010149952973084,0.0,0.0555730547903945,0
2020-04-18,0.0010691363025891,0.0,0.055559024758048,0
2020-04-19,0.0011227500168383,0.0,0.0555450062051428,0
2020-04-20,0.0011758297554194,0.0,0.0555310002265418,0
2020-04-21,0.0012283691133078,0.0,0.0555170079171083,0
2020-04-22,0.0012803619650774,0.0,0.0555030303717054,0
2020-04-23,0.0013318024646082,0.0003540031897256,0.0554890686851961,0
2020-04-24,0.0013826850445396,0.0,0.0554751239524437,0
2020-04-25,0.001433004415461,-0.0001179871395387,0.0554611972683111,0
2020-04-26,0.0014827555648497,-0.0001180010621463,0.0554472897276616,0
2020-04-27,0.0015319337557681,-0.0001180149880405,0.0554334024253581,0
2020-04-28,0.0015805345253201,0.0,0.0554195364562639,0
2020-04-29,0.0016285536828824,0.0,0.0554056929152421,0
2020-04-30,0.0016759873081064,0.0005899357141184,0.0553918728971557,0
2020-05-01,0.0017228317487145,0.0,0.0553780774968679,0
2020-05-02,0.0017690836180833,-0.0001966065712248,0.0553643078092418,0
2020-05-03,0.0018147397926327,-0.00019664523297,0.0553505649291405,0
2020-05-04,0.0018597974090203,-0.0001966839099233,0.0553368499514271,0
2020-05-05,0.0019042538611632,0.0,0.0553231639709648,0
2020-05-06,0.0019481067970744,0.0,0.0553095080826166,0
2020-05-07,0.0019913541155451,0.0003540031897256,0.0552958833812457,0
2020-05-08,0.0020339939626652,0.0,0.0552822909617151,0
2020-05-09,0.002076024728197,-0.0001179871395387,0.055268731918888,0
2020-05-10,0.0021174450418119,-0.0001180010621463,0.0552552073476275,0
2020-05-11,0.0021582537691931,-0.0001180149880405,0.0552417183427968,0
2020-05-12,0.0021984500080186,0.0,0.0552282659992588,0
2020-05-13,0.0022380330838287,0.0,0.0552148514118768,0
2020-05-14,0.0022770025457897,0.0,0.0552014756755139,0
2020-05-15,0.0023153581623595,0.0,0.0551881398850331,0
2020-05-16,0.0023530999168629,0.0008258125874845,0.0551748451352976,0
2020-05-17,0.0023902280029866,0.0008251311837282,0.0551615925211705,0
2020-05-18,0.0024267428202025,0.0008244509035395,0.0551483831375149,0
2020-05-19,0.002462644969123,-0.0024753946747523,0.0551352180791939,0
2020-05-20,0.0024979352467986,0.0,0.0551220984410706,0
2020-05-21,0.0025326146419676,0.0,0.0551090253180082,0
2020-05-22,0.0025666843302579,0.0,0.0550959998048698,0
2020-05-23,0.002600145669359,0.0,0.0550830229965184,0
2020-05-24,0.0026330001941571,0.0,0.0550700959878172,0
2020-05-25,0.0026652496118529,0.0,0.0550572198736293,0
2020-05-26,0.0026968957970624,0.0,0.0550443957488179,0
2020-05-27,0.0027279407869071,0.0005899357141184,0.0550316247082459,0
2020-05-28,0.0027583867760976,-0.0005899357141182,0.0550189078467766,0
2020-05-29,0.0027882361120273,0.0,0.055006246259273,0
2020-05-30,0.0028175738566808,0.0,0.0549936410405983,0
2020-05-31,0.0028467310378785,0.0,0.0549810932856157,0
2020-06-01,0.0028757877900681,0.0,0.054968604089188,0
2020-06-02,0.002904741251997,0.0005899357141184,0.0549561745461786,0
2020-06-03,0.0029335885984073,-0.0005899357141182,0.0549438057514505,0
2020-06-04,0.0029623270407486,0.0,0.0549314987998669,0
2020-06-05,0.002990953827858,0.0,0.0549192547862908,0
2020-06-06,0.0030194662466222,0.0,0.0549070748055853,0
2020-06-07,0.0030478616226129,0.0,0.0548949599526137,0
2020-06-08,0.0030761373207038,0.0,0.0548829113222389,0
2020-06-09,0.0031042907456546,0.0,0.0548709300093241,0
2020-06-10,0.0031323193426786,0.0,0.0548590171087324,0
2020-06-11,0.0031602205979816,0.0024753946747522,0.0548471737153269,0
2020-06-12,0.0031879920392783,0.0,0.0548354009239708,0
2020-06-13,0.0032156312362833,-0.0008244509035395,0.0548236998295272,0
2020-06-14,0.0032431358011759,-0.0008251311837281,0.0548120715268591,0
2020-06-15,0.0032705033890429,-0.0008258125874845,0.0548005171108297,0
2020-06-16,0.0032977316982949,0.0,0.054789037676302,0
2020-06-17,0.0033248184710568,0.0,0.0547776343181393,0
2020-06-18,0.0033517614935346,0.0,0.0547663081312046,0
2020-06-19,0.0033785585963577,0.0,0.0547550602103611,0
2020-06-20,0.0034052076548971,0.0,0.0547438916504718,0
2020-06-21,0.0034317065895545,0.0,0.0547328035463998,0
2020-06-22,0.0034580533660326,0.0,0.0547217969930083,0
2020-06-23,0.003484245995576,0.0,0.0547108730851604,0
2020-06-24,0.0035080617125941,0.0,0.0547000329177192,0
2020-06-25,0.0035206779071398,0.0,0.0546892775855479,0
2020-06-26,0.003520043996691,0.0,0.0546786081835094,0
2020-06-27,0.0035063449755325,0.0,0.054668025806467,0
2020-06-28,0.0034797632906595,0.0,0.0546575315492837,0
2020-06-29,0.0034404772068437,0.0,0.0546471265068227,0
2020-06-30,0.003388659251639,0.0,0.0546368117739471,0
2020-07-01,0.0033244747357005,0.0,0.05462658844552,0
2020-07-02,0.0032480803428787,0.0012973994861089,0.0546164576164045,0
2020-07-03,0.0031596227837436,0.0,0.0546064203814637,0
2020-07-04,0.0030592375054342,-0.0004322794950697,0.0545964778355607,0
2020-07-05,0.0029470474500903,-0.0004324664414477,0.0545866310735587,0
2020-07-06,0.0028231618535033,-0.0004326535495915,0.0545768811903207,0
2020-07-07,0.0026876750750636,0.000707881105539,0.0545672292807099,0
2020-07-08,0.0025406654495435,-0.0007078811055388,0.0545576764395894,0
2020-07-09,0.002382194150721,0.0,0.0545482237618223,0
2020-07-10,0.0022123040563002,0.0,0.0545388723422718,0
2020-07-11,0.0020310186030339,-0.0003934839115851,0.0545296232758008,0
2020-07-12,0.0018383406203112,-0.0003936388021229,0.0545204776572726,0
2020-07-13,0.0016342511298052,-0.0003937938146502,0.0545114365815502,0
2020-07-14,0.0014187080980048,0.0,0.0545025011434968,0
2020-07-15,0.0011916451275578,0.0,0.0544936724379755,0
2020-07-16,0.0009529700723489,0.0,0.0544849515598494,0
2020-07-17,0.0007025635600347,0.0,0.0544763396039816,0
2020-07-18,0.0004402774043913,0.0,0.0544678376652352,0
2020-07-19,0.0001659328882051,0.0,0.0544594468384733,0
2020-07-20,-0.0001206811044438,0.0,0.0544511682185591,0
2020-07-21,-0.0004198101298789,0.0,0.0544430029003556,0
2020-07-22,-0.0007317364264537,0.0,0.054434951978726,0
2020-07-23,-0.0010567813850987,0.0,0.0544270165485334,0
2020-07-24,-0.0013953082813578,0.0,0.0544191977046409,0
2020-07-25,-0.0017228637138117,0.0,0.0544114965419116,0
2020-07-26,-0.0019400541723025,0.0,0.0544039141552087,0
2020-07-27,-0.0020212578917918,0.0,0.0543964516393951,0
2020-07-28,-0.001965429888863,0.0,0.0543891100893342,0
2020-07-29,-0.001771502929446,0.0,0.0543818905998889,0
2020-07-30,-0.0014385775901499,0.0,0.0543747942659224,0
2020-07-31,-0.000966116691131,0.0,0.0543678221822977,0
2020-08-01,-0.0003541420582124,0.0,0.0543609754438781,0
2020-08-02,0.0003965699801207,0.0,0.0543542551455266,0
2020-08-03,0.0012842994855808,0.0,0.0543476623821063,0
2020-08-04,0.0023062067260688,0.0,0.0543411982484804,0
2020-08-05,0.003458176604134,0.0,0.054334863839512,0
2020-08-06,0.0047346921398039,0.0,0.0543286602500641,0
2020-08-07,0.0059487118743391,0.0,0.0543225885749999,0
2020-08-08,0.0063816157280659,0.0,0.0543166499091825,0
2020-08-09,0.0058733468927265,0.0,0.054310845347475,0
2020-08-10,0.0044451834805687,0.0,0.0543051759847405,0
2020-08-11,0.002109247427942,0.0,0.0542996429158422,0
2020-08-12,-0.001139619976699,0.0,0.0542942472356431,0
2020-08-13,-0.0053322616035251,0.0,0.0542889900390064,0
2020-08-14,-0.0099871623667582,0.0,0.0542838724207952,0
2020-08-15,-0.012961841385015,0.0,0.0542788954758726,0
2020-08-16,-0.0136426057025604,0.0,0.0542740602991017,0
2020-08-17,-0.0119104974978887,0.0,0.0542693679853455,0
2020-08-18,-0.0076562235269722,0.0,0.0542648196294674,0
2020-08-19,-0.0008432952675131,0.0,0.0542604163263302,0
2020-08-20,0.0084257419570015,0.0,0.0542561591707973,0
2020-08-21,0.0198547826737084,0.0,0.0542520492577316,0
2020-08-22,0.0317047726905142,0.0,0.0542480876819963,0
2020-08-23,0.0387796566371493,0.0,0.0542442755384545,0
2020-08-24,0.0403645828759911,0.0,0.0542406139219693,0
2020-08-25,0.0372162307704327,0.0,0.0542371039274038,0
2020-08-26,0.0299936408884085,0.0,0.0542337466496212,0
2020-08-27,0.0190924892707031,0.0,0.0542305431834845,0
2020-08-28,0.0045376404228901,0.0,0.0542274946238569,0
2020-08-29,-0.014136407344582,0.0,0.0542246020656015,0
2020-08-30,-0.036263737969783,0.0,0.0542218666035814,0
2020-08-31,-0.055897845130554,0.0,0.0542192893326597,0
2020-09-01,-0.071467594762273,0.0,0.0542168713476995,0
2020-09-02,-0.0822403824397102,0.0,0.0542146137435639,0
2020-09-03,-0.0865292569195145,0.0,0.0542125176151161,0
2020-09-04,-0.0817099614303488,0.0,0.0542105840572191,0
2020-09-05,-0.0646548735103728,0.0006693572451903,0.0542088141647361,0
2020-09-06,-0.0330591676848518,0.0006689095057495,0.0542072090325302,0
2020-09-07,0.0123154351889685,0.0006684623649027,0.0542057697554645,0
2020-09-08,0.0659093227068988,-0.0020067291158428,0.0542044974284021,0
2020-09-09,0.1185760656158987,0.0,0.0542033931462062,0
2020-09-10,0.1618370336283432,0.0,0.0542024580037397,0
2020-09-11,0.1817583351513554,0.0,0.054201693095866,0
2020-09-12,0.1600692661746682,0.0,0.054201099517448,0
2020-09-13,0.1368986307234652,0.0,0.0542006783633488,0
2020-09-14,0.1194662225187984,0.0,0.0542004307284317,0
2020-09-15,0.1058727879105264,0.0,0.0542003577075597,0
2020-09-16,0.0949745569834108,0.0,0.0542004603955959,0
2020-09-17,0.0860413480105049,0.0020067291158427,0.0542007398874034,0
2020-09-18,0.0785850271542352,-0.0020067291158428,0.0542011972778454,0
2020-09-19,0.0722668439585455,0.0,0.0542018336617849,0
2020-09-20,0.0668443258500317,0.0,0.0542026501340851,0
2020-09-21,0.0621393311508145,0.0,0.0542036477896091,0
2020-09-22,0.0580180350286424,0.0,0.05420482772322,0
2020-09-23,0.0543779516607997,0.0,0.054206191029781,0
2020-09-24,0.0511392657081552,0.0,0.054207738804155,0
2020-09-25,0.048238890885685,0.0,0.0542094721412053,0
2020-09-26,0.0456263043743644,0.0,0.0542113921357949,0
2020-09-27,0.0432605671015844,0.0,0.054213499882787,0
2020-09-28,0.0411081538058365,0.0,0.0542157964770447,0
2020-09-29,0.0391413472231375,0.0,0.0542182830134311,0
2020-09-30,0.0373370323790532,0.0018887976338972,0.0542209605868092,0
2020-10-01,0.0356757793031725,-0.0018887976338971,0.0542238302920423,0
2020-10-02,0.0341411367489061,0.0,0.0542268932239935,0
2020-10-03,0.0327190823755972,0.0,0.0542301504775257,0
2020-10-04,0.0313975903907592,0.0,0.0542336031475023,0
2020-10-05,0.0301662883804014,0.0,0.0542372523287862,0
2020-10-06,0.0290161825746534,0.0,0.0542410991162406,0
2020-10-07,0.0279394361375009,0.0,0.0542451446047286,0
2020-10-08,0.0269291889124498,0.0,0.0542493898891133,0
2020-10-09,0.0259794098532986,0.0,0.0542538360642579,0
2020-10-10,0.0250847754278776,0.0006299956896166,0.0542584842250253,0
2020-10-11,0.0242405688131139,0.0006295990449188,0.0542633354662789,0
2020-10-12,0.0234425958485424,0.0006292028993615,0.0542683908828816,0
2020-10-13,0.0226871145853392,-0.0018887976338971,0.0542736515696965,0
2020-10-14,0.0219707759323035,0.0,0.0542791186215869,0
2020-10-15,0.0212905734116248,0.0,0.0542847931334158,0
2020-10-16,0.0206438004338057,0.0,0.0542906762000463,0
2020-10-17,0.020028013810828,0.0,0.0542967689163415,0
2020-10-18,0.0194410024701172,0.0,0.0543030723771646,0
2020-10-19,0.0188807605244478,0.0,0.0543095876773787,0
2020-10-20,0.0183454640062833,0.0,0.0543163159118468,0
2020-10-21,0.0178334506976564,0.0,0.0543232581754321,0
2020-10-22,0.0173432025855193,0.0,0.0543304155629977,0
2020-10-23,0.0168733305522781,0.0,0.0543377891694067,0
2020-10-24,0.0164225609762137,0.0,0.0543453800895222,0
2020-10-25,0.0159897239694373,0.0,0.0543531894182074,0
2020-10-26,0.0155737430245911,0.0,0.0543612182503254,0
2020-10-27,0.0151736258772702,-0.002010764176217,0.0543694676807392,0
2020-10-28,0.0147884564208169,-0.0036771288689823,0.054377938804312,0
2020-10-29,0.0144173875347533,0.0049786731573157,0.0543866327159068,0
2020-10-30,0.0140596347086107,-0.0033163597847398,0.0543955505103869,0
2020-10-31,0.0137144703601127,-0.0004746647769197,0.0544046932826153,0
2020-11-01,0.0133812187610556,-0.0004748901905701,0.0544140621274552,1
2020-11-02,0.0130592514963949,-0.0004751158184162,0.0544236581397696,1
2020-11-03,0.0127479833922777,0.007339048092427,0.0544334824144216,1
2020-11-04,0.0124468688574872,-0.00674518858213,0.0544435360462744,1
2020-11-05,0.0121553985901366,0.0024903659476268,0.0544538201301911,1
2020-11-06,0.0118730966077697,-0.0007109005038732,0.0544643357610348,1
2020-11-07,0.0115995175644115,0.0002370229923397,0.0544750840336687,1
2020-11-08,0.0113342443227336,0.0002369668257535,0.0544860660429557,1
2020-11-09,0.0110768857534718,0.0002369106857799,0.0544972828837591,1
2020-11-10,0.0108270747376646,-0.0004738775115335,0.0545087356509419,1
2020-11-11,0.010584466350226,0.0001184904320362,0.0545204254393673,1
2020-11-12,0.0103487362059448,-0.000355513424376,0.0545323533438984,1
2020-11-13,0.010119578951201,0.0004739898180931,0.0545445204593983,1
2020-11-14,0.0098967068866507,0.0001579466933194,0.0545569278807301,1
2020-11-15,0.0096798487077918,0.0001579217501012,0.0545695767027569,1
2020-11-16,0.0094687483518072,0.0001578968147597,0.0545824680203418,1
2020-11-17,0.0092631639403727,-0.002964722005528,0.054595602928348,1
2020-11-18,0.0090628668092242,0.0010683127611097,0.0546089825216386,1
2020-11-19,0.0088676406163152,0.0004744395771593,0.0546226078950766,1
2020-11-20,0.0086772805212035,-0.0051120601133896,0.0546364801435252,1
2020-11-21,0.0084915924291526,0.002024171674045,0.0546506003618475,1
2020-11-22,0.0083103922940381,0.0020200826785144,0.0546649696449067,1
2020-11-23,0.008133505474819,0.0020160101699085,0.0546795890875657,1
2020-11-24,0.0079607661408044,0.0004737652581805,0.0546944597846878,1
2020-11-25,0.0077920167214793,0.0001184062519884,0.054709582831136,1
2020-11-26,0.0076271073970191,0.0038995618101143,0.0547249593217736,1
2020-11-27,0.0074658956260401,-0.0040179680621025,0.0547405903514634,1
2020-11-28,0.007308245707443,3.947030846564822e-05,0.0547564770150688,1
2020-11-29,0.0071540283735083,3.946875062177653e-05,0.0547726204074528,1
2020-11-30,0.0070031204116852,3.9467192900910265e-05,0.0547890216234785,1
2020-12-01,0.0068554043127214,-0.0011846938952235,0.0548056817580091,1
2020-12-02,0.0067107679430382,0.0,0.0548226019059076,1
2020-12-03,0.0065691042394092,0.0003555555593012,0.0548397831620371,1
2020-12-04,0.0064303109241983,-0.0024915478274505,0.0548572266212609,1
2020-12-05,0.0062942902395511,0.0010685664418374,0.0548749333784419,1
2020-12-06,0.0061609486990997,0.0010674258263116,0.0548929045284433,1
2020-12-07,0.006030196855828,0.0010662876432352,0.0549111411661282,1
2020-12-08,0.0059019490849011,-0.0005922416518976,0.0549296443863598,1
2020-12-09,0.0057761233803359,0.0007106479038858,0.0549484152840011,1
2020-12-10,0.0056526411644942,-0.0001184062519883,0.0549674549539152,1
2020-12-11,0.0055314271094691,0.0005918911093191,0.0549867644909653,1
2020-12-12,0.0054124089695043,-0.0004340192220274,0.0550063449900146,1
2020-12-13,0.0052955174236576,-0.0004342076765085,0.055026197545926,1
2020-12-14,0.0051806859279853,-0.0004343962947171,0.0550463232535626,1
2020-12-15,0.005067850576589,0.0017758839687686,0.0550667232077878,1
2020-12-16,0.0049569499708972,-0.0013020064572352,0.0550873985034644,1
2020-12-17,0.0048479250966298,0.0023660250006058,0.0551083502354557,1
2020-12-18,0.0047407192079176,-0.0053314503395899,0.0551295794986248,1
2020-12-19,0.0046352777180973,0.0005542140199653,0.0551510873878347,1
2020-12-20,0.004531548096733,0.0005539070369116,0.0551728749979486,1
2020-12-21,0.0044294797724685,0.0005536003937502,0.0551949434238297,1
2020-12-22,0.0043290240413004,0.0005928033844832,0.0552172937603409,1
2020-12-23,0.004230133979957,0.0009477550762737,0.0552399271023455,1
2020-12-24,0.004132764364023,0.0007102273025818,0.0552628445447065,1
2020-12-25,0.0040368715905303,0.0,0.055286047182287,1
2020-12-26,0.0039424136047212,-7.88892395487764e-05,0.0553095361099502,1
2020-12-27,0.0038493498307275,-7.88954635517113e-05,0.0553333124225592,1
2020-12-28,0.0037576411059294,-7.890168853719878e-05,0.0553573772149771,1
2020-12-29,0.0036672496187478,-0.0003551346589559,0.0553817315820671,1
2020-12-30,0.0035781388496944,-0.0001184062519883,0.0554063766186921,1
2020-12-31,0.0034902735154476,-0.0021337134695471,0.0554313134197153,1
2021-01-01,0.003403619515797,0.0,0.05545654308,1
2021-01-02,0.0033181438832799,-7.911392409178995e-05,0.0554820663611842,1
2021-01-03,0.0032338147353492,-7.912018360020084e-05,0.055507882692007,1
2021-01-04,0.0031506012289234,-7.912644409882616e-05,0.0555339911679826,1
2021-01-05,0.0030684735171922,0.0004746647769198,0.0555603908846251,1
2021-01-06,0.0029874027085294,0.0059143773065207,0.0555870809374485,1
2021-01-07,0.0029073608274163,-0.0054399377293614,0.0556140604219672,1
2021-01-08,0.0028283207772379,0.0,0.0556413284336951,1
2021-01-09,0.0027502563048687,-0.0001976558028295,0.0556688840681464,1
2021-01-10,0.0026731419669326,-0.0001976948783696,0.0556967264208354,1
2021-01-11,0.0025969530976546,-0.0001977339693627,0.055724854587276,1
2021-01-12,0.0025216657782115,0.0001186450734024,0.0557532676629825,1
2021-01-13,0.0024472568075042,-0.0016623133725758,0.055781964743469,1
2021-01-14,0.0023737036742724,0.0015436682991731,0.0558109449242496,1
2021-01-15,0.0023009845304792,0.0,0.0558402073008385,1
2021-01-16,0.0022290781659029,0.0020545246262863,0.0558697509687498,1
2021-01-17,0.0021579639838676,0.002050312207885,0.0558995750234976,1
2021-01-18,0.002087621978055,0.0020461170276976,0.0559296785605962,1
2021-01-19,0.0020180327103384,-0.006150953861869,0.0559600606755595,1
2021-01-20,0.0019491772895956,0.0001186450734024,0.0559907204639018,1
2021-01-21,0.0018810373514375,0.0059143773065207,0.0560216570211372,1
2021-01-22,0.0018135950388148,-0.0075766906790966,0.0560528694427799,1
2021-01-23,0.001746832983455,0.0005544115459608,0.0560843568243439,1
2021-01-24,0.0016807342880941,0.0005541043441067,0.0561161182613435,1
2021-01-25,0.0016152825094494,0.0005537974825081,0.0561481528492927,1
2021-01-26,0.0015504616419136,-0.0019000124466686,0.0561804596837057,1
2021-01-27,0.001486256101927,0.0053346104816203,0.0562130378600967,1
2021-01-28,0.0014226507129864,-0.0004730369056985,0.0562458864739797,1
2021-01-29,0.0013596306912828,-0.0020129069611085,0.056279004620869,1
2021-01-30,0.0012971816319065,0.0016579823788554,0.0563123913962786,1
2021-01-31,0.001235289495626,0.0016552380227533,0.0563460458957227,1
2021-02-01,0.0011739405961829,0.0016525027367672,0.0563799672147155,1
2021-02-02,0.0011131215881006,-0.0040179680621025,0.056414154448771,1
2021-02-03,0.0010528194549709,-0.0020150543178208,0.0564486066934034,1
2021-02-04,0.0009930214982017,0.0030802062026555,0.0564833230441269,1
2021-02-05,0.0009337153262024,-0.006050917198517,0.0565183025964555,1
2021-02-06,0.000874888843984,0.001625082107178,0.0565535444459035,1
2021-02-07,0.0008165302431619,0.0016224454994474,0.056589047687985,1
2021-02-08,0.0007586279923377,0.0016198174333675,0.0566248114182141,1
2021-02-09,0.0007011708278442,-0.0008293348025843,0.0566608347321049,1
2021-02-10,0.0006441477448369,0.0049657231383762,0.0566971167251716,1
2021-02-11,0.0005875479887187,-0.0029528161772677,0.0567336564929283,1
2021-02-12,0.0005313610468794,-0.0037923724048622,0.0567704531308892,1
2021-02-13,0.0004755766407404,0.0016214188987173,0.0568075057345684,1
2021-02-14,0.0004201847180877,0.0016187941547073,0.05684481339948,1
2021-02-15,0.0003651754456814,0.0016161778948081,0.0568823752211383,1
2021-02-16,0.00031053920213,-0.0061633477076685,0.0569201902950572,1
2021-02-17,0.0002562665710207,0.0053358755876362,0.056958257716751,1
2021-02-18,0.0002023483342896,-0.0014201185818624,0.0569965765817338,1
2021-02-19,0.0001487754658259,-0.0020152931958578,0.0570351459855197,1
2021-02-20,9.5539125293071e-05,-0.0003956322254485,0.0570739650236229,1
2021-02-21,4.263065217741729e-05,-0.0003957888122592,0.0571130327915576,1
2021-02-22,-9.958439981734878e-06,-0.0003959455230695,0.0571523483848377,1
2021-02-23,-6.223646914296747e-05,0.0023733249540506,0.0571919108989776,1
2021-02-24,-0.0001142115901422,0.002958757114386,0.0572317194294913,1
2021-02-25,-0.0001658917998917,0.0020069660239903,0.057271773071893,1
2021-02-26,-0.0002172849423912,-0.0020069660239902,0.0573120709216968,1
2021-02-27,-0.0002683987135994,-0.0022083769524015,0.0573526120744169,1
2021-02-28,-0.0003192406661241,-0.0022132646770948,0.0573933956255673,1
2021-03-01,-0.000369818213774,-0.0022181740854543,0.0574344206706622,0
2021-03-02,-0.0004201386359579,0.0046288136768385,0.0574756863052159,0
2021-03-03,-0.0004702090819513,0.0,0.0575171916247423,0
2021-03-04,-0.0005200365750215,0.0040179680621025,0.0575589357247557,0
2021-03-05,-0.0005696280164271,-0.0020069660239902,0.0576009177007702,0
2021-03-06,-0.0006189901892947,-0.0001181823555119,0.0576431366482999,0
2021-03-07,-0.0006681297623775,-0.0001181963242318,0.0576855916628589,0
2021-03-08,-0.0007170532936946,-0.0001182102962544,0.0577282818399615,0
2021-03-09,-0.0007657672340719,0.0,0.0577712062751217,0
2021-03-10,-0.0008142779305619,-0.0005912611772793,0.0578143640638537,0
2021-03-11,-0.0008625916297815,0.0,0.0578577543016716,0
2021-03-12,-0.0009107144811369,-0.006765202943172,0.0579013760840895,0
2021-03-13,-0.0009586525399599,0.0019036293672503,0.0579452285066217,0
2021-03-14,-0.0010064117705654,0.0019000124466687,0.0579893106647822,0
2021-03-15,-0.0010539980492042,0.0018964092444181,0.0580336216540851,0
2021-03-16,-0.0011014171669496,0.0040179680621025,0.0580781605700447,0
2021-03-17,-0.001148674832494,0.0,0.0581229265081751,0
2021-03-18,-0.0011957766748783,-0.007220247973487,0.0581679185639903,0
2021-03-19,-0.0012427282461357,-0.0004752851800497,0.0582131358330046,0
2021-03-20,-0.0012895350238807,0.0009899226688929,0.058258577410732,0
2021-03-21,-0.0013362024138164,0.0009889436910352,0.0583042423926868,0
2021-03-22,-0.0013827357521866,0.0009879666475722,0.058350129874383,0
2021-03-23,-0.0014291403081576,-0.0002370229923397,0.0583962389513348,0
2021-03-24,-0.0014754212861467,0.0022494533844467,0.0584425687190563,0
2021-03-25,-0.0015215838280924,-0.001301698308173,0.0584891182730617,0
2021-03-26,-0.0015676330156603,-0.0049857653136822,0.0585358867088651,0
2021-03-27,-0.0016135738724094,0.002337699422263,0.0585828731219806,0
2021-03-28,-0.0016594113658978,0.002332247326558,0.0586300766079224,0
2021-03-29,-0.0017051504097431,0.0023268206029733,0.0586774962622047,0
2021-03-30,-0.0017507958656321,-0.0020110020381123,0.0587251311803415,0
2021-03-31,-0.0017963525452912,-0.0009477550762736,0.058772980457847,0
2021-04-01,-0.0018418252124093,0.0020129069611084,0.0588210431902354,0
2021-04-02,-0.001887218584521,-0.0040298738903628,0.0588693184730207,0
2021-04-03,-0.0019325373348459,0.000751894611889,0.0589178054017171,0
2021-04-04,-0.0019777860940943,0.0007513296911158,0.0589665030718388,0
2021-04-05,-0.0020229694522384,0.000750765618589,0.0590154105788999,0
2021-04-06,-0.0020680919602371,0.0027217341220461,0.0590645270184146,0
2021-04-07,-0.0021131581317415,0.0,0.0591138514858969,0
2021-04-08,-0.0021581724447598,-0.0022478566105128,0.0591633830768611,0
2021-04-09,-0.0022031393432898,-0.0032030396920089,0.0592131208868212,0
2021-04-10,-0.0022480632389292,0.0007522518418679,0.0592630640112913,0
2021-04-11,-0.0022929485124527,0.0007516863843741,0.0593132115457857,0
2021-04-12,-0.002337799515363,0.0007511217763352,0.0593635625858185,0
2021-04-13,-0.0023826205714163,0.0031958362999443,0.0594141162269038,0
2021-04-14,-0.002427415978126,0.0,0.0594648715645558,0
2021-04-15,-0.0024721900082374,0.0,0.0595158276942885,0
2021-04-16,-0.0025169469111893,-0.0040260563559331,0.0595669837116162,0
2021-04-17,-0.0025616909145431,0.0009092526965106,0.0596183387120529,0
2021-04-18,-0.0026064262254031,0.0009084267070208,0.0596698917911128,0
2021-04-19,-0.0026511570318107,0.0009076022168709,0.0597216420443101,0
2021-04-20,-0.0026958875041246,0.0,0.0597735885671589,0
2021-04-21,-0.0027406217963815,-0.0014209593865157,0.0598257304551733,0
2021-04-22,-0.0027853640476448,0.0014209593865158,0.0598780668038674,0
2021-04-23,-0.0028301183833317,-0.0040313073329062,0.0599305967087555,0
2021-04-24,-0.0028748889165375,0.0017805215695674,0.0599833192653516,0
2021-04-25,-0.002919679749333,0.001777356946353,0.0600362335691699,0
2021-04-26,-0.0029644949740629,0.0017742035525161,0.0600893387157245,0
2021-04-27,-0.0030093386746233,0.0,0.0601426338005295,0
2021-04-28,-0.003054214927736,0.0,0.0601961179190992,0
2021-04-29,-0.003099127804207,0.0,0.0602497901669475,0
2021-04-30,-0.0031440813701821,-0.0040260563559331,0.0603036496395888,0
2021-05-01,-0.0031890796883913,0.0013438206045841,0.0603576954325371,0
2021-05-02,-0.003234126819386,0.0013420171739831,0.0604119266413065,0
2021-05-03,-0.0032792268227746,0.0013402185773656,0.0604663423614112,0
2021-05-04,-0.0033243837584447,0.0,0.0605209416883654,0
2021-05-05,-0.0033696016877892,-0.0039074112825306,0.0605757237176831,0
2021-05-06,-0.0034148846749224,0.0039074112825306,0.0606306875448785,0
2021-05-07,-0.0034602367878982,-0.0040260563559331,0.0606858322654658,0
2021-05-08,-0.0035056620999194,0.0006721360340023,0.0607411569749591,0
2021-05-09,-0.0035511646905532,0.0006716845705817,0.0607966607688725,0
2021-05-10,-0.0035967486469401,0.0006712337132366,0.0608523427427201,0
2021-05-11,-0.003642418065005,-0.0007107320839339,0.0609082019920162,0
2021-05-12,-0.0036881770506713,0.0027217341220461,0.0609642376122748,0
2021-05-13,-0.0037340297210704,-0.0020110020381123,0.0610204486990101,0
2021-05-14,-0.0037799802057606,-0.0046288136768384,0.0610768343477363,0
2021-05-15,-0.003826032647944,0.0017828494649303,0.0611333936539673,0
2021-05-16,-0.0038721912056891,0.0017796765686729,0.0611901257132175,0
2021-05-17,-0.0039184600531576,0.0017765149458171,0.0612470296210009,0
2021-05-18,-0.0039648433818373,0.0,0.0613041044728318,0
2021-05-19,-0.0040113454017791,0.0013007747355303,0.0613613493642241,0
2021-05-20,-0.0040579703428406,0.0,0.061418763390692,0
2021-05-21,-0.0041047224559426,-0.0041447155076595,0.0614763456477498,0
2021-05-22,-0.0041516060143232,0.0004745521503223,0.0615340952309115,0
2021-05-23,-0.0041986253148128,0.0004743270573929,0.0615920112356913,0
2021-05-24,-0.0042457846791121,0.0004741021778978,0.0616500927576033,0
2021-05-25,-0.0042930884550783,0.0014209593865158,0.0617083388921617,0
2021-05-26,-0.0043405410180311,-0.0033187182291185,0.0617667487348805,0
2021-05-27,-0.0043881467720632,0.0046194929646489,0.061825321381274,0
2021-05-28,-0.0044359101513657,-0.0040260563559331,0.0618840559268563,0
2021-05-29,-0.004483835621571,0.0010277899469803,0.0619429514671414,0
2021-05-30,-0.0045319276811052,0.0010267346793059,0.0620020070976436,0
2021-05-31,-0.0045801908625565,0.0010256815763693,0.062061221913877,0
2021-06-01,-0.0046286297340652,-0.0016573935367324,0.0621205950113557,0
2021-06-02,-0.0046772489007228,0.0026032436900099,0.0621801254855939,0
2021-06-03,-0.0047260530059953,-0.0027217341220463,0.0622398124321057,0
2021-06-04,-0.004775046733164,-0.0045130717931193,0.0622996549464052,0
2021-06-05,-0.0048242348067819,0.0010707276021465,0.0623596521240066,0
2021-06-06,-0.0048736219941571,0.00106958237067,0.0624198030604241,0
2021-06-07,-0.0049232131068542,0.0010684395864158,0.0624801068511717,0
2021-06-08,-0.0049730130022168,0.0020150543178207,0.0625405625917636,0
2021-06-09,-0.0050230265849189,0.0007102273025818,0.062601169377714,0
2021-06-10,-0.0050732588085361,0.0034256722414664,0.0626619263045369,0
2021-06-11,-0.0051237146771409,-0.0054392944794434,0.0627228324677465,0
2021-06-12,-0.0051743992469331,0.0001975933140851,0.062783886962857,0
2021-06-13,-0.0052253176278878,0.0001975542786804,0.0628450888853825,0
2021-06-14,-0.0052764749854391,0.0001975152586956,0.0629064373308371,0
2021-06-15,-0.0053278765421882,0.0027217341220461,0.062967931394735,0
2021-06-16,-0.0053795275796503,0.0001181683900931,0.0630295701725904,0
2021-06-17,-0.005431433440025,-0.000118168390093,0.0630913527599172,0
2021-06-18,-0.0054835995280027,-0.0020110020381123,0.0631532782522298,0
2021-06-19,-0.0055360313126145,0.0002367984855961,0.0632153457450422,0
2021-06-20,-0.0055887343291008,0.0002367424253481,0.0632775543338685,0
2021-06-21,-0.0056417141808329,0.0002366863916373,0.063339903114223,0
2021-06-22,-0.0056949765412644,-0.0014209593865157,0.0634023911816197,0
2021-06-23,-0.0057485271559276,-0.0003555555593013,0.0634650176315728,0
2021-06-24,-0.0058023718444644,0.0017765149458171,0.0635277815595964,0
2021-06-25,-0.005856516502708,-0.0036749493081099,0.0635906820612047,0
2021-06-26,-0.0059109671048034,0.0009496676877071,0.0636537182319118,0
2021-06-27,-0.0059657297053752,0.0009487666745855,0.0637168891672319,0
2021-06-28,-0.0060208104417428,0.0009478673695459,0.063780193962679,0
2021-06-29,-0.0060762155361864,0.0022475907018947,0.0638436317137674,0
2021-06-30,-0.0061319512982581,-0.0007092198878837,0.0639072015160111,0
2021-07-01,-0.0061880241271536,-0.0020121921922193,0.0639709024649243,0
2021-07-02,-0.0062444405141306,-0.0007111532834976,0.0640347336560211,0
2021-07-03,-0.0063012070449879,0.0011454981206354,0.0640986941848158,0
2021-07-04,-0.0063583304025989,0.0011441874559119,0.0641627831468223,0
2021-07-05,-0.0064158173695089,0.0011428797870533,0.0642269996375549,0
2021-07-06,-0.0064736748305911,-0.0024844733276618,0.0642913427525277,0
2021-07-07,-0.0065319097757661,0.0024844733276617,0.0643558115872548,0
2021-07-08,-0.0065905293027919,0.0,0.0644204052372505,0
2021-07-09,-0.0066495406201173,-0.0060444628475154,0.0644851227980287,0
2021-07-10,-0.0067089510498058,0.0015442183979719,0.0645499633651036,0
2021-07-11,-0.0067687680305386,0.0015418374637215,0.0646149260339895,0
2021-07-12,-0.0068289991206853,0.0015394638601982,0.0646800099002004,0
2021-07-13,-0.0068896520014556,0.0034256722414664,0.0647452140592505,0
2021-07-14,-0.0069507344801343,0.0,0.0648105376066538,0
2021-07-15,-0.0070122544933931,0.0,0.0648759796379247,0
2021-07-16,-0.007074220110695,0.0,0.0649415392485771,0
2021-07-17,-0.0071366395377812,-3.930894868713894e-05,0.0650072155341252,0
2021-07-18,-0.0071995211202553,-3.931049394140994e-05,0.0650730075900832,0
2021-07-19,-0.0072628733472586,-3.9312039317035487e-05,0.0651389145119652,0
2021-07-20,-0.0073267048552432,0.0,0.0652049353952853,0
2021-07-21,-0.0073910244318513,0.0,0.0652710693355578,0
2021-07-22,-0.0074558410198893,-0.0020069660239902,0.0653373154282966,0
2021-07-23,-0.0075211637214225,-0.0056885671295466,0.065403672769016,0
2021-07-24,-0.0075870018019706,0.0026112774481989,0.0654701404532301,0
2021-07-25,-0.0076533646948218,0.0026044764337686,0.0655367175764531,0
2021-07-26,-0.0077202620054746,0.0025977107535149,0.065603403234199,0
2021-07-27,-0.0077877035161877,0.0,0.065670196521982,0
2021-07-28,-0.0078556991906681,-0.0044912024435046,0.0657370965353163,0
2021-07-29,-0.0079242591788917,0.0004737091514446,0.065804102369716,0
2021-07-30,-0.0079933938220526,-0.0024894802733263,0.0658712131206952,0
2021-07-31,-0.0080631136576584,0.0021736991070488,0.0659384278837681,0
2021-08-01,-0.0081334294247723,0.0021689843857736,0.0660057457544489,0
2021-08-02,-0.0082043520694003,0.0021642900725637,0.0660731658282515,0
2021-08-03,-0.0082758927500405,0.0001179175757512,0.0661406872006903,0
2021-08-04,-0.0083480628433887,0.0,0.0662083089672792,0
2021-08-05,-0.008420873950213,-0.0070997813317079,0.0662760302235326,0
2021-08-06,-0.0084943379013986,-0.0004751158184159,0.0663438500649645,0
2021-08-07,-0.0085684667641718,0.0012269211758172,0.066411767587089,0
2021-08-08,-0.0086432728485106,0.0012254176847221,0.0664797818854203,0
2021-08-09,-0.0087187687137391,0.0012239178739274,0.0665478920554725,0
2021-08-10,-0.0087949671753257,-0.0001183782185461,0.0666160971927598,0
2021-08-11,-0.0088718813118837,-0.001658768152855,0.0666843963927962,0
2021-08-12,-0.0089495244723763,-0.000949104354079,0.0667527887510961,0
2021-08-13,-0.0090279102835509,-0.0020198426637753,0.0668212733631734,0
2021-08-14,-0.0091070526575891,0.0011094382626194,0.0668898493245423,0
2021-08-15,-0.0091869657999949,0.0011082087732774,0.066958515730717,0
2021-08-16,-0.0092676642177232,0.001106982005981,0.0670272716772116,0
2021-08-17,-0.0093491627275583,0.0026044764337686,0.0670961162595402,0
2021-08-18,-0.0094314764647495,0.0,0.067165048573217,0
2021-08-19,-0.0095146208919216,0.003540662261385,0.0672340677137562,0
2021-08-20,-0.0095986118082457,-0.0047236743477762,0.0673031727766717,0
2021-08-21,-0.0096834653589161,0.0013012363579717,0.0673723628574779,0
2021-08-22,-0.0097691980449093,0.0012995453420856,0.0674416370516888,0
2021-08-23,-0.0098558267330567,0.0012978587156,0.0675109944548186,0
2021-08-24,-0.0099433686664293,-0.0008257151751956,0.0675804341623814,0
2021-08-25,-0.0100318414750587,0.0005898661174986,0.0676499552698914,0
2021-08-26,-0.0101212631869877,0.0054105048477144,0.0677195568728626,0
2021-08-27,-0.0102116522396816,-0.0039962441523541,0.0677892380668093,0
2021-08-28,-0.0103030274917957,-0.0008640327298987,0.0678589979472455,0
2021-08-29,-0.0103954082353245,-0.000864779928107,0.0679288356096854,0
2021-08-30,-0.0104888142081396,-0.0008655284197585,0.0679987501496432,0
2021-08-31,-0.0105832656069248,0.0040066044641934,0.068068740662633,0
2021-09-01,-0.010678783100537,-0.0045971672877119,0.0681388062441689,0
2021-09-02,-0.0107753878437879,0.0040089665766762,0.068208945989765,0
2021-09-03,-0.0108731014916828,0.0,0.0682791589949356,0
2021-09-04,-0.0109719462141081,0.0006666013382808,0.0683494443551947,0
2021-09-05,-0.0110719447110051,0.0006661572769318,0.0684198011660565,0
2021-09-06,-0.0111731202280357,0.0006657138068188,0.0684902285230351,0
2021-09-07,-0.0112754965727485,-0.0071896119700534,0.0685607255216447,0
2021-09-08,-0.0113790981312841,0.0031886652349648,0.0686312912573993,0
2021-09-09,-0.0114839498856174,0.0,0.0687019248258132,0
2021-09-10,-0.0115900774313638,-0.0037802762088553,0.0687726253224005,0
2021-09-11,-0.0116975069961638,0.0019313014693861,0.0688433918426753,0
2021-09-12,-0.0118062654586728,0.0019275787325924,0.0689142234821517,0
2021-09-13,-0.0119163803681658,0.0019238703199335,0.068985119336344,0
2021-09-14,-0.0120278799647825,0.0025854991486046,0.0690560785007662,0
2021-09-15,-0.0121407932004302,-0.0054136886368569,0.0691271000709324,0
2021-09-16,-0.0122551497603684,0.006000370965213,0.0691981831423569,0
2021-09-17,-0.0123709800854947,-0.0060003709652131,0.0692693268105537,0
2021-09-18,-0.012488315395348,-0.0004327897299666,0.069340530171037,0
2021-09-19,-0.0126071877118622,-0.0004329771180196,0.0694117923193209,0
2021-09-20,-0.0127276298838751,-0.0004331646684121,0.0694831123509196,0
2021-09-21,-0.0128496756124366,0.004127121004651,0.0695544893613472,0
2021-09-22,-0.0129733594769117,0.0023507298084019,0.0696259224461179,0
2021-09-23,-0.0130987169619242,-0.0031747924837954,0.0696974107007457,0
2021-09-24,-0.0132257844851445,-0.0035394090748625,0.0697689532207449,0
2021-09-25,-0.0133545994259595,0.0005513982022336,0.0698405491016295,0
2021-09-26,-0.01348520015502,0.0005510943298031,0.0699121974389137,0
2021-09-27,-0.0136176260647191,0.0005507907921132,0.0699838973281117,0
2021-09-28,-0.0137519176005942,0.0040037736009063,0.0700556478647376,0
2021-09-29,-0.0138881162936783,0.0023476944695521,0.0701274481443054,0
2021-09-30,-0.0140262647938244,0.0036280688166781,0.0701992972623295,0
2021-10-01,-0.0141664069040099,-0.003979871810632,0.0702711943143238,0
2021-10-02,-0.0143085876156409,-7.819525358806958e-05,0.0703431383958026,0
2021-10-03,-0.0144528531448565,-7.820136856369555e-05,0.0704151286022799,0
2021-10-04,-0.0145992509698573,-7.820748449622395e-05,0.07048716402927,0
2021-10-05,-0.0147478298692541,0.003396384362274,0.0705592437722869,0
2021-10-06,-0.0148986399614266,-0.0008187613768115,0.0706313669268448,0
2021-10-07,-0.0150517327449233,-0.0010536791936637,0.0707035325884578,0
2021-10-08,-0.0152071611398469,-0.0019933171869449,0.0707757398526401,0
2021-10-09,-0.0153649795302587,0.0013683904002125,0.0708479878149058,0
2021-10-10,-0.0155252438075384,0.0013665204664333,0.0709202755707691,0
2021-10-11,-0.0156880114147082,0.0013646556362865,0.0709926022157441,0
2021-10-12,-0.0158533413916498,-0.0036301931077861,0.0710649668453449,0
2021-10-13,-0.0160212944211899,0.0011724705294376,0.0711373685550856,0
2021-10-14,-0.0161919328759794,0.0001171714805956,0.0712098064404805,0
2021-10-15,-0.0163653208661019,-0.0032860022526566,0.0712822795970436,0
2021-10-16,-0.0165415242873113,0.0014878624514549,0.0713547871202891,0
2021-10-17,-0.0167206108697978,0.0014856520052135,0.0714273281057311,0
2021-10-18,-0.0169026502273593,0.0014834481171385,0.0714999016488838,0
2021-10-19,-0.0170877139068083,-0.0011709603211503,0.0715725068452612,0
2021-10-20,-0.0172758754374633,-0.0010550379033852,0.0716451427903777,0
2021-10-21,-0.0174672103804932,0.0026939987010779,0.0717178085797472,0
2021-10-22,-0.0176617963778898,-0.0026939987010779,0.0717905033088839,0
2021-10-23,-0.0178597132007847,0.0008597444743885,0.071863226073302,0
2021-10-24,-0.018061042796782,0.000859005948725,0.0719359759685156,0
2021-10-25,-0.0182658693359421,0.0008582686907689,0.0720087520900388,0
2021-10-26,-0.0184742792549852,0.0008185698872555,0.0720815535333858,0
2021-10-27,-0.0186863612992137,-0.0004676721703384,0.0721543793940707,0
2021-10-28,-0.0189022065616064,0.0005845560463409,0.0722272287676076,0
2021-10-29,-0.0191219085184161,-0.001754694256149,0.0723001007495108,0
2021-10-30,-0.0193455630605453,0.0002341372054713,0.0723729944352943,0
2021-10-31,-0.0195732685198472,0.0002340823980727,0.0724459089204722,0
2021-11-01,-0.0198051256893888,0.0002340276163266,0.0725188433005588,1
2021-11-02,-0.0200412378365707,0.0015198459697697,0.0725917966710681,1
2021-11-03,-0.0202817107078562,-0.000818091555006,0.0726647681275143,1
2021-11-04,-0.0205266525236611,0.0004675628372729,0.0727377567654115,1
2021-11-05,-0.0207761739617984,-0.0021057565104485,0.0728107616802739,1
2021-11-06,-0.0210303881276018,0.0007804269331216,0.0728837819676156,1
2021-11-07,-0.0212894105086297,0.0007798183418541,0.0729568167229508,1
2021-11-08,-0.0215533589115455,0.0007792106990279,0.0730298650417935,1
2021-11-09,-0.0218223533784276,-0.0003505696793134,0.073102926019658,1
2021-11-10,-0.0220965160794425,0.0011680879730199,0.0731759987520583,1
2021-11-11,-0.0223759711782928,0.0010501138588243,0.0732490823345086,1
2021-11-12,-0.022660844666463,-0.0021013316160859,0.0733221758625231,1
2021-11-13,-0.0229512641616959,0.0008566311558809,0.0733952784316158,1
2021-11-14,-0.023247358665461,0.0008558979669712,0.073468389137301,1
2021-11-15,-0.0235492582735741,0.0008551660320584,0.0735415070750927,1
2021-11-16,-0.0238570938331794,-0.0010496239811397,0.0736146313405052,1
2021-11-17,-0.0241709965385231,-0.0016349413895292,0.0736877610290524,1
2021-11-18,-0.0244910974567589,0.0001168702157584,0.0737608952362486,1
2021-11-19,-0.0248175269739557,-0.0008183784872488,0.073834033057608,1
2021-11-20,-0.0251504141500245,0.0004287579726963,0.0739071735886446,1
2021-11-21,-0.0254898859697847,0.0004285742180807,0.0739803159248726,1
2021-11-22,-0.0258360664755884,0.0004283906209026,0.0740534591618061,1
2021-11-23,-0.0261890757649595,-0.0001168156066979,0.0741266023949593,1
2021-11-24,-0.0265490288343518,0.0011675424560378,0.0741997447198463,1
2021-11-25,-0.0269160342476061,0.0010496239811398,0.0742728852319812,1
2021-11-26,-0.0272901926046326,-0.0017499858633918,0.0743460230268783,1
2021-11-27,-0.0276715947825707,-7.784827375373889e-05,0.0744191572000515,1
2021-11-28,-0.0280603199177787,-7.785433457944911e-05,0.0744922868470152,1
2021-11-29,-0.028456433092683,-7.786039634862601e-05,0.0745654110632833,1
2021-11-30,-0.028859982686588,-0.0001168019624058,0.0746385289443701,1
2021-12-01,-0.029270997343954,0.0,0.0747116395857896,1
2021-12-02,-0.0296894825072907,0.0001168019624058,0.0747847420830561,1
2021-12-03,-0.0301154164547258,-0.0021045255049153,0.0748578355316837,1
2021-12-04,-0.0305487457741808,0.0006630136160663,0.0749309190271865,1
2021-12-05,-0.0309893801970577,0.000662574320254,0.0750039916650786,1
2021-12-06,-0.0314371867042157,0.000662135606189,0.0750770525408741,1
2021-12-07,-0.0318919828055847,0.0005838734328306,0.0751501007500873,1
2021-12-08,-0.0323535288822888,-0.0010512177572615,0.0752231353882322,1
2021-12-09,-0.0328215194661261,0.0010512177572615,0.0752961555508231,1
2021-12-10,-0.0332955733160708,-0.0018695962445103,0.075369160333374,1
2021-12-11,-0.0337752221348282,0.0004287579726963,0.075442148831399,1
2021-12-12,-0.034259897750691,0.0004285742180807,0.0755151201404124,1
2021-12-13,-0.0347489175710744,0.0004283906209026,0.0755880733559282,1
2021-12-14,-0.0352414680945634,-0.0005842145401894,0.0756610075734606,1
2021-12-15,-0.0357365862485672,0.0016349413895291,0.0757339218885238,1
2021-12-16,-0.0362331383006171,-0.0021025588869443,0.0758068153966318,1
2021-12-17,-0.0367297960739988,-0.0017555156945746,0.0758796871932988,1
2021-12-18,-0.0372250101844836,0.0012876794287318,0.075952536374039,1
2021-12-19,-0.0377169800067705,0.0012860234425714,0.0760253620343665,1
2021-12-20,-0.0382036200794367,0.0012843717102157,0.0760981632697954,1
2021-12-21,-0.0386853763853188,-0.000933924886934,0.0761709391758398,1
2021-12-22,-0.0391718040399012,0.000933924886934,0.076243688848014,1
2021-12-23,-0.039665245452136,-0.000933924886934,0.076316411381832,1
2021-12-24,-0.0401653222617354,-0.0005841462868367,0.076389105872808,1
2021-12-25,-0.0406715659762925,0.0005062798277746,0.0764617714164561,1
2021-12-26,-0.0411834044438666,0.0005060236382086,0.0765344071082904,1
2021-12-27,-0.0417001464681867,0.0005057677077875,0.0766070120438252,1
2021-12-28,-0.0422209643323728,0.0,0.0766795853185745,1
2021-12-29,-0.0427448739744618,-0.000933924886934,0.0767521260280525,1
2021-12-30,-0.0432707125360128,0.0,0.0768246332677733,1
2021-12-31,-0.0437971129847755,0.0,0.0768971061332511,1
2022-01-01,-0.0443224754954411,0.0,0.07696954372,1
2022-01-02,-0.0448449352617722,0.0,0.0770419452299149,1
2022-01-03,-0.0453623264117767,0.0,0.0771143102904143,1
2022-01-04,-0.0458721417099137,0.000933924886934,0.0771866386352974,1
2022-01-05,-0.0463714877624926,-0.0015180711737707,0.0772589299983635,1
2022-01-06,-0.0468570355021095,0.0033833083664512,0.0773311841134116,1
2022-01-07,-0.0473249658242596,-0.0019819301153871,0.0774034007142412,1
2022-01-08,-0.0477709103967838,0.0004278074931556,0.0774755795346513,1
2022-01-09,-0.0481898878759522,0.0004276245521654,0.0775477203084413,1
2022-01-10,-0.0485762360609648,0.0004274417675679,0.0776198227694104,1
2022-01-11,-0.0489235409233403,0.0,0.0776918866513577,1
2022-01-12,-0.0492245639847931,0.000699056302498,0.0777639116880826,1
2022-01-13,-0.0494711702139297,-0.0005825129773849,0.0778358976133843,1
2022-01-14,-0.0496542594958214,0.0,0.0779078441610619,1
2022-01-15,-0.0497637058235803,0.0005436893337811,0.0779797510649147,1
2022-01-16,-0.0497883096815515,0.0005433938963085,0.078051618058742,1
2022-01-17,-0.0497157706336117,0.000543098779739,0.0781234448763429,1
2022-01-18,-0.0495326888636265,-0.0024462706590273,0.0781952312515167,1
2022-01-19,-0.0492246062617842,0.0013986016265835,0.0782669769180627,1
2022-01-20,-0.0487760994663467,0.0,0.07833868160978,1
2022-01-21,-0.0481709388285728,0.0,0.0784103450604679,1
2022-01-22,-0.0473923282340451,-0.0002329644739714,0.0784819670039256,1
2022-01-23,-0.0464232406368683,-0.0002330187590644,0.0785535471739523,1
2022-01-24,-0.045246862480999,-0.000233073069462,0.0786250853043473,1
2022-01-25,-0.0438471562597433,0.000699056302498,0.0786965811289098,1
2022-01-26,-0.0422095436719356,0.0,0.0787680343814391,1
2022-01-27,-0.0403217016953571,0.0,0.0788394447957342,1
2022-01-28,-0.0381744502894797,0.0,0.0789108121055946,1
2022-01-29,-0.0357626938412964,-0.0002329644739714,0.0789821360448194,1
2022-01-30,-0.0330863602000699,-0.0002330187590644,0.0790534163472078,1
2022-01-31,-0.0301512635335994,-0.000233073069462,0.0791246527465591,1
2022-02-01,-0.0269698035519053,0.0017467253349418,0.0791958449766725,1
2022-02-02,-0.0235614077445719,-0.0017467253349417,0.0792669927713472,1
2022-02-03,-0.0199526288836349,-0.0001165569090426,0.0793380958643825,1
2022-02-04,-0.0161768296894835,-0.0010496239811397,0.0794091539895776,1
2022-02-05,-0.0122734204862747,0.0003499970869304,0.0794801668807317,1
2022-02-06,-0.0082866610241786,0.0003498746318273,0.079551134271644,1
2022-02-07,-0.0042640883524931,0.000349752262382,0.0796220558961138,1
2022-02-08,-0.0002546803013429,0.0001165569090425,0.0796929314879403,1
2022-02-09,0.0036931001444257,0.000699056302498,0.0797637607809227,1
2022-02-10,0.0075332176989558,0.0010476690324436,0.0798345435088603,1
2022-02-11,0.0112237789711984,-0.0020964368265281,0.0799052794055523,1
2022-02-12,0.0147284194437214,0.0001165840864043,0.0799759682047979,1
2022-02-13,0.0180172777217679,0.0001165704961393,0.0800466096403963,1
2022-02-14,0.0210675219316134,0.0001165569090428,0.0801172034461468,1
2022-02-15,0.023863441979082,-0.0004663091714246,0.0801877493558486,1
2022-02-16,0.026396161305683,0.0011653654739225,0.080258247103301,1
2022-02-17,0.0286630483718144,0.0,0.0803286964223031,1
2022-02-18,0.0306669201837412,-0.0010487677940844,0.0803990970466542,1
2022-02-19,0.0324151293401116,0.0006993007277983,0.0804694487101535,1
2022-02-20,0.0339186155990404,0.0006988120480048,0.0805397511466003,1
2022-02-21,0.0351909867655277,0.000698324050725,0.0806100040897937,1
2022-02-22,0.0362476753905778,-0.0019798527401238,0.080680207273533,1
2022-02-23,0.0371052001556981,0.0009321837076801,0.0807503604316175,1
2022-02-24,0.0377805456789056,0.0010476690324436,0.0808204632978463,1
2022-02-25,0.0382906626730415,0.0,0.0808905156060187,1
2022-02-26,0.0386520820455517,-0.0006983240507249,0.080960517089934,1
2022-02-27,0.0388806313132454,-0.0006988120480047,0.0810304674833913,1
2022-02-28,0.0389912390380333,-0.0006993007277985,0.0811003665201898,1
2022-03-01,0.0389978122246781,-0.0008164693985959,0.0811702139341289,0
2022-03-02,0.0389131721547149,0.0009330534850003,0.0812400094590077,0
2022-03-03,0.0387490354551625,0.0015143575612307,0.0813097528286255,0
2022-03-04,0.0385160289286775,-0.0019807754801341,0.0813794437767814,0
2022-03-05,0.0382237285261096,0.0008160886491986,0.0814490820372748,0
2022-03-06,0.0378807146431254,0.0008154231915505,0.0815186673439049,0
2022-03-07,0.0374946375631223,0.000814758818278,0.0815881994304708,0
2022-03-08,0.0370722882972882,-0.0010476690324438,0.0816576780307718,0
2022-03-09,0.0366196712741112,0.0005821738535504,0.0817271028786071,0
2022-03-10,0.0361420763122779,0.0,0.0817964737077761,0
2022-03-11,0.035644148093421,-0.0010481570865865,0.0818657902520778,0
2022-03-12,0.0351299519606632,0.000349507780106,0.0819350522453115,0
2022-03-13,0.034603035333436,0.0003493856670956,0.0820042594212765,0
2022-03-14,0.0340664843747512,0.0003492636393848,0.082073411513772,0
2022-03-15,0.0335229757980716,-0.0005821738535505,0.0821425082565972,0
2022-03-16,0.0329748238775996,0.0016292334570932,0.0822115493835513,0
2022-03-17,0.0324240228451718,-0.0010470596035426,0.0822805346284336,0
2022-03-18,0.0318722849331599,0.0,0.0823494637250432,0
2022-03-19,0.0313210743670296,0.0003491416968839,0.0824183364071795,0
2022-03-20,0.0307716376319716,0.0003490198395037,0.0824871524086417,0
2022-03-21,0.0302250303425686,0.0003488980671549,0.0825559114632289,0
2022-03-22,0.0296821410373996,0.0023228814161397,0.0826246133047405,0
2022-03-23,0.0291437122062983,-0.0001160160103395,0.0826932576669756,0
2022-03-24,0.0286103588388748,-0.000928612951234,0.0827618442837334,0
2022-03-25,0.0280825847616309,-0.0010457213524835,0.0828303728888133,0
2022-03-26,0.0275607970084791,0.0003486953019581,0.0828988432160144,0
2022-03-27,0.027045318447084,0.0003485737559258,0.0829672549991359,0
2022-03-28,0.0265363988617026,0.0003484522945995,0.0830356079719771,0
2022-03-29,0.0260342246726443,0.0010446289615736,0.0831039018683372,0
2022-03-30,0.025538927453234,0.0,0.0831721364220155,0
2022-03-31,0.0250505913875473,0.0,0.0832403113668111,0
2022-04-01,0.0245692597960281,-0.0010446289615736,0.0833084264365234,0
2022-04-02,0.0240949408415393,-0.0003097293764356,0.0833764813649515,0
2022-04-03,0.0236276125153043,-0.0003098253384451,0.0834444758858946,0
2022-04-04,0.0231672269904371,-0.0003099213599362,0.083512409733152,0
2022-04-05,0.0227137144203181,0.0008133388004282,0.0835802826405229,0
2022-04-06,0.0222669862498102,-0.0010458428702968,0.0836480943418066,0
2022-04-07,0.0218269380990428,0.0011619801446856,0.0837158445708022,0
2022-04-08,0.0213934522722708,-0.0010457213524835,0.083783533061309,0
2022-04-09,0.0209663999378722,-0.0003100534867099,0.0838511595471263,0
2022-04-10,0.0205456430199158,-0.0003101496496907,0.0839187237620533,0
2022-04-11,0.0201310358367649,-0.0003102458723403,0.083986225439889,0
2022-04-12,0.0197224265178038,-0.0001163670217172,0.084053664314433,0
2022-04-13,0.0193196582255549,0.002092537382942,0.0841210401194842,0
2022-04-14,0.0189225702070766,-0.0019761703612248,0.0841883525888421,0
2022-04-15,0.0185309986955748,0.0,0.0842556014563057,0
2022-04-16,0.0181447776805848,0.0003490198395037,0.0843227864556744,0
2022-04-17,0.0177637395627964,0.0003488980671549,0.0843899073207474,0
2022-04-18,0.017387715707593,0.000348776379749,0.0844569637853238,0
2022-04-19,0.0170165369096414,0.0009294760748171,0.0845239555832029,0
2022-04-20,0.0166500337793341,0.0010446289615736,0.084590882448184,0
2022-04-21,0.0162880370605186,0.0,0.0846577441140663,0
2022-04-22,0.0159303778877884,-0.0020903503140572,0.0847245403146489,0
2022-04-23,0.0155768879905599,0.0003486953019581,0.0847912707837312,0
2022-04-24,0.0152273998502463,0.0003485737559258,0.0848579352551124,0
2022-04-25,0.0148817468160387,0.0003484522945995,0.0849245334625917,0
2022-04-26,0.0145397631840918,0.0028990569385327,0.0849910651399682,0
2022-04-27,0.0142012842443068,0.0,0.0850575300210414,0
2022-04-28,0.0138661462983072,0.0,0.0851239278396103,0
2022-04-29,0.013534186651799,0.0,0.0851902583294741,0
2022-04-30,0.0132052435839639,-0.0003474433991753,0.0852565212244323,0
2022-05-01,0.0128791562962774,-0.000347564158049,0.0853227162582839,0
2022-05-02,0.0125557648426924,-0.0003476850008948,0.0853888431648282,0
2022-05-03,0.0122349100429048,-0.0010437809007952,0.0854549016778644,0
2022-05-04,0.0119164333801022,0.0010437809007952,0.0855208915311917,0
2022-05-05,0.0116001768843773,0.0010426925581192,0.0855868124586095,0
2022-05-06,0.0112859830027543,-0.0020864734589145,0.0856526641939168,0
2022-05-07,0.0109736944565833,0.0013142130143252,0.085718446470913,0
2022-05-08,0.0106631540868748,0.001312488125102,0.0857841590233972,0
2022-05-09,0.0103542046879819,0.0013107677577387,0.0858498015851687,0
2022-05-10,0.0100466888298685,0.0020782827016381,0.0859153738900268,0
2022-05-11,0.0097404486690813,-0.0010386014435427,0.0859808756717706,0
2022-05-12,0.0094353257483775,0.0010386014435427,0.0860463066641994,0
2022-05-13,0.0091311607848463,-0.0010386014435427,0.0861116666011124,0
2022-05-14,0.0088277934462275,0.0030742060102579,0.0861769552163088,0
2022-05-15,0.0085250621150072,0.0030647842247764,0.0862421722435879,0
2022-05-16,0.0082228036397373,0.0030554200144088,0.0863073174167489,0
2022-05-17,0.0079208530729123,0.0,0.086372390469591,0
2022-05-18,0.0076190433945976,0.0,0.0864373911359135,0
2022-05-19,0.0073172052208725,-0.0010301609106534,0.0865023191495156,0
2022-05-20,0.0070151664960188,-0.002063510992447,0.0865671742441964,0
2022-05-21,0.0067127521672255,0.0022161944036909,0.0866319561537553,0
2022-05-22,0.0064097838404478,0.0022112937448675,0.0866966646119915,0
2022-05-23,0.0061060794158597,0.0022064147118327,0.0867612993527042,0
2022-05-24,0.0058014527011917,0.0,0.0868258601096925,0
2022-05-25,0.0054957130010324,0.0010254658222167,0.0868903466167559,0
2022-05-26,0.0051886646799465,-0.0010254658222167,0.0869547586076934,0
2022-05-27,0.0048801066970634,-0.0010265184819282,0.0870190958163044,0
2022-05-28,0.0045698321094871,0.0051977732502017,0.087083357976388,0
2022-05-29,0.0042576275416325,0.0051708960448619,0.0871475448217434,0
2022-05-30,0.0039432726172333,0.0051442953693168,0.08721165608617,0
2022-05-31,0.0036265393504545,-0.0010117475990923,0.0872756915034668,0
2022-06-01,0.0033071914921035,0.0,0.0873396508074332,0
2022-06-02,0.0029849838265282,0.0,0.0874035337318685,0
2022-06-03,0.0026596614142613,-0.0010127722690914,0.0874673400105717,0
2022-06-04,0.0023309587749328,0.0090038528810608,0.0875310693773422,0
2022-06-05,0.0019985990043188,0.0089235064042563,0.0875947215659791,0
2022-06-06,0.0016622928187029,0.0088445812081096,0.0876582963102818,0
2022-06-07,0.0013217375189079,0.0078611606929472,0.0877217933440493,0
2022-06-08,0.0009766158654307,0.0102786947694628,0.087785212401081,0
2022-06-09,0.0006265948550967,-0.0009692532124913,0.0878485532151762,0
2022-06-10,0.0002713243884409,0.0,0.0879118155201339,0
2022-06-11,-8.95641843156893e-05,0.0034061810239937,0.0879749990497535,0
2022-06-12,-0.0004510627507623,0.0033946183283188,0.0880381035378341,0
2022-06-13,-0.0007919593492061,0.0033831338690884,0.088101128718175,0
2022-06-14,-0.0011071443695993,-0.0009603586076633,0.0881640743245755,0
2022-06-15,-0.0013968176187434,-0.0092235746137377,0.0882269400908348,0
2022-06-16,-0.0016611013834875,0.0009692532124915,0.088289725750752,0
2022-06-17,-0.0019000470860976,-0.0009692532124913,0.0883524310381264,0
2022-06-18,-0.0021136416536243,0.0003231887989349,0.0884150556867573,0
2022-06-19,-0.0023018136969255,0.0003230843816807,0.0884775994304439,0
2022-06-20,-0.0024644395854798,0.0003229800318757,0.0885400620029853,0
2022-06-21,-0.0026013494954936,-0.0019394467882966,0.0886024431381809,0
2022-06-22,-0.002712333500818,0.0015087835602793,0.0886647425698299,0
2022-06-23,-0.0027971477684207,-0.0024799193258395,0.0887269600317314,0
2022-06-24,-0.0028555209124926,0.0,0.0887890952576848,0
2022-06-25,-0.0028871605533188,0.0003238167225661,0.0888511479814892,0
2022-06-26,-0.0028917601187215,0.000323711899239,0.0889131179369439,0
2022-06-27,-0.00286900591691,0.0003236071437548,0.0889750048578481,0
2022-06-28,-0.0028185844998715,0.0063430842144342,0.089036808478001,0
2022-06-29,-0.0027401903258284,0.0009640619888663,0.0890985285312019,0
2022-06-30,-0.0026335337177552,0.0005351886667747,0.0891601647512499,0
2022-07-01,-0.0024983491024046,0.0,0.0892217168719445,0
2022-07-02,-0.0023344035008345,-0.0001783643989388,0.0892831846270846,0
2022-07-03,-0.0021415052270683,-0.0001783962184733,0.0893445677504696,0
2022-07-04,-0.0019195127365129,-0.0001784280493626,0.0894058659758987,0
2022-07-05,-0.0016683435502552,-0.0004283572564965,0.0894670790371712,0
2022-07-06,-0.0013879831657501,-0.0005357047323699,0.0895282066680862,0
2022-07-07,-0.0010784938490505,0.0005357047323699,0.089589248602443,0
2022-07-08,-0.0007400231891313,-0.0019298815896497,0.0896502045740409,0
2022-07-09,-0.0003728122815338,-0.000644122405523,0.089711074316679,0
2022-07-10,2.2796602846385116e-05,-0.0006445375666252,0.0897718575641566,0
2022-07-11,0.0004463530168893,-0.0006449532632465,0.0898325540502728,0
2022-07-12,0.0008972921630257,0.004291852081541,0.089893163508827,0
2022-07-13,0.0013749297062533,0.0043801149030625,0.0899536856736184,0
2022-07-14,0.0018784577324328,0.0009589260763577,0.0900141202784462,0
2022-07-15,0.0024069420024867,0.0,0.0900744670571096,0
2022-07-16,0.0029593206404542,-0.0009589260763576,0.0901347257434079,0
2022-07-17,0.0035344043753613,-0.0009598464982647,0.0901948960711402,0
2022-07-18,0.0041308784334637,-0.0009607686887972,0.0902549777741058,0
2022-07-19,0.0047473061490078,0.0034118809086767,0.090314970586104,0
2022-07-20,0.0053821343287516,0.0,0.090374874240934,0
2022-07-21,0.0060088044696429,0.0047783472919806,0.0904346884723949,0
2022-07-22,0.0065272826872644,-0.0009538445956616,0.0904944130142861,0
2022-07-23,0.0069147548948161,-0.0003181504878631,0.0905540476004067,0
2022-07-24,0.0071741298000649,-0.0003182517398102,0.090613591964556,0
2022-07-25,0.0073086732487743,-0.0003183530562251,0.0906730458405332,0
2022-07-26,0.007321836313736,0.0050815269201374,0.0907324089621375,0
2022-07-27,0.0072170976445803,-0.0009508214756796,0.0907916810631683,0
2022-07-28,0.0069978204380686,-0.0008459342790599,0.0908508618774246,0
2022-07-29,0.0066671233417374,-0.0009525322199807,0.0909099511387057,0
2022-07-30,0.0062277637597417,0.0005998482916583,0.0909689485808109,0
2022-07-31,0.0056820313601972,0.0005994886893813,0.0910278539375394,0
2022-08-01,0.0050316490482271,0.000599129518001,0.0910866669426904,0
2022-08-02,0.004277678220933,0.0009508214756797,0.0911453873300632,0
2022-08-03,0.0034204247074872,0.0,0.0912040148334569,0
2022-08-04,0.0024593413635533,-0.0017967557547396,0.0912625491866708,0
2022-08-05,0.0013929227727906,-0.0009525322199807,0.0913209901235041,0
2022-08-06,0.0002185868397839,0.0009172694239901,0.0913793373777561,0
2022-08-07,-0.0010674628455643,0.0009164288118026,0.091437590683226,0
2022-08-08,-0.0024704012384175,0.0009155897389276,0.091495749773713,0
2022-08-09,-0.0039969817602735,-0.0009508214756796,0.0915538143830163,0
2022-08-10,-0.0056557834165384,0.003587258541942,0.0916117842449352,0
2022-08-11,-0.0073259854078699,-0.000421363115894,0.0916696590932689,0
2022-08-12,-0.0084852283945874,0.0,0.0917274386618167,0
2022-08-13,-0.0089871782756598,-0.0003161388929854,0.0917851226843777,0
2022-08-14,-0.0088094562708326,-0.0003162388683921,0.0918427108947512,0
2022-08-15,-0.0079281105998525,-0.0003163389070509,0.0919002030267363,0
2022-08-16,-0.0063224555388807,0.0009487166684286,0.0919575988141325,0
2022-08-17,-0.0039804203399551,0.0,0.0920148979907388,0
2022-08-18,-0.0009041774903443,0.0,0.0920721002903546,0
2022-08-19,0.0028844178277035,0.0003160389807712,0.0921292054467789,0
2022-08-20,0.0073392673990721,-0.0001053352294649,0.0921862131938111,0
2022-08-21,0.0123871773034459,-0.0001053463261442,0.0922431232652504,0
2022-08-22,0.0167367923555238,-0.000105357425162,0.092299935394896,0
2022-08-23,0.0167495066652236,-0.0002107481567335,0.0923566493165472,0
2022-08-24,0.0157245759556583,0.0002107481567336,0.0924132647640031,0
2022-08-25,0.0147559962783703,0.0,0.0924697814710631,0
2022-08-26,0.0138389570998768,-0.0018983342549576,0.0925261991715263,0
2022-08-27,0.0129691899761132,0.0006331785775071,0.0925825175991919,0
2022-08-28,0.0121428954052089,0.0006327779160729,0.0926387364878592,0
2022-08-29,0.0113566812892837,0.0006323777613776,0.0926948555713275,0
2022-08-30,0.0106075109153322,0.00094781745814,0.0927508745833959,0
2022-08-31,0.0098926587846901,-0.00094781745814,0.0928067932578637,0
2022-09-01,0.0092096729476221,0.0,0.09286261132853,0
2022-09-02,0.0085563427563041,-0.0009487166684286,0.0929183285291943,0
2022-09-03,0.0079306711522884,0.000316338907051,0.0929739445936555,0
2022-09-04,0.0073308507657585,0.0003162388683922,0.0930294592557131,0
2022-09-05,0.0067552432327302,0.0003161388929854,0.0930848722491662,0
2022-09-06,0.006202361239949,0.0,0.093140183307814,0
2022-09-07,0.0056708528908794,0.00094781745814,0.0931953921654558,0
2022-09-08,0.0051594880541567,0.0,0.0932504985558909,0
2022-09-09,0.0046671464112669,-0.00094781745814,0.0933055022129183,0
2022-09-10,0.0041928069656329,0.0,0.0933604028703375,0
2022-09-11,0.003735538812669,0.0,0.0934152002619475,0
2022-09-12,0.0032944930012143,0.0,0.0934698941215476,0
2022-09-13,0.0028688953423877,0.0759576384630067,0.0935244841829371,0
2022-09-14,0.002458040043209,0.0048709302345965,0.0935789701799152,0
2022-09-15,0.0020612840601495,0.0096712552651778,0.093633351846281,0
2022-09-16,0.0016780420826946,-0.0009629273733935,0.093687628915834,0
2022-09-17,0.0013077820695562,0.0,0.0937418011223732,0
2022-09-18,0.0009500212707472,0.0,0.0937958681996979,0
2022-09-19,0.0006043226776868,0.0,0.0938498298816073,0
2022-09-20,0.0002702918510699,-0.0048285946061954,0.0939036859019006,0
2022-09-21,-5.242591730945223e-05,-0.0009685230781304,0.0939574359943772,0
2022-09-22,-0.000364148147121,-0.0048567361129498,0.0940110798928361,0
2022-09-23,-0.0006651574501172,-0.0009741841978434,0.0940646173310767,0
2022-09-24,-0.0009557035784814,0.0,0.0941180480428982,0
2022-09-25,-0.0012360052671848,0.0,0.0941713717620997,0
2022-09-26,-0.0015062518937109,0.0,0.0942245882224806,0
2022-09-27,-0.0017666049760278,-0.0175011840821843,0.09427769715784,0
2022-09-28,-0.0020171995275485,0.0145729243030961,0.0943306983019773,0
2022-09-29,-0.0022581452860247,-0.0108109161042156,0.0943835913886915,0
2022-09-30,-0.0024895278317668,-0.0009886308269395,0.094436376151782,0
2022-10-01,-0.0027114096092661,0.0013179573571678,0.0944890523250479,0
2022-10-02,-0.0029238308652018,0.0013162226316157,0.0945416196422886,0
2022-10-03,-0.003126810514878,0.0013144924666328,0.0945940778373031,0
2022-10-04,-0.0033203469483435,0.0009847366625393,0.0946464266438908,0
2022-10-05,-0.0035044187868331,0.0,0.094698665795851,0
2022-10-06,-0.0036789855995972,0.0127141076956226,0.0947507950269827,0
2022-10-07,-0.0038439885907998,0.0,0.0948028140710853,0
2022-10-08,-0.0039993512657811,-0.0053267632773606,0.0948547226619579,0
2022-10-09,-0.0041449800857415,-0.0053552897057175,0.0949065205333998,0
2022-10-10,-0.0042807651196665,-0.0053841233151626,0.0949582074192103,0
2022-10-11,-0.0044065807021699,0.0033520686026183,0.0950097830531885,0
2022-10-12,-0.0045222861057918,-0.0009847366625394,0.0950612471691337,0
2022-10-13,-0.0046277262361963,0.0049140148024291,0.0951125995008452,0
2022-10-14,-0.0047227323586244,-0.0009808730555919,0.095163839782122,0
2022-10-15,-0.0048071228638792,0.0016342543267945,0.0952149677467636,0
2022-10-16,-0.0048807040820219,0.0016315878966223,0.095265983128569,0
2022-10-17,-0.0049432711518426,0.0016289301533114,0.0953168856613376,0
2022-10-18,-0.0049946089540326,0.024120802796844,0.0953676750788685,0
2022-10-19,-0.005034493115759,0.0009528347552718,0.0954183511149611,0
2022-10-20,-0.0050626910941099,-0.0368615933041582,0.0954689135034144,0
2022-10-21,-0.0050789633455131,0.0,0.0955193619780278,0
2022-10-22,-0.0050830645878152,0.0009876544012724,0.0955696962726004,0
2022-10-23,-0.0050747451611449,0.0009866799024451,0.0956199161209316,0
2022-10-24,-0.0050537524930404,0.0009857073247591,0.0956700212568205,0
2022-10-25,-0.0050198326724983,0.0358045018217674,0.0957200114140664,0
2022-10-26,-0.0049727321366402,-0.0367902091465266,0.0957698863264684,0
2022-10-27,-0.0049121994725857,-0.0013816246153197,0.0958196457278259,0
2022-10-28,-0.0048379873358021,-0.0015813405153374,0.095869289351938,0
2022-10-29,-0.0047498544847152,-0.0009896091851662,0.095918816932604,0
2022-10-30,-0.00464756792969,-0.0009905894816962,0.0959682282036231,0
2022-10-31,-0.0045309051926128,-0.0009915717222949,0.0960175228987945,0
2022-11-01,-0.0043996566712427,0.0,0.0960667007519175,1
2022-11-02,-0.0042536281002463,0.0088889474172459,0.0961157614967913,1
2022-11-03,-0.0040926430984194,0.000982801061908,0.0961647048672151,1
2022-11-04,-0.0039165457890311,-0.000982801061908,0.0962135305969881,1
2022-11-05,-0.0037252034775379,0.0,0.0962622384199097,1
2022-11-06,-0.0035185093681539,0.0,0.0963108280697789,1
2022-11-07,-0.0032963852979597,0.0,0.0963592992803951,1
2022-11-08,-0.0030587844644438,-0.0036447855942881,0.0964076517855574,1
2022-11-09,-0.0028056941196629,0.0336712544267155,0.0964558853190651,1
2022-11-10,-0.0025371382016558,-0.0290436677705193,0.0965039996147175,1
2022-11-11,-0.0022531798714062,-0.000982801061908,0.0965519944063137,1
2022-11-12,-0.0019539239216312,0.0013101868890258,0.096599869427653,1
2022-11-13,-0.0016395190220363,0.0013084725452077,0.0966476244125346,1
2022-11-14,-0.0013101597645306,0.0013067626818717,0.0966952590947577,1
2022-11-15,-0.0009660884712978,0.0029339874347875,0.0967427732081216,1
2022-11-16,-0.0006075967286928,0.0019512201312615,0.0967901664864255,1
2022-11-17,-0.000235026610677,0.0009741841978434,0.0968374386634686,1
2022-11-18,0.0001512284429291,-0.0009741841978434,0.0968845894730501,1
2022-11-19,0.0005507231257485,0.0006495615687955,0.0969316186489694,1
2022-11-20,0.0009545235107916,0.000649139912441,0.0969785259250255,1
2022-11-21,0.0013284256556645,0.0006487188031589,0.0970253110350178,1
2022-11-22,0.0016637322201096,-0.0058536752514606,0.0970719737127455,1
2022-11-23,0.0019603313474013,-0.0058881426252225,0.0971185136920078,1
2022-11-24,0.0022182323881859,0.0019665689720408,0.0971649307066038,1
2022-11-25,0.0024375505217263,-0.000982801061908,0.097211224490333,1
2022-11-26,0.0026184911537066,0.0107580499665504,0.0972573947769944,1
2022-11-27,0.0027613343048627,0.0106435450841171,0.0973034413003873,1
2022-11-28,0.0028664191691861,0.0105314520523415,0.097349363794311,1
2022-11-29,0.0029341289844619,-0.0348872590004405,0.0973951619925646,1
2022-11-30,0.0029648763224359,0.0009857073247591,0.0974408356289475,1
2022-12-01,0.0029590888718324,0.0078508744757388,0.0974863844372588,1
2022-12-02,0.0029171957552243,-0.0009779951879767,0.0975318081512976,1
2022-12-03,0.0028396143908239,0.0022805026987253,0.0975771065048635,1
2022-12-04,0.0027267378826565,0.0022753138371356,0.0976222792317554,1
2022-12-05,0.002578922897309,0.002270148534539,0.0976673260657726,1
2022-12-06,0.0023964779622689,0.0019417481829101,0.0977122467407144,1
2022-12-07,0.0021796520994789,-0.0058365924444513,0.0977570409903801,1
2022-12-08,0.0019286236876294,0.0019493183560496,0.0978017085485688,1
2022-12-09,0.0016434894274121,0.0,0.0978462491490797,1
2022-12-10,0.001324253264708,0.0,0.0978906625257121,1
2022-12-11,0.000983321837578,0.0,0.0979349484122652,1
2022-12-12,0.0006704435765752,0.0,0.0979791065425383,1
2022-12-13,0.000397726432846,0.0096899983009692,0.0980231366503305,1
2022-12-14,0.0001648606109923,-0.0058027242125675,0.0980670384694411,1
2022-12-15,-2.836280402533902e-05,0.0106127382963523,0.0981108117336694,1
2022-12-16,-0.0001820682097403,-0.0009601536983433,0.0981544561768145,1
2022-12-17,-0.0002963114242925,0.0051101995588748,0.0981979715326757,1
2022-12-18,-0.0003710953709508,0.00508421813336,0.0982413575350522,1
2022-12-19,-0.0004063856438024,0.0050584995630337,0.0982846139177433,1
2022-12-20,-0.000402126054367,-0.0307420942977291,0.0983277404145481,1
2022-12-21,-0.0003582542244672,0.0278998375287991,0.098370736759266,1
2022-12-22,-0.0002747172563663,-0.0018993358036525,0.0984136026856961,1
2022-12-23,-0.0001514874766155,0.0,0.0984563379276376,1
2022-12-24,1.142178488243732e-05,-0.0039685741426491,0.0984989422188899,1
2022-12-25,0.0002139404541516,-0.0039843864967099,0.098541415293252,1
2022-12-26,0.0004559261192943,-0.0040003253602284,0.0985837568845233,1
2022-12-27,0.0007371487261778,-0.0120978973695094,0.098625966726503,1
2022-12-28,0.0010572757389243,0.0259505191727495,0.0986680445529902,1
2022-12-29,0.0014158579704467,-0.0269247033705929,0.0987099900977844,1
2022-12-30,0.0018123163144727,-0.0009751341582062,0.0987518030946845,1
2022-12-31,0.0022459296315916,0.0111570403033257,0.09879348327749,1
2023-01-01,0.0027158240564857,0.0110339330051531,0.09883503038,1
2023-01-02,0.0032209640002665,0.0109135128273663,0.0988764441714271,1
2023-01-03,0.0037389948937054,-0.0248459985865308,0.0989177245626378,1
2023-01-04,0.0041846569147395,-0.0004839100021844,0.0989588714999116,1
2023-01-05,0.0045374834565014,0.0019342365798309,0.0989998849295284,1
2023-01-06,0.0047986611645383,-0.0009666506310949,0.099040764797768,1
2023-01-07,0.0049696402922435,0.0035398267051239,0.09908151105091,1
2023-01-08,0.0050520463732946,0.0035273405179684,0.0991221236352341,1
2023-01-09,0.0050475963389178,0.0035149421074443,0.0991626024970202,1
2023-01-10,0.0049580196717806,0.0047732787526575,0.0992029475825479,1
2023-01-11,0.004784984758877,-0.0086083745366002,0.0992431588380971,1
2023-01-12,0.0045300302297574,0.0003841721138299,0.0992832362099474,1
2023-01-13,0.0041945007423377,-0.0013452485933803,0.0993231796443785,1
2023-01-14,0.0037794863997821,-0.0002885031514937,0.0993629890876703,1
2023-01-15,0.0033027739017756,-0.0002885864095831,0.0994026644861025,1
2023-01-16,0.0028324313284514,-0.0002886697157404,0.0994422057859547,1
2023-01-17,0.0023846679606441,-0.0020230246290736,0.0994816129335068,1
2023-01-18,0.0019586684250837,0.0191027776407102,0.0995208858750384,1
2023-01-19,0.0015537136761203,-0.0056926149932865,0.0995600245568294,1
2023-01-20,0.0011691729573887,0.0,0.0995990289251594,1
2023-01-21,0.0008044966520983,0.0012678290129309,0.0996378989263082,1
2023-01-22,0.0004592098957669,0.001266223657626,0.0996766345065556,1
2023-01-23,0.000132906842237,0.0012646223626587,0.0997152356121812,1
2023-01-24,-0.0001747545120413,0.0066131558917172,0.0997537021894648,1
2023-01-25,-0.0004640570286288,-0.0151805571770159,0.0997920341846862,1
2023-01-26,-0.0007352287258364,0.0085674012852988,0.0998302315441251,1
2023-01-27,-0.0009884467404818,0.0,0.0998682942140612,1
2023-01-28,-0.0012238410104565,0.0012630251126442,0.0999062221407743,1
2023-01-29,-0.001441497729956,0.0012614318922748,0.099944015270544,1
2023-01-30,-0.0016414626240865,0.0012598426863207,0.0999816735496502,1
2023-01-31,-0.0018237440851591,0.0075259057003469,0.1000191969243727,1
2023-02-01,-0.0019883162091788,-0.0105521989122376,0.100056585340991,1
2023-02-02,-0.0021351217676015,0.0161596902411825,0.100093838745785,1
2023-02-03,-0.0022640751464244,0.0,0.1001309570850343,1
2023-02-04,-0.0023750652818327,-0.0033607201160672,0.1001679403050189,1
2023-02-05,-0.0024679586189779,-0.0033720526519492,0.1002047883520183,1
2023-02-06,-0.0025426021178759,-0.003383461874383,0.1002415011723123,1
2023-02-07,-0.0025988263278263,9.413979766900951e-05,0.1002780787121807,1
2023-02-08,-0.0026364485491098,0.0015990221156219,0.1003145209179032,1
2023-02-09,-0.0026533552952529,-0.0167752595145881,0.1003508277357595,1
2023-02-10,-0.0026416233190489,0.0,0.1003869991120294,1
2023-02-11,-0.0025990186244924,0.0070476482184802,0.1004230349929927,1
2023-02-12,-0.002525224177646,0.0069983262740627,0.1004589353249289,1
2023-02-13,-0.0024199390584521,0.0069496898796576,0.100494700054118,1
2023-02-14,-0.0022828886079715,0.0023369956885465,0.1005303291268396,1
2023-02-15,-0.0021138348677012,-0.0084388686458645,0.1005658224893735,1
2023-02-16,-0.0019125872570655,-0.004246290881451,0.1006011800879994,1
2023-02-17,-0.0016790134149077,0.0,0.100636401868997,1
2023-02-18,-0.001413050109982,0.0012600411180452,0.1006714877786462,1
2023-02-19,-0.0011147141045199,0.0012584554122709,0.1007064377632265,1
2023-02-20,-0.0007841128344797,0.0012568736925615,0.1007412517690179,1
2023-02-21,-0.000421454750799,0.0,0.1007759297422999,1
2023-02-22,-2.7059148617309207e-05,0.004511709880823,0.1008104716293524,1
2023-02-23,0.0003986347031098,-0.0003751993290426,0.100844877376455,1
2023-02-24,0.0008550593299975,0.0,0.1008791469298877,1
2023-02-25,0.0013415119232142,3.12719881190633e-05,0.1009132802359299,1
2023-02-26,0.0018571485183136,3.127101021257972e-05,0.1009472772408616,1
2023-02-27,0.0024009796816014,3.12700323669335e-05,0.1009811378909624,1
2023-02-28,0.0029718678912127,-0.0203750237291693,0.1010148621325121,1
2023-03-01,0.0035685267803347,-0.0002872600201684,0.1010484499117904,0
2023-03-02,0.0041690251055291,0.0197237571670735,0.1010819011750771,0
2023-03-03,0.0046905745421346,0.0,0.1011152158686518,0
2023-03-04,0.0051133886611465,-0.0050518628284368,0.1011483939387945,0
2023-03-05,0.0054387833364429,-0.0050775137864263,0.1011814353317847,0
2023-03-06,0.0056684150437589,-0.005103426561104,0.1012143399939022,0
2023-03-07,0.0058041793934469,0.0032362487792083,0.1012471078714267,0
2023-03-08,0.0058481149235509,0.0,0.1012797389106381,0
2023-03-09,0.0058023130710589,0.0013295348587155,0.101312233057816,0
2023-03-10,0.005668834702638,0.0,0.1013445902592401,0
2023-03-11,0.005449633119777,0.000189789334409,0.1013768104611903,0
2023-03-12,0.0051464830576747,0.0001897533212525,0.1014088936099463,0
2023-03-13,0.0047609148661336,0.0001897173217605,0.1014408396517877,0
2023-03-14,0.0042941527833025,0.0010428023886634,0.1014726485329943,0
2023-03-15,0.0037470559749618,-0.0013273918702598,0.101504320199846,0
2023-03-16,0.0031200607962335,0.0127270160014718,0.1015358545986223,0
2023-03-17,0.0024131225204124,0.0,0.1015672516756031,0
2023-03-18,0.0016256545499675,-0.0047262173453559,0.1015985113770681,0
2023-03-19,0.0007564628542679,-0.0047486605893757,0.101629633649297,0
2023-03-20,-0.0001963269601831,-0.0047713180019103,0.1016606184385696,0
2023-03-21,-0.0011653793837815,0.0119954212829824,0.1016914656911655,0
2023-03-22,-0.0018731119334957,-0.0137072619292588,0.1017221753533647,0
2023-03-23,-0.0022492362254267,-9.518823480614082e-05,0.1017527473714466,0
2023-03-24,-0.0022915348425056,0.0,0.1017831816916913,0
2023-03-25,-0.0019970793595846,-3.173142521956121e-05,0.1018134782603783,0
2023-03-26,-0.0013633529977525,-3.173243213486653e-05,0.1018436370237873,0
2023-03-27,-0.0003894024634225,-3.1733439114123754e-05,0.1018736579281983,0
2023-03-28,0.000812933468179,0.0245439938158312,0.1019035409198908,0
2023-03-29,0.001799680315887,-0.0120556574355529,0.1019332859451446,0
2023-03-30,0.0024593963520053,0.0078666822618825,0.1019628929502395,0
2023-03-31,0.0027934323771502,0.0,0.1019923618814552,0
2023-04-01,0.0028047407547177,-0.0061131747985492,0.1020216926850714,0
2023-04-02,0.0024968112777733,-0.006150775683266,0.1020508853073679,0
2023-04-03,0.001872640361278,-0.0061888419827943,0.1020799396946244,0
2023-04-04,0.0009337337325233,0.0021830961164309,0.1021088557931206,0
2023-04-05,-0.0003208751618382,0.0181336297862415,0.1021376335491364,0
2023-04-06,-0.0017663155585611,-0.0149151491586939,0.1021662729089514,0
2023-04-07,-0.0028908652418608,0.0,0.1021947738188454,0
2023-04-08,-0.0035652562188476,0.0011019978760407,0.102223136225098,0
2023-04-09,-0.0037851761307808,0.001100784813392,0.1022513600739892,0
2023-04-10,-0.0035442339366759,0.0010995744184486,0.1022794453117985,0
2023-04-11,-0.0028360362406625,0.0011297308676607,0.1023073918848057,0
2023-04-12,-0.0016563607312661,0.0005643871845796,0.1023351997392906,0
2023-04-13,-0.0001342684199048,0.0002820741873809,0.1023628688215329,0
2023-04-14,0.0012096415663347,0.0,0.1023903990778124,0
2023-04-15,0.0022418878799054,-0.0003761166005787,0.1024177904544087,0
2023-04-16,0.0029613172583192,-0.0003762581175043,0.1024450428976017,0
2023-04-17,0.0033694987890952,-0.0003763997409641,0.102472156353671,0
2023-04-18,0.0034697323670361,-0.0013185159190272,0.1024991307688965,0
2023-04-19,0.0033171164893428,0.0,0.1025259660895577,0
2023-04-20,0.0031184977803426,0.0,0.1025526622619346,0
2023-04-21,0.0029250943646871,0.0,0.1025792192323068,0
2023-04-22,0.0027367424446416,-3.14144349353799e-05,0.102605636946954,0
2023-04-23,0.0025532882081508,-3.141542183330426e-05,0.1026319153521561,0
2023-04-24,0.0023745872447806,-3.14164087928489e-05,0.1026580543941926,0
2023-04-25,0.0022005040062133,0.0131088019477801,0.1026840540193435,0
2023-04-26,0.0020309113074215,-0.0129203182981785,0.1027099141738883,0
2023-04-27,0.0018656898650103,-0.0001884836496015,0.102735634804107,0
2023-04-28,0.0017047278695664,0.0,0.1027612158562791,0
2023-04-29,0.0015479205891344,-3.141739581456896e-05,0.1027866572766844,0
2023-04-30,0.0013951700012013,-3.1418382898353415e-05,0.1028119590116028,0
2023-05-01,0.0012463844508406,-3.1419370044202256e-05,0.1028371210073138,0
2023-05-02,0.0011014783328246,-0.0002828187621963,0.1028621432100973,0
2023-05-03,0.0009603717957599,0.0035764744005044,0.102887025566233,0
2023-05-04,0.0008229904664312,0.0,0.1029117680220006,0
2023-05-05,0.0006892651927115,0.0,0.1029363705236798,0
2023-05-06,0.0005591318035273,0.0015333346768385,0.1029608330175505,0
2023-05-07,0.0004325308844966,0.0015309871606759,0.1029851554498924,0
2023-05-08,0.0003094075679553,0.0015286468215625,0.1030093377669851,0
2023-05-09,0.000189711336213,0.0075465024838223,0.1030333799151084,0
2023-05-10,7.339583694093437e-05,-0.0038127167589545,0.1030572818405421,0
2023-05-11,-3.958129030898873e-05,9.31662552498398e-05,0.1030810434895659,0
2023-05-12,-0.0001492585773669,0.0,0.1031046648084596,0
2023-05-13,-0.0002556708813802,0.0015824997484538,0.1031281457435028,0
2023-05-14,-0.0003588495301948,0.0015799993992808,0.1031514862409754,0
2023-05-15,-0.0004588224599487,0.0015775069387477,0.103174686247157,0
2023-05-16,-0.0005556143455705,-0.0045536996117937,0.1031977457083274,0
2023-05-17,-0.0006492467248378,-9.314889858164632e-05,0.1032206645707664,0
2023-05-18,-0.0007397381166098,-0.0008387307700107,0.1032434427807536,0
2023-05-19,-0.0008271041338134,0.0,0.1032660802845689,0
2023-05-20,-0.0009113575917267,-0.0001864801870205,0.1032885770284919,0
2023-05-21,-0.0009925086120748,-0.0001865149683669,0.1033109329588024,0
2023-05-22,-0.0010705647234257,-0.0001865497626899,0.1033331480217802,0
2023-05-23,-0.0011455309583528,0.0054886411568353,0.1033552221637049,0
2023-05-24,-0.001217409947796,-0.0056752257268328,0.1033771553308563,0
2023-05-25,-0.0012862020130528,-0.0001866193902962,0.1033989474695142,0
2023-05-26,-0.001351905255791,0.0,0.1034205985259583,0
2023-05-27,-0.0014145156464684,6.22103331565173e-05,0.1034421084464683,0
2023-05-28,-0.0014740271115338,6.220646327148872e-05,0.103463477177324,0
2023-05-29,-0.0015304316197484,6.2202593868252e-05,0.103484704664805,0
2023-05-30,-0.0015837192679794,0.0005596493010543,0.1035057908551913,0
2023-05-31,-0.0016338783667839,-0.0003730647310568,0.1035267356947624,0
2023-06-01,-0.0016808955260914,0.0002798115953526,0.1035475391297982,0
2023-06-02,-0.0017247557412937,0.0,0.1035682011065783,0
2023-06-03,-0.0017654424800258,0.0013978847623691,0.1035887215713825,0
2023-06-04,-0.0018029377699113,0.0013959334080113,0.1036091004704906,0
2023-06-05,-0.0018372222875403,0.0013939874939828,0.1036293377501822,0
2023-06-06,-0.0018682754489308,0.00176293249092,0.1036494333567372,0
2023-06-07,-0.0018960755017163,0.0004634135121626,0.1036693872364352,0
2023-06-08,-0.001920599619282,0.0026835716840567,0.103689199335556,0
2023-06-09,-0.0019418239970716,0.0,0.1037088696003794,0
2023-06-10,-0.0019597239512607,0.000246404042273,0.1037283979771851,0
2023-06-11,-0.001974274019986,0.0002463433422773,0.1037477844122528,0
2023-06-12,-0.0019854480673053,0.0002462826721804,0.1037670288518622,0
2023-06-13,-0.0019932193900373,-0.0003694467576889,0.1037861312422931,0
2023-06-14,-0.0019975608276277,0.0091954670931003,0.1038050915298253,0
2023-06-15,-0.0019984448751641,-0.0096574675633183,0.1038239096607385,0
2023-06-16,-0.0019958437996267,0.0,0.1038425855813123,0
2023-06-17,-0.0019897297594762,-3.080762180802364e-05,0.1038611192378266,0
2023-06-18,-0.0019800749276287,-3.0808570946944095e-05,0.1038795105765611,0
2023-06-19,-0.001966851617846,-3.080952014415395e-05,0.1038977595437956,0
2023-06-20,-0.001950032414572,-0.000277328404828,0.1039158660858097,0
2023-06-21,-0.0019295903061773,-0.0001849283407951,0.1039338301488832,0
2023-06-22,-0.001905498821591,-9.24769964130905e-05,0.1039516516792959,0
2023-06-23,-0.0018777321702363,0.0,0.1039693306233275,0
2023-06-24,-0.0018462653851636,0.0,0.1039868669272576,0
2023-06-25,-0.0018110744692644,0.0,0.1040042605373662,0
2023-06-26,-0.0017721365443787,0.0,0.1040215113999328,0
2023-06-27,-0.0017294300031068,0.0,0.1040386194612374,0
2023-06-28,-0.0016829346630844,0.0,0.1040555846675595,0
2023-06-29,-0.0016326319234447,0.0,0.1040724069651789,0
2023-06-30,-0.001578504923155,0.0,0.1040890863003753,0
2023-07-01,-0.0015205387008814,0.0001233007615384,0.1041056226194286,0
2023-07-02,-0.0014587203559893,0.0001232855603348,0.1041220158686185,0
2023-07-03,-0.0013930392102445,0.0001232703628791,0.1041382659942246,0
2023-07-04,-0.0013234869697683,0.0012010903647466,0.1041543729425267,0
2023-07-05,-0.0012500578867082,0.0009229349986008,0.1041703366598046,0
2023-07-06,-0.0011727489201152,0.0016591394717591,0.104186157092338,0
2023-07-07,-0.0010915598954159,0.0,0.1042018341864066,0
2023-07-08,-0.0010064936618856,-0.0001228048632268,0.1042173678882902,0
2023-07-09,-0.0009175562474553,-0.0001228199461134,0.1042327581442685,0
2023-07-10,-0.0008254753565357,-0.0001228350327057,0.1042480049006213,0
2023-07-11,-0.0007331414104154,0.0018409430825158,0.1042631081036283,0
2023-07-12,-0.0006412989045827,-0.0001839418748863,0.1042780676995692,0
2023-07-13,-0.0005499747901024,0.0,0.1042928836347237,0
2023-07-14,-0.0004591955460035,0.0,0.1043075558553717,0
2023-07-15,-0.000368987157271,6.131771777378851e-05,0.1043220843077929,0
2023-07-16,-0.0002793750937984,6.131395814189916e-05,0.1043364689382669,0
2023-07-17,-0.0001903842903478,6.131019897070997e-05,0.1043507096930736,0
2023-07-18,-0.0001020391275382,-0.0023938875256891,0.1043648065184926,0
2023-07-19,-1.4363413884793137e-05,0.0001843487884287,0.1043787593608037,0
2023-07-20,7.261963107867016e-05,-9.217014615502356e-05,0.1043925681662867,0
2023-07-21,0.0001588873925891,0.0,0.1044062328812213,0
2023-07-22,0.0002444178753287,3.0724325987556176e-05,0.1044197534518872,0
2023-07-23,0.0003291897169842,3.072338203233444e-05,0.1044331298245642,0
2023-07-24,0.0004131822006699,3.072243813506368e-05,0.1044463619455319,0
2023-07-25,0.0004963752662188,-0.0001843487884287,0.1044594497610702,0
2023-07-26,0.0005787495203411,0.0,0.1044723932174588,0
2023-07-27,0.0006602862456381,-9.218713995936725e-05,0.1044851922609774,0
2023-07-28,0.0007409674084933,0.0,0.1044978468379058,0
2023-07-29,0.0008207756658326,0.0,0.1045103568945237,0
2023-07-30,0.0008996943707759,0.0,0.1045227223771108,0
2023-07-31,0.0009777075771785,0.0,0.1045349432319469,0
2023-08-01,0.0010548000430975,9.218713995940488e-05,0.1045470194053117,0
2023-08-02,0.001130957233177,0.0084450657957954,0.104558950843485,0
2023-08-03,0.0012061653199926,-0.004121828597252,0.1045707374927464,0
2023-08-04,0.0012804111843678,0.0,0.1045823792993758,0
2023-08-05,0.0013536824146855,0.0011619375084182,0.1045938762096529,0
2023-08-06,0.0014259673052264,0.0011605889764032,0.1046052281698574,0
2023-08-07,0.0014972548535591,0.001159243570943,0.104616435126269,0
2023-08-08,0.0015675347570098,0.0006400585414875,0.1046274970251676,0
2023-08-09,0.0016367974082479,0.0,0.1046384138128327,0
2023-08-10,0.0017050338900165,0.0,0.1046491854355443,0
2023-08-11,0.0017722359690383,0.0,0.1046598118395819,0
2023-08-12,0.0018383960891438,0.0,0.1046702929712254,0
2023-08-13,0.0019035073636342,0.0,0.1046806287767545,0
2023-08-14,0.0019675635669491,0.0,0.1046908192024489,0
2023-08-15,0.0020305591256373,0.0,0.1047008641945883,0
2023-08-16,0.0020924891086997,0.0,0.1047107636994526,0
2023-08-17,0.0021533492173258,0.0,0.1047205176633215,0
2023-08-18,0.0022131357740613,0.0,0.1047301260324746,0
2023-08-19,0.0022718457114541,0.0,0.1047395887531917,0
2023-08-20,0.0023294765602063,0.0,0.1047489057717526,0
2023-08-21,0.0023860264368744,0.0,0.104758077034437,0
2023-08-22,0.002441494031156,-0.0036630077587371,0.1047671024875246,0
2023-08-23,0.0024958785927966,0.0036630077587372,0.1047759820772952,0
2023-08-24,0.0025491799181524,-0.0036630077587371,0.1047847157500285,0
2023-08-25,0.0026013983364534,0.0,0.1047933034520044,0
2023-08-26,0.0026525346957847,0.0,0.1048017451295023,0
2023-08-27,0.0027025903488404,0.0,0.1048100407288023,0
2023-08-28,0.0027515671384659,0.0,0.1048181901961839,0
2023-08-29,0.002799467383035,0.0036630077587372,0.1048261934779269,0
2023-08-30,0.0028462938616833,-0.0036630077587371,0.1048340505203111,0
2023-08-31,0.002892049799434,0.0,0.1048417612696161,0
2023-09-01,0.0029367388522435,0.0,0.1048493256721218,0
2023-09-02,0.0029803650919972,0.002748512953349,0.1048567436741079,0
2023-09-03,0.0030229329914821,0.0027409793314224,0.1048640152218541,0
2023-09-04,0.0030644474093583,0.0027334868956604,0.1048711402616401,0
2023-09-05,0.0031049135751627,-0.0036463121530201,0.1048781187397457,0
2023-09-06,0.0031363817624893,0.0,0.1048849506024507,0
2023-09-07,0.0031272371247916,0.0,0.1048916357960347,0
2023-09-08,0.0030700776632845,0.0,0.1048981742667775,0
2023-09-09,0.0029654860069413,0.0,0.1049045659609589,0
2023-09-10,0.0028140020370904,0.0,0.1049108108248585,0
2023-09-11,0.0026161015163521,0.0,0.1049169088047562,0
2023-09-12,0.0023721754541426,0.0,0.1049228598469316,0
2023-09-13,0.002082510009254,0.0,0.1049286638976646,0
2023-09-14,0.0017472666826666,0.0,0.1049343209032348,0
2023-09-15,0.0013664625073789,0.0,0.104939830809922,0
2023-09-16,0.0009399498947951,0.0,0.1049451935640058,0
2023-09-17,0.000467395746616,0.0,0.1049504091117662,0
2023-09-18,-5.174061538996802e-05,0.0,0.1049554773994827,0
2023-09-19,-0.0006182312151146,0.0,0.1049603983734352,0
2023-09-20,-0.0012331054754438,0.0,0.1049651719799034,0
2023-09-21,-0.0018976792477255,0.0,0.104969798165167,0
2023-09-22,-0.0026135876256667,0.0,0.1049742768755057,0
2023-09-23,-0.0033828225024484,0.0015209128407067,0.1049786080571993,0
2023-09-24,-0.0042077760204144,0.0015186031771898,0.1049827916565276,0
2023-09-25,-0.0050912913055506,0.001516300517964,0.1049868276197702,0
2023-09-26,-0.0060367221902612,0.0,0.104990715893207,0
2023-09-27,-0.0070480040293106,0.0,0.1049944564231176,0
2023-09-28,-0.0081297382342556,0.0,0.1049980491557818,0
2023-09-29,-0.0089724417586302,0.0,0.1050014940374793,0
2023-09-30,-0.0082991447500303,0.0,0.1050047910144899,0
2023-10-01,-0.0061106310460891,0.0,0.1050079400330933,0
2023-10-02,-0.0038621392614838,0.0,0.1050109410395692,0
2023-10-03,-0.0019394918699012,0.0,0.1050137939801975,0
2023-10-04,-0.0003578304143401,0.0,0.1050164988012577,0
2023-10-05,0.0008986040534232,0.0,0.1050190554490297,0
2023-10-06,0.0019250201072945,0.0,0.1050214638697933,0
2023-10-07,0.0027443532649631,0.0,0.105023724009828,0
2023-10-08,0.00335645639676,0.0,0.1050258358154138,0
2023-10-09,0.003762649856818,0.0,0.1050277992328303,0
2023-10-10,0.0039652809931553,0.0,0.1050296142083572,0
2023-10-11,0.0039672908905764,0.0,0.1050312806882743,0
2023-10-12,0.0037717975611683,0.0,0.1050327986188614,0
2023-10-13,0.0034243119701573,0.0,0.1050341679463982,0
2023-10-14,0.0030965829261198,0.0,0.1050353886171643,0
2023-10-15,0.0028304148956278,0.0,0.1050364605774397,0
2023-10-16,0.0026248812548105,0.0,0.1050373837735039,0
2023-10-17,0.0024720528151224,0.0,0.1050381581516368,0
2023-10-18,0.0023427932330934,0.0,0.105038783658118,0
2023-10-19,0.0022297126453822,0.0,0.1050392602392274,0
2023-10-20,0.0021326288233737,0.0,0.1050395878412446,0
2023-10-21,0.0020513771362156,0.0,0.1050397664104493,0
2023-10-22,0.0019858077869712,0.0,0.1050397958931215,0
2023-10-23,0.0019357831507878,0.0,0.1050396762355407,0
2023-10-24,0.0019011752021567,0.0,0.1050394073839867,0
2023-10-25,0.0018818630209142,0.0,0.1050389892847392,0
2023-10-26,0.0018777303690947,0.0,0.1050384218840781,0
2023-10-27,0.0018886633329945,0.0,0.1050377051282829,0
2023-10-28,0.0019097694681662,0.0,0.1050368389636336,0
2023-10-29,0.001921892483066,0.0,0.1050358233364097,0
2023-10-30,0.0019203399230582,0.0,0.1050346581928911,0
2023-10-31,0.0019052163034662,0.0,0.1050333434793575,0
2023-11-01,0.0018766245135375,0.0,0.1050318791420886,1
2023-11-02,0.0018346640136272,0.0045351551653913,0.1050302651273641,1
2023-11-03,0.0017794290790337,0.0,0.1050285013814639,1
2023-11-04,0.0017110070869273,-0.0015094342488542,0.1050265878506676,1
2023-11-05,0.0016294768416107,-0.0015117160853218,0.105024524481255,1
2023-11-06,0.0015386056825955,-0.001514004831215,0.1050223112195058,1
2023-11-07,0.0014532027812934,0.0,0.1050199480116997,1
2023-11-08,0.0013769031038033,0.0045351551653913,0.1050174348041166,1
2023-11-09,0.001309638680513,-0.0045351551653912,0.1050147715430361,1
2023-11-10,0.0012513481984772,0.0,0.1050119581747379,1
2023-11-11,0.0012019761324658,0.001514004831215,0.1050089946455019,1
2023-11-12,0.0011614718983337,0.0015117160853219,0.1050058809016078,1
2023-11-13,0.0011297890258829,0.0015094342488543,0.1050026168893352,1
2023-11-14,0.0011068843488327,0.0,0.1049992025549639,1
2023-11-15,0.0010927172099803,0.0,0.1049956378447738,1
2023-11-16,0.001087248680028,0.0,0.1049919227050444,1
2023-11-17,0.0010904407889883,0.0,0.1049880570820556,1
2023-11-18,0.0011022557694406,0.0,0.1049840409220871,1
2023-11-19,0.0011226553113174,0.0,0.1049798741714186,1
2023-11-20,0.0011716737026161,0.0,0.1049755567763299,1
2023-11-21,0.0013293627665036,0.0,0.1049710886831007,1
2023-11-22,0.0016151075481571,0.0,0.1049664698380107,1
2023-11-23,0.002027892072948,-0.0045351551653912,0.1049617001873397,1
2023-11-24,0.0025662609314703,0.0,0.1049567796773675,1
2023-11-25,0.0032281680757949,0.0,0.1049517082543737,1
2023-11-26,0.0040108363101876,0.0,0.1049464858646381,1
2023-11-27,0.0047571881763319,0.0,0.1049411124544405,1
2023-11-28,0.0048554509413277,0.0,0.1049355879700605,1
2023-11-29,0.0041654484445139,0.0,0.104929912357778,1
2023-11-30,0.0026993350603439,0.0,0.1049240855638726,1
2023-12-01,0.0006685916459116,0.0,0.1049181075346241,1
2023-12-02,-0.0011032383295609,-0.0007578628631019,0.1049119782163123,1
2023-12-03,-0.002416896953806,-0.0007584376548621,0.1049056975552168,1
2023-12-04,-0.0032745356787302,-0.0007590133191714,0.1048992654976174,1
2023-12-05,-0.0036733240536807,0.0,0.1048926819897939,1
2023-12-06,-0.0036075078981138,0.0,0.104885946978026,1
2023-12-07,-0.0030705113545371,0.0,0.1048790604085935,1
2023-12-08,-0.0021519199894528,0.0,0.104872022227776,1
2023-12-09,-0.0012300196133215,0.0,0.1048648323818533,1
2023-12-10,-0.000402302368322,0.0,0.1048574908171052,1
2023-12-11,0.0003288546268072,0.0,0.1048499974798113,1
2023-12-12,0.0009618251759703,0.0,0.1048423523162515,1
2023-12-13,0.0014956515864463,0.0,0.1048345552727055,1
2023-12-14,0.0019299530013204,0.0,0.1048266062954529,1
2023-12-15,0.0022648278380257,0.0,0.1048185053307736,1
2023-12-16,0.0025007532524677,-0.0007595898580184,0.1048102523249474,1
2023-12-17,0.0026384840249741,-0.0007601672733977,0.1048018472242538,1
2023-12-18,0.002678952695762,-0.000760745567309,0.1047932899749727,1
2023-12-19,0.0026415807408315,0.0,0.1047845805233838,1
2023-12-20,0.0026006284166374,0.0,0.1047757188157668,1
2023-12-21,0.0025744432016607,0.0,0.1047667047984015,1
2023-12-22,0.0025628717832268,0.0,0.1047575384175677,1
2023-12-23,0.002565764581221,0.0,0.104748219619545,1
2023-12-24,0.0025829736029776,0.0,0.1047387483506132,1
2023-12-25,0.0026112611337061,0.0,0.104729124557052,1
2023-12-26,0.0026381846409005,0.0,0.1047193481851413,1
2023-12-27,0.0026606821371715,0.0,0.1047094191811606,1
2023-12-28,0.0026787977593762,0.0,0.1046993374913898,1
2023-12-29,0.0026925762331238,0.0,0.1046891030621086,1
2023-12-30,0.0027020626720958,0.0,0.1046787158395967,1
2023-12-31,0.0027073023841427,0.0,0.1046681757701339,1
2024-01-01,0.0027083406841963,0.0,0.1046574827999999,1
2024-01-02,0.0027052227138993,0.0,0.104646636976798,1
2024-01-03,0.0026979932679151,0.0,0.1046356387534251,1
2024-01-04,0.0026866966267425,0.0,0.1046244886841017,1
2024-01-05,0.0026713763958926,0.0,0.1046131873230484,1
2024-01-06,0.0026520753512134,0.0,0.1046017352244857,1
2024-01-07,0.00262883529013,0.0,0.1045901329426341,1
2024-01-08,0.0026016968885346,0.0,0.1045783810317141,1
2024-01-09,0.0025706995630441,0.0,0.1045664800459461,1
2024-01-10,0.0025358813382973,0.0,0.1045544305395507,1
2024-01-11,0.0024972787189788,0.0,0.1045422330667484,1
2024-01-12,0.0024549265661905,0.0,0.1045298881817597,1
2024-01-13,0.0024088579778235,0.0,0.1045173964388051,1
2024-01-14,0.0023591041725145,0.0,0.1045047583921052,1
2024-01-15,0.002305694376815,0.0,0.1044919745958803,1
2024-01-16,0.0022486557151197,0.0,0.1044790456043511,1
2024-01-17,0.0021880131019526,0.0,0.104465971971738,1
2024-01-18,0.002123789136145,0.0,0.1044527542522614,1
2024-01-19,0.0020560039964604,0.0,0.1044393930001421,1
2024-01-20,0.0019846753381825,0.0,0.1044258887696003,1
2024-01-21,0.0019098181901957,0.0,0.1044122421148567,1
2024-01-22,0.0018314448520481,0.0,0.1043984535901318,1
2024-01-23,0.0017495647904922,0.0,0.1043845237496459,1
2024-01-24,0.0016641845349681,0.0,0.1043704531476198,1
2024-01-25,0.0015753075714883,0.0,0.1043562423382738,1
2024-01-26,0.0014829342343609,0.0,0.1043418918758285,1
2024-01-27,0.0013870615951589,0.0,0.1043274023145043,1
2024-01-28,0.0012876833483392,0.0,0.1043127742085218,1
2024-01-29,0.0011847896928668,0.0,0.1042980081121014,1
2024-01-30,0.0010783672091943,0.0,0.1042831045794638,1
2024-01-31,0.0009683987308974,0.0,0.1042680641648294,1
2024-02-01,0.0008548632102367,0.0,0.1042528874224186,1
2024-02-02,0.000737735576891,0.0,0.104237574906452,1
2024-02-03,0.0006169865890366,0.0,0.1042221271711501,1
2024-02-04,0.0004925826759216,0.0,0.1042065447707334,1
2024-02-05,0.000364485771021,0.0,0.1041908282594225,1
2024-02-06,0.0002326531347934,0.0,0.1041749781914377,1
2024-02-07,9.70371659977711e-05,0.0,0.1041589951209996,1
2024-02-08,-4.241479954899877e-05,0.0,0.1041428796023288,1
2024-02-09,-0.0001857607039782,0.0,0.1041266321896457,1
2024-02-10,-0.0003330639974411,0.0,0.1041102534371708,1
2024-02-11,-0.0004843938846422,0.0,0.1040937438991247,1
2024-02-12,-0.0006398255893703,0.0,0.1040771041297278,1
2024-02-13,-0.0007994406386631,0.0,0.1040603346832006,1
2024-02-14,-0.0009633271684259,0.0,0.1040434361137637,1
2024-02-15,-0.0011315802524449,0.0,0.1040264089756376,1
2024-02-16,-0.0013043022569638,0.0,0.1040092538230426,1
2024-02-17,-0.0014816032231594,0.0,0.1039919712101995,1
2024-02-18,-0.0016636012801016,0.0,0.1039745616913286,1
2024-02-19,-0.0018504230910363,0.0,0.1039570258206505,1
2024-02-20,-0.0020422043361071,0.0,0.1039393641523857,1
2024-02-21,-0.002239090234971,0.0,0.1039215772407546,1
2024-02-22,-0.0024412361131046,0.0,0.1039036656399778,1
2024-02-23,-0.0026488080160266,0.0,0.1038856299042758,1
2024-02-24,-0.0028619833761003,0.0,0.1038674705878692,1
2024-02-25,-0.0030809517371109,0.0,0.1038491882449783,1
2024-02-26,-0.0033059155423924,0.0,0.1038307834298237,1
2024-02-27,-0.0035370909929326,0.0,0.1038122566966259,1
2024-02-28,-0.0037747089826463,0.0,0.1037936085996054,1
2024-02-29,-0.0040190161188348,0.0,0.1037748396929827,1
2024-03-01,-0.0042702758368409,0.0,0.1037559505309784,0
2024-03-02,-0.0045287696189721,0.0,0.1037369416678129,0
2024-03-03,-0.0047947983290531,0.0,0.1037178136577066,0
2024-03-04,-0.0050686836753572,0.0,0.1036985670548803,0
2024-03-05,-0.0053507698163523,0.0,0.1036792024135543,0
2024-03-06,-0.0056414251255137,0.0,0.1036597202879491,0
2024-03-07,-0.0059066279232957,0.0,0.1036401212322853,0
2024-03-08,-0.0060074435907026,0.0,0.1036204058007833,0
2024-03-09,-0.0059051178048656,0.0,0.1036005745476637,0
2024-03-10,-0.0055948504293899,0.0,0.1035806280271469,0
2024-03-11,-0.0050722034564923,0.0,0.1035605667934535,0
2024-03-12,-0.0043335623526145,-0.0001826650840771,0.103540391400804,0
2024-03-13,-0.0033766232777083,0.0001826650840771,0.1035201024034188,0
2024-03-14,-0.0022008935634682,0.0,0.1034997003555185,0
2024-03-15,-0.0008081863545391,0.0,0.1034791858113236,0
2024-03-16,0.0007969159346373,0.0,0.1034585593250546,0
2024-03-17,0.0026066599073162,0.0,0.103437821450932,0
2024-03-18,0.0046098149756733,0.0,0.1034169727431763,0
2024-03-19,0.0067914965958507,0.0,0.1033960137560079,0
2024-03-20,0.0091331492088104,0.0,0.1033749450436475,0
2024-03-21,0.0116127111709418,0.0,0.1033537671603155,0
2024-03-22,0.0142049718549991,0.0,0.1033324806602324,0
2024-04-04,0.0,0.0,0.1030461242051329,0
2024-04-05,0.0,0.0,0.1030233752636876,0
2024-04-06,0.0,0.0,0.1030005260187988,0
2024-04-07,0.0148812269966513,0.0,0.1029775770246869,0
2024-04-08,0.0153905566284514,0.0,0.1029545288355725,0
2024-04-09,0.0,-0.0127938217992522,0.1029313820056762,0
2024-04-10,0.0,0.0162308308852183,0.1029081370892183,0
2024-04-11,0.0,-0.0166194067595461,0.1028847946404195,0
2024-04-12,0.0,-0.0005831470667733,0.1028613552135001,0
2024-04-13,0.0,0.0052148756082751,0.1028378193626808,0
2024-04-14,0.0,0.0051878217024263,0.1028141876421819,0
2024-04-15,0.0,0.0051610470507893,0.1027904606062241,0
2024-04-16,0.0,-7.292813005981672e-07,0.1027666388090279,0
2024-04-17,0.0,-0.000260569784989,0.1027427228048136,0
2024-04-18,-0.0174606446070813,0.0006857417000625,0.1027187131478019,0
2024-04-19,0.0,0.0001071530785713,0.1026946103922133,0
2024-04-20,-0.0071301549845911,0.0002691684203106,0.1026704150922682,0
2024-04-21,0.0053523767385918,0.0002690959881684,0.1026461278021871,0
2024-04-22,0.0,0.0002690235949976,0.1026217490761906,0
2024-04-23,-0.0267484016201534,-0.0020326705942372,0.1025972794684991,0
2024-04-24,-0.0181348138750737,0.001319041013641,0.1025727195333332,0
2024-04-25,-0.0054428250376013,-0.0001081452852329,0.1025480698249134,0
2024-04-26,0.0,-0.0005968771445624,0.1025233308974601,0
2024-04-27,0.026922632148668,0.0001122511597476,0.102498503305194,0
2024-04-28,-0.0027359798188747,0.0001122385608389,0.1024735876023354,0
2024-04-29,-0.0104040106148055,0.0001122259647583,0.1024485843431049,0
2024-04-30,-0.003698001132576,0.0006186268649272,0.102423494081723,0
2024-05-01,0.0,-0.0005110913304807,0.1023983173724101,0
2024-05-02,0.0,0.0004521606097194,0.1023730547693869,0
2024-05-03,-0.0171263722070556,-0.0007151874578376,0.1023477068268738,0
2024-05-04,0.0,0.0001300030892375,0.1023222740990913,0
2024-05-05,0.0095335566174677,0.0001299861906312,0.1022967571402599,0
2024-05-06,0.0066661745966409,0.0001299692964174,0.1022711565046001,0
2024-05-07,0.0,0.0001599857437527,0.1022454727463324,0
2024-05-08,0.0338757993869452,6.77766736998747e-05,0.1022197064196774,0
2024-05-09,0.0,0.0639627514568671,0.1021938580788555,0
2024-05-10,0.0,-0.0002833935663329,0.1021679282780872,0
2024-05-11,0.0,-0.0001192156613863,0.1021419175715931,0
2024-05-12,0.0158557074418679,-0.0001192298754548,0.1021158265135936,0
2024-05-13,0.0,-0.0001192440929131,0.1020896556583093,0
2024-05-14,0.0,0.0003248668501953,0.1020634055599606,0
2024-05-15,0.0,0.0008415126551105,0.1020370767727681,0
2024-05-16,0.0,4.705731842725779e-05,0.1020106698509522,0
2024-05-17,0.0,-2.2631646258891864e-05,0.1019841853487335,0
2024-05-18,0.0,0.0003718626797964,0.1019576238203325,0
2024-05-19,0.0099474196492542,0.0003717244493449,0.1019309858199696,0
2024-05-20,0.0091285137260954,0.0003715863216226,0.1019042719018655,0
2024-05-21,0.0,-0.0003754266255699,0.1018774826202405,0
2024-05-22,0.0,0.0002906266608722,0.1018506185293152,0
2024-05-23,-0.0091285137260953,0.0007414576010447,0.1018236801833101,0
2024-05-24,0.0,-0.0007586914710597,0.1017966681364457,0
2024-05-25,0.0,0.0004034107884808,0.1017695829429425,0
2024-05-28,-0.0109770586311509,0.0019246596584145,0.1016878940248052,0
2024-05-29,0.0,-0.0008766535185528,0.1016605217869519,0
2024-05-30,0.0,-0.0005872762019185,0.1016330791735623,0
2024-05-31,0.0,-0.0004349104977183,0.1016055667388569,0
2024-06-01,0.0,5.1608478213690426e-05,0.1015779850370563,0
2024-06-02,0.0,5.160581491611109e-05,0.1015503346223808,0
2024-06-03,0.0,5.160315189340168e-05,0.1015226160490512,0
2024-06-04,0.0,0.0005526143876925,0.1014948298712878,0
2024-06-05,0.0,0.000539713658407,0.1014669766433111,0
2024-06-06,0.0,-0.0019371711952136,0.1014390569193417,0
2024-06-07,0.0,0.0013746367242925,0.1014110712536001,0
2024-06-08,0.0,-4.916302226413591e-05,0.1013830202003067,0
2024-06-09,-0.0110988930680488,-4.9165439385678e-05,0.1013549043136821,0
2024-06-10,0.0,-4.91678567450474e-05,0.1013267241479468,0
2024-06-11,0.0093313274288842,0.0022033654887017,0.1012984802573212,0
2024-06-12,0.0,-0.0015146963751532,0.1012701731960259,0
2024-06-13,0.0,0.0023726098294846,0.1012418035182815,0
2024-06-14,0.0,-0.002435591131123,0.1012133717783083,0
2024-06-15,0.0,-2.6924298251617968e-05,0.1011848785303269,0
2024-06-16,0.0,-2.692502318903988e-05,0.1011563243285578,0
2024-06-17,0.0,-2.69257481654322e-05,0.1011277097272215,0
2024-06-18,0.0,0.0003163388532062,0.1010990352805386,0
2024-06-19,0.0,0.0001432004242131,0.1010703015427294,0
2024-06-20,0.0,-0.0004765633068374,0.1010415090680146,0
2024-06-21,0.0,-4.02629828277144e-05,0.1010126584106146,0
2024-06-22,0.0,9.232722727970788e-05,0.10098375012475,0
2024-06-23,0.0,9.231870374985375e-05,0.1009547847646411,0
2024-06-24,0.0,9.231018179341188e-05,0.1009257628845086,0
2024-06-25,0.0118708802217187,0.0004283053213621,0.100896685038573,0
2024-06-26,0.0,-0.0002309762072872,0.1008675517810546,0
2024-06-27,0.0,5.104905815590656e-05,0.1008383636661742,0
2024-06-28,0.0,-0.0002133172875543,0.1008091212481521,0
2024-06-29,0.0,-1.256617898051959e-05,0.1007798250812088,0
2024-06-30,0.0,-1.256633689119005e-05,0.100750475719565,0
2024-07-01,-0.0090736756006574,-1.256649480619046e-05,0.100721073717441,0
2024-07-02,0.0,-9.21685773292476e-05,0.1006916196290573,0
2024-07-03,0.0,-0.000111073145866,0.1006621140086346,0
2024-07-05,0.0,-0.0016808557192985,0.1006029503885537,0
2024-07-07,0.0,0.0005858101777576,0.1005435872909625,0
2024-07-08,0.0135798246602614,0.0005854672051002,0.1005138323236517,0
2024-07-09,0.0,0.0003912928877151,0.1004840291496248,0
2024-07-10,0.0,-0.0008707503083764,0.1004541783231024,0
2024-07-11,0.0,0.0001135451249037,0.1004242803983048,0
2024-07-12,0.0,7.915051922208372e-05,0.1003943359294527,0
2024-07-13,0.0,-4.340434767558036e-05,0.1003643454707665,0
2024-07-15,0.0099575106606775,-4.340811587757709e-05,0.1003042288007738,0
2024-07-16,0.0,0.0002297862572398,0.1002741036979084,0
2024-07-17,0.0,-0.0005523420391373,0.100243934822091,0
2024-07-18,0.0,0.0006119076357683,0.1002137227275419,0
2024-07-23,0.0,-0.0007885082486936,0.1000620333715412,0
2024-07-24,0.0,0.0007289492405885,0.1000315736032335,0
2024-07-25,0.0,-0.0001957188632428,0.1000010744957377,0
2024-07-26,0.0,-0.0004604307368673,0.0999705366032744,0
2024-07-27,0.0,0.0002327813699262,0.0999399604800641,0
2024-07-28,0.0,0.0002327271953705,0.0999093466803274,0
2024-07-29,0.0,0.000232673046025,0.0998786957582846,0
2024-07-30,0.0,8.286765657124208e-05,0.0998480082681562,0
2024-07-31,0.0,-0.0006922493963944,0.0998172847641629,0
2024-08-01,0.0,-0.0005223552224471,0.0997865258005252,0
2024-08-03,0.0,-2.370041909686764e-05,0.0997249037111981,0
2024-08-04,0.0,-2.370098082008153e-05,0.0996940416939499,0
2024-08-05,0.0,-2.3701542569830693e-05,0.0996631464339392,0
2024-08-06,0.0,0.0008666001944514,0.0996322184853865,0
2024-08-07,0.0,-0.0003908602408699,0.0996012584025124,0
2024-08-08,0.0,-9.107426651159133e-06,0.0995702667395373,0
2024-08-09,0.0,0.000609248685901,0.0995392440506818,0
2024-08-10,0.0,-9.292330616928958e-05,0.0995081908901663,0
2024-08-11,0.0,-9.293194171243304e-05,0.0994771078122114,0
2024-08-12,0.0,-9.29405788609607e-05,0.0994459953710375,0
2024-08-13,0.0,-0.0004751614206247,0.0994148541208652,0
2024-08-14,0.0,0.0004170443531788,0.0993836846159149,0
2024-08-15,0.0,0.0032792206836861,0.0993524874104073,0
2024-08-16,0.0,-0.0032784548438526,0.0993212630585627,0
2024-08-17,0.0,0.0050532111889561,0.0992900121146017,0
2024-08-18,0.0,0.0050278045768215,0.0992587351327447,0
2024-08-19,0.0239778813899585,0.0050026521666417,0.0992274326672124,0
2024-08-20,0.0,-0.0024684239188616,0.0991961052722252,0
2024-08-21,0.0121230496088338,0.0027725582498548,0.0991647535020035,0
2024-08-22,0.0,0.0020891445365127,0.099133377910768,0
2024-08-23,0.0121146856110254,-0.0003344484293762,0.0991019790527391,0
2024-08-24,0.0,-0.0001171405466918,0.0990705574821373,0
2024-08-25,0.0,-0.0001171542702071,0.0990391137531831,0
2024-08-26,0.0152094186635287,-0.0001171679969382,0.099007648420097,0
2024-08-27,0.0,-0.000243611690532,0.0989761620370996,0
2024-08-28,0.0,-0.001659828719725,0.0989446551584113,0
2024-08-29,0.0,0.0046108875391721,0.0989131283382526,0
2024-08-30,0.0,-0.0027790766983012,0.0988815821308441,0
2024-08-31,0.0,-2.3542925812156114e-05,0.0988500170904062,0
2024-09-01,0.0,-2.3543480094613693e-05,0.0988184337711595,0
2024-09-02,-0.0127493928226664,-2.354403440305141e-05,0.0987868327273244,0
2024-09-03,0.0,-0.0001300600931352,0.0987552145131215,0
2024-09-04,0.0,-0.0023184749551279,0.0987235796827712,0
2024-09-05,0.0,0.0013348606033518,0.0986919287904942,0
2024-09-06,0.0,0.0013296506517168,0.0986602623905107,0
2024-09-09,0.0,0.0022600025661411,0.0985651756865276,0
2024-09-10,0.0,1.8152798800395643e-05,0.0985334527979239,0
2024-09-11,0.0,-0.0006014763966295,0.0985017171727164,0
2024-09-12,0.0,0.0008041463290139,0.0984699693651256,0
2024-09-13,0.0,-0.0003986037294744,0.0984382099293721,0
2024-09-14,0.0181257498590468,-0.0043473433171425,0.0984064394196762,0
2024-09-15,0.0,0.0023543691537401,0.0983746583902585,0
2024-09-16,0.0,0.0023488391168279,0.0983428673953396,0
2024-09-17,0.0,0.0011953274990208,0.0983110669891399,0
2024-09-18,0.0,-0.0014546429912286,0.0982792577258799,0
2024-09-19,0.0,0.0012290611771792,0.0982474401597802,0
2024-09-20,0.0,-0.0011712530932253,0.0982156148450611,0
2024-09-21,0.0,-0.0003483770805014,0.0981837823359433,0
2024-09-22,0.0250195061240594,-0.000348498489389,0.0981519431866473,0
2024-09-23,0.0,-0.0003486199829275,0.0981200979513935,0
2024-09-24,0.0,0.0010546140337159,0.0980882471844025,0
2024-09-25,0.0201896336276664,-0.000219786904639,0.0980563914398947,0
2024-09-26,0.0230506659678564,2.259189914020588e-06,0.0980245312720907,0
2024-09-27,0.0,-0.0003082173849881,0.097992667235211,0
2024-09-28,0.0,-6.464592581905016e-05,0.097960799883476,0
2024-09-29,-0.0094346256148408,-6.465010518507629e-05,0.0979289297711063,0
2024-09-30,0.0,-6.465428509127832e-05,0.0978970574523224,0
2024-10-01,0.0,-0.000368416649901,0.0978651834813448,0
2024-10-02,0.0,0.0004039114490794,0.0978333084123939,0
2024-10-03,0.0,0.0007582329110567,0.0978014327996904,0
2024-10-04,0.0,-0.0007306081137308,0.0977695571974547,0
2024-10-05,0.0,-6.568687926484416e-05,0.0977376821599072,0
2024-10-06,0.0,-6.569119431438626e-05,0.0977058082412686,0
2024-10-07,0.0,-6.569550993086411e-05,0.0976739359957592,0
2024-10-08,0.0,0.0007757631861717,0.0976420659775997,0
2024-10-09,0.0,-0.0001405619081719,0.0976101987410106,0
2024-10-10,0.0,0.0002602749533853,0.0975783348402122,0
2024-10-11,0.0,0.0002545203620199,0.0975464748294252,0
2024-10-12,0.0,-0.0001219408773927,0.09751461926287,0
2024-10-13,0.0,-0.0001219557487838,0.0974827686947671,0
2024-10-14,0.0,-0.0001219706238024,0.0974509236793371,0
2024-10-15,0.0,-5.312628751446194e-05,0.0974190847708005,0
2024-10-16,0.0,-0.0003535499357907,0.0973872525233777,0
2024-10-17,0.0,-5.097170782563531e-05,0.0973554274912892,0
2024-10-18,0.0,0.0003280482996851,0.0973236102287557,0
2024-10-19,0.0,-0.0043116996523776,0.0972918012899975,0
2024-10-20,0.0196489645459585,0.0020777978653715,0.0972600012292351,0
2024-10-21,0.0,0.002073489571619,0.0972282106006891,0
2024-10-22,0.0137848336651915,0.0001336367958898,0.09719642995858,0
2024-10-23,0.0,-0.000309559166873,0.0971646598571283,0
2024-10-24,0.0,0.0003252061397051,0.0971329008505545,0
2024-10-25,0.0,0.0020072238520487,0.0971011534930791,0
2024-10-26,0.0,-0.0063077950577611,0.0970694183389226,0
2024-10-27,0.0,0.001805092528841,0.0970376959423055,0
2024-10-28,0.0,0.0018018400399652,0.0970059868574483,0
2024-10-29,0.0,0.0007281949875447,0.0969742916385715,0
2024-10-30,0.0,0.0007142875369458,0.0969426108398956,0
2024-10-31,0.0114245287315653,-0.0014676021567405,0.0969109450156411,0
2024-11-01,0.0,0.000775068610607,0.0968792947200286,1
2024-11-02,0.0,0.0001655658299669,0.0968476605072785,1
2024-11-03,0.0,0.0001655384224605,0.0968160429316113,1
2024-11-04,-0.0098367421384472,0.0001655110240268,0.0967844425472476,1
2024-11-05,0.0,-0.0004179701808139,0.0967528599084078,1
2024-11-06,0.0,-0.0002392174263103,0.0967212955693125,1
2024-11-07,0.0,-0.0002640506888881,0.0966897500841821,1
2024-11-08,-0.0255869591894274,0.0007395845083952,0.0966582240072371,1
2024-11-09,0.0,-0.0046718430360003,0.0966267178926982,1
2024-11-10,0.0,0.0021861380696511,0.0965952322947857,1
2024-11-11,0.0,0.0021813692932999,0.0965637677677201,1
2024-11-12,0.0,0.0004326341741569,0.0965323248657221,1
2024-11-13,-0.0189591118645243,8.454757581165757e-05,0.096500904143012,1
2024-11-14,0.0,-0.0008173417441087,0.0964695061538104,1
2024-11-15,-0.0129713499197343,0.0007975226274158,0.0964381314523378,1
2024-11-16,0.0,-0.001618995093011,0.0964067805928147,1
2024-11-17,0.0,-0.0016216204892001,0.0963754541294616,1
2024-11-18,0.0,-0.0016242544140156,0.096344152616499,1
2024-11-19,0.0224958361694178,0.0,0.0963128766081474,1
2024-11-20,0.0,0.0,0.0962816266586273,1
2024-11-21,0.0149284588859141,0.0,0.0962504033221592,1
2024-11-22,0.0,0.0,0.0962192071529637,1
2024-11-23,0.0208251010638821,0.0,0.0961880387052611,1
2024-11-24,0.0,0.0,0.0961568985332721,1
2024-11-25,0.0,0.0,0.0961257871912172,1
2024-11-26,-0.0138763201565223,0.0,0.0960947052333167,1
2024-11-27,-0.0124426141784332,0.0,0.0960636532137914,1
2024-11-28,0.0,0.0,0.0960326316868615,1
2024-11-29,0.0,0.0,0.0960016412067477,1
2024-11-30,0.0,0.0011437993935139,0.0959706823276705,1
2024-12-01,0.0,0.001142492611016,0.0959397556038503,1
2024-12-02,-0.0110790507529698,-0.0022862920045299,0.0959088615895077,1
2024-12-03,0.0,0.0,0.0958780008388632,1
2024-12-04,0.0,0.0,0.0958471739061372,1
2024-12-05,0.0,0.0,0.0958163813455503,1
2024-12-06,0.0,0.0,0.095785623711323,1
2024-12-07,0.0,0.0,0.0957549015576758,1
2024-12-08,0.0,0.005321947734111,0.0957242154388292,1
2024-12-09,0.0,-0.0053219477341111,0.0956935659090037,1
2024-12-10,0.008697351100015,0.0,0.0956629535224198,1
2024-12-11,0.0,0.0,0.0956323788332979,1
2024-12-12,0.0140821069690134,0.0,0.0956018423958588,1
2024-12-15,-0.0132039785804023,0.0024821270563771,0.0955104681358419,1
2024-12-16,0.0,-0.0024821270563771,0.0954800902473382,1
2024-12-17,0.0,0.0,0.0954497533816196,1
2024-12-18,0.0,0.0,0.0954194580929066,1
2024-12-19,0.0155524130074847,0.0,0.0953892049354198,1
2024-12-20,0.0,0.0,0.0953589944633797,1
2024-12-21,0.0,0.0,0.0953288272310067,1
2024-12-22,0.0,0.000171917994364,0.0952987037925214,1
2024-12-23,-0.0093023926623135,-0.0001719179943639,0.0952686247021442,1
2024-12-24,0.0,0.0,0.0952385905140956,1
2024-12-25,0.0,0.0,0.0952086017825963,1
2024-12-26,0.0,0.0,0.0951786590618666,1
2024-12-27,0.0,0.0,0.0951487629061271,1
2024-12-28,0.0,0.0,0.0951189138695983,1
2024-12-29,0.0,0.0055830412426735,0.0950891125065007,1
2024-12-30,-0.007881444437954,-0.0055830412426735,0.0950593593710547,1
2024-12-31,0.0,0.0,0.095029655017481,1
2025-01-01,0.0,0.0,0.095,1
2025-01-02,0.0,0.0166670524852116,0.0949703948728321,1
2025-01-03,0.0,0.0,0.094940840190198,1
2025-01-04,0.0,0.0,0.0949113365063181,1
2025-01-05,0.0,0.0024372753637848,0.0948818843754129,1
2025-01-06,0.0,-0.0024372753637848,0.0948524843517029,1
2025-01-07,0.0,0.0041237171838621,0.0948231369894087,1
2025-01-08,0.0,-0.004123717183862,0.0947938428427507,1
2025-01-09,0.0,0.008148528563905,0.0947646024659494,1
2025-01-10,0.0,0.0,0.0947354164132254,1
2025-01-11,0.0,0.0,0.0947062852387991,1
2025-01-12,0.0,0.0043938087639724,0.0946772094968911,1
2025-01-13,0.0,-0.0125423373278775,0.0946481897417218,1
2025-01-14,0.0,0.0061792163659581,0.0946192265275118,1
2025-01-15,0.0086288286281997,-0.0020554991820959,0.0945903204084815,1
2025-01-16,0.0,-0.004123717183862,0.0945614719388516,1
2025-01-17,0.0,0.0,0.0945326816728423,1
2025-01-18,0.0,0.0020566852251417,0.0945039501646744,1
2025-01-19,0.0,0.0020524639513728,0.0944752779685683,1
2025-01-20,0.0,0.0020700671894435,0.0944466656387444,1
2025-01-21,0.0,-0.0020554991820959,0.0944181137294233,1
2025-01-22,0.0,0.0032867737066227,0.0943896227948256,1
2025-01-23,0.0147088740464461,0.0,0.0943611933891716,1
2025-01-24,0.0,0.0,0.0943328260666819,1
2025-01-25,0.0,-0.0007109992135832,0.094304521381577,1
2025-01-26,0.0,-0.0007115050931661,0.0942762798880775,1
2025-01-27,0.0,0.0014225043067493,0.0942481021404037,1
2025-01-28,0.0,-0.0074104908904847,0.0942199886927764,1
2025-01-29,0.0,0.0,0.0941919400994158,1
2025-01-30,0.0100110712789771,0.0074104908904847,0.0941639569145425,1
2025-01-31,0.0,0.0,0.0941360396923771,1
2025-02-01,0.0,0.0080351459340225,0.09410818898714,1
2025-02-02,0.0150705124875506,0.0079710966671911,0.0940804053530518,1
2025-02-03,0.0,-0.0160062426012137,0.0940526893443329,1
2025-02-04,0.0,0.0,0.0940250415152039,1
2025-02-05,0.0,-0.0074104908904847,0.0939974624198853,1
2025-02-06,0.0208414885351486,0.0074104908904847,0.0939699526125975,1
2025-02-07,0.0,0.0,0.093942512647561,1
2025-02-08,0.0,0.0024585012485118,0.0939151430789965,1
2025-02-09,0.0,0.0024524718404008,0.0938878444611243,1
2025-02-10,0.0,-0.0123214639793975,0.093860617348165,1
2025-02-11,0.0138495085363646,0.0,0.0938334622943391,1
2025-02-12,0.0,0.0,0.0938063798538671,1
2025-02-13,0.0,0.0,0.0937793705809694,1
2025-02-14,0.0,0.0,0.0937524350298667,1
2025-02-15,0.0,0.0006222856789413,0.0937255737547794,1
2025-02-16,0.0,0.0006218986802863,0.093698787309928,1
2025-02-17,0.010005258554595,-0.0012441843592276,0.093672076249533,1
2025-02-18,0.0,0.0,0.0936454411278149,1
2025-02-19,0.0,0.0,0.0936188824989942,1
2025-02-20,0.0,0.0,0.0935924009172915,1
2025-02-21,0.0220684562845197,0.0,0.0935659969369272,1
2025-02-22,0.0,0.0022380309295144,0.0935396711121218,1
2025-02-23,-0.0077532834037557,0.0022330333297743,0.0935134239970959,1
2025-02-24,0.0,-0.0044710642592888,0.0934872561460699,1
2025-02-25,0.0,0.0,0.0934611681132644,1
2025-02-26,0.0,0.0,0.0934351604528998,1
2025-02-27,0.0,0.0,0.0934092337191967,1
2025-02-28,-0.0163770292813226,0.0,0.0933833884663755,1
2025-03-01,0.0,0.0029736734209195,0.0933576252486568,0
2025-03-02,-0.0181665395174122,0.0029648568982866,0.0933319446202611,0
2025-03-03,0.0,-0.0059385303192062,0.0933063471354089,0
2025-03-04,0.0,0.0,0.0932808333483206,0
2025-03-05,0.024567292882544,0.0,0.0932554038132168,0
2025-03-06,0.0,0.0,0.093230059084318,0
2025-03-08,0.0,0.0026594357703643,0.0931796262620174,0
2025-03-09,-0.0072037359147301,0.0026523819268449,0.0931545392770567,0
2025-03-10,0.0,-0.0053118176972092,0.0931295393151829,0
2025-03-11,0.0,0.0,0.0931046269306166,0
2025-03-12,0.0,0.0,0.0930798026775783,0
2025-03-13,0.0,0.0,0.0930550671102886,0
2025-03-14,0.0,0.0,0.0930304207829679,0
2025-03-15,0.0,0.0008990585356456,0.0930058642498367,0
2025-03-16,0.0,0.0008982509554028,0.0929813980651156,0
2025-03-17,0.0178566018431995,-0.0017973094910485,0.092957022783025,0
2025-03-18,0.0,0.0,0.0929327389577854,0
2025-03-19,0.0098710840769915,0.0,0.0929085471436174,0
2025-03-20,0.0,0.0,0.0928844478947415,0
2025-03-21,0.0,0.0,0.0928604417653781,0
2025-03-22,0.0,0.0008439413019982,0.0928365293097477,0
2025-03-23,0.0,0.0008432296656142,0.092812711082071,0
2025-03-24,0.0,-0.0016871709676126,0.0927889876365683,0
2025-03-25,0.0,0.0,0.0927653595274601,0
2025-03-26,0.0076722453398479,0.0,0.0927418273089671,0
2025-03-28,0.0,0.0,0.0926950527607083,0
2025-03-29,0.0116728558075179,-0.0031123175785166,0.0926718115393835,0
2025-03-30,0.0,-0.0031220343487691,0.0926486684255558,0
2025-03-31,0.0,0.0062343519272858,0.0926256239734458,0
2025-04-01,0.0,0.0,0.0926026787372738,0
2025-04-02,0.0,0.0,0.0925798332712604,0
2025-04-03,0.0,0.0,0.0925570881296262,0
2025-04-04,0.0,0.0,0.0925344438665916,0
2025-04-05,0.0,0.0051649033564323,0.0925119010363771,0
2025-04-06,0.0,0.0051383641435269,0.0924894601932032,0
2025-04-07,0.0,-0.0103032674999591,0.0924671218912905,0
2025-04-08,0.0,0.0,0.0924448866848594,0
2025-04-09,-0.0082449760756564,0.0,0.0924227551281305,0
2025-04-10,0.0,0.0,0.0924007277753242,0
2025-04-12,0.0157707791695691,0.0018960113513123,0.0923569878983615,0
2025-04-13,0.0269084145143248,0.0018924232941921,0.0923352764826462,0
2025-04-14,-0.0066861485485681,-0.0037884346455044,0.0923136714877356,0
2025-04-15,0.0,0.0,0.0922921734678501,0
2025-04-16,0.0,0.0,0.0922707829772103,0
2025-04-17,0.0191948521417397,0.0,0.0922495005700366,0
2025-04-18,0.0,0.0,0.0922283268005497,0
2025-04-19,0.0162672602336975,0.0,0.0922072622229699,0
2025-04-20,0.0,0.0,0.0921863073915178,0
2025-04-21,0.0,0.0,0.092165462860414,0
2025-04-25,0.028570477371614,0.0,0.0920831988238905,0
2025-04-26,0.0,0.0,0.0920629141078352,0
2025-04-27,0.0,0.0,0.0920427430174511,0
2025-04-28,0.0,0.0,0.0920226861069588,0
2025-04-29,0.0,0.0,0.0920027439305787,0
2025-04-30,0.0,0.0,0.0919829170425313,0
2025-05-01,0.0,0.0,0.0919632059970371,0
2025-05-02,0.0,0.0,0.0919436113483167,0
2025-05-03,0.0,0.0,0.0919241336505906,0
2025-05-04,-0.0215040339158463,0.0,0.0919047734580792,0
2025-05-05,0.0,0.0,0.091885531325003,0
2025-05-06,0.0139848245955449,0.0,0.0918664078055827,0
2025-05-07,0.0217994995932056,0.0,0.0918474034540386,0
2025-05-08,0.0,0.0,0.0918285188245913,0
2025-05-09,-0.0186847017973346,0.0,0.0918097544714612,0
2025-05-10,0.0,0.0,0.091791110948869,0
2025-05-11,-0.006340281894583,0.0,0.091772588811035,0
2025-05-12,0.0,0.0,0.0917541886121798,0
2025-05-13,-0.0191627512932123,0.0,0.0917359109065239,0
2025-05-14,0.0096272763239517,0.0,0.0917177562482879,0
2025-05-15,0.0,0.0,0.0916997251916921,0
2025-05-16,-0.0212204089607337,0.0,0.0916818182909571,0
2025-05-17,0.0,0.0,0.0916640361003035,0
2025-05-18,0.0083977477605173,0.0,0.0916463791739516,0
2025-05-19,0.0,0.0,0.0916288480661221,0
2025-05-20,0.0,0.0016447372128784,0.0916114433310354,0
2025-05-21,0.0,0.0008213552823151,0.0915941655229121,0
2025-05-22,0.017297396623646,0.0,0.0915770151959726,0
2025-05-24,0.0,0.0004104247954186,0.0915430992025271,0
2025-05-25,0.0,0.0006153215249011,0.0915263346444621,0
2025-05-26,0.0,0.0006149431371402,0.091509699784463,0
2025-05-27,0.0,0.0008193363834024,0.0914931951767503,0
2025-05-28,0.0,0.0008186656208361,0.0914768213755444,0
2025-05-29,0.0,0.0,0.0914605789350659,0
2025-05-30,0.0,0.0,0.0914444684095352,0
2025-05-31,0.0,0.0,0.0914284903531729,0
2025-06-01,0.0,0.0,0.0914126453201996,0
2025-06-02,0.0,0.0,0.0913969338648356,0
2025-06-03,0.0,0.0,0.0913813565413015,0
2025-06-04,0.0,0.0,0.0913659139038177,0
2025-06-05,0.0,0.0,0.091350606506605,0
2025-06-06,0.0146061523893621,0.0,0.0913354349038835,0
2025-06-07,0.0,0.0,0.0913203996498741,0
2025-06-08,0.0,0.0,0.091305501298797,0
2025-06-09,0.0,0.0,0.0912907404048728,0
2025-06-10,0.0,0.0,0.0912761175223221,0
2025-06-12,0.0,0.0,0.0912472880082229,0
2025-06-13,0.0,0.0,0.0912330824851155,0
2025-06-14,0.0,0.0002727396716757,0.0912190171902635,0
2025-06-15,0.0130149370774945,0.0002726653050293,0.0912050926778874,0
2025-06-16,0.0,0.0002725909789264,0.0911913095022078,0
2025-06-17,0.0,0.0,0.0911776682174452,0
2025-06-18,0.0,0.0,0.09116416937782,0
2025-06-19,0.0,0.0,0.0911508135375527,0
2025-06-20,0.0,0.0,0.091137601250864,0
2025-06-21,0.0,0.0,0.0911245330719742,0
2025-06-22,0.0,0.0,0.0911116095551039,0
2025-06-23,0.0,0.0,0.0910988312544736,0
2025-06-24,0.0,0.0,0.0910861987243037,0
2025-06-25,-0.0099197321701922,0.0,0.0910737125188149,0
2025-06-26,0.0,0.0,0.0910613731922276,0
2025-06-27,0.0,0.0,0.0910491812987622,0
2025-06-28,0.0,0.0011576834007735,0.0910371373926394,0
2025-06-29,-0.0157752580646769,0.0011563447195368,0.0910252420280796,0
2025-06-30,0.0,0.001155009130679,0.0910134957593032,0
2025-07-01,0.0113792074243265,0.0,0.0910018991405309,0
2025-07-02,0.0,-0.0034690372509895,0.0909904527259831,0
2025-07-03,0.0,0.0030615392828403,0.0909791570698804,0
2025-07-06,0.0,-0.0010205123857405,0.0909461801944473,0
2025-07-07,0.0,-0.0010215548952544,0.0909354931143297,0
2025-07-08,-0.0094568109199121,-0.00245599795987,0.0909249595637597,0
2025-07-09,0.0,-0.0008200082460307,0.0909145800969577,0
2025-07-10,0.0,-0.0024640669551592,0.0909043552681442,0
2025-07-11,0.0,0.0,0.0908942856315399,0
2025-07-12,0.0,-0.0016460909066687,0.0908843717413651,0
2025-07-13,0.0,-0.0016488049901836,0.0908746141518403,0
2025-07-14,0.0,-0.001651528038473,0.0908650134171862,0
2025-07-15,0.0,0.0041237171838621,0.0908555700916231,0
2025-07-16,0.0,-0.0016474468305987,0.0908462847293716,0
2025-07-17,0.0,0.0008240626753935,0.0908371578846522,0
2025-07-18,0.0,0.0,0.0908281901116854,0
2025-07-19,0.0,0.0006176016665688,0.0908193819646917,0
2025-07-20,0.0,0.0006172204701655,0.0908107339978916,0
2025-07-21,0.0,0.0006168397440366,0.0908022467655056,0
2025-07-22,0.0,0.00102722145653,0.0907939208217542,0
2025-07-23,0.00634794816426,0.0012312745245266,0.090785756720858,0
2025-07-24,0.0093972499997391,0.0028670918677554,0.0907777550170373,0
2025-07-25,-0.0093972499997391,0.0,0.0907699162645128,0
2025-07-26,0.0,0.0006814310314791,0.0907622410175049,0
2025-07-27,0.0,0.0006809669994165,0.0907547298302342,0
2025-07-28,0.0,0.0006805035989046,0.0907473832569211,0
2025-07-29,0.0,0.0028530689824064,0.0907402018517861,0
2025-07-30,0.0,-0.0020370754650771,0.0907331861690498,0
2025-07-31,0.0,-0.0028588951471296,0.0907263367629326,0
2025-08-01,0.0,0.0,0.0907196541876552,0
2025-08-02,0.0,-0.0009547842231157,0.0907131389974378,0
2025-08-03,0.0,-0.0009556967073235,0.0907067917465011,0
2025-08-04,0.0,-0.0009566109373161,0.0907006129890656,0
2025-08-05,0.0,0.0,0.0906946032793518,0
2025-08-06,0.0,-0.0016420364937444,0.0906887631715802,0
2025-08-07,0.0,-0.0016447372128783,0.0906830932199712,0
2025-08-08,0.0,0.0,0.0906775939787454,0
2025-08-09,0.0,0.0,0.0906722660021234,0
2025-08-10,0.0,0.0,0.0906671098443255,0
2025-08-11,0.0,0.0,0.0906621260595723,0
2025-08-12,0.0,0.001028277725566,0.0906573152020844,0
2025-08-13,0.0,-0.0010282777255659,0.0906526778260821,0
2025-08-14,0.0,0.0,0.0906482144857861,0
2025-08-15,0.0,0.0,0.0906439257354167,0
2025-08-16,0.0,0.0,0.0906398121291946,0
2025-08-17,0.0,0.0,0.0906358742213403,0
2025-08-18,0.0,0.0,0.0906321125660741,0
2025-08-19,0.0,0.0,0.0906285277176168,0
2025-08-20,0.0,0.0,0.0906251202301886,0
2025-08-21,0.0,0.0008227067514635,0.0906218906580102,0
2025-08-22,0.0,0.0,0.0906188395553021,0
2025-08-23,0.0,0.0004110996974649,0.0906159674762847,0
2025-08-24,0.0,0.0004109307639498,0.0906132749751786,0
2025-08-25,0.0,0.0004107619692176,0.0906107626062043,0
2025-08-26,0.0062080904300795,0.001436339633417,0.0906084309235822,0
2025-08-27,0.0,-0.0016416995273516,0.0906062804815329,0
2025-08-28,0.0,-0.0010274325366979,0.0906043118342768,0
2025-08-29,0.0,0.0,0.0906025255360346,0
2025-08-30,0.0,0.0,0.0906009221410266,0
2025-08-31,0.0100313698121978,0.0,0.0905995022034735,0
2025-09-01,0.0,0.0,0.0905982662775956,0
2025-09-02,0.0085609378941567,0.0004110996974649,0.0905972149176135,0
2025-09-03,0.0,0.0010270104630746,0.0905963486777478,0
2025-09-04,0.0176755111587224,-0.0006160796991249,0.0905956681122189,0
2025-09-05,0.0,0.0,0.0905951737752472,0
2025-09-06,0.0,0.0,0.0905948662210534,0
2025-09-07,0.0,0.0,0.090594746003858,0
2025-09-08,0.015569348359453,0.0,0.0905948136778813,0
2025-09-09,0.0070831858687964,0.0,0.090595069797344,0
2025-09-10,0.0176302313762705,0.000205402075283,0.0905955149164665,0
2025-09-11,0.0,-0.000205402075283,0.0905961495894694,0
2025-09-12,0.0,0.0,0.0905969743705731,0
2025-09-13,0.0,6.847204631381998e-05,0.0905979898139982,0
2025-09-14,0.0,6.846735821383901e-05,0.0905991964739651,0
2025-09-15,0.0,6.846267075550102e-05,0.0906005949046944,0
2025-09-16,0.0,0.0002053598939345,0.0906021856604065,0
2025-09-17,0.0120400333167042,0.0,0.090603969295322,0
2025-09-18,0.0,-0.0004107619692176,0.0906059463636614,0
2025-09-19,0.0,0.0,0.0906081174196452,0
2025-09-20,0.0062838875325801,0.0001369394045275,0.0906104830174939,0
2025-09-21,0.0,0.0001369206546945,0.0906130437114279,0
2025-09-22,0.0,0.0001369019099953,0.0906158000556679,0
2025-09-23,0.0102064743668353,-0.0004107619692176,0.0906187526044342,0
2025-09-24,0.0194889371877105,0.0,0.0906219019119475,0
2025-09-25,0.0,0.0006160796991249,0.0906252485324281,0
2025-09-26,0.0,0.0,0.0906287930200966,0
2025-09-27,0.0,-0.0002053177299072,0.0906325359291736,0
2025-09-28,-0.0099194861715598,-0.0002053598939345,0.0906364778138795,0
2025-09-29,0.0,-0.0002054020752832,0.0906406192284348,0
2025-09-30,0.012735645737579,0.0,0.0906449607270601,0
2025-10-01,0.0,0.0,0.0906495028639757,0
2025-10-02,0.0,0.0,0.0906542461934024,0
2025-10-03,0.0,0.0,0.0906591912695604,0
2025-10-04,0.0114466713589197,0.0002327858312408,0.0906643386466704,0
2025-10-05,0.0,0.0002327316546088,0.0906696888789529,0
2025-10-06,0.0,0.0002326775031883,0.0906752425206283,0
2025-10-07,0.0162016642870427,-0.0002874330198203,0.0906810001259172,0
2025-10-08,0.0420180647183767,0.0002874330198202,0.09068696224904,0
2025-10-09,0.0,0.0,0.0906931294442173,0
2025-10-10,0.0,0.0,0.0906995022656696,0
2025-10-11,0.0,-9.580182715105448e-05,0.0907060812676174,0
2025-10-12,0.0,-9.581100602033056e-05,0.0907128670042811,0
2025-10-13,0.0223708470063458,-9.582018664889678e-05,0.0907198600298814,0
2025-10-14,0.0,0.0005337384397846,0.0907270608986386,0
2025-10-15,0.0125056391023436,-0.0005337384397846,0.0907344701647733,0
2025-10-16,0.0,0.0004105933130975,0.090742088382506,0
2025-10-17,0.0,0.0,0.0907499161060573,0
2025-10-18,0.0,0.0002873150429188,0.0907579538896475,0
2025-10-19,0.0,0.0002872325166954,0.0907662022874972,0
2025-10-20,0.0048957773087413,0.0002871500378667,0.090774661853827,0
2025-10-21,0.0,0.0009838888999334,0.0907833331428573,0
2025-10-22,0.0,0.0022511009199154,0.0907922167088087,0
2025-10-23,-0.040346198578514,0.0018380481024846,0.0908013131059015,0
2025-10-24,0.0,0.0,0.0908106228883564,0
2025-10-25,0.0,-0.0006123073974344,0.0908201466103938,0
2025-10-26,0.0,-0.0006126825475023,0.0908298848262343,0
2025-10-27,-0.0050978567893453,-0.0006130581575477,0.0908398380900984,0
2025-10-28,-0.0722897495192832,0.0,0.0908500069562065,0
2025-10-29,0.0,-0.0004089143381452,0.0908603919787791,0
2025-10-30,0.0327755302686967,-0.0004090816174863,0.0908709937120368,0
2025-10-31,0.0,0.0,0.0908818127102001,0
2025-11-01,0.0,-0.0004092490337454,0.0908928495274895,1
2025-11-02,0.0085390323307037,-0.0004094165870905,0.0909041047181254,1
2025-11-03,0.0,-0.0004095842776898,0.0909155788363284,1
2025-11-04,0.0,-0.0012297603517431,0.090927272436319,1
2025-11-05,0.0,0.0,0.0909391860723177,1
2025-11-06,0.0,0.001229760351743,0.090951320298545,1
2025-11-07,0.0,0.0,0.0909636756692214,1
2025-11-08,0.0,0.0001365467333316,0.0909762527385674,1
2025-11-09,0.0,0.0001365280908667,0.0909890520608035,1
2025-11-10,0.0127573225128082,0.0001365094534917,0.0910020741901502,1
2025-11-11,0.0,0.0,0.0910153196808281,1
2025-11-12,0.02077004131621,0.0,0.0910287890870575,1
2025-11-13,0.0,0.0008186656208361,0.0910424829630591,1
2025-11-14,0.0254904620476388,0.0,0.0910564018630534,1
2025-11-18,-0.0264776289589993,0.0004089143381451,0.0911143387873666,1
2025-11-19,-0.0067718484897428,0.0,0.0911293911206316,1
2025-11-20,0.0129257140641209,0.0024499808089842,0.0911446718032122,1
2025-11-21,-0.0066478147076616,0.0,0.091160181389329,1
2025-11-22,0.0,-0.0008159935173293,0.0911759204332024,1
2025-11-23,0.0,-0.000816659906556,0.091191889489053,1
2025-11-24,0.0,-0.000817327385099,0.0912080891111013,1
2025-11-25,0.0,0.0,0.0912245198535678,1
2025-11-26,0.0,0.0010215548952543,0.091241182270673,1
2025-11-27,0.0,-0.001839550850886,0.0912580769166373,1
2025-11-28,0.0,0.0,0.0912752043456814,1
2025-11-29,0.0,-0.0002728140788984,0.0912925651120256,1
2025-11-30,0.0117879557520421,-0.000272888526731,0.0913101597698906,1
2025-12-01,0.0,-0.0002729630152065,0.0913279888734967,1
2025-12-02,0.0076206286917239,0.0008186656208361,0.0913460529770646,1
2025-12-03,-0.0051010191172033,0.0008179959556317,0.0913643526348147,1
2025-12-04,0.0,0.0004087471955539,0.0913828884009675,1
2025-12-05,0.0,0.0,0.0914016608297436,1
2025-12-06,0.0,-0.0002724795657185,0.0914206704753633,1
2025-12-07,0.0,-0.0002725538310684,0.0914399178920473,1
2025-12-08,0.0,-0.0002726281369121,0.0914594036340161,1
2025-12-09,0.0,-0.0004090816174863,0.0914791282554901,1
2025-12-10,0.0,0.0,0.0914990923106898,1
2025-12-11,0.0051010191172033,0.0,0.0915192963538358,1
2025-12-12,0.0,0.0,0.0915397409391486,1
2025-12-13,0.0,0.0,0.0915604266208486,1
2025-12-14,0.0165796116870817,0.0,0.0915813539531564,1
2025-12-15,0.0,0.0,0.0916025234902924,1
2025-12-16,0.0072025322249575,0.0,0.0916239357864773,1
2025-12-17,0.0,0.0,0.0916455913959314,1
2025-12-18,0.0,0.0008179959556317,0.0916674908728753,1
2025-12-19,0.0,0.0,0.0916896347715295,1
2025-12-20,0.0,-0.0002725909789265,0.0917120236461145,1
2025-12-21,0.0,-0.0002726653050294,0.0917346580508508,1
2025-12-22,0.0233837622668641,-0.0002727396716757,0.0917575385399589,1
2025-12-23,0.0,0.0,0.0917806656676593,1
2025-12-24,0.0190772668509203,0.0,0.0918040399881725,1
2025-12-25,0.0,0.0,0.091827662055719,1
2025-12-26,0.0,0.0,0.0918515324245193,1
2025-12-27,0.0,0.0002454690516764,0.091875651648794,1
2025-12-28,0.0071549919250439,0.0002454088114079,0.0919000202827635,1
2025-12-29,0.0071041614916275,0.0002453486006991,0.0919246388806483,1
2025-12-30,-0.0116171439538327,4.088558170529549e-05,0.0919495079966691,1
2025-12-31,0.0,0.0,0.0919746281850461,1
2026-01-01,-0.0121351508143332,0.0,0.092,1
2026-01-02,-0.006891298328841,0.0,0.0920256239957512,1
2026-01-03,0.0,-4.0885581705253335e-05,0.0920515007265203,1
2026-01-04,0.0,-4.088725340454651e-05,0.0920776307465277,1
2026-01-05,0.0099389197353159,-4.088892524029448e-05,0.092104014609994,1
2026-01-17,0.0251656473023163,2.7253897309039038e-05,0.0924406224976451,1
2026-01-18,0.0,2.7253154554329334e-05,0.0924703567601426,1
2026-01-19,0.0,2.725241184003011e-05,0.092500352625186,1
2026-01-20,0.0183761142957187,8.175277964008274e-05,0.0925306106469959,1
2026-01-21,0.0226832407763273,0.0,0.0925611313797927,1
2026-01-22,0.0218318530168202,0.0,0.0925919153777969,1
2026-01-23,0.0261273026166307,0.0,0.0926229631952291,1
2026-01-24,0.0,9.536979645790045e-05,0.0926542753863097,1
2026-01-25,0.0,9.536070192703164e-05,0.0926858525052594,1
2026-01-26,0.0060893286941311,9.53516091307492e-05,0.0927176951062984,1
2026-01-27,0.0210253031255135,-0.0013084725452076,0.0927498037436475,1
2026-01-28,0.0286477924332993,0.0,0.092782178971527,1
2026-01-29,0.0603980613804697,0.0,0.0928148213441574,1
2026-01-30,-0.0543190153040874,0.0,0.0928477314157594,1
2026-01-31,-0.0618414703293263,0.0002727396716757,0.0928809097405533,1
2026-02-01,0.011806512586989,0.0002726653050293,0.0929143568727598,1
2026-02-02,-0.0555027843226874,0.0002725909789264,0.0929480733665992,1
2026-02-03,0.0645163656280488,-0.0008179959556316,0.0929820597762921,1
2026-02-04,0.0,0.0,0.093016316656059,1
2026-02-05,0.0,0.0008179959556317,0.0930508445601205,1
2026-02-06,-0.0293394843194003,0.0,0.0930856440426969,1
2026-02-07,0.0293394843194004,-0.0002725909789265,0.0931207156580089,1
2026-02-08,-0.0123726707923954,-0.0002726653050294,0.0931560599602768,1
2026-02-09,0.0083766614790133,-0.0002727396716757,0.0931916775037213,1
2026-02-10,0.0,0.0008179959556317,0.0932275688425629,1
2026-02-11,0.0,0.0,0.0932637345310219,1
2026-02-12,0.0,0.0,0.093300175123319,1
2026-02-13,0.0,0.0,0.0933368911736747,1
2026-02-14,0.0,4.088223871708467e-05,0.0933738832363094,1
2026-02-15,0.0,4.088056742813591e-05,0.0934111518654436,1
2026-02-16,0.0,4.087889627551416e-05,0.0934486976152979,1
2026-02-17,-0.0083766614790134,-0.0009406376580522,0.0934865210400928,1
2026-02-18,-0.0128684471347228,0.0,0.0935246226940487,1
